id,brand,power_type,zones,type,description
1099137205,Dykemann,,,,
1027287506,VIKTORY,"От сети 220В, Встроенный аккумулятор","Ноги, Поясница, Руки, Спина, Шея, Ягодицы","Вибрационный, Импульсный, Миостимулирующий, Лимфодренажный, Расслабляющий, Антицеллюлитный","Способ применения
Последовательность применения:
1. Перед использованием массажера, убедитесь, что область массажа тела чистая и не содержит следов пота. 
2. Установите массажер с помощью магнитных присосок на гелевую накладку;
3. Удалите защитную пленку с накладки;
4. Зафиксируйте накладку на необходимом участке тела, для лучшей фиксации можно воспользоваться ремешками, продев их между миостимулятором и накладкой;
5. Нажмите и удерживайте кнопку ""М"", чтобы запустить устройство. Также используйте пульт дистанционного управления для выбора необходимого режима и скорости;
6. Для выбора режима - короткое нажатие кнопки ""М""
При выборе скорости постепенно увеличивайте силу тока до тех пор, пока не почувствуете в теле комфорт;
Интенсивность: можно выбрать от 1 до 19.

1. Knock (покалывание) - уменьшает боль в мышцах и придает тонус, улучшает работу нервной системы;
Режим 2: Shake (встряска) - укрепляет мышцы, снимает напряжение и усталость, помогает скорректировать фигуру;
Режим 3: Press (пресс) - уменьшает объем талии и укрепляет мышцы пресса, формирует рельеф мышечного пояса;
Режим 4: Massage (массаж) - укрепляет сосуды и стимулирует лимфо- и кровообращение, помогает при атрофии мышц и тканей;
Режим 5: Knead (разминка) - повышает физическую выносливость, ускоряет обменные процессы;
Режим 6: Intensify (укрепление) - укрепляет мышцы и улучшает питание кожи, добиваясь эффекта лифтинга кожи и упругости мышц;
 + Дополнительный режим (разогревающий эффект до 43 °C) - физиотерапевтическое действие, расслабление, снятие мышечных спазмов, боли и уменьшение накопления молочной кислоты.

Рекомендации специалистов:
 • Оптимальная длительность процедуры миостимуляции 30 минут. 
 • Проводить процедуру желательно раз в 2-3 дня по 30 минут, либо раз в 1-2 дня по 15-20 
    минут. 
 • Тренировка проводится примерно через 1-1,5 часа после приема пищи и не менее чем за 1,5-2 часа до сна.

Что даёт Миостимулятор:
-Благодаря мышечным сокращениям улучшается кровообращение и тканевая циркуляция жидкостей;
-Прибор усиливает метаболизм, избавляет от отеков и уменьшает количество жировой ткани;
-Укрепляет сосуды и стимулирует циркуляцию крови, улучшая питание кожи и работу мышц;
-Ваши мышцы и кожа становятся упругими, а тело подтянутым;
-Прибор способствует уменьшению целлюлита;
-Активизирует работу и питание тканей; 
-Поможет избавиться от лишнего веса;
-Сформировать красивый мышечный пояс;
-Придать мышцам тонус и рельеф;
 -Женщинам после родов помогает избавиться от растяжек, подтянуть живот, ягодицы и бедра.

Внимание:
Не используйте миостимулятор одновременно с другими медицинскими аппаратами, это может привести к серьезным повреждениям тела.

ems массажер для ног ; антицеллюлитный массажер ; антицеллюлитный массажер для тела ; аппарат для похудения ; вибромассажер для похудения ; вибромассажер для пресса ; вибромассажер для тела ; все для похудения ; для похудения живота ; для похудения тренажер ; для пресса ; для пресса миостимулятор ; для пресса тренажр ; для спины массажер ; домашний массажер ; домашний тренажер ; для массажа ; для массажа тела ; для шеи тренажер ; лимфодренажный массажер для ног; лимфодренажный массажер для тела ; масажер ; масажор для ног; массаж для ног ; массаж ног ; массаж шеи ; массажр ; массажер антицеллюлитный ; массажер антицеллюлитный для тела ; массажер для живота для похудения ; массажер для ног электрический с подогревом лимфодренажный; массажер для похудения живота ; массажер для ног ; массажер антицеллюлитный ручной ; массажер для всего тела антицеллюлитный ; массажер для пресса ; массажер для спины и шеи электрический ; массажер для тела антицеллюлитный ; массажер для тела ручной ; массажер для тела электрический ; массажер для шеи и спины ; массажер для шеи и спины электрический ; массажер для шеи электрический ; массажер ног электрические ; массажер от целлюлита электрический ; массажер спины ; массажер ручной для тела ; массажер электрический для тела ; массажор для ног ; массажоры для ног спины тела электрические ; микротоковый массажер для тела ; миостимулято-тренажер ; массажоры для шеи ; от целлюлита массажер ; тренажер для дома ; тренажер для живота ног и ягодиц ; тренажер для похудения ; Тренажер для пресса живота ; тренажер для спины ; тренажер для шеи ягодиц ; тренажеры для дома ; тренажеры для похудения ; электрический массажер для ног ; электро массажер для шеи и спины ; электромассажер для ног ; электромассажер для тела ; электромассажер для шеи и спины ; массажер для спины электрический ; массажер в машину 
Способ применения
Последовательность применения:
1. Перед использованием массажера, убедитесь, что область массажа тела чистая и не содержит следов пота. 
2. Установите массажер с помощью магнитных присосок на гелевую накладку;
3. Удалите защитную пленку с накладки;
4. Зафиксируйте накладку на необходимом участке тела, для лучшей фиксации можно воспользоваться ремешками, продев их между миостимулятором и накладкой;
5. Нажмите и удерживайте кнопку ""М"", чтобы запустить устройство. Также используйте пульт дистанционного управления для выбора необходимого режима и скорости;
6. Для выбора режима - короткое нажатие кнопки ""М""
При выборе скорости постепенно увеличивайте силу тока до тех пор, пока не почувствуете в теле комфорт;
Интенсивность: можно выбрать от 1 до 19.

1. Knock (покалывание) - уменьшает боль в мышцах и придает тонус, улучшает работу нервной системы;
Режим 2: Shake (встряска) - укрепляет мышцы, снимает напряжение и усталость, помогает скорректировать фигуру;
Режим 3: Press (пресс) - уменьшает объем талии и укрепляет мышцы пресса, формирует рельеф мышечного пояса;
Режим 4: Massage (массаж) - укрепляет сосуды и стимулирует лимфо- и кровообращение, помогает при атрофии мышц и тканей;
Режим 5: Knead (разминка) - повышает физическую выносливость, ускоряет обменные процессы;
Режим 6: Intensify (укрепление) - укрепляет мышцы и улучшает питание кожи, добиваясь эффекта лифтинга кожи и упругости мышц;
 + Дополнительный режим (разогревающий эффект до 43 °C) - физиотерапевтическое действие, расслабление, снятие мышечных спазмов, боли и уменьшение накопления молочной кислоты.

Рекомендации специалистов:
 • Оптимальная длительность процедуры миостимуляции 30 минут. 
 • Проводить процедуру желательно раз в 2-3 дня по 30 минут, либо раз в 1-2 дня по 15-20 
    минут. 
 • Тренировка проводится примерно через 1-1,5 часа после приема пищи и не менее чем за 1,5-2 часа до сна.

Что даёт Миостимулятор:
-Благодаря мышечным сокращениям улучшается кровообращение и тканевая циркуляция жидкостей;
-Прибор усиливает метаболизм, избавляет от отеков и уменьшает количество жировой ткани;
-Укрепляет сосуды и стимулирует циркуляцию крови, улучшая питание кожи и работу мышц;
-Ваши мышцы и кожа становятся упругими, а тело подтянутым;
-Прибор способствует уменьшению целлюлита;
-Активизирует работу и питание тканей; 
-Поможет избавиться от лишнего веса;
-Сформировать красивый мышечный пояс;
-Придать мышцам тонус и рельеф;
 -Женщинам после родов помогает избавиться от растяжек, подтянуть живот, ягодицы и бедра.

Внимание:
Не используйте миостимулятор одновременно с другими медицинскими аппаратами, это может привести к серьезным повреждениям тела.

ems массажер для ног ; антицеллюлитный массажер ; антицеллюлитный массажер для тела ; аппарат для похудения ; вибромассажер для похудения ; вибромассажер для пресса ; вибромассажер для тела ; все для похудения ; для похудения живота ; для похудения тренажер ; для пресса ; для пресса миостимулятор ; для пресса тренажр ; для спины массажер ; домашний массажер ; домашний тренажер ; для массажа ; для массажа тела ; для шеи тренажер ; лимфодренажный массажер для ног; лимфодренажный массажер для тела ; масажер ; масажор для ног; массаж для ног ; массаж ног ; массаж шеи ; массажр ; массажер антицеллюлитный ; массажер антицеллюлитный для тела ; массажер для живота для похудения ; массажер для ног электрический с подогревом лимфодренажный; массажер для похудения живота ; массажер для ног ; массажер антицеллюлитный ручной ; массажер для всего тела антицеллюлитный ; массажер для пресса ; массажер для спины и шеи электрический ; массажер для тела антицеллюлитный ; массажер для тела ручной ; массажер для тела электрический ; массажер для шеи и спины ; массажер для шеи и спины электрический ; массажер для шеи электрический ; массажер ног электрические ; массажер от целлюлита электрический ; массажер спины ; массажер ручной для тела ; массажер электрический для тела ; массажор для ног ; массажоры для ног спины тела электрические ; микротоковый массажер для тела ; миостимулято-тренажер ; массажоры для шеи ; от целлюлита массажер ; тренажер для дома ; тренажер для живота ног и ягодиц ; тренажер для похудения ; Тренажер для пресса живота ; тренажер для спины ; тренажер для шеи ягодиц ; тренажеры для дома ; тренажеры для похудения ; электрический массажер для ног ; электро массажер для шеи и спины ; электромассажер для ног ; электромассажер для тела ; электромассажер для шеи и спины ; массажер для спины электрический ; массажер в машину"
1964207726,Beurer,"Встроенный аккумулятор, От порта USB","Тело, Поясница, Спина, Ягодицы","Вибрационный, Миостимулирующий, Расслабляющий, Антицеллюлитный, Импульсный, Лимфодренажный","Способ применения
1. Установите и зафиксируйте контролер выбора режима и интенсивности на передней части пояса, как это показано на рисунке. (Инструкция находится внутри коробки)
2. Распылите немного воды на силиконовую прокладку. Поддерживайте ее влажной на протяжении всей тренировки, для того чтобы пояс мог плотно прилегать к Вашему телу.
3. Закрепите пояс для похудения на Вашей талии.
4. Нажмите клавишу «+» для того чтобы включить массажер. С помощью клавиши «М» выберете 1 из 6 режимов работы. Затем снова нажмите на клавишу «+» для того чтобы отрегулировать интенсивность работы. Наш контролер имеет 9 уровней интенсивности. РЕКОМЕНДУЕТСЯ начинать тренировки с минимальной интенсивностью. В конце тренировки нажимайте клавишу «- » до тех пор, пока индикатор интенсивности не покажет значение «0». Затем снова нажмите клавишу «-» и массажер выключится.
5. После завершения тренировки протрите массажер влажным полотенцем и положите в чистое место. Ни в коем случае не мойте водой!
6. Рекомендовано использовать миостумулятор для пресса 2 раза в день с продолжительностью тренировки в 15 – 30 минут
7. Массажер автоматически выключится в течение 15 минут, если Вы не будете его использовать. Если же Вы хотите продолжить тренировку, то нажмите клавишу «+».
Способ применения
1. Установите и зафиксируйте контролер выбора режима и интенсивности на передней части пояса, как это показано на рисунке. (Инструкция находится внутри коробки)
2. Распылите немного воды на силиконовую прокладку. Поддерживайте ее влажной на протяжении всей тренировки, для того чтобы пояс мог плотно прилегать к Вашему телу.
3. Закрепите пояс для похудения на Вашей талии.
4. Нажмите клавишу «+» для того чтобы включить массажер. С помощью клавиши «М» выберете 1 из 6 режимов работы. Затем снова нажмите на клавишу «+» для того чтобы отрегулировать интенсивность работы. Наш контролер имеет 9 уровней интенсивности. РЕКОМЕНДУЕТСЯ начинать тренировки с минимальной интенсивностью. В конце тренировки нажимайте клавишу «- » до тех пор, пока индикатор интенсивности не покажет значение «0». Затем снова нажмите клавишу «-» и массажер выключится.
5. После завершения тренировки протрите массажер влажным полотенцем и положите в чистое место. Ни в коем случае не мойте водой!
6. Рекомендовано использовать миостумулятор для пресса 2 раза в день с продолжительностью тренировки в 15 – 30 минут
7. Массажер автоматически выключится в течение 15 минут, если Вы не будете его использовать. Если же Вы хотите продолжить тренировку, то нажмите клавишу «+»."
2176102014,HAFREE,От порта USB,"Ноги, Плечи, Поясница, Спина, Тело, Ягодицы","Вибрационный, Импульсный, Комбинированный, Миостимулирующий, Разминание, Расслабляющий","Способ применения
1. Перед использованием массажера, убедитесь, что область массажа тела чистая и не содержит следов пота. 
2. Установите массажер с помощью магнитных присосок на гелевую накладку;
3. Удалите защитную пленку с накладки;
4. Зафиксируйте накладку на необходимом участке тела, для лучшей фиксации можно воспользоваться ремешками, продев их между миостимулятором и накладкой;
5. Нажмите и удерживайте кнопку ""М"", чтобы запустить устройство. Также используйте пульт дистанционного управления для выбора необходимого режима и скорости;
6. Для выбора режима - короткое нажатие кнопки ""М""
При выборе скорости постепенно увеличивайте силу тока до тех пор, пока не почувствуете в теле комфорт;
Интенсивность: можно выбрать от 1 до 19.

Возможно использование 6 режимов работы:
Режим 1. Knock (покалывание) - расслабляет, уменьшает боль в мышцах и придает тонус, улучшает работу нервной системы;
Режим 2: Shake (встряска) - тонизирует, укрепляет мышцы, снимает напряжение и усталость, помогает скорректировать фигуру;
Режим 3: Press (пресс) - укрепляет мышцы пресса, формирует мышечный корсет;
Режим 4: Massage (массаж) - стимулирует лимфо- и кровообращение, помогает при атрофии мышц и тканей;
Режим 5: Knead (разминка) - ускоряет обменные процессы;
Режим 6: Intensify (укрепление) - укрепляет мышцы и улучшает питание кожи, дает эффект лифтинга кожи и упругость мышц;
 !!! Дополнительно разогревающий эффект (до 43 C) - физиотерапевтическое действие, расслабление, снятие мышечных спазмов, боли и уменьшение накопления молочной кислоты после тренировок.

Внимание!!!
-  Рекомендуется использовать прибор один раз в течение 30 минут. На одну зону воздействия - раз в 3 дня.
- Тайминг одного сеанса 30 минут по умолчанию (в соответствии с рекомендованной продолжительностью EMS-массажа). Если вы прервете сеанс, время следующего сеанса будет пересчитано.
Способ применения
1. Перед использованием массажера, убедитесь, что область массажа тела чистая и не содержит следов пота. 
2. Установите массажер с помощью магнитных присосок на гелевую накладку;
3. Удалите защитную пленку с накладки;
4. Зафиксируйте накладку на необходимом участке тела, для лучшей фиксации можно воспользоваться ремешками, продев их между миостимулятором и накладкой;
5. Нажмите и удерживайте кнопку ""М"", чтобы запустить устройство. Также используйте пульт дистанционного управления для выбора необходимого режима и скорости;
6. Для выбора режима - короткое нажатие кнопки ""М""
При выборе скорости постепенно увеличивайте силу тока до тех пор, пока не почувствуете в теле комфорт;
Интенсивность: можно выбрать от 1 до 19.

Возможно использование 6 режимов работы:
Режим 1. Knock (покалывание) - расслабляет, уменьшает боль в мышцах и придает тонус, улучшает работу нервной системы;
Режим 2: Shake (встряска) - тонизирует, укрепляет мышцы, снимает напряжение и усталость, помогает скорректировать фигуру;
Режим 3: Press (пресс) - укрепляет мышцы пресса, формирует мышечный корсет;
Режим 4: Massage (массаж) - стимулирует лимфо- и кровообращение, помогает при атрофии мышц и тканей;
Режим 5: Knead (разминка) - ускоряет обменные процессы;
Режим 6: Intensify (укрепление) - укрепляет мышцы и улучшает питание кожи, дает эффект лифтинга кожи и упругость мышц;
 !!! Дополнительно разогревающий эффект (до 43 C) - физиотерапевтическое действие, расслабление, снятие мышечных спазмов, боли и уменьшение накопления молочной кислоты после тренировок.

Внимание!!!
-  Рекомендуется использовать прибор один раз в течение 30 минут. На одну зону воздействия - раз в 3 дня.
- Тайминг одного сеанса 30 минут по умолчанию (в соответствии с рекомендованной продолжительностью EMS-массажа). Если вы прервете сеанс, время следующего сеанса будет пересчитано."
1680423616,MishelMax,"Встроенный аккумулятор, От порта USB","Спина, Тело, Руки, Поясница, Ноги, Плечи","Импульсный, Миостимулирующий",
1474493240,MishelMax,Встроенный аккумулятор,"Тело, Плечи",Миостимулирующий,
945844796,TARGO,"Сменная батарея, От сети 220В","Плечи, Поясница, Руки, Спина, Тело","Импульсный, Лечебный, Миостимулирующий, Оздоровительный, Расслабляющий, Лимфодренажный","Способ применения
ПОРЯДОК РАБОТЫ МИОСТИМУЛЯТОРА
Гелиевые пластины ->
1. Подключить сетевой адаптер одним концом к прибору, а другим в розетку.
2. Подключить к прибору гелиевые пластины, с помощью электронного провода.
3. Снять защитную пленку с гелиевых пластин.
4. Закрепить пластины на теле.
5. Нажать кнопкувкл/выкл.
6. Кнопкой «РЕЖИМ» выбрать режим воздействия (иглоукалывание, акупрессура, массирование, растирание, фитнес, гуаша, слимминг).
7. Кнопкой «ВРЕМЯ» установить время сеанса массажа.
8. Кнопкой «+» и «-» установить уровень мощности импульса на
основании индивидуальных ощущений.
9. По окончании установленного времени, прибор отключится автоматически, либо можно отключить самостоятельно нажав кнопку вкл/выкл.
10. Снять пластины с тела, отсоединить от прибора, промыть их теплой водой, стряхнуть излишнюю воду и закрыть защитной пленкой.
11. Выключить прибор из розетки, сложить все комплектующие в коробку.
ИК излучатель ->
1. Подключить сетевой адаптер одним концом к прибору, а другим в розетку.
2. Подключить к прибору ИК излучатель (верхний разъем).
3. Снять с ИК излучателя защитные колпачки.
4. Обработать ИК излучатель антисептическим средством и установить в пазухиноса.
5. Нажать кнопку вкл/выкл.
6. Кнопкой «РЕЖИМ» выбрать режим воздействия (иммунитет).
7. Кнопкой «ВРЕМЯ» установить время сеанса.
8. Кнопкой «+» и «-» установить уровень мощности импульса на основании индивидуальных ощущений.
9. По окончании установленного времени, прибор отключится автоматически, либо можно отключить самостоятельно нажав кнопку вкл/выкл.
10. Извлечь из пазух носа ИК излучатель, отключить от прибора, обработать и убрать в коробку.
Способ применения
ПОРЯДОК РАБОТЫ МИОСТИМУЛЯТОРА
Гелиевые пластины ->
1. Подключить сетевой адаптер одним концом к прибору, а другим в розетку.
2. Подключить к прибору гелиевые пластины, с помощью электронного провода.
3. Снять защитную пленку с гелиевых пластин.
4. Закрепить пластины на теле.
5. Нажать кнопкувкл/выкл.
6. Кнопкой «РЕЖИМ» выбрать режим воздействия (иглоукалывание, акупрессура, массирование, растирание, фитнес, гуаша, слимминг).
7. Кнопкой «ВРЕМЯ» установить время сеанса массажа.
8. Кнопкой «+» и «-» установить уровень мощности импульса на
основании индивидуальных ощущений.
9. По окончании установленного времени, прибор отключится автоматически, либо можно отключить самостоятельно нажав кнопку вкл/выкл.
10. Снять пластины с тела, отсоединить от прибора, промыть их теплой водой, стряхнуть излишнюю воду и закрыть защитной пленкой.
11. Выключить прибор из розетки, сложить все комплектующие в коробку.
ИК излучатель ->
1. Подключить сетевой адаптер одним концом к прибору, а другим в розетку.
2. Подключить к прибору ИК излучатель (верхний разъем).
3. Снять с ИК излучателя защитные колпачки.
4. Обработать ИК излучатель антисептическим средством и установить в пазухиноса.
5. Нажать кнопку вкл/выкл.
6. Кнопкой «РЕЖИМ» выбрать режим воздействия (иммунитет).
7. Кнопкой «ВРЕМЯ» установить время сеанса.
8. Кнопкой «+» и «-» установить уровень мощности импульса на основании индивидуальных ощущений.
9. По окончании установленного времени, прибор отключится автоматически, либо можно отключить самостоятельно нажав кнопку вкл/выкл.
10. Извлечь из пазух носа ИК излучатель, отключить от прибора, обработать и убрать в коробку."
262066450,Planta,От сети 220В,"Поясница, Ягодицы, Тело, Ноги, Плечи, Руки","Миостимулирующий, Акупунктурный, Антицеллюлитный, Гуаша, Классический, Комбинированный","Способ применения
Подсоедините электроды к соединительным проводам, далее подсоедините соединительные провода к миостимулятору. Снимите защитные пленки с поверхности электродов и приложите электрод клейкой стороной к чистому сухому и гладкому участку кожи и плотно прижмите его. Для того, чтобы включить миостимулятор, передвиньте переключатель «ВКЛ/ВЫКЛ», на нижней части корпуса миостимулятора, из положения «OFF» в положение «ON», далее выберите соответствующий подключению соединительных проводов канал. После этого установите один из 12 предустановленных режимов с помощью соответствующих кнопкой, задайте необходимое время от 10-60 минут и установите желаемый уровень интенсивности от 1 до 20.
Способ применения
Подсоедините электроды к соединительным проводам, далее подсоедините соединительные провода к миостимулятору. Снимите защитные пленки с поверхности электродов и приложите электрод клейкой стороной к чистому сухому и гладкому участку кожи и плотно прижмите его. Для того, чтобы включить миостимулятор, передвиньте переключатель «ВКЛ/ВЫКЛ», на нижней части корпуса миостимулятора, из положения «OFF» в положение «ON», далее выберите соответствующий подключению соединительных проводов канал. После этого установите один из 12 предустановленных режимов с помощью соответствующих кнопкой, задайте необходимое время от 10-60 минут и установите желаемый уровень интенсивности от 1 до 20."
150341662,SHUBOSHI,"От сети 220В, Сменная батарея",Лицо,,"Способ применения
Согласно инструкции
Способ применения
Согласно инструкции"
1567457720,Миостимуляторы,Сменный аккумулятор,"Ноги, Поясница, Руки, Ягодицы, Тело",Миостимулирующий,"Способ применения
1. Откройте крышку батарейного отсека, вставьте батарейку AAA в соответствии с инструкциями и закройте крышку батарейного отсека.
2. Вставьте штекер кабеля в выходное гнездо L физиотерапевтического инструмента и правильно подключите другой конец к физиотерапевтическим тапочкам или физиотерапевтическому пластырю. соединять.
3. Пожалуйста, наденьте обе ноги на физиотерапевтическую обувь одновременно или наклейте пластырь на часть физиотерапевтической иглы (часть, которая нуждается в физиотерапии), сначала очистите ее.
4. Нажмите и удерживайте кнопку (вверху слева от продукта), чтобы начать массаж.
5. Машина оснащена молотком, массажем, замешиванием, перкуссией и соскабливанием. Пальцы в автоматическом режиме и восемь режимов физиотерапии. Свободный выбор в соответствии с личными потребностями.
6. Аппарат оснащен средствами физиотерапии для плеч, коленей, рук, ног и т. д., которые можно использовать в соответствии с потребностями персонала. Необязательный.
7. Сила + – ключ к контролю силы массажа. Его можно настроить по стране в соответствии с личными потребностями.Если машина не может определить нагрузку, она выключится через 5 секунд после добавления кнопки скорости. Бит Si глупый D на ЖК-дисплее устанавливает индикатор для позиций файла интенсивности 1-15.
8. Когда продукт работает. Пожалуйста, вставьте обе стороны этикетки физиотерапии одновременно.
9. Нажмите кнопку, чтобы остановить цикл.
Машина имеет функцию автоматического отключения через 15-30 минут. Светодиодный экран «время» случайным образом отображает оставшееся рабочее время, когда светодиодный экран используется. На экране отображается время «0», и машина автоматически прекращает работу.
Способ применения
1. Откройте крышку батарейного отсека, вставьте батарейку AAA в соответствии с инструкциями и закройте крышку батарейного отсека.
2. Вставьте штекер кабеля в выходное гнездо L физиотерапевтического инструмента и правильно подключите другой конец к физиотерапевтическим тапочкам или физиотерапевтическому пластырю. соединять.
3. Пожалуйста, наденьте обе ноги на физиотерапевтическую обувь одновременно или наклейте пластырь на часть физиотерапевтической иглы (часть, которая нуждается в физиотерапии), сначала очистите ее.
4. Нажмите и удерживайте кнопку (вверху слева от продукта), чтобы начать массаж.
5. Машина оснащена молотком, массажем, замешиванием, перкуссией и соскабливанием. Пальцы в автоматическом режиме и восемь режимов физиотерапии. Свободный выбор в соответствии с личными потребностями.
6. Аппарат оснащен средствами физиотерапии для плеч, коленей, рук, ног и т. д., которые можно использовать в соответствии с потребностями персонала. Необязательный.
7. Сила + – ключ к контролю силы массажа. Его можно настроить по стране в соответствии с личными потребностями.Если машина не может определить нагрузку, она выключится через 5 секунд после добавления кнопки скорости. Бит Si глупый D на ЖК-дисплее устанавливает индикатор для позиций файла интенсивности 1-15.
8. Когда продукт работает. Пожалуйста, вставьте обе стороны этикетки физиотерапии одновременно.
9. Нажмите кнопку, чтобы остановить цикл.
Машина имеет функцию автоматического отключения через 15-30 минут. Светодиодный экран «время» случайным образом отображает оставшееся рабочее время, когда светодиодный экран используется. На экране отображается время «0», и машина автоматически прекращает работу."
478107761,PowerDot,"Внешний источник питания, От сети 220В","Ноги, Плечи, Поясница, Руки, Спина, Ягодицы",Миостимулирующий,"Способ применения
Сочетание транскутанной электрической нейростимуляции (ТЭНС) и нейромышечной электростимуляции (НМЭС) 
Способ применения
Сочетание транскутанной электрической нейростимуляции (ТЭНС) и нейромышечной электростимуляции (НМЭС)"
2199342107,Миостимуляторы,Встроенный аккумулятор,"Ноги, Поясница, Руки, Спина","Акупунктурный, Импульсный, Лимфодренажный, Миостимулирующий, Расслабляющий","Способ применения
1. Убедитесь что прибор заряжен, для этого нажмите кнопку + на приборе, он должен показать световую индикацию. Если этого не происходит, поставьте его на зарядку на 3-4 часа
2. Установите гидрогелевую пластину на миостимулятор до характерного щелчка
3. Снимите защитные пленки с гидрогелевого слоя (не выбрасывайте, после использования их надлежит установить обратно, так гидрогелевый слой не высохнет и прослужит дольше
4. Установите гидрогелевую пластину с прибором на нужный участок тела и прижмите
5. Нажатием на ""+"" включите прибор.
6. Нажатием на ""М"" выберите нужный режим.
7. Нажатием на +\- регулируйте мощность прибора
8. Для выключения прибора долго удерживайте ""-"" или ""М"".
9. Прибор автоматически отключится через 15 минут.
Способ применения
1. Убедитесь что прибор заряжен, для этого нажмите кнопку + на приборе, он должен показать световую индикацию. Если этого не происходит, поставьте его на зарядку на 3-4 часа
2. Установите гидрогелевую пластину на миостимулятор до характерного щелчка
3. Снимите защитные пленки с гидрогелевого слоя (не выбрасывайте, после использования их надлежит установить обратно, так гидрогелевый слой не высохнет и прослужит дольше
4. Установите гидрогелевую пластину с прибором на нужный участок тела и прижмите
5. Нажатием на ""+"" включите прибор.
6. Нажатием на ""М"" выберите нужный режим.
7. Нажатием на +\- регулируйте мощность прибора
8. Для выключения прибора долго удерживайте ""-"" или ""М"".
9. Прибор автоматически отключится через 15 минут."
1653727368,VOXORIA,Встроенный аккумулятор,"Ноги, Поясница, Руки, Спина, Тело, Ягодицы","Антицеллюлитный, Импульсный, Лимфодренажный, Миостимулирующий",
227792910,Impulse Device,Встроенный аккумулятор,"Тело, Ноги, Плечи, Шея, Поясница, Руки","Миостимулирующий, Акупунктурный, Антицеллюлитный, Импульсный, Оздоровительный, Перкусионный",
2149287655,Миостимуляторы,,"Спина, Поясница, Руки, Плечи",,"Погрузитесь в мир эффективного похудения и улучшения физической формы с помощью миостимулятора. Этот тренажер для похудения разработан для тех, кто стремится к стройной фигуре и хочет оптимизировать процесс тренировок. Уникальная технология позволяет ему стать настоящим миостимулятором для тела, воздействуя на различные группы мышц.

Если вы мечтаете убрать живот, то массажер для живота похудения станет отличным помощником. Он не только активирует мышцы, но и способствует активному сжиганию жировых отложений. В комбинации с миостимулятором для пресса, вы сможете добиться значительных результатов за короткое время.

Помимо этого, миостимулятор для мышц обеспечивает качественную электроимпульсную стимуляцию, что эффективно помогает расслабить напряжённые зоны. Ощутите всю мощь массажера для поясницы, который отлично подойдет для устранения дискомфорта и напряжения в этой области.

Данный электростимулятор легко использовать в домашних условиях, что делает его идеальным аксессуаром для каждого, кто стремится привести себя в форму. Пояс для похудения электрический прикрепляется удобно и эффективно, что позволяет сочетать его с повседневными делами.

Не упустите возможность попробовать массажер для пресса и массажер для мышц, которые помогут вам в достижении желаемых результатов. Этот тренажер для похудения живота и боков станет вашим верным помощником на пути к идеальному телу.

Не откладывайте на завтра, начните трансформацию своего тела уже сегодня! Приобретите миостимулятор и получите возможность быстро и эффективно достигнуть своих целей в похудении и тренировках!"
1790456472,KIATURE,"От порта USB, Встроенный аккумулятор","Голова, Руки, Тело, Шея, Ноги, Плечи","Миостимулирующий, Рефлекторный, Акупрессурный, Вибрационный, Лечебный","Способ применения
TENS 
1 массаж
2 быстрый молоток
3 Иглоукалывание
4 Замесить тесто
5 Иммуномодулирующее средство
6 Исследуйте меридианы
7 Купирование
8 Физиотерапевтический массаж
9 Режим Гуа-Ша
10 горячий компресс
11 Режим настройки режима сна
12 Прижигающий массаж
EMS 
13 Стимуляция мышц
14 Похудеть
15 режим плавания
16 Суставы ног
17 Режим разогрева жира
18 похудение
19 перкуссия
20 смешанных режимов упражнений
21-Минутный массаж мышц
22 вида спорта
23 Режим бега трусцой
24 режима работы со штангой Mассаж 
25 Массаж плеч
26 Массаж поясницы
27 Трепетный массаж
28 Массаж шеи
29 Массаж живота
30 разминание с надавливанием на ухо
31 Шиацу
32 Техника замешивания теста
33 Массаж спины
34 Расслабляющий массаж головы
35 Комплексных сеансов Тайцзи-массажа
36 Массаж шеи
Способ применения
TENS 
1 массаж
2 быстрый молоток
3 Иглоукалывание
4 Замесить тесто
5 Иммуномодулирующее средство
6 Исследуйте меридианы
7 Купирование
8 Физиотерапевтический массаж
9 Режим Гуа-Ша
10 горячий компресс
11 Режим настройки режима сна
12 Прижигающий массаж
EMS 
13 Стимуляция мышц
14 Похудеть
15 режим плавания
16 Суставы ног
17 Режим разогрева жира
18 похудение
19 перкуссия
20 смешанных режимов упражнений
21-Минутный массаж мышц
22 вида спорта
23 Режим бега трусцой
24 режима работы со штангой Mассаж 
25 Массаж плеч
26 Массаж поясницы
27 Трепетный массаж
28 Массаж шеи
29 Массаж живота
30 разминание с надавливанием на ухо
31 Шиацу
32 Техника замешивания теста
33 Массаж спины
34 Расслабляющий массаж головы
35 Комплексных сеансов Тайцзи-массажа
36 Массаж шеи"
1756744167,Impulse Device,Встроенный аккумулятор,"Ноги, Плечи, Поясница, Руки, Тело, Шея","Миостимулирующий, Акупунктурный, Антицеллюлитный, Импульсный, Оздоровительный","Способ применения
Вставьте штекер провода в разъем электродов. Провода вставьте в гнездо канала в верхней части прибора. Вы можете использовать любое количество каналов и пар электродов одновременно. Приложите электроды клейкой стороной к предписанному участку кожи, плотно прижмите к телу. Используйте кнопку М для выбора необходимого режима стимуляции.
Способ применения
Вставьте штекер провода в разъем электродов. Провода вставьте в гнездо канала в верхней части прибора. Вы можете использовать любое количество каналов и пар электродов одновременно. Приложите электроды клейкой стороной к предписанному участку кожи, плотно прижмите к телу. Используйте кнопку М для выбора необходимого режима стимуляции."
2028564403,Миостимуляторы,От порта USB,Плечи,,
1970004131,Миостимуляторы,"Встроенный аккумулятор, От порта USB","Поясница, Спина, Ягодицы, Тело","Вибрационный, Антицеллюлитный, Лимфодренажный, Импульсный, Миостимулирующий, Разминание","Погрузитесь в мир эффективного похудения и улучшения физической формы с помощью миостимулятора. Этот тренажер для похудения разработан для тех, кто стремится к стройной фигуре и хочет оптимизировать процесс тренировок. Уникальная технология позволяет ему стать настоящим миостимулятором для тела, воздействуя на различные группы мышц.

Если вы мечтаете убрать живот, то массажер для живота похудения станет отличным помощником. Он не только активирует мышцы, но и способствует активному сжиганию жировых отложений. В комбинации с миостимулятором для пресса, вы сможете добиться значительных результатов за короткое время.

Помимо этого, миостимулятор для мышц обеспечивает качественную электроимпульсную стимуляцию, что эффективно помогает расслабить напряжённые зоны. Ощутите всю мощь массажера для поясницы, который отлично подойдет для устранения дискомфорта и напряжения в этой области.

Данный электростимулятор легко использовать в домашних условиях, что делает его идеальным аксессуаром для каждого, кто стремится привести себя в форму. Пояс для похудения электрический прикрепляется удобно и эффективно, что позволяет сочетать его с повседневными делами.

Не упустите возможность попробовать массажер для пресса и массажер для мышц, которые помогут вам в достижении желаемых результатов. Этот тренажер для похудения живота и боков станет вашим верным помощником на пути к идеальному телу.

Не откладывайте на завтра, начните трансформацию своего тела уже сегодня! Приобретите миостимулятор и получите возможность быстро и эффективно достигнуть своих целей в похудении и тренировках!

Способ применения
1) Установите и закрепите контроллер выбора режима и интенсивности на передней части пояса согласно рисунку.
2) Распылите немного воды на силиконовую прокладку и поддерживайте её влажной на протяжении всей тренировки для плотного прилегания пояса к телу.
3) Наденьте пояс для похудения на талию.
4) Нажмите кнопку «+» для включения массажёра. С помощью кнопки «M» выберите один из восьми режимов работы, затем снова нажмите кнопку «+» для регулировки интенсивности (всего 19 уровней). Рекомендуется начинать с минимальной интенсивности. В конце тренировки нажимайте кнопку «−» до тех пор, пока индикатор интенсивности не покажет значение «0». Затем снова нажмите кнопку «−» для выключения массажёра.
5) После окончания тренировки протрите массажёр влажным полотенцем и храните в чистом месте. Не мочить водой!
6) Рекомендовано использовать миостимулятор для пресса два раза в день с продолжительностью тренировки от 15 до 30 минут.
7) Массажёр автоматически выключится через 15 минут бездействия, но если вы хотите продолжить тренировку, нажмите кнопку «+».
Способ применения
1) Установите и закрепите контроллер выбора режима и интенсивности на передней части пояса согласно рисунку.
2) Распылите немного воды на силиконовую прокладку и поддерживайте её влажной на протяжении всей тренировки для плотного прилегания пояса к телу.
3) Наденьте пояс для похудения на талию.
4) Нажмите кнопку «+» для включения массажёра. С помощью кнопки «M» выберите один из восьми режимов работы, затем снова нажмите кнопку «+» для регулировки интенсивности (всего 19 уровней). Рекомендуется начинать с минимальной интенсивности. В конце тренировки нажимайте кнопку «−» до тех пор, пока индикатор интенсивности не покажет значение «0». Затем снова нажмите кнопку «−» для выключения массажёра.
5) После окончания тренировки протрите массажёр влажным полотенцем и храните в чистом месте. Не мочить водой!
6) Рекомендовано использовать миостимулятор для пресса два раза в день с продолжительностью тренировки от 15 до 30 минут.
7) Массажёр автоматически выключится через 15 минут бездействия, но если вы хотите продолжить тренировку, нажмите кнопку «+»."
2154018755,Миостимуляторы,Встроенный аккумулятор,"Ягодицы, Тело, Спина, Руки, Поясница, Плечи",Миостимулирующий,
1710459333,TOTAR,,"Шея, Тело, Спина, Руки, Ноги","Импульсный, Миостимулирующий, Оздоровительный, Расслабляющий",
2052046798,Миостимуляторы,,"Поясница, Тело, Руки, Спина, Ягодицы",,"Погрузитесь в мир эффективного похудения и улучшения физической формы с помощью миостимулятора. Этот тренажер для похудения разработан для тех, кто стремится к стройной фигуре и хочет оптимизировать процесс тренировок. Уникальная технология позволяет ему стать настоящим миостимулятором для тела, воздействуя на различные группы мышц.

Если вы мечтаете убрать живот, то массажер для живота похудения станет отличным помощником. Он не только активирует мышцы, но и способствует активному сжиганию жировых отложений. В комбинации с миостимулятором для пресса, вы сможете добиться значительных результатов за короткое время.

Помимо этого, миостимулятор для мышц обеспечивает качественную электроимпульсную стимуляцию, что эффективно помогает расслабить напряжённые зон. Ощутите всю мощь массажера для поясницы, который отлично подойдет для устранения дискомфорта и напряжения в этой области.

Данный электростимулятор легко использовать в домашних условиях, что делает его идеальным аксессуаром для каждого, кто стремится привести себя в форму. Пояс для похудения имеет 6 режимов работы (3 режима из них работают с интервалом) с регулировкой скорости каждого от 1 до 9 уровней. Рекомендуется использовать пояс в течение 30 минут, 1-2 раза в день на влажную кожу для получения более эффективных результатов.

Не упустите возможность попробовать массажер для пресса и массажер для мышц, которые помогут вам в достижении желаемых результатов. Этот тренажер для похудения живота и боков станет вашим верным помощником на пути к идеальному телу.

Не откладывайте на завтра, начните трансформацию своего тела уже сегодня! Приобретите миостимулятор и получите возможность быстро и эффективно достигнуть своих целей в похудении и тренировках!"
2196585793,MAGICZONE,"Встроенный аккумулятор, От порта USB","Поясница, Спина","Вибрационный, Миостимулирующий, Антицеллюлитный, Импульсный, Лимфодренажный, Разминание","Уникальный эластичный массажер EMS для укрепления мышц и улучшения состояния кожи!

Размер универсальный, XXL, XXXL

Тренажер для пресса, массажер для спины, миостимулятор, массажер для живота, массажер для тела и многое другое.

Это устройства поможет вам поддерживать тонус мышц, улучшить кровообращение и сделать вашу кожу более упругой.

С его помощью вы сможете эффективно похудеть и достичь желаемой формы тела.

Удобный в использовании и компактный по размеру, поможет вам заботиться о своем здоровье и красоте в любое удобное время.

Не упустите возможность начать работу над собой уже сегодня!

Способ применения
1. Установите и зафиксируйте контролер выбора режима и интенсивности на передней части пояса, как это показано на рисунке.
2. Распылите немного воды на силиконовую прокладку. Поддерживайте ее влажной на протяжении всей тренировки, для того чтобы пояс мог плотно прилегать к Вашему телу.
3. Закрепите пояс для похудения на Вашей талии.
4. Нажмите клавишу «+» для того чтобы включить массажер. С помощью клавиши «М» выберете 1 из 8 режимов работы. Затем снова нажмите на клавишу «+» для того чтобы отрегулировать интенсивность работы, всего их 19. РЕКОМЕНДУЕТСЯ начинать тренировки с минимальной интенсивностью. В конце тренировки нажимайте клавишу «- » до тех пор, пока индикатор интенсивности не покажет значение «0». Затем снова нажмите клавишу «-» и массажер выключится.
5. После завершения тренировки протрите массажер влажным полотенцем и положите в чистое место. Ни в коем случае не мойте водой!
6. Рекомендовано использовать миостумулятор для пресса 2 раза в день с продолжительностью тренировки в 15 – 30 минут
7. Массажер автоматически выключится в течение 15 минут, если Вы не будете его использовать. Если же Вы хотите продолжить тренировку, то нажмите клавишу «+».
Способ применения
1. Установите и зафиксируйте контролер выбора режима и интенсивности на передней части пояса, как это показано на рисунке.
2. Распылите немного воды на силиконовую прокладку. Поддерживайте ее влажной на протяжении всей тренировки, для того чтобы пояс мог плотно прилегать к Вашему телу.
3. Закрепите пояс для похудения на Вашей талии.
4. Нажмите клавишу «+» для того чтобы включить массажер. С помощью клавиши «М» выберете 1 из 8 режимов работы. Затем снова нажмите на клавишу «+» для того чтобы отрегулировать интенсивность работы, всего их 19. РЕКОМЕНДУЕТСЯ начинать тренировки с минимальной интенсивностью. В конце тренировки нажимайте клавишу «- » до тех пор, пока индикатор интенсивности не покажет значение «0». Затем снова нажмите клавишу «-» и массажер выключится.
5. После завершения тренировки протрите массажер влажным полотенцем и положите в чистое место. Ни в коем случае не мойте водой!
6. Рекомендовано использовать миостумулятор для пресса 2 раза в день с продолжительностью тренировки в 15 – 30 минут
7. Массажер автоматически выключится в течение 15 минут, если Вы не будете его использовать. Если же Вы хотите продолжить тренировку, то нажмите клавишу «+»."
1621633247,MishelMax,"Встроенный аккумулятор, От порта USB","Руки, Тело",Миостимулирующий,
1622697626,Миостимуляторы,,,,
232248055,Planta,"От порта USB, Сменная батарея","Поясница, Ягодицы, Тело, Зона декольте, Плечи, Руки","Миостимулирующий, Акупунктурный, Антицеллюлитный, Гуаша, Классический, Комбинированный","Способ применения
Подсоедините электроды к соединительным проводам, далее подсоедините соединительные провода к миостимулятору. Снимите защитные пленки с поверхности электродов и приложите электрод клейкой стороной к чистому сухому и гладкому участку кожи и плотно прижмите его. Включите миостимулятор кнопкой ВКЛ, далее выберите соответствующий подключению соединительных проводов канал. После этого установите один из 10 предустановленных режимов с помощью соответствующих
кнопкой, задайте необходимое время от 10-60 минут и установите желаемый уровень интенсивности от 1 до 20.
Способ применения
Подсоедините электроды к соединительным проводам, далее подсоедините соединительные провода к миостимулятору. Снимите защитные пленки с поверхности электродов и приложите электрод клейкой стороной к чистому сухому и гладкому участку кожи и плотно прижмите его. Включите миостимулятор кнопкой ВКЛ, далее выберите соответствующий подключению соединительных проводов канал. После этого установите один из 10 предустановленных режимов с помощью соответствующих
кнопкой, задайте необходимое время от 10-60 минут и установите желаемый уровень интенсивности от 1 до 20."
944909943,AllerShop,"От сети 220В, Сменная батарея","Руки, Тело, Ноги, Плечи, Ягодицы, Поясница","Антицеллюлитный, Импульсный, Оздоровительный, Миостимулирующий, Шиацу, Классический","Способ применения
При включении прибора стартует таймер. Сеанс рассчитан на 15 минут, после чего прибор отключится. Во время сеанса Вы можете выбирать 4 режима воздействия: 
  1) Поглаживание (кнопка ПОГЛ) - высокочастотное несильное воздействие, от слабого к более сильному, потом сброс и снова от слабого к сильному и т.д.; 
  2) Растирание (кнопка РАСТ) - импульсы реже, но сильнее, характер изменения сигналов как при поглаживании; 
  3) Вибрация (кнопка ВИБР) - импульсы ещереже и еще сильнее, все время одной интенсивности; 
  4) Постукивание (кнопка ПОСТ) - импульсы еще реже, но самые сильные, по очереди ощущается импульс то на одном, то на другом электроде. Расположены кнопки в логической последовательности и на протяжении сеанса можно постепенно переключаться от 1 до 4 режима. Если есть необходимость, можно регулировать силу и скорость (кнопки ""-"" и ""+"" внизу) импульсов. 
   6 зон массажа,4 режима массажа, 8 уровней мощности массажа, 9 скоростей интенсивности. 
     Способ применения: сначала подключите прилагаемые в комплекте электроды с подушечками в соответствующий разъем на корпусе прибора и приложите на тело в нужном месте. Затем включите прибор и с помощью кнопок, расположенных с левой стороны от дисплея, выберите обрабатываемую зону тела (ноги, талия, руки, грудь, плечи и т.д.) и нужный режим работы (кнопки справа от дисплея). Ваш выбор будет сопровождаться соответствующими визуальными подсказками, отображаемыми на электронном дисплее. После 15 мин работы прибор автоматически отключается. Если вам недостаточно этого времени, то просто нажмите кнопку «Repeat», чтобы повторить процедуру или задайте новые настройки.
Способ применения
При включении прибора стартует таймер. Сеанс рассчитан на 15 минут, после чего прибор отключится. Во время сеанса Вы можете выбирать 4 режима воздействия: 
  1) Поглаживание (кнопка ПОГЛ) - высокочастотное несильное воздействие, от слабого к более сильному, потом сброс и снова от слабого к сильному и т.д.; 
  2) Растирание (кнопка РАСТ) - импульсы реже, но сильнее, характер изменения сигналов как при поглаживании; 
  3) Вибрация (кнопка ВИБР) - импульсы ещереже и еще сильнее, все время одной интенсивности; 
  4) Постукивание (кнопка ПОСТ) - импульсы еще реже, но самые сильные, по очереди ощущается импульс то на одном, то на другом электроде. Расположены кнопки в логической последовательности и на протяжении сеанса можно постепенно переключаться от 1 до 4 режима. Если есть необходимость, можно регулировать силу и скорость (кнопки ""-"" и ""+"" внизу) импульсов. 
   6 зон массажа,4 режима массажа, 8 уровней мощности массажа, 9 скоростей интенсивности. 
     Способ применения: сначала подключите прилагаемые в комплекте электроды с подушечками в соответствующий разъем на корпусе прибора и приложите на тело в нужном месте. Затем включите прибор и с помощью кнопок, расположенных с левой стороны от дисплея, выберите обрабатываемую зону тела (ноги, талия, руки, грудь, плечи и т.д.) и нужный режим работы (кнопки справа от дисплея). Ваш выбор будет сопровождаться соответствующими визуальными подсказками, отображаемыми на электронном дисплее. После 15 мин работы прибор автоматически отключается. Если вам недостаточно этого времени, то просто нажмите кнопку «Repeat», чтобы повторить процедуру или задайте новые настройки."
2059797161,Afrodita beauty,"Встроенный аккумулятор, От порта USB","Ягодицы, Спина, Руки, Плечи, Поясница, Ноги","Акупунктурный, Лимфодренажный, Расслабляющий, Перкусионный, Шиацу","Способ применения
Инструкция по использованию

Шаг 1 Очистите вашу кожу

Промойте и просушите область нанесения, убедитесь что кожа в этом месте без повреждений 

Шаг 2 подключение электродов

1.Плотно вставьте штекер в разъем электрода, чтобы не было видно оголенного металла

2.Вставьте штекер в разъем соответствующего канала А\В

 Шаг 3 Установите электроды 

Возьмите за край электрода и снимите защитную пленку. 
Прикрепите электроды к коже на расстояние не менее 7 см! 
Рекомендованное расстояние между электродами 7-15 см.
Прижмите края электродов чтобы они плотно прилегали к коже
Шаг 4 включение аппарата

Включите аппарат

Выберите соответствующую программу с помощью стилуса или пальцем руки для каналов А и В

 Установите интенсивность для каждого канала

Установите время работы

Заблокируйте экран

Шаг 5 применение 

Начинайте использовать аппарат с 10 мин постепенно увеличивая время 

Шаг 6 снятие электродов

Чтобы снять электрод, возьмитесь за край, не тяните за шнур. 

Шаг 7 Очистка электродов

Положите гелевой стороной вверх, добавьте несколько капель воды, слегка потрите пальцем и дождитесь полного высыхания. Наклейте защитную пленку. 

Шаг 8  хранение 

Уберите прибор  в мешочек для хранения.
Способ применения
Инструкция по использованию

Шаг 1 Очистите вашу кожу

Промойте и просушите область нанесения, убедитесь что кожа в этом месте без повреждений 

Шаг 2 подключение электродов

1.Плотно вставьте штекер в разъем электрода, чтобы не было видно оголенного металла

2.Вставьте штекер в разъем соответствующего канала А\В

 Шаг 3 Установите электроды 

Возьмите за край электрода и снимите защитную пленку. 
Прикрепите электроды к коже на расстояние не менее 7 см! 
Рекомендованное расстояние между электродами 7-15 см.
Прижмите края электродов чтобы они плотно прилегали к коже
Шаг 4 включение аппарата

Включите аппарат

Выберите соответствующую программу с помощью стилуса или пальцем руки для каналов А и В

 Установите интенсивность для каждого канала

Установите время работы

Заблокируйте экран

Шаг 5 применение 

Начинайте использовать аппарат с 10 мин постепенно увеличивая время 

Шаг 6 снятие электродов

Чтобы снять электрод, возьмитесь за край, не тяните за шнур. 

Шаг 7 Очистка электродов

Положите гелевой стороной вверх, добавьте несколько капель воды, слегка потрите пальцем и дождитесь полного высыхания. Наклейте защитную пленку. 

Шаг 8  хранение 

Уберите прибор  в мешочек для хранения."
,,,,,
1928422336,eFlow,Встроенный аккумулятор,"Ноги, Плечи, Руки, Тело, Спина, Ягодицы","Антицеллюлитный, Импульсный, Миостимулирующий, Расслабляющий, Оздоровительный","Откройте для себя революционный способ преобразить свое тело с помощью нашего многофункционального миостимулятора для тела. Электрический миостимулятор профессионального уровня предназначен для оздоровления и поддержания тонуса мышц. Этот передовой импульсный массажер сочетает в себе технологии EMS и TENS, обеспечивая комплексный подход к улучшению фигуры и общего самочувствия. Благодаря специально разработанным электродам для миостимулятора, вы сможете целенаправленно воздействовать на проблемные зоны, будь то живот, бедра или руки. Этот универсальный массажер подходит как женщинам, так и мужчинам.

Встроенная функция лор-терапия - оказывает противовоспалительное и успокаивающее действие благодаря длине волны красного света 630 nm и помогает от ринита, насморка, заложенности и симптомов аллергии.

Наш миостимулятор для пресса - это эффективное средство для похудения, которое поможет вам достичь желаемых результатов без изнурительных тренировок. Микротоки стимулируют мышечные волокна, ускоряют метаболизм и способствуют сжиганию жира. Способствует похудению живота благодаря бережной стимуляции мышечных волокон. Устройство эффективно борется с целлюлитом, улучшает кровообращение и восстанавливает упругость кожи,  делая вашу кожу более гладкой и подтянутой. 

При регулярном применении помогает снять боль в мышцах и облегчить неприятные ощущения в спине. Идеальный выбор для тех, кто страдает от хронической боли или перенапряжения, вызванного длительным сидением или физической нагрузкой. Миостимулятор способствует укреплению пресса у мужчин, формируя рельефное тело без физических усилий. Устройство используется в качестве антицеллюлитного массажера, стимулирующего обменные процессы в проблемных зонах.

Удобный и простой в использовании, наш миостимулятор станет вашим надежным помощником на пути к идеальной фигуре. Различные режимы работы позволяют настроить интенсивность воздействия в зависимости от ваших потребностей и уровня физической подготовки.

Способ применения
1. Нажмите и удерживайте кнопку питания (On/Off) в течение 3 секунд, чтобы включить или выключить прибор.
2. Нажимайте кнопку [MODE], чтобы поочерёдно выбирать один из 12 режимов массажа.
3. Нажимайте кнопки [∨] или [∧], чтобы уменьшать или увеличивать силу (интенсивность) массажа.
4. Максимальный уровень интенсивности массажа – до 30 шагов.
5. Нажимайте кнопку [TIME], чтобы выбрать один из 10 вариантов продолжительности (до 90 минут).
Способ применения
1. Нажмите и удерживайте кнопку питания (On/Off) в течение 3 секунд, чтобы включить или выключить прибор.
2. Нажимайте кнопку [MODE], чтобы поочерёдно выбирать один из 12 режимов массажа.
3. Нажимайте кнопки [∨] или [∧], чтобы уменьшать или увеличивать силу (интенсивность) массажа.
4. Максимальный уровень интенсивности массажа – до 30 шагов.
5. Нажимайте кнопку [TIME], чтобы выбрать один из 10 вариантов продолжительности (до 90 минут)."
1732509816,YONGROW,Встроенный аккумулятор,Тело,Миостимулирующий,"Тренажер для стимуляции мышц тазового дна предназначен для женщин.Мягкая электростимуляция с помощью вагинального зонда помогает укрепить мышцы малого таза и увеличить их силу и выносливость.Регулярное использование тренажеров для мышц может улучшить чувствительность нервов.Это устройство также эффективно помогает в лечении недержания мочи у женщин.Встроенный индикатор времени - 5-10-15-20 минут.Есть три передачи и три режима на выбор, что позволяет выбрать наилучший режим и интенсивность для каждого пользователя.Частота импульсов и длительность сигнала настраиваются таким образом, чтобы стимулировать мышцы максимально эффективно, не вызывая дискомфорта.

Электрический тренажер Кегеля для мышц тазового дна использует электрическую стимуляцию для достижения желаемого эффекта.Асимметричные прямоугольные волны, создаваемые массажером, воздействуют на мышцы, заставляя их сокращаться и расслабляться.Это стимулирует рост и укрепление мышечной ткани, что особенно важно для восстановления и поддержания здоровья мышц тазового дна и брюшного пресса с помощью физических упражнений.

Установите женский ЭМГ-стимулятор для интимных мышц в соответствии с инструкцией.Выберите подходящий режим и установите таймер на требуемое время.Включите устройство для укрепления мышц малого таза и насладитесь сеансом интимной стимуляции мышц, чтобы контролировать ощущения и при необходимости регулировать интенсивность.

Тренажер-стимулятор мышц тазового дна для девочек был создан с учетом всех необходимых мер безопасности.Полимерные калиевые аккумуляторы обеспечивают длительную работу без необходимости частой подзарядки.Компактная и удобная конструкция позволяет легко выполнять упражнения и транспортировать его.

Вагинальные сокращения - это уникальное решение для женщин, стремящихся укрепить мышцы тазового дна, повысить их чувствительность и справиться с проблемами, связанными с дисфункцией.Сочетание передовых технологий, простоты использования и безопасности делает баттерфляй-тренажер для тела и живота, упражнений и стимуляции мышц незаменимым помощником для поддержания здоровья и качества жизни.

особенность：

1.Была увеличена длина белой части, которая может проникать глубже во влагалище и быть более удобной для людей, страдающих ожирением.

2.С обеих сторон имеется по 16 микроэлектрических контактов, которые удваивают укрепляющий вагинальный эффект

3.Интегрированный дизайн с сенсорным экраном, простое и удобное управление.

4.Белая часть выполнена из силикона, который более удобен для прикосновения к влагалищу, а передний зонд можно промыть водой.

Три режима: микроток + нагрев + красный свет

Микроток + синий свет

Микроток + выделение тепла + красный свет + синий свет

Спецификация:

Канал: одноканальный

Частота импульсов: в диапазоне 3 Гц ~ 50 Гц (допуск составляет менее 3%)

Выходной ток: 500 мА

Источник питания: USB

Входное напряжение: 22 В переменного тока

Частота: 50 Гц

Выходное напряжение: DC-5V

Входная мощность: 12 Вт

Условия эксплуатации: температура 0С~38с; влажность 8%-93%

Условия транспортировки и хранения: температура-20с~80с; влажность-8%~93%"
2268186419,Миостимуляторы,,,,
1970486550,Миостимуляторы,От порта USB,"Зона декольте, Ноги, Плечи, Поясница, Руки, Тело","Акупунктурный, Вибрационный, Импульсный, Миостимулирующий","Высококачественные материалы: Наши массажные подушечки для шейки матки изготовлены из полиуретанового материала, который является прочным и долговечным. Массажные подушечки для шейки матки можно использовать в течение длительного времени.

10 массажных подушечек: каждая в индивидуальной упаковке, чистая и гигиеничная, что избавит вас от необходимости беспокоиться о поиске сменного пластыря. Это очень удобно, и я верю, что вы останетесь довольны.

Безопасность и гигиена: Запечатанный отдельно, он может использоваться совместно с семьей или друзьями, не беспокоясь о неудобствах при совместном использовании прокладок.

Широкая применимость: он соответствует большинству типов, представленных на рынке, и широко используется.Пожалуйста, заранее проверьте, совпадают ли размеры.

Удобство в использовании: наши массажные подушечки распределяются более равномерно и на них нет горячих точек，

Способ применения
5 сменных насадок для электроимпульсного массажера, совместимых с большинством массажеров, представленных на рынке, каждая многоразовая и индивидуально упакована.
Способ применения
5 сменных насадок для электроимпульсного массажера, совместимых с большинством массажеров, представленных на рынке, каждая многоразовая и индивидуально упакована."
2179948680,HAFREE,От порта USB,"Тело, Поясница",Импульсный,"Способ применения
Смочите кожу водой - это обеспечит более плотное прилегание и большую силу массажа. Разместите пояс как можно плотнее и начинайте массаж!
- вкл/выкл – нажмите и удерживайте кнопку М в течение 2 секунд
- переключение режимов – короткое нажание кнопки М
- +/- - увеличение/снижение силы воздействия от 1 до 19
Для удобства сам миостимулятор можно расположить ""вверх ногами"", так вам будет удобнее им управлять.
Способ применения
Смочите кожу водой - это обеспечит более плотное прилегание и большую силу массажа. Разместите пояс как можно плотнее и начинайте массаж!
- вкл/выкл – нажмите и удерживайте кнопку М в течение 2 секунд
- переключение режимов – короткое нажание кнопки М
- +/- - увеличение/снижение силы воздействия от 1 до 19
Для удобства сам миостимулятор можно расположить ""вверх ногами"", так вам будет удобнее им управлять."
2167501113,DAWANG,Встроенный аккумулятор,"Плечи, Шея, Поясница, Ноги, Ягодицы, Тело","Лимфодренажный, Миостимулирующий",
1423369110,Beurer,,"Поясница, Ноги, Руки",Миостимулирующий,
170838627,Gezatone,Встроенный аккумулятор,"Ноги, Тело, Ягодицы","Антицеллюлитный, Вибрационный, Комбинированный, Лимфодренажный, Миостимулирующий","Способ применения
Общее время процедуры не должно превышать 30 минут (3 проблемные зоны, по 10 минут на каждую). За 1 процедуру не рекомендуется обрабатывать больше 3х проблемных зон.
Рекомендуемое время воздействия на каждую проблемную зону – 10 минут. В приборе встроена функция автоматического отключения каждые 10 минут.
Обрабатываемая часть тела не должна быть по размеру больше чем 30х20см.
Во время процедуры может возникнуть ощущение тепла и небольшое покраснение кожи, которые пройдут в течение часа после окончания процедуры.
Не используйте аппарат для проведения процедур вокруг глаз, на лице, ушах, шее, груди, в зоне декольте, лимфатических узлов, на суставах.
Способ применения
Общее время процедуры не должно превышать 30 минут (3 проблемные зоны, по 10 минут на каждую). За 1 процедуру не рекомендуется обрабатывать больше 3х проблемных зон.
Рекомендуемое время воздействия на каждую проблемную зону – 10 минут. В приборе встроена функция автоматического отключения каждые 10 минут.
Обрабатываемая часть тела не должна быть по размеру больше чем 30х20см.
Во время процедуры может возникнуть ощущение тепла и небольшое покраснение кожи, которые пройдут в течение часа после окончания процедуры.
Не используйте аппарат для проведения процедур вокруг глаз, на лице, ушах, шее, груди, в зоне декольте, лимфатических узлов, на суставах."
324680866,Миостимуляторы,"Сменная батарея, От сети 220В","Тело, Ноги, Плечи, Поясница, Спина, Шея","Импульсный, Лимфодренажный, Миостимулирующий, Оздоровительный, Вибрационный, Антицеллюлитный","Способ применения
1. Подключите аппарат к электросети или установите 3 батарейки типа ААА.
2. Подключите 2 кабеля с электродами, убедившись, что они вставлены правильно.
3. Очистите кожу от косметических средств и кожного жира.
4. Расположите электроды на чистую кожу, сняв защитную пленку.
5. Убедитесь, что расстояние между электродами от 7 до 10 см.
6. Включите аппарат кнопкой On/Off.
7. Выберите режим массажа кнопкой Режим.
8. Установите время воздействия кнопкой Время.
9. Регулируйте интенсивность воздействия кнопками Больше и Меньше.

Виды массажа
1. Точечный массаж
2. Расслабляющий массаж
3. Классический массаж
4. Баночный массаж
5. Тонизирующий массаж
6. Ударно-кулачковый массаж
7. Массаж для похудения
8. Оздоровительный массаж
Способ применения
1. Подключите аппарат к электросети или установите 3 батарейки типа ААА.
2. Подключите 2 кабеля с электродами, убедившись, что они вставлены правильно.
3. Очистите кожу от косметических средств и кожного жира.
4. Расположите электроды на чистую кожу, сняв защитную пленку.
5. Убедитесь, что расстояние между электродами от 7 до 10 см.
6. Включите аппарат кнопкой On/Off.
7. Выберите режим массажа кнопкой Режим.
8. Установите время воздействия кнопкой Время.
9. Регулируйте интенсивность воздействия кнопками Больше и Меньше.

Виды массажа
1. Точечный массаж
2. Расслабляющий массаж
3. Классический массаж
4. Баночный массаж
5. Тонизирующий массаж
6. Ударно-кулачковый массаж
7. Массаж для похудения
8. Оздоровительный массаж"
1195170258,Ascora,Встроенный аккумулятор,"Тело, Ноги, Плечи, Поясница, Шея, Руки","Импульсный, Акупунктурный, Миостимулирующий, Расслабляющий, Гуаша, Оздоровительный","Массажер-миостимулятор для тела AS-011 - это ваш удобный доктор, универсальный, инновационный, портативный массажер-тренажер для удобного домашнего использования. В основе лежит процедура стимуляции мышц и нервных окончаний посредством передачи импульсного тока к телу человека через электроды. 10 различных программ сочетают сразу две эффективные методики - электромиостимуляции (EMS) и электронейростимуляции (TENS). электроды заставляют мышцы сокращаться, в результате чего к ним активнее приливает обогащенная кислородом кровь, происходит отток лимфы и улучшение мышечного тонуса. Регулярное применение миостимулятора способствует: устранению стресса и усталости, снятию эмоциональной нагрузки, избавлению от скованности и тяжести в мышцах при повышенных физических нагрузках или наоборот при малоподвижном образе жизни и сидячей работе, устранению застойных явлений и улучшению кровообращения, восстановлению после травм и заболеваний, повышению выносливости, улучшению качества сна и общего самочувствия, восполнению жизненных сил.

Прибор AS-011 - микрокомпьютерный 10-режимный биофизический прибор генерирующий электрические сигналы, аналогичные биотокам здорового организма.

Использование прибора благодаря имеющимся режимам генерации эффективных управляющих сигналов воздействия на энергоинформационную систему организма, предоставляет возможность решения трех главных задач:

Терапия (устранение боли, стресса, восстановление здоровья)

Реабилитация (улучшение работы организма)

Профилактика (сохранение здоровья)

Реализация поставленных задач осуществляется благодаря использованию основных функций прибора:

Массаж (в том числе и антицеллюлитный) и обезболивание. Иглоукалывание. Массаж биологически активных зон кистей и стоп

ПРОФИЛАКТИКА

Импульсы, создаваемые прибором, оказывают воздействие на стенки сосудов, приводя к улучшению кровообращения, активизирует обменные процессы, способствует выведению шлаков, накопленных токсинов, застоев жидкости. Миостимуляция позволяет эффективно повысить лимфоток, следовательно, улучшить обмен веществ и общее состояние организма.

ВОСТАНОВЛЕНИЕ МЫШЦ

Благодаря комбинированному эффекту миостимуляции, обезболивания, физиотерапии и массажа, массажный прибор Ascora помогает восстановить и укрепить мышцы, позволяя спортсменам быстрее вернуться в спортзал. Прибор также помогает справиться со спортивными травмами и болями после тренировок.

Способ применения
1. Вставить шнур от электродов в разъем на приборе снизу. Можно использовать сразу два разъема для подключения двух комплектов электродов.
2. Прикрепить электроды на участок тела
3. Включить прибор 
4. Выбрать один из режимов регулируя силу воздействия 
5. Можно установить таймер для процедуры
Способ применения
1. Вставить шнур от электродов в разъем на приборе снизу. Можно использовать сразу два разъема для подключения двух комплектов электродов.
2. Прикрепить электроды на участок тела
3. Включить прибор 
4. Выбрать один из режимов регулируя силу воздействия 
5. Можно установить таймер для процедуры"
1903410374,Миостимуляторы,,"Тело, Руки, Плечи, Поясница, Ноги, Ягодицы",,
1307446461,EMS,"Встроенный аккумулятор, Сменная батарея","Ноги, Плечи, Поясница, Руки, Спина, Шея","Акупунктурный, Антицеллюлитный, Вибрационный, Импульсный","Способ применения
 На сухую кожу прикрепить миостимулятор , расстояние между накладками около 20-35см. Выбрать нужный режим исходя из инструкции и прилечь минут на 10-15. За раз можно проработать от 1 до 3 участков тела. Не применять при беременности и кожных заболеваниях.
Способ применения
 На сухую кожу прикрепить миостимулятор , расстояние между накладками около 20-35см. Выбрать нужный режим исходя из инструкции и прилечь минут на 10-15. За раз можно проработать от 1 до 3 участков тела. Не применять при беременности и кожных заболеваниях."
1233585465,Beurer,Сменная батарея,Тело,Миостимулирующий,
1610933092,Magic Passion,Встроенный аккумулятор,"Плечи, Руки, Тело, Поясница, Шея, Ягодицы","Миостимулирующий, Импульсный, Вибрационный","Массажер ""Массажер - бабочка""  — это инновационное средство для ухода за вашим телом, разработанное с использованием EMS технологии для усиления вашего физического состояния и поддержания красивой фигуры. Портативный и легкий массажер идеально подходит для тех, кто ищет универсальное решение для расслабления мышц после тренировок или долгого рабочего дня. Массажер стимулирует кровообращение, что способствует уменьшению усталости и улучшению общего самочувствия. Применяя массажер на различные зоны тела, вы можете эффективно тонизировать мышцы живота, рук, ног и спины, добиваясь желаемых результатов без лишних усилий.

EMS миостимулятор ""Массажер - бабочка"" работает за счет специальных электрических импульсов, которые воздействуют на мышцы, имитируя естественные сокращения, подобные тем, что происходят при физических упражнениях.

Эргономичный дизайн в форме бабочки обеспечивает точное прилегание к телу и равномерное распределение импульсов, что делает его использование максимально комфортным и эффективным. 

Этот массажер также является отличным средством поддержания тонуса мышц и общего улучшения состояния организма в домашних условиях. Независимо от вашего уровня физической подготовки, вы оцените его пользу и удобство.

Способ применения
1. Закрепите массажер на пластырь. 
2. Снимите прозрачную бумагу с патча. 
3. Поместите массажер на участок тела, который необходимо массировать. 
4. Включите массажер и выберите подходящий режим массажа и интенсивность массажа регулируя их кнопочками на самом аппарате. 
Кнопки ""+"" и ""-"" регулируют силу тока. 
Кнопка ""M"" регулирует режим
Способ применения
1. Закрепите массажер на пластырь. 
2. Снимите прозрачную бумагу с патча. 
3. Поместите массажер на участок тела, который необходимо массировать. 
4. Включите массажер и выберите подходящий режим массажа и интенсивность массажа регулируя их кнопочками на самом аппарате. 
Кнопки ""+"" и ""-"" регулируют силу тока. 
Кнопка ""M"" регулирует режим"
2199420716,Миостимуляторы,Встроенный аккумулятор,"Ноги, Поясница, Руки, Спина, Тело, Ягодицы","Акупунктурный, Импульсный, Миостимулирующий, Расслабляющий","Способ применения
1. Убедитесь что прибор заряжен, для этого нажмите кнопку + на приборе, он дожен показать световую индикацию. Если этого не происходит, поставьте его на зарядку на 3-4 часа
2. Установите гидрогелевую пластину на миостимулятор до характерного щелчка
3. Снимите защитные пленки с гидрогелевого слоя (не выбрасывайте, после использования их надлежит установить обратно, так гидрогелевый слой не высохнет и прослужит дольше
4. Установите гидрогелевую пластину с прибором на нужный участок тела и прижмите
5. Нажатием на ""+"" включите прибор
6. Нажатием на ""М"" выберите нужный режим
7. Нажатием на +\- регулируйте мощность прибора
Способ применения
1. Убедитесь что прибор заряжен, для этого нажмите кнопку + на приборе, он дожен показать световую индикацию. Если этого не происходит, поставьте его на зарядку на 3-4 часа
2. Установите гидрогелевую пластину на миостимулятор до характерного щелчка
3. Снимите защитные пленки с гидрогелевого слоя (не выбрасывайте, после использования их надлежит установить обратно, так гидрогелевый слой не высохнет и прослужит дольше
4. Установите гидрогелевую пластину с прибором на нужный участок тела и прижмите
5. Нажатием на ""+"" включите прибор
6. Нажатием на ""М"" выберите нужный режим
7. Нажатием на +\- регулируйте мощность прибора"
1833345061,Миостимуляторы,"Встроенный аккумулятор, От сети 220В","Тело, Ноги, Поясница, Спина, Шея, Ягодицы","Акупрессурный, Импульсный, Миостимулирующий, Расслабляющий","Представляем вам революционный миостимулятор массажер электрический для всего тела – ваш персональный фитнес- и спа-центр прямо у вас дома! Это не просто устройство, это инновационный инструмент, который поможет вам достичь желаемой формы, снять мышечное напряжение и почувствовать себя бодрее и энергичнее. 

Наш миостимулятор для тела использует технологию электромиостимуляции (EMS), которая имитирует естественные сокращения мышц, заставляя их работать даже в состоянии покоя. 

Это эффективный и удобный способ укрепить мышцы, сжечь лишние калории и улучшить тонус всего тела. Вы сможете проработать различные группы мышц, включая живот, бедра, ягодицы, руки и спину.

Он оснащен несколькими режимами интенсивности и различными программами, которые позволяют подобрать оптимальную тренировку для каждого пользователя, в зависимости от его потребностей и уровня подготовки. 

Наш массажер не только укрепляет мышцы, но и помогает снять напряжение и усталость. Благодаря мягким импульсам он эффективно расслабляет мышцы, улучшает кровообращение и лимфодренаж, снимает боли и спазмы. Вы почувствуете, как уходит напряжение, а тело наполняется легкостью и энергией. Это отличный способ расслабиться после напряженного дня, снять стресс и почувствовать себя обновленным. 

Эргономичный дизайн и простота использования делают наш миостимулятор удобным и доступным для каждого. Он легко фиксируется на теле с помощью специальных гелевых электродов, которые обеспечивают надежный контакт и комфортное ощущение во время сеанса. В

Регулярное использование миостимулятора поможет вам привести свое тело в порядок, повысить выносливость и улучшить самочувствие. 

Подарите себе ощущение силы и легкости, выбрав наш инновационный миостимулятор! 

Закажите его прямо сейчас и убедитесь в его эффективности! Ваш путь к красивому и здоровому телу начинается здесь и сейчас! 

Способ применения
1.Очистите область, о которой вы хотите позаботиться; снимите защитную пленку с пластыря и приклейте инструмент к области, о которой вам необходимо позаботиться (имеется в наличии по всему телу).

2.Нажмите кнопку “включить” сбоку от верхней левой головки аппарата, чтобы переключить прибор.

3.Нажмите ""Клавиша выбора режима MODE"", чтобы выбрать нужный режим, можно выбрать 16 режимов.

4.Отрегулируйте интенсивность массажа; нажмите “+“, чтобы увеличить интенсивность импульса на 1 малую передачу (аппарат не отображает плюс 1 сетку), дважды нажмите ""+"", чтобы увеличить интенсивность импульса на 1 большую передачу “аппарат оснащен дисплеем плюс 1 сетка“; нажмите ”-"", чтобы уменьшить интенсивность импульса на 1 для небольшого файла, дважды нажмите “-"".Есть 10 больших передач интенсивности массажа (20 маленьких передач) на выбор, а маленькая круглая кнопка посередине - это кнопка преобразования малого режима.

5.Нажмите кнопку ”T"", чтобы выбрать время массажа, при этом диапазон выбора времени использования массажа составляет 10-60 минут.

6.Наносите 1-2 раза в день и используйте средство через 30 минут после еды или ванны, чтобы добиться лучшего эффекта.
Способ применения
1.Очистите область, о которой вы хотите позаботиться; снимите защитную пленку с пластыря и приклейте инструмент к области, о которой вам необходимо позаботиться (имеется в наличии по всему телу).

2.Нажмите кнопку “включить” сбоку от верхней левой головки аппарата, чтобы переключить прибор.

3.Нажмите ""Клавиша выбора режима MODE"", чтобы выбрать нужный режим, можно выбрать 16 режимов.

4.Отрегулируйте интенсивность массажа; нажмите “+“, чтобы увеличить интенсивность импульса на 1 малую передачу (аппарат не отображает плюс 1 сетку), дважды нажмите ""+"", чтобы увеличить интенсивность импульса на 1 большую передачу “аппарат оснащен дисплеем плюс 1 сетка“; нажмите ”-"", чтобы уменьшить интенсивность импульса на 1 для небольшого файла, дважды нажмите “-"".Есть 10 больших передач интенсивности массажа (20 маленьких передач) на выбор, а маленькая круглая кнопка посередине - это кнопка преобразования малого режима.

5.Нажмите кнопку ”T"", чтобы выбрать время массажа, при этом диапазон выбора времени использования массажа составляет 10-60 минут.

6.Наносите 1-2 раза в день и используйте средство через 30 минут после еды или ванны, чтобы добиться лучшего эффекта."
2176102061,HAFREE,,"Ноги, Плечи, Поясница, Руки, Спина, Ягодицы","Вибрационный, Импульсный, Лимфодренажный, Миостимулирующий","Сменное основание для EMS миостимулятора бабочка с подогревом – это аксессуар, который позволит вам получить максимальную пользу от вашего массажера. Основание имеет форму бабочки и легко крепится к вашему устройству. 

Однако это основание не только улучшит эргономику использования миостимулятора, но и добавит дополнительный функционал – подогрев. Теперь ваши мышцы будут расслаблены не только благодаря массажу, но и приятным теплом.

Основание выполнено из качественного материала, который приятно контактирует с кожей. Оно легко моется и не вызывает раздражения. Благодаря прочной конструкции, вы можете быть уверены, что основание прослужит вам долго и надежно.

Сменное основание для миостимулятора бабочка с подогревом является отличным выбором для всех, кто заботится о своем здоровье и хочет получить максимум от массажа. Попробуйте его и вы не пожалеете!"
2009151929,Миостимуляторы,"Сменная батарея, От порта USB","Плечи, Шея, Поясница, Ноги, Ягодицы, Тело","Импульсный, Перкусионный, Вибрационный",
1891748809,MishelMax,,Тело,Миостимулирующий,миостимулятор для тела и мышц
1412088852,ATLANFA,"От порта USB, Встроенный аккумулятор","Шея, Ягодицы, Ноги, Руки","Миостимулирующий, Оздоровительный, Расслабляющий","Миостимулятор для тела - это настоящее спасение для занятых и активных людей, которые не могут позволить себе регулярные походы в тренажерный зал. Это устройство не только помогает укрепить мышцы, но и обеспечивает эффективный массаж, особенно в области шеи и спины, где часто возникает дискомфорт. Благодаря электрическим импульсам, наш массажер поможет вам расслабиться, избавиться от боли и улучшить кровообращение. Компактный размер и удобство использования позволяют использовать его в любое время и в любом месте. Если вы ищете подарок для своих близких или друзей на день рождения, Новый год или другой праздник, то наш массажер-миостимулятор станет идеальным выбором. Он поможет им наслаждаться заботой о своем теле в любое время и в любом месте.

Количество рабочих режимов - 8 (стандартный, ""кулаками"", разминающий, мягкий, акупунктурный, баночный, активизирующий, контурный)

Количество уровней интенсивности - 19.

Способ применения
1. Перед использованием прибор нужно зарядить при помощи USB-кабеля (который идёт в комплекте) в течение 40-60 минут. Зарядить устройство можно от компьютера, ноутбука, powerbank или от сети при помощи сетевого адаптера (в комплект не входит).
2. Подсоедините к патчу блок управления и прикрепите массажер к нужной части тела (предварительно очистив ее).
3. Кнопкой «+» включите прибор (должна появиться световая индикация).
4. Нажмите кнопку «М» и выберите нужную вам программу из 8 встроенных. Каждое нажатие кнопки приводит к смене программы по очереди.
5. Кнопками «+» и «-» выберите подходящую интенсивность. Каждая программа начинается с минимальной интенсивности. 
6. Еще раз длительно нажмите кнопку «М» и можете наслаждаться массажем.
7. Для выключения массажера просто нажмите на кнопку «-» (также предусмотрено автоматическое отключение через 15 минут).
8. Рекомендуемое время процедуры - 15 минут 2-3 раза в день.
Способ применения
1. Перед использованием прибор нужно зарядить при помощи USB-кабеля (который идёт в комплекте) в течение 40-60 минут. Зарядить устройство можно от компьютера, ноутбука, powerbank или от сети при помощи сетевого адаптера (в комплект не входит).
2. Подсоедините к патчу блок управления и прикрепите массажер к нужной части тела (предварительно очистив ее).
3. Кнопкой «+» включите прибор (должна появиться световая индикация).
4. Нажмите кнопку «М» и выберите нужную вам программу из 8 встроенных. Каждое нажатие кнопки приводит к смене программы по очереди.
5. Кнопками «+» и «-» выберите подходящую интенсивность. Каждая программа начинается с минимальной интенсивности. 
6. Еще раз длительно нажмите кнопку «М» и можете наслаждаться массажем.
7. Для выключения массажера просто нажмите на кнопку «-» (также предусмотрено автоматическое отключение через 15 минут).
8. Рекомендуемое время процедуры - 15 минут 2-3 раза в день."
1766425459,Миостимуляторы,От порта USB,"Тело, Ноги, Плечи, Поясница, Спина, Шея","Импульсный, Комбинированный, Лечебный, Лимфодренажный, Миостимулирующий, Оздоровительный","Массажер цифровой инструмент для терапии. ВАЖНО! Уважаемые покупатели прочтите инструкцию здесь в описании перед тем как говорить, что прибор не работает! Так же если возникли проблемы с использованием, найдите наши контакты в отзывах и свяжитесь, мы поможем с любым вопросов по аппарату. Не спешите писать негативные отзывы! Регулярное применение миостимулятора способствует: устранению стресса и усталости, снятию эмоциональной нагрузки, избавлению от скованности и тяжести в мышцах при повышенных физических нагрузках или наоборот при малоподвижном образе жизни и сидячей работе. ИНСТРУКЦИЯ: Подключите все элементы к массажеру. Используйте питание массажера или от батареек или от адаптера в комплекте. Далее СНИМИТЕ защитные накладки с электродов. Приложите ВСЕ электроды к телу. После включения аппарата выберете режим и нажмите кнопку БОЛЬШЕ. Появятся импульсы. При каждом нажатии кнопки сила тока увеличивается, а кнопка МЕНЬШЕ уменьшает силу. Безопасный и надежный прибор, легкий, портативный, который удобно носить с собой. Электронные импульсы стимулируют акупунктурные точки давления и улучшают кровоток, массажер снимает боли в спине, плечах, мышечные боли. Массажер имеет 8 различных функций, вплоть до  и иглотерапии. Прибор позволяет выполнять различные варианты массажа: постукивание, растирание, давление, разминание, вибрацию. Большой информационный ЖК-экран. Аппарат не требует специальной технической подготовки пользователя при работе с ним. Достаточно использовать прибор 10-15 минут в день, чтобы он принес максимальную пользу организму. МАССАЖЕР ИМЕЕТ 2-4 НАСАДКИ. Выбрать комплектацию нет возможности. Уважаемые покупатели, пожалуйста, не спешите оставлять негативный отзыв если у вас возникли сложности с использованием прибора или он по какой-то причине не работает свяжитесь, пожалуйста с нами и мы оперативно решим данную проблему. Благодарим за понимание"
,,,,,
1848579367,Furellia,,,,
1818607140,KIATURE,,"Голова, Руки, Шея, Плечи, Тело, Ноги","Лечебный, Миостимулирующий, Оздоровительный","Способ применения
48 функцитимӕ зонгӕ кӕнын
TENS 
1 массаж 2 дзӕбугӕй цырд цӕф 3 Судзинаг Нывонд 4 банкӕтӕй хуыссын кӕнын 5 Иммуномодуляцигӕнӕг 6 меридианты массаж 7 Бӕрджытӕ 8 смӕллӕг 9 Гуашь-ша 10 тӕвд компресс 11 Фӕсонты Массаж 12 Бӕрзӕйы Массаж 13 астӕуыстӕджы Массаж 14 Уӕхтӕнджы Массаж 15 сӕртӕ 16 къахы ӕрхӕджытӕ
EMS 
17 артаджы бак 18 мидӕггаг стъӕлфыты тасындзӕг 19 цыкурайы фӕрдыг 20 къӕхты массаж 21 Смӕллӕг 22 спорт 23 Хъылцыхъо 24 активаци 25 гипноз 26 Дӕнгӕл массаж тъӕпӕн армы тъӕпӕнтӕй 27 Ризгӕ массаж 28 Басудзӕггаг, - ггӕгтӕ 29 Гуыбыны Массаж 30 ӕлхъывд хъусӕн 31 Шиацу 32 минас Кӕныны Техникӕ
MASS
33 Физиотерапевтон массаж 34 Хӕцъӕфты Стимуляци 35 Тайцзийы Комплексон массаж 36 Хӕцъӕфты Стъӕлфӕн 37 меридиантӕ 38 Бӕрджытӕ 39 смӕллӕг 40 Гуа-ша 41 Уӕзы Сӕфт 42 спорт 43 Хъылцыхъо 44 активаци 45 артаджы бак 46 Мидӕггаг стъӕлфӕнтӕ Сфидар Кӕнын 47 цыкурайы фӕрдыг дӕхӕдӕг ӕй сараз 48 меридиантӕ
Способ применения
48 функцитимӕ зонгӕ кӕнын
TENS 
1 массаж 2 дзӕбугӕй цырд цӕф 3 Судзинаг Нывонд 4 банкӕтӕй хуыссын кӕнын 5 Иммуномодуляцигӕнӕг 6 меридианты массаж 7 Бӕрджытӕ 8 смӕллӕг 9 Гуашь-ша 10 тӕвд компресс 11 Фӕсонты Массаж 12 Бӕрзӕйы Массаж 13 астӕуыстӕджы Массаж 14 Уӕхтӕнджы Массаж 15 сӕртӕ 16 къахы ӕрхӕджытӕ
EMS 
17 артаджы бак 18 мидӕггаг стъӕлфыты тасындзӕг 19 цыкурайы фӕрдыг 20 къӕхты массаж 21 Смӕллӕг 22 спорт 23 Хъылцыхъо 24 активаци 25 гипноз 26 Дӕнгӕл массаж тъӕпӕн армы тъӕпӕнтӕй 27 Ризгӕ массаж 28 Басудзӕггаг, - ггӕгтӕ 29 Гуыбыны Массаж 30 ӕлхъывд хъусӕн 31 Шиацу 32 минас Кӕныны Техникӕ
MASS
33 Физиотерапевтон массаж 34 Хӕцъӕфты Стимуляци 35 Тайцзийы Комплексон массаж 36 Хӕцъӕфты Стъӕлфӕн 37 меридиантӕ 38 Бӕрджытӕ 39 смӕллӕг 40 Гуа-ша 41 Уӕзы Сӕфт 42 спорт 43 Хъылцыхъо 44 активаци 45 артаджы бак 46 Мидӕггаг стъӕлфӕнтӕ Сфидар Кӕнын 47 цыкурайы фӕрдыг дӕхӕдӕг ӕй сараз 48 меридиантӕ"
1562270649,Миостимуляторы,От порта USB,"Зона декольте, Ноги, Плечи, Руки, Спина, Тело","Расслабляющий, Лечебный",
1510547214,Миостимуляторы,"От порта USB, Встроенный аккумулятор","Ноги, Плечи, Поясница, Руки, Тело, Шея","Антицеллюлитный, Вибрационный, Импульсный, Лимфодренажный, Миостимулирующий, Оздоровительный","Способ применения
Инструкция по применению: 
1. Соедините контакты провода и самоклеящегося электрода, защелкнув их. Вставьте разъем провода в устройство в канал А или В в нижней части прибора. 
2. Очистите область, на которую вы хотите воздействовать.
Пожалуйста убедитесь перед использованием прибора, что на вашей коже в месте использования отсутствуют ожоги или травмы, а так же проследите чтобы кожа была чистой и не содержала следы масел, лосьонов и пр.
3. Снимите защитную пленку с пластыря электрода и приклейте его к необходимой области. Приклейте необходимое количество электродов. 
4. Нажмите и удерживайте 2секунды кнопку “включить” находящуюся в верхнем торце прибора слева. 
5. Нажмите кнопку «М» (клавиша выбора режима MODE),  для выбора одного из двенадцати режимов каждого вида. Всего можно выбрать 36 режимов. 
6. Отрегулируйте интенсивность массажа. Выберете канал кнопкой А/В. Для каждого канала предусмотрена своя отдельная регулировка. На выбор предлагается 20 шагов увеличения интенсивность массажа.
Нажмите «+», чтобы увеличить интенсивность импульса на 1 шаг.
Нажмите «-», чтобы уменьшить интенсивность импульса на 1 шаг.
7.Нажмите кнопку «T», чтобы выбрать время массажа, диапазон выбора времени использования массажа составляет 10-60 минут (кратность 10 единиц) . 
8. Применять 1-2 раза в день

1-2 режим акупунктурный массаж, 3-4  режим игольчатый массаж, 5-6 режим массаж плеч, 7-8 режим шеи, 9-10 баночный массаж, 11-12 режим циркуляционный массаж  EMS 13-14 режим удары молотком , 15-16 режим точечный массаж, 17-18  продавливания пальцами, 19-20 режим сжимания,  21 22 режим ног, 23-24 режим спина,  25-26 массаж ног, 27-28 массаж рук , 29-30 продавливание, 31-32 растирание , 33-34 массаж ступней,35-36 массаж йога.
Способ применения
Инструкция по применению: 
1. Соедините контакты провода и самоклеящегося электрода, защелкнув их. Вставьте разъем провода в устройство в канал А или В в нижней части прибора. 
2. Очистите область, на которую вы хотите воздействовать.
Пожалуйста убедитесь перед использованием прибора, что на вашей коже в месте использования отсутствуют ожоги или травмы, а так же проследите чтобы кожа была чистой и не содержала следы масел, лосьонов и пр.
3. Снимите защитную пленку с пластыря электрода и приклейте его к необходимой области. Приклейте необходимое количество электродов. 
4. Нажмите и удерживайте 2секунды кнопку “включить” находящуюся в верхнем торце прибора слева. 
5. Нажмите кнопку «М» (клавиша выбора режима MODE),  для выбора одного из двенадцати режимов каждого вида. Всего можно выбрать 36 режимов. 
6. Отрегулируйте интенсивность массажа. Выберете канал кнопкой А/В. Для каждого канала предусмотрена своя отдельная регулировка. На выбор предлагается 20 шагов увеличения интенсивность массажа.
Нажмите «+», чтобы увеличить интенсивность импульса на 1 шаг.
Нажмите «-», чтобы уменьшить интенсивность импульса на 1 шаг.
7.Нажмите кнопку «T», чтобы выбрать время массажа, диапазон выбора времени использования массажа составляет 10-60 минут (кратность 10 единиц) . 
8. Применять 1-2 раза в день

1-2 режим акупунктурный массаж, 3-4  режим игольчатый массаж, 5-6 режим массаж плеч, 7-8 режим шеи, 9-10 баночный массаж, 11-12 режим циркуляционный массаж  EMS 13-14 режим удары молотком , 15-16 режим точечный массаж, 17-18  продавливания пальцами, 19-20 режим сжимания,  21 22 режим ног, 23-24 режим спина,  25-26 массаж ног, 27-28 массаж рук , 29-30 продавливание, 31-32 растирание , 33-34 массаж ступней,35-36 массаж йога."
1103014791,Beurer,,Тело,Миостимулирующий,"Пояс для стимуляции мышц живота работает по принципу электрической стимуляции мышц (EMS). Стимулятор мышц генерирует мягкие электрические импульсы, которые через кожу передаются мышцам.

Особенности: - 5-программ тренировок (22 - 31 минута); - Регулируемая интенсивность от 0 до 40; - Размеры пояса для объема талии от 70 до 130 см; - Специальные контактные электроды (не требуется контактный гель); - Запасные электроды в комплекте; - Батарейки в комплекте.

Технические данные: - Электропитание: 3 x 1,5 В AAA (тип LR 03); - Размеры электродов: прибл. 10 x 10 см; - Параметры (нагрузка 500 Ом):    › Выходное напряжение: макс. 70 В p-p;    › Выходной ток: макс. 140 мА p-p;    › Выходная частота: 30 – 80 Гц; - Длительность импульса: 200 мс на фазу. - Форма сигнала: симметричная, двухфазная прямоугольная форма; - Вес: ~ 330 г.

Гарантия 1 год. Производитель: Beurer GmbH, Германия.

   Прибор предназначен только для здоровых, взрослых людей."
1813707802,SILVEL,,"Ноги, Тело, Руки, Поясница, Ягодицы, Плечи",,"Испытайте полный спектр мышечного расслабления и облегчения: наши массажеры предоставляют вам множество различных режимов массажа для удовлетворения различных потребностей. Наши массажеры — ваш лучший выбор, если вы хотите облегчить мышечную боль, усталость, скованность или улучшить кровообращение.

Функции:

1. 8 режимов массажа: разнообразные массажные ощущения для удовлетворения различных потребностей.

2. Двойной источник питания: поддерживает питание от USB и аккумулятора, удобный и гибкий.

3. Легкий и портативный: легкий дизайн, наслаждайтесь массажем в любое время и в любом месте.

4. 15-уровневая регулировка интенсивности: несколько уровней интенсивности помогают расслабить мышцы и снять напряжение.

5. Двухканальный выход: поддерживает одновременное использование двумя людьми, простое и удобное управление.

6. Безопасная зарядка и длительный срок службы батареи: 15 минут в день, можно использовать непрерывно около 7 дней.

7. Большой экран: большой экран высокой четкости, простое и понятное управление.

8. Эффективные функции: снимают мышечную боль, усталость, скованность, улучшают кровообращение и формируют форму мышц.

Технические характеристики:

Режим: 8 режимов массажа

Источник питания: USB и аккумулятор.

Размер: 155*100*48 мм

Вес: 155 г

Уровень интенсивности: 15 уровней

Срок службы батареи: 15 минут в день в течение примерно 7 дней.

Толпа: люди, которые легко утомляются, офисные работники, люди среднего и пожилого возраста.

Номинальное напряжение: 4,5 В

Время работы: 5-30 минут

Номинальная мощность: 0,15 Вт

Выходная мощность: 1-100 Гц

Входная мощность: 2,5 Вт

Товарная накладная:

1 * измеритель пульса

1 * терапевтическая обувь

4 * Терапевтические пластыри

1 * источник питания

1 * USB-кабель

2 * соединительные кабели"
914899343,EKAHOUSE,"Встроенный аккумулятор, От порта USB",Руки,"Акупунктурный, Импульсный, Миостимулирующий, Оздоровительный, Расслабляющий","Микротоковый прибор для глубокого сна на запястье - это инновационный гаджет, который поможет вам расслабиться и уснуть быстрее. Антистресс для рук EMS одевается на запястье и надежно фиксируется благодаря силиконовому ремешку со стальной застежкой. Прибор имеет три режима работы: слабый, средний и сильный, а также таймер на 10, 20 или 30 минут.

Прибор стимулирует аккупунктурные точки на руке микротоком, что помогает снять стресс, депрессию и бессонницу. Он также способствует легкому засыпанию и глубокому сну, а во время бодрствования может использоваться как антистресс или для придания бодрости.

Микротоковый прибор для глубокого сна EMS идеально подходит для тех, кто испытывает стресс в жизни и склонен к тревоге, депрессии и трудностям со сном. Материал ABS + сталь и встроенный аккумулятор емкостью 150 мАч делают прибор легким и удобным в использовании. Вход USB-C и вес всего 39 грамм позволяют заряжать прибор от любого устройства с выходом USB.

Размеры микротокового прибора на запястье составляют 276 х 36 х 15,5 мм, что делает его компактным и портативным. Цвет прибора - черный, что позволяет использовать его как дома, так и на работе.

Преимущества микротокового прибора для глубокого сна:

- Стимулирует аккупунктурные точки и помогает снять стресс и депрессию.

- Способствует легкому засыпанию, глубокому сну и бодрствованию.

- Подходит для людей с трудностями со сном и стрессом в жизни.

- Легкий, компактный и портативный.

- Заряжается от USB-C.

- Имеет три режима работы и таймер.

Закажите микротоковый прибор EMS на запястье уже сегодня и наслаждайтесь глубоким сном и спокойствием в любое время!

Способ применения
Одевается на руку. Стимулирует аккупунктурные точки микротоком.
Таймер включает прибор на 10/20/30 мин.
Переключатель режима работы слабый/средний/сильный регулирует силу тока.
Снимает депрессию, помогает от бессоницы, способствует легкому засыпанию и глубокому сну.
Во время бодрствования применяется как антистресс и придания бодрости.
Способ применения
Одевается на руку. Стимулирует аккупунктурные точки микротоком.
Таймер включает прибор на 10/20/30 мин.
Переключатель режима работы слабый/средний/сильный регулирует силу тока.
Снимает депрессию, помогает от бессоницы, способствует легкому засыпанию и глубокому сну.
Во время бодрствования применяется как антистресс и придания бодрости."
2240897060,Yamaguchi,Встроенный аккумулятор,Тело,"Миостимулирующий, Антицеллюлитный, Импульсный, Лимфодренажный, Вибрационный, Расслабляющий","Способ применения
Прежде чем начать пользоваться прибором, внимательно прочтите инструкцию по применению, в особенности указания по технике безопасности, и сохраняйте инструкцию по применению для дальнейшего использования. Если Вы передаете прибор другим лицам, передавайте вместе с ним и эту инструкцию по применению.
Для достижения наибольшего эффекта рекомендуется перед использованием применять отшелушивающие средства для кожи, чтобы электроды лучше прилегали к коже. Электроды следует приклеивать на чистое сухое тело.

Подготовка к использованию.
Перед первым использованием зарядите устройство с помощью USB кабеля, который идет в комплекте. Достаньте миостимулятор и присоедините пластину с электродами к основному корпусу, устройство готово к использованию.

Использование.
1. Аккуратно удалите защитный стикер с пластины с электродами, не касаясь пальцами гелевого покрытия, и прикрепите пластину с электродами на мышцы пресса. 
2. Нажмите на кнопку «ВКЛ/ВЫКЛ» и удерживайте 3 секунды для включения устройства. Загорится синий  индикатор и начнется АВТО программа 1. Нажмите на кнопку «+» для увеличения или кнопку «-» для уменьшения уровня интенсивности тренировки. Всего имеется 15 уровней интенсивности тренировки. Через 25 минут устройство выключится автоматически.
3. Нажмите на кнопку «М», чтобы включить программу АВТО 2,загорится зеленый световой индикатор. Нажмите на кнопку «+» для увеличения или кнопку «-» для уменьшения уровня интенсивности тренировки. Всего имеется 15 уровней интенсивности тренировки. Через 25 минут устройство выключится автоматически.
4. При плохом контакте электродов с кожей, уровень интенсивности автоматически будет сбрасываться на 0 уровень и через 30 секунд устройство выключится автоматически. Если пластина с электродами плохо крепится к коже, и потеряла свою клейкость, замените ее на новую. Использование пластины с электродами рассчитано на 30-50 применений.
5. Время работы устройства установлено 25 минут по умолчанию. Чтобы отключить устройство, нажмите и  удерживайте 3 секунды кнопку «ВКЛ/ВЫКЛ». Затем аккуратно снимите пластину с электродами и наклейте защитный стикер.
6. Зарядка. Подключите USB кабель одной стороной к блоку питания, другой в порт для зарядки на миостимуляторе, на дисплее загорится красный индикатор. Когда миостимулятор зарядится, загорится синий индикатор. Используйте блок питания с характеристиками DC 5В / 200 мА и более. Время полной зарядки занимает не более 1 часа. Во время зарядки прибор не работает.
Способ применения
Прежде чем начать пользоваться прибором, внимательно прочтите инструкцию по применению, в особенности указания по технике безопасности, и сохраняйте инструкцию по применению для дальнейшего использования. Если Вы передаете прибор другим лицам, передавайте вместе с ним и эту инструкцию по применению.
Для достижения наибольшего эффекта рекомендуется перед использованием применять отшелушивающие средства для кожи, чтобы электроды лучше прилегали к коже. Электроды следует приклеивать на чистое сухое тело.

Подготовка к использованию.
Перед первым использованием зарядите устройство с помощью USB кабеля, который идет в комплекте. Достаньте миостимулятор и присоедините пластину с электродами к основному корпусу, устройство готово к использованию.

Использование.
1. Аккуратно удалите защитный стикер с пластины с электродами, не касаясь пальцами гелевого покрытия, и прикрепите пластину с электродами на мышцы пресса. 
2. Нажмите на кнопку «ВКЛ/ВЫКЛ» и удерживайте 3 секунды для включения устройства. Загорится синий  индикатор и начнется АВТО программа 1. Нажмите на кнопку «+» для увеличения или кнопку «-» для уменьшения уровня интенсивности тренировки. Всего имеется 15 уровней интенсивности тренировки. Через 25 минут устройство выключится автоматически.
3. Нажмите на кнопку «М», чтобы включить программу АВТО 2,загорится зеленый световой индикатор. Нажмите на кнопку «+» для увеличения или кнопку «-» для уменьшения уровня интенсивности тренировки. Всего имеется 15 уровней интенсивности тренировки. Через 25 минут устройство выключится автоматически.
4. При плохом контакте электродов с кожей, уровень интенсивности автоматически будет сбрасываться на 0 уровень и через 30 секунд устройство выключится автоматически. Если пластина с электродами плохо крепится к коже, и потеряла свою клейкость, замените ее на новую. Использование пластины с электродами рассчитано на 30-50 применений.
5. Время работы устройства установлено 25 минут по умолчанию. Чтобы отключить устройство, нажмите и  удерживайте 3 секунды кнопку «ВКЛ/ВЫКЛ». Затем аккуратно снимите пластину с электродами и наклейте защитный стикер.
6. Зарядка. Подключите USB кабель одной стороной к блоку питания, другой в порт для зарядки на миостимуляторе, на дисплее загорится красный индикатор. Когда миостимулятор зарядится, загорится синий индикатор. Используйте блок питания с характеристиками DC 5В / 200 мА и более. Время полной зарядки занимает не более 1 часа. Во время зарядки прибор не работает."
1997940400,Furellia,,,,
1695277972,EMS,"Встроенный аккумулятор, Сменная батарея","Ноги, Плечи, Поясница, Руки, Спина, Шея","Акупунктурный, Антицеллюлитный, Вибрационный, Импульсный","Способ применения
На сухую кожу прикрепить миостимулятор , расстояние между накладками около 20-35см. Выбрать нужный режим исходя из инструкции и прилечь минут на 10-15. За раз можно проработать от 1 до 3 участков тела. Не применять при беременности и кожных заболеваниях.
Способ применения
На сухую кожу прикрепить миостимулятор , расстояние между накладками около 20-35см. Выбрать нужный режим исходя из инструкции и прилечь минут на 10-15. За раз можно проработать от 1 до 3 участков тела. Не применять при беременности и кожных заболеваниях."
1797175005,Миостимуляторы,,,,
1692186571,Magic Passion,От порта USB,"Лицо, Плечи, Шея","Импульсный, Комбинированный, Лимфодренажный, Миостимулирующий","Массажер для шеи и плеч подарит вам настоящее расслабление. Прибор, согревающий шею, оздоровит организм, а также улучшит кровообращение в мышцах.

Миостимулятор для шеи имеет 4 режима работы, 9 уровней интенсивности, 3 уровня горячего компресса с разными температурными режимами. Поможет снять напряжение, удобен в использовании и долговечен – всё это позволило создать идеальный прибор на каждый день! Электрическая массажная подвеска создана для эффективного и комплексного массажа. Шейный EMS массажер улучшает кровообращение тела, снимает усталость и напряжение, избавляет от головной боли, снимает мышечную боль и спазм в спине и верхней части позвоночника, а также возвращает тонус мышцам и коже. Отличный аккумуляторный миостимулятор для применения дома или на работе в офисе, когда надо расслабиться и получить заряд энергии. Двойной импульсный лимфодренажный массаж эффективно блокирует боль мышечных нервов и расслабляет шею. Активно применяется как домашний вибрационный электро пластырь, чтобы снять усталость после тяжелого рабочего дня. Ведь электромассажер предназначен для расслабления мышц и снятия усталости в области шейно-воротниковой зоны, миостимулятор улучшает кровообращение, с помощью функции прогрева может использоваться, как аппарат физеотерапии в домашних условиях. Можно использовать, как массажер для лица, вы получите лифтинг эффект и лимфодренажный массаж.

Большим плюсом является то, что массажный аппарат очень компактный, его легко взять с собой в путешествие или использовать на работе и в офисе. Импульсивный массажер можно использовать в области спины / шеи и всего тела, просто приложите электроды к проблемной части тела, так же микротоковая терапия поможет при болях в мышцах после тренировки. Используйте массажер для колен при болях в суставах. Благодаря низкочастотным импульсам вибромассажер для тела блокирует боль в мышцах и нервных окончаниях, подходит для ежедневного применения. Перкуссионный массажер не справиться с такими проблемами, с которыми справится наш товар, потому что миостимулятор действует в глубинных слоях мышц и решает проблему. Вы можете использовать массажер для ног для снятия усталости после тяжелого дня, даже один сеанс подарит легкость и оздоровление вашему организму.

Тренажер подойдёт и для спортсменов, которые хотят расслабить шейный отдел, зону воротника и икр, и для водителей в автомобиле, чтобы восстановить тонус мышц после длительного вождения, и для офисных работников. Массажер для шеи и спины создан для людей, которые проводят много времени в сидячем положении, за компьютером или телефоном.

Поможет при остеохондрозных отложениях, при мигренях, головных болях, плечевых напряжениях и болях, простудных заболеваниях, ревматоидных болях, ревматизмах, артритах, артрозах.

Профессиональный универсальный согревающий аппарат удобен в использовании. На лицевой стороне расположен ЖК-экран, на котором отображается показатель интенсивности и индикатор режима. Ниже на корпусе шейного патча установлены кнопки для регулировки. Электромассажер для оздоровления организма мобильный, компактный и портативный – всё благодаря наличию подвески, которую можно повесить на шею, чтобы запустить устройство в любое время и в любом месте. Микротоковая электро-подвеска заряжается через USB, благодаря чему удобно использовать каждый день. 

Имеет эргономичную и привлекательную форму. В офисе можете носить незаметно под одеждой или как смарт-гаджет, аксессуар, который еще и лечит!

Прекрасный микротоковый косметический подарок для мужчин и женщин. Подходит для пожилых людей, страдающих сужением сосудов. Подойдет в качестве подарка на день рождения или Новый год. Подойдёт как для детей, так и для взрослых. 

Снимайте напряжение за пару минут вместе с уникальным EMS тренажером.

Способ применения
Для начала нажмите на отображаемую цифру, которая укажет вам уровень заряда. 1 - прибор разряжен, F - прибор полностью заряжен.

Режимы массажа.
Первый режим - тонизирующее постукивание постукивание. Нажмите и удерживайте кнопку включения в течение нескольких секунд для включения прибора. Один зеленый индикатор отражает режим постукивания. Для повышения мощности переключайте  ""+"" для последовательного переключения интенсивности воздействия токов. Выберите интенсивность, которая вам наиболее подходит.
Каждый рабочий цикл длится 15 минут. После этого миостимулятор автоматически выключится.
Второй режим - растирание. Коротко нажмите кнопку включения один раз и переключитесь в режим растирания. Режим обозначится горящими зеленым и красным индикаторами. Отрегулируйте интенсивность кнопкой ""+"".
Третий режим - пощипывание. Дважды коротко нажмите кнопку включения., переключитесь на третий режим. Индикатор должен загореться одним красным светом. ""+"" выберите необходимую интенсивность. 
Четвертый режим - комбинированный. Трижды короткое нажатие кнопки включения запусти комбинированный режим массажа. Два индикатора должны гореть синим цветом. Отрегулируйте интенсивность кнопкой ""+"".
Интенсивность регулируется от 1 до 9 уровня.

Режим прогрева.

Режим горячего компресса включается специальной кнопкой. Желательно включить сначала прогрев, потом выбрать необходимый режим массажа. Зеленый горящий индикатор укажет, что горячий компресс включен. Температура 37-39 градусов.
Для повышения температуры компресса нажмите коротко кнопку прогрева (температура 39-41 градус).
Короткое двойное нажатие кнопки прогрева включит интенсивный режим прогрева (температура 41-43 градуса). Индикатор будет гореть красным цветом.
Способ применения
Для начала нажмите на отображаемую цифру, которая укажет вам уровень заряда. 1 - прибор разряжен, F - прибор полностью заряжен.

Режимы массажа.
Первый режим - тонизирующее постукивание постукивание. Нажмите и удерживайте кнопку включения в течение нескольких секунд для включения прибора. Один зеленый индикатор отражает режим постукивания. Для повышения мощности переключайте  ""+"" для последовательного переключения интенсивности воздействия токов. Выберите интенсивность, которая вам наиболее подходит.
Каждый рабочий цикл длится 15 минут. После этого миостимулятор автоматически выключится.
Второй режим - растирание. Коротко нажмите кнопку включения один раз и переключитесь в режим растирания. Режим обозначится горящими зеленым и красным индикаторами. Отрегулируйте интенсивность кнопкой ""+"".
Третий режим - пощипывание. Дважды коротко нажмите кнопку включения., переключитесь на третий режим. Индикатор должен загореться одним красным светом. ""+"" выберите необходимую интенсивность. 
Четвертый режим - комбинированный. Трижды короткое нажатие кнопки включения запусти комбинированный режим массажа. Два индикатора должны гореть синим цветом. Отрегулируйте интенсивность кнопкой ""+"".
Интенсивность регулируется от 1 до 9 уровня.

Режим прогрева.

Режим горячего компресса включается специальной кнопкой. Желательно включить сначала прогрев, потом выбрать необходимый режим массажа. Зеленый горящий индикатор укажет, что горячий компресс включен. Температура 37-39 градусов.
Для повышения температуры компресса нажмите коротко кнопку прогрева (температура 39-41 градус).
Короткое двойное нажатие кнопки прогрева включит интенсивный режим прогрева (температура 41-43 градуса). Индикатор будет гореть красным цветом."
1754158461,VIKTORY,"От сети 220В, Встроенный аккумулятор","Ноги, Поясница, Руки, Спина, Шея, Ягодицы","Вибрационный, Импульсный, Миостимулирующий, Разминание, Лимфодренажный, Расслабляющий","Способ применения
Последовательность применения:
1. Перед использованием массажера, убедитесь, что область массажа тела чистая и не содержит следов пота. 
2. Установите массажер с помощью магнитных присосок на гелевую накладку;
3. Удалите защитную пленку с накладки;
4. Зафиксируйте накладку на необходимом участке тела, для лучшей фиксации можно воспользоваться ремешками, продев их между миостимулятором и накладкой;
5. Нажмите и удерживайте кнопку ""М"", чтобы запустить устройство. Также используйте пульт дистанционного управления для выбора необходимого режима и скорости;
6. Для выбора режима - короткое нажатие кнопки ""М""
При выборе скорости постепенно увеличивайте силу тока до тех пор, пока не почувствуете в теле комфорт;
Интенсивность: можно выбрать от 1 до 19.

Режим 1: Knock (покалывание) - стимуляция мышц при физической реабилитации, повышает кровоток, снимает боль, улучшает силу и гибкость мышц, улучшает работу нервной системы;
Режим 2: Shake (встряска) - улучшение кровообращения и лимфообращения, снятие напряжения, боли и предотвращение атрофии мышц после длительной неподвижности;
Режим 3: Press (пресс) - повышение прочности, выносливости и улучшение тонуса мышц, уменьшение объема талии, улучшение осанки;
Режим 4: Massage (массаж) - снятие напряжения, улучшение кровообращения в мышцах, восстановление после тренировки или травмы, улучшение общего состояния организма и физической формы;
Режим 5: Knead (разминка) подготовка мышц к физической активности, улучшение кровообращения, увеличение эластичности, что уменьшает риск травм и повышает эффективность тренировок;
Режим 6: Intensify (укрепление) - укрепление мышц и их тонуса, увеличение силы мышечных сокращений , улучшение качества мышечной ткани, что полезно для восстановления тела после травм и операций;
Дополнительный режим (разогревающий эффект 43 °C) - физиотерапевтическое действие, расслабление, снятие мышечных спазмов, боли и уменьшение накопления молочной кислоты.

Рекомендации специалистов:
 • Оптимальная длительность процедуры миостимуляции 30 минут. 
 • Проводить процедуру желательно раз в 2-3 дня по 30 минут, либо раз в 1-2 дня по 15-20 
    минут. 
 • Тренировка проводится примерно через 1-1,5 часа после приема пищи и не менее чем за 1,5-2 часа до сна.

Что даёт Миостимулятор:
-Благодаря мышечным сокращениям улучшается кровообращение и тканевая циркуляция жидкостей;
-Прибор усиливает метаболизм, избавляет от отеков и уменьшает количество жировой ткани;
-Укрепляет сосуды и стимулирует циркуляцию крови, улучшая питание кожи и работу мышц;
-Ваши мышцы и кожа становятся упругими, а тело подтянутым;
-Прибор способствует уменьшению целлюлита;
-Активизирует работу и питание тканей; 
-Поможет избавиться от лишнего веса;
-Сформировать красивый мышечный пояс;
-Придать мышцам тонус и рельеф;
 -Женщинам после родов помогает избавиться от растяжек, подтянуть живот, ягодицы и бедра.

Внимание:
Не используйте миостимулятор одновременно с другими медицинскими аппаратами, это может привести к серьезным повреждениям тела.
Способ применения
Последовательность применения:
1. Перед использованием массажера, убедитесь, что область массажа тела чистая и не содержит следов пота. 
2. Установите массажер с помощью магнитных присосок на гелевую накладку;
3. Удалите защитную пленку с накладки;
4. Зафиксируйте накладку на необходимом участке тела, для лучшей фиксации можно воспользоваться ремешками, продев их между миостимулятором и накладкой;
5. Нажмите и удерживайте кнопку ""М"", чтобы запустить устройство. Также используйте пульт дистанционного управления для выбора необходимого режима и скорости;
6. Для выбора режима - короткое нажатие кнопки ""М""
При выборе скорости постепенно увеличивайте силу тока до тех пор, пока не почувствуете в теле комфорт;
Интенсивность: можно выбрать от 1 до 19.

Режим 1: Knock (покалывание) - стимуляция мышц при физической реабилитации, повышает кровоток, снимает боль, улучшает силу и гибкость мышц, улучшает работу нервной системы;
Режим 2: Shake (встряска) - улучшение кровообращения и лимфообращения, снятие напряжения, боли и предотвращение атрофии мышц после длительной неподвижности;
Режим 3: Press (пресс) - повышение прочности, выносливости и улучшение тонуса мышц, уменьшение объема талии, улучшение осанки;
Режим 4: Massage (массаж) - снятие напряжения, улучшение кровообращения в мышцах, восстановление после тренировки или травмы, улучшение общего состояния организма и физической формы;
Режим 5: Knead (разминка) подготовка мышц к физической активности, улучшение кровообращения, увеличение эластичности, что уменьшает риск травм и повышает эффективность тренировок;
Режим 6: Intensify (укрепление) - укрепление мышц и их тонуса, увеличение силы мышечных сокращений , улучшение качества мышечной ткани, что полезно для восстановления тела после травм и операций;
Дополнительный режим (разогревающий эффект 43 °C) - физиотерапевтическое действие, расслабление, снятие мышечных спазмов, боли и уменьшение накопления молочной кислоты.

Рекомендации специалистов:
 • Оптимальная длительность процедуры миостимуляции 30 минут. 
 • Проводить процедуру желательно раз в 2-3 дня по 30 минут, либо раз в 1-2 дня по 15-20 
    минут. 
 • Тренировка проводится примерно через 1-1,5 часа после приема пищи и не менее чем за 1,5-2 часа до сна.

Что даёт Миостимулятор:
-Благодаря мышечным сокращениям улучшается кровообращение и тканевая циркуляция жидкостей;
-Прибор усиливает метаболизм, избавляет от отеков и уменьшает количество жировой ткани;
-Укрепляет сосуды и стимулирует циркуляцию крови, улучшая питание кожи и работу мышц;
-Ваши мышцы и кожа становятся упругими, а тело подтянутым;
-Прибор способствует уменьшению целлюлита;
-Активизирует работу и питание тканей; 
-Поможет избавиться от лишнего веса;
-Сформировать красивый мышечный пояс;
-Придать мышцам тонус и рельеф;
 -Женщинам после родов помогает избавиться от растяжек, подтянуть живот, ягодицы и бедра.

Внимание:
Не используйте миостимулятор одновременно с другими медицинскими аппаратами, это может привести к серьезным повреждениям тела."
1792978379,Миостимуляторы,,,,
1650901135,KIATURE,"От порта USB, Встроенный аккумулятор","Голова, Руки, Тело, Шея, Ноги, Плечи","Миостимулирующий, Рефлекторный, Акупрессурный, Вибрационный, Лечебный","Способ применения
TENS 
1 массаж
2 быстрый молоток
3 Иглоукалывание
4 Замесить тесто
5 Иммуномодулирующее средство
6 Исследуйте меридианы
7 Купирование
8 Физиотерапевтический массаж
9 Режим Гуа-Ша
10 горячий компресс
11 Режим настройки режима сна
12 Прижигающий массаж
EMS 
13 Стимуляция мышц
14 Похудеть
15 режим плавания
16 Суставы ног
17 Режим разогрева жира
18 похудение
19 перкуссия
20 смешанных режимов упражнений
21-Минутный массаж мышц
22 вида спорта
23 Режим бега трусцой
24 режима работы со штангой Mассаж 
25 Массаж плеч
26 Массаж поясницы
27 Трепетный массаж
28 Массаж шеи
29 Массаж живота
30 разминание с надавливанием на ухо
31 Шиацу
32 Техника замешивания теста
33 Массаж спины
34 Расслабляющий массаж головы
35 Комплексных сеансов Тайцзи-массажа
36 Массаж шеи
Способ применения
TENS 
1 массаж
2 быстрый молоток
3 Иглоукалывание
4 Замесить тесто
5 Иммуномодулирующее средство
6 Исследуйте меридианы
7 Купирование
8 Физиотерапевтический массаж
9 Режим Гуа-Ша
10 горячий компресс
11 Режим настройки режима сна
12 Прижигающий массаж
EMS 
13 Стимуляция мышц
14 Похудеть
15 режим плавания
16 Суставы ног
17 Режим разогрева жира
18 похудение
19 перкуссия
20 смешанных режимов упражнений
21-Минутный массаж мышц
22 вида спорта
23 Режим бега трусцой
24 режима работы со штангой Mассаж 
25 Массаж плеч
26 Массаж поясницы
27 Трепетный массаж
28 Массаж шеи
29 Массаж живота
30 разминание с надавливанием на ухо
31 Шиацу
32 Техника замешивания теста
33 Массаж спины
34 Расслабляющий массаж головы
35 Комплексных сеансов Тайцзи-массажа
36 Массаж шеи"
1867837855,Furellia,,,,
1804765416,Миостимуляторы,"От порта USB, Встроенный аккумулятор","Ноги, Плечи, Поясница, Руки, Тело, Шея","Антицеллюлитный, Вибрационный, Импульсный, Лимфодренажный, Миостимулирующий, Оздоровительный","Импульсный массажер (всем известный амплипульс для домашнего применения) – это высокотехнологичный инновационный прибор с увеличенным до 36-ти количеством программ для более широкого спектра применений на различных участках тела человека. EMS импульсы воздействуют на мышцы, а TENS на нервные окончания, кровеносные и лимфатические сосуды. В результате чего осуществляется комплексный массаж всех проблемных, болевых зон организма, который снимает боль, восстанавливает мышцы, кровообращение и отток лимфы. Стимулирует акупунктурные точки под воздействием электронных импульсов, тем самым быстро активизируя кровообращение. Презентабельный вид и качественная премиальная упаковка наполнены атмосферой высокого класса. Можно приобрести в подарок родным и близким, презентовать коллеге по работе или просто другу, ну и как деловой подарок. Он очень популярен и экспортируется на европейский и американский рынки.

 Прибор представляет собой миниатюрную по размерам, ультрамодную, современную перезаряжаемую массажную машину размером с MP4, со встроенным литиевым зарядным устройством, которое является более экономичным, экологически чистым и удобным в переноске, а также может заряжаться напрямую через USB. Массажное устройство представляет собой двухканальный выходной интерфейс. 

 Инновационная технология для вашего здоровья и красоты у вас дома. Миостимулятор - это уникальное устройство, которое сочетает в себе функции вибромассажера и тренажера. Это решение для тех, кто хочет поддерживать свое тело в тонусе, бороться с целлюлитом. Представляем вам устройство для массажа – многофункциональный помощник для мужчин и женщин в борьбе за стройную фигуру и здоровую кожу, а также облегчению и устранению болей в мышцах и суставах после нагрузки или других причинах. Электромассажер оснащен электродами, которые передают электрические импульсы в мышцы, стимулируя их сокращение. Это подобно тренировке в спортзале, но без физического усилия. Такой эффект получил название электромассажа. Антицеллюлитный лимфодренажный эффект достигается за счет вибрации и миостимуляции, которые улучшают кровообращение и лимфодренаж, помогая тем самым избавиться от целлюлита и способствуют похудению. Антицеллюлитный вибромассажер незаменимый инструмент в борьбе за гладкую и упругую кожу. Убирает жировые складки и подкожный жир. Аппарат подходит для использования на различных частях тела. Он эффективен для тренировки пресса, массажа и ухода за кожей живота. Благодаря разнообразию настроек и режимов, можно выбрать идеальную программу, технику для своих нужд. Регулярное использование массажера способствует ускорению обмена веществ, что ведет к сжиганию калорий и уменьшению объемов тела. Предназначен для работы с зонами ног, рук, плеч, шеи, поясницы, живота, бедер и др.

 Характеристики：

36 режимов массажа;

20-ступенчатая регулировка усилия воздействия;

Двухканальный выход

Регулируемый хронометраж до 60 минут

Перезаряжаемая литиевая батарея. Время зарядки 2 часа. Время работы на полностью заряженном аккумуляторе до 6 часов.

 Большим преимуществом является карманный размер для удобства использования в офисе, в дороге, в путешествиях, во время отдыха и т.д.

Легко переносится, компактен и удобен для массажа и восстановления организма.

 Данный высокотехнологичный прибор поможет вам избавиться от целлюлита и улучшить тонус мышц. Вы почувствуете прилив бодрости и сил благодаря эффективному воздействию на ткани тела.

Этот электрический массажер - универсальное устройство для массажа различных частей тела. Он предназначен для шеи, плеч, спины, ног, рук, а также живота и пресса. Массажер сочетает в себе функции антицеллюлитного вибромассажера, перкуссионного микротокового лимфодренажного аппарата и миостимулятора.

Способ применения
Инструкция по применению: 
1. Соедините контакты провода и самоклеящегося электрода, защелкнув их. Вставьте разъем провода в устройство в канал А или В в нижней части прибора. 
2. Очистите область, на которую вы хотите воздействовать.
Пожалуйста убедитесь перед использованием прибора, что на вашей коже в месте использования отсутствуют ожоги или травмы, а так же проследите чтобы кожа была чистой и не содержала следы масел, лосьонов и пр.
3. Снимите защитную пленку с пластыря электрода и приклейте его к необходимой области. Приклейте необходимое количество электродов. 
4. Нажмите и удерживайте 2секунды кнопку “включить” находящуюся в верхнем торце прибора слева. 
5. Нажмите кнопку «М» (клавиша выбора режима MODE),  для выбора одного из двенадцати режимов каждого вида. Всего можно выбрать 36 режимов. 
6. Отрегулируйте интенсивность массажа. Выберете канал кнопкой А/В. Для каждого канала предусмотрена своя отдельная регулировка. На выбор предлагается 20 шагов увеличения интенсивность массажа.
Нажмите «+», чтобы увеличить интенсивность импульса на 1 шаг.
Нажмите «-», чтобы уменьшить интенсивность импульса на 1 шаг.
7.Нажмите кнопку «T», чтобы выбрать время массажа, диапазон выбора времени использования массажа составляет 10-60 минут (кратность 10 единиц) . 
8. Применять 1-2 раза в день

1-2 режим акупунктурный массаж, 3-4  режим игольчатый массаж, 5-6 режим массаж плеч, 7-8 режим шеи, 9-10 баночный массаж, 11-12 режим циркуляционный массаж  EMS 13-14 режим удары молотком , 15-16 режим точечный массаж, 17-18  продавливания пальцами, 19-20 режим сжимания,  21 22 режим ног, 23-24 режим спина,  25-26 массаж ног, 27-28 массаж рук , 29-30 продавливание, 31-32 растирание , 33-34 массаж ступней,35-36 массаж йога.
Способ применения
Инструкция по применению: 
1. Соедините контакты провода и самоклеящегося электрода, защелкнув их. Вставьте разъем провода в устройство в канал А или В в нижней части прибора. 
2. Очистите область, на которую вы хотите воздействовать.
Пожалуйста убедитесь перед использованием прибора, что на вашей коже в месте использования отсутствуют ожоги или травмы, а так же проследите чтобы кожа была чистой и не содержала следы масел, лосьонов и пр.
3. Снимите защитную пленку с пластыря электрода и приклейте его к необходимой области. Приклейте необходимое количество электродов. 
4. Нажмите и удерживайте 2секунды кнопку “включить” находящуюся в верхнем торце прибора слева. 
5. Нажмите кнопку «М» (клавиша выбора режима MODE),  для выбора одного из двенадцати режимов каждого вида. Всего можно выбрать 36 режимов. 
6. Отрегулируйте интенсивность массажа. Выберете канал кнопкой А/В. Для каждого канала предусмотрена своя отдельная регулировка. На выбор предлагается 20 шагов увеличения интенсивность массажа.
Нажмите «+», чтобы увеличить интенсивность импульса на 1 шаг.
Нажмите «-», чтобы уменьшить интенсивность импульса на 1 шаг.
7.Нажмите кнопку «T», чтобы выбрать время массажа, диапазон выбора времени использования массажа составляет 10-60 минут (кратность 10 единиц) . 
8. Применять 1-2 раза в день

1-2 режим акупунктурный массаж, 3-4  режим игольчатый массаж, 5-6 режим массаж плеч, 7-8 режим шеи, 9-10 баночный массаж, 11-12 режим циркуляционный массаж  EMS 13-14 режим удары молотком , 15-16 режим точечный массаж, 17-18  продавливания пальцами, 19-20 режим сжимания,  21 22 режим ног, 23-24 режим спина,  25-26 массаж ног, 27-28 массаж рук , 29-30 продавливание, 31-32 растирание , 33-34 массаж ступней,35-36 массаж йога."
1164398076,TAYMLUX,Встроенный аккумулятор,"Лицо, Голова","Миостимулирующий, Антицеллюлитный, Оздоровительный","Способ применения
ИНТЕНСИВНЫЙ КУРС:
Рекомендуемый интенсивный курс: 12 недель.
Маска используется ежедневно, по 15 минут в день, чередуя режимы.
1й день - MODE 1
2й день - MODE 2
3й день - MODE 3
4й день - MODE 1 и т.д.

Для получения максимального эффекта можно проводить процедуру, используя все 3 режима, каждый по 15 минут. В данном случае время процедуры составит 45 минут.

ПОДДЕРЖИВАЮЩИЙ КУРС:
По окончании интенсивного курса необходимо проводить поддерживающие процедуры 1-2 раза в неделю, используя все 3 режима, по 5 минут каждый. Общее время воздействия – 15 минут.
Способ применения
ИНТЕНСИВНЫЙ КУРС:
Рекомендуемый интенсивный курс: 12 недель.
Маска используется ежедневно, по 15 минут в день, чередуя режимы.
1й день - MODE 1
2й день - MODE 2
3й день - MODE 3
4й день - MODE 1 и т.д.

Для получения максимального эффекта можно проводить процедуру, используя все 3 режима, каждый по 15 минут. В данном случае время процедуры составит 45 минут.

ПОДДЕРЖИВАЮЩИЙ КУРС:
По окончании интенсивного курса необходимо проводить поддерживающие процедуры 1-2 раза в неделю, используя все 3 режима, по 5 минут каждый. Общее время воздействия – 15 минут."
1630856340,Миостимуляторы,,Тело,,"Этот тренажер для пресса и рук станет вашим незаменимым помощником в достижении красивого и подтянутого тела. Идеальный вариант для домашних тренировок, он помогает проработать основные группы мышц, обеспечивая эффективное и безопасное занятие спортом. Уникальная конструкция устройства позволяет удобно и быстро настраивать уровень нагрузки, что дает возможность как новичкам, так и опытным спортсменам включить его в свою тренировочную программу.

Миостимулятор способствует активизации работы мышц, повышая их тонус и улучшая общий внешний вид. Он идеально подходит для укрепления пресса, а также проработки рук, что делает его универсальным инструментом для всех, кто хочет поддержать себя в форме. Регулярное использование тренажера поможет вам составить высокоэффективные тренировки, которые займут всего несколько минут в день.

Компактные размеры устройства позволяют легко хранить его в любом уголке вашего дома или даже брать с собой в поездки. Специальные материалы гарантируют долговечность и надежность, а также комфорт в использовании. Благодаря простоте работы с тренажером, вы сможете сосредоточиться на выполнении упражнений без отвлечений.

Этот тренажер не только улучшает физическую форму, но и способствует общему оздоровлению организма. Поддерживая активный образ жизни, вы не только сможете достичь своих фитнес-целей, но и повысить уровень энергии и жизненный тонус. Не упустите возможность сделать свои тренировки более эффективными и разнообразными, выбирая этот миостимулятор для своих домашних занятий.

Использовать строго с 18 лет. Начинать использование следует с минимального режима интенсивности, далее увеличивать, опираясь на свои ощущения"
1938396282,Миостимуляторы,От порта USB,"Шея, Тело, Плечи, Ноги, Поясница, Ягодицы","Вибрационный, Рефлекторный, Миостимулирующий",
1917747060,MishelMax,Встроенный аккумулятор,Тело,Миостимулирующий,
1740721010,MAGICZONE,"Встроенный аккумулятор, От порта USB","Поясница, Тело, Спина","Вибрационный, Миостимулирующий, Антицеллюлитный, Импульсный, Лимфодренажный, Разминание","Уникальный массажер EMS для укрепления мышц и улучшения состояния кожи!

Тренажер для пресса, миостимулятор, массажер для живота, массажер для тела и многое другое.

Это устройства поможет вам поддерживать тонус мышц, улучшить кровообращение и сделать вашу кожу более упругой.

С его помощью вы сможете эффективно похудеть и достичь желаемой формы тела.

Удобный в использовании и компактный по размеру, поможет вам заботиться о своем здоровье и красоте в любое удобное время.

Не упустите возможность начать работу над собой уже сегодня!

Способ применения
1. Установите и зафиксируйте контролер выбора режима и интенсивности на передней части пояса, как это показано на рисунке.
2. Распылите немного воды на силиконовую прокладку. Поддерживайте ее влажной на протяжении всей тренировки, для того чтобы пояс мог плотно прилегать к Вашему телу.
3. Закрепите пояс для похудения на Вашей талии.
4. Нажмите клавишу «+» для того чтобы включить массажер. С помощью клавиши «М» выберете 1 из 8 режимов работы. Затем снова нажмите на клавишу «+» для того чтобы отрегулировать интенсивность работы, всего их 19. РЕКОМЕНДУЕТСЯ начинать тренировки с минимальной интенсивностью. В конце тренировки нажимайте клавишу «- » до тех пор, пока индикатор интенсивности не покажет значение «0». Затем снова нажмите клавишу «-» и массажер выключится.
5. После завершения тренировки протрите массажер влажным полотенцем и положите в чистое место. Ни в коем случае не мойте водой!
6. Рекомендовано использовать миостумулятор для пресса 2 раза в день с продолжительностью тренировки в 15 – 30 минут
7. Массажер автоматически выключится в течение 15 минут, если Вы не будете его использовать. Если же Вы хотите продолжить тренировку, то нажмите клавишу «+».
Способ применения
1. Установите и зафиксируйте контролер выбора режима и интенсивности на передней части пояса, как это показано на рисунке.
2. Распылите немного воды на силиконовую прокладку. Поддерживайте ее влажной на протяжении всей тренировки, для того чтобы пояс мог плотно прилегать к Вашему телу.
3. Закрепите пояс для похудения на Вашей талии.
4. Нажмите клавишу «+» для того чтобы включить массажер. С помощью клавиши «М» выберете 1 из 8 режимов работы. Затем снова нажмите на клавишу «+» для того чтобы отрегулировать интенсивность работы, всего их 19. РЕКОМЕНДУЕТСЯ начинать тренировки с минимальной интенсивностью. В конце тренировки нажимайте клавишу «- » до тех пор, пока индикатор интенсивности не покажет значение «0». Затем снова нажмите клавишу «-» и массажер выключится.
5. После завершения тренировки протрите массажер влажным полотенцем и положите в чистое место. Ни в коем случае не мойте водой!
6. Рекомендовано использовать миостумулятор для пресса 2 раза в день с продолжительностью тренировки в 15 – 30 минут
7. Массажер автоматически выключится в течение 15 минут, если Вы не будете его использовать. Если же Вы хотите продолжить тренировку, то нажмите клавишу «+»."
2122028870,Миостимуляторы,"Встроенный аккумулятор, От порта USB","Ноги, Руки, Тело, Поясница, Плечи, Спина","Импульсный, Миостимулирующий","Принцип массажа: Стимулируйте акупунктурные точки человеческого тела с помощью частотных импульсов, выполняйте физиотерапевтические процедуры и массаж акупунктурных точек, имитируйте массаж в реальной жизни, массаж молотками, баночный массаж, гуашша, иглоукалывание и прижигание и другие функции, а также массируйте акупунктурные точки человеческого тела.

Особенности: можно выбрать 16 режимов массажа, отрегулировать 20 уровней интенсивности, двухканальный выход, встроенный аккумулятор, дисплей яркости белого экрана, четкий и удобный.Время массажа, установленное по умолчанию для 20-минутной системы, может быть изменено на 10-60 минут.Его можно подключить к мобильному источнику питания USB / компьютеру / штекеру 110-240 В для зарядки устройства тремя способами, аналогичными способу зарядки мобильного телефона.

Инструкции по эксплуатации

1.Очистите область, за которой вы хотите ухаживать; снимите защитную пленку с пластыря и приложите инструмент к области, за которой вам нужно ухаживать (можно наносить на все тело).

2.Нажмите “кнопку переключения"" сбоку от верхней левой головки аппарата, чтобы переключить прибор.

3.Нажмите ""Клавишу выбора режима MODE"", чтобы выбрать режим, можно выбрать 16 режимов.

4.Отрегулируйте интенсивность массажа; нажмите ""+“, чтобы увеличить интенсивность пульса на 1 малую передачу (аппарат не отображает значение ”плюс 1 сетка“), дважды нажмите ”+“, чтобы увеличить интенсивность пульса на 1 большую передачу (аппарат оснащен дисплеем ”плюс 1 сетка“); нажмите ""-"", чтобы уменьшите интенсивность импульса на 1 небольшую передачу, дважды нажмите “-"".Есть 10 больших переключателей интенсивности массажа (20 маленьких) на выбор, а маленькая круглая кнопка посередине служит для переключения режимов.

5.Нажмите кнопку ""T”, чтобы выбрать время массажа, при этом диапазон выбора времени проведения массажа составляет 10-60 минут.

6.Наносите 1-2 раза в день и используйте средство через 30 минут после еды или принятия ванны для достижения наилучших результатов.

Миостимулятор 3В1 Импульсный 16 Программ - это уникальное устройство, которое поможет вам улучшить состояние вашего тела и мышц. Этот массажер имеет 16 программ, которые позволяют выбрать нужную для вас процедуру. Он также обладает функцией антицеллюлитного вибромассажера, который поможет вам избавиться от лишних жировых отложений на теле.

Этот массажер имеет размеры 10x5 см и весит всего 350 граммов, что делает его удобным для использования в любом месте. Он также оснащен функцией таймера, которая позволяет установить время работы устройства и не переборщить с массажем.

Миостимулятор 3В1 Импульсный 16 Программ - это отличный выбор для тех, кто хочет улучшить свое здоровье и красоту своего тела. Он легко интегрируется в вашу повседневную жизнь и помогает достичь желаемых результатов."
1368441002,Wiccala,,"Ноги, Руки, Тело",,"В этом тренажере для пресса используется передовая технология EMS, стимулирующая сокращение мышц живота и способствующая сжиганию жира.

Благодаря 6 режимам и 18 уровням интенсивности этот стимулятор мышц живота отвечает самым разным требованиям. 15 минут работы с прибором дважды в день - и вы обретете гораздо более совершенную фигуру не более чем за 3 месяца.

Этот стимулятор живота перезаряжается через USB, обеспечивая быструю и длительную зарядку. Безопасный и удобный, легкий, портативный, экологичный и суперэффективный!

Вы можете использовать его где угодно - в офисе, дома или на природе. Он очень легкий, ультратонкий, удобный для ношения. Идеально подходит для занятых людей, которые ищут решение для легкой тренировки."
1937951811,Миостимуляторы,"От сети 220В, От порта USB","Руки, Ягодицы, Тело, Ноги, Поясница","Вибрационный, Антицеллюлитный, Миостимулирующий, Импульсный, Разминание, Оздоровительный","Способ применения
Присоедините основной блок к массажеру. Для правильной работы тренажер для пресса должен плотно прилегать к телу. Для начала работы блока и ПУ, удерживайте кнопку включения. Убедившись, что блок и пульт ДУ успешно сопряжены, переключите функциональный режим. Каждый из режимов тренажера рассчитан на 30 минут и автоматически отключится по истечении этого времени. Для выбора режима используйте кнопку ""М"". Режимы имеют 9 мощностей, для регулировки используйте ""+"" и ""-"" на пульте ДУ.
Способ применения
Присоедините основной блок к массажеру. Для правильной работы тренажер для пресса должен плотно прилегать к телу. Для начала работы блока и ПУ, удерживайте кнопку включения. Убедившись, что блок и пульт ДУ успешно сопряжены, переключите функциональный режим. Каждый из режимов тренажера рассчитан на 30 минут и автоматически отключится по истечении этого времени. Для выбора режима используйте кнопку ""М"". Режимы имеют 9 мощностей, для регулировки используйте ""+"" и ""-"" на пульте ДУ."
1653901033,SHUBOSHI,"От сети 220В, Сменная батарея","Лицо, Ноги, Поясница, Спина, Тело, Ягодицы","Акупрессурный, Акупунктурный, Вибрационный, Миостимулирующий, Оздоровительный, Расслабляющий","Миостимулятор SHUBOSHI FZ-2 - микрокомпьютерный 8-режимный биофизический прибор семейства Шубоши, генерирующий электрические сигналы, аналогичные биотокам здорового организма. Поступая в организм,  эти сигналы способствуют восстановлению нормальных биотоков, присущих данному организму, т. е. восстановлению его здоровья. Частота генерации сигнала соответствует частоте колебаний магнитного поля Земли, а значит сигнал подается в диапазоне безопасных для организма частот.

FZ-2 предоставляет возможность решения трех главных задач:

— Терапия (устранение боли, стресса, восстановление)

— Реабилитация (улучшение работы организма)

— Профилактика (сохранение здоровья)

Реализация поставленных задач осуществляется благодаря основным функциям прибора SHUBOSHI FZ-2:

— Массаж (в том числе антицеллюлитный) и обезболивание.

— Иглоукалывание.

— Массаж биологически активных зон кистей и стоп (в том числе методом ""жидких электродов"").

Прибор SHUBOSHI FZ-2 прост в управлении и не требует особой подготовки для своего применения.

Способ применения
Согласно инструкции
Способ применения
Согласно инструкции"
1722358147,Furellia,,,,
891898550,Evo Santé,От порта USB,"Тело, Шея, Ягодицы, Зона декольте, Ноги, Спина","Миостимулирующий, Расслабляющий, Импульсный","Способ применения
Прибор выделяет слабый электрический ток, который воздействует на клетки тканей, мускулов и нервные окончания. Микросокращения мышц обогащают кровь кислородом и помогают в снижении веса. В комплекте 8 электродов + 2 в подарок.

Массажер имеет 15 режимов интенсивности, каждый из которых делает любую программу максимально эффективной!

8 программ, направленных на улучшение и поддержание качества вашего тела:

-1 программа - снимает напряжение и боль в мышцах.

-2 программа- корректирует работу иммунной системы, запуская процесс выведения продуктов жизнедеятельности бактерий.

-3 программа- помогает проработать глубокие мышцы, которые слабо работают в процессе тренировок: внутренние мышцы бедра, продольные мышцы спины, заднюю поверхность плеча.

-4 программа- имитирует технику массажа, благодаря которой стимулируются биологически активные точки на теле.

-5 программа- активизирует процесс обмена веществ и оказывает комплексное воздействие на организм. Обеспечивает снижение веса и коррекцию фигуры.

-6 программа- имитирует процесс растирания, который активно используется в массаже для улучшения кровообращения.

-7 программа- корректирует физиологические процессы в организме, способствует снятию мышечных спазмов и судорог благодаря локальному воздействию электрических импульсов.

-8 программа - запускает восстановительные и обменные процессы организма, очищает его от шлаков и токсинов.

Электрический массажер также имеет 2 эффективные методики:

-Электростимуляция (EMS)

-Электронейростимуляция (TENS)

В одном миниатюрном приборе скрывается домашний помощник всему организму! Более подробно разобраться в функционале и использовании аппарата можно с помощью русскоязычной инструкции.
Способ применения
Прибор выделяет слабый электрический ток, который воздействует на клетки тканей, мускулов и нервные окончания. Микросокращения мышц обогащают кровь кислородом и помогают в снижении веса. В комплекте 8 электродов + 2 в подарок.

Массажер имеет 15 режимов интенсивности, каждый из которых делает любую программу максимально эффективной!

8 программ, направленных на улучшение и поддержание качества вашего тела:

-1 программа - снимает напряжение и боль в мышцах.

-2 программа- корректирует работу иммунной системы, запуская процесс выведения продуктов жизнедеятельности бактерий.

-3 программа- помогает проработать глубокие мышцы, которые слабо работают в процессе тренировок: внутренние мышцы бедра, продольные мышцы спины, заднюю поверхность плеча.

-4 программа- имитирует технику массажа, благодаря которой стимулируются биологически активные точки на теле.

-5 программа- активизирует процесс обмена веществ и оказывает комплексное воздействие на организм. Обеспечивает снижение веса и коррекцию фигуры.

-6 программа- имитирует процесс растирания, который активно используется в массаже для улучшения кровообращения.

-7 программа- корректирует физиологические процессы в организме, способствует снятию мышечных спазмов и судорог благодаря локальному воздействию электрических импульсов.

-8 программа - запускает восстановительные и обменные процессы организма, очищает его от шлаков и токсинов.

Электрический массажер также имеет 2 эффективные методики:

-Электростимуляция (EMS)

-Электронейростимуляция (TENS)

В одном миниатюрном приборе скрывается домашний помощник всему организму! Более подробно разобраться в функционале и использовании аппарата можно с помощью русскоязычной инструкции."
1083248756,SHUBOSHI,"От сети 220В, Сменная батарея","Ноги, Плечи, Поясница, Спина, Тело, Шея","Акупрессурный, Акупунктурный, Вибрационный, Миостимулирующий, Оздоровительный, Расслабляющий","Способ применения
Согласно инструкции
Способ применения
Согласно инструкции"
1827067477,Magic Passion,"Встроенный аккумулятор, От сети 220В","Ноги, Поясница, Руки, Шея, Ягодицы, Тело","Антицеллюлитный, Миостимулирующий, Импульсный, Расслабляющий, Лимфодренажный, Классический","Революционный миостимулятор-тренажер с функцией подогрева представляет собой инновационное устройство для комплексного ухода за телом, объединяющее в себе разнообразные терапевтические и тренировочные функции. Этот многофункциональный аппарат обеспечивает лимфодренажный и перкуссионный массаж, способствуя общему оздоровлению организма и улучшению физической формы.

Благодаря шести регулируемым уровням интенсивности, вы можете подобрать оптимальный режим воздействия для решения ваших индивидуальных задач. Принцип работы основан на использовании электрических импульсов, которые стимулируют мышечные сокращения и расслабления, активизируя кровообращение и лимфоток. Регулярное применение помогает бороться с целлюлитом, улучшает состояние кожи, делая её более упругой и эластичной.

Особого внимания заслуживает функция подогрева, которая значительно усиливает эффективность массажа. Она особенно эффективна при болях в спине, шее и других мышечных группах, помогая снять напряжение и ускорить восстановление после физических нагрузок. Устройство также способствует укреплению мышц пресса, обеспечивая видимый результат при регулярном использовании.

Этот универсальный массажер станет незаменимым помощником как для профессиональных спортсменов, так и для тех, кто ведет малоподвижный образ жизни. Независимо от ваших целей – будь то расслабление после рабочего дня или интенсивные тренировки – миостимулятор с электродами поможет достичь желаемых результатов. Откройте для себя новый уровень заботы о здоровье с этим передовым устройством для массажа спины и всего тела!

массажер для головы , массажер перкуссионный , микротоковый массажер для лица.

Способ применения
Последовательность использования данного массажера очень проста и эффективна. Вот шаги, которые следует выполнить:

1. Перед началом использования массажера убедитесь, что область тела, на которую вы планируете применить массаж, чистая и не содержит следов пота. Рекомендуется смыть область водой и высушить перед применением.

2. Установите массажер на нужном участке тела с помощью магнитных присосок, которые идут в комплекте с ним. Они обеспечат надежную фиксацию массажера на поверхности кожи.

3. Перед использованием удалите защитную пленку с гелевой накладки. Она служит для защиты и сохранения геля в идеальном состоянии.

4. Зафиксируйте накладку на нужном участке тела. Для повышения фиксации, вы можете воспользоваться ремешками, которые затянутся между массажером и накладкой.
Способ применения
Последовательность использования данного массажера очень проста и эффективна. Вот шаги, которые следует выполнить:

1. Перед началом использования массажера убедитесь, что область тела, на которую вы планируете применить массаж, чистая и не содержит следов пота. Рекомендуется смыть область водой и высушить перед применением.

2. Установите массажер на нужном участке тела с помощью магнитных присосок, которые идут в комплекте с ним. Они обеспечат надежную фиксацию массажера на поверхности кожи.

3. Перед использованием удалите защитную пленку с гелевой накладки. Она служит для защиты и сохранения геля в идеальном состоянии.

4. Зафиксируйте накладку на нужном участке тела. Для повышения фиксации, вы можете воспользоваться ремешками, которые затянутся между массажером и накладкой."
1068338838,Magic Passion,От порта USB,"Плечи, Поясница, Руки, Спина, Тело, Шея","Антицеллюлитный, Вибрационный, Импульсный, Комбинированный, Лимфодренажный, Миостимулирующий","Миостимулятор для тела - это отличное решение, когда совсем нет времени на занятия в тренажерных залах. Массажер предназначен для укрепления мышц и массажа, особенно при дискомфорте шейного отдела и области спины . Во время его работы, вы не испытаете чувства неудобства и можете заниматься важными делами. Результат достигается за счёт электрических импульсов, под воздействием которых происходит сокращение мышц. С зарядкой от USB. Поможет снять напряжение практически с любой зоны, части тела. 8 рабочих режимов и с разным уровнем интенсивности 1-19. Воздействует на зону тела безопасным низкочастотным импульсом. Компактное устройство, доступное применение в любом месте. Можно использовать и во время рабочего дня.

Характеристики:
В форме бабочки
Сделан из ABS прочного пластика
Низкочастотное воздействие
Кол-во рабочих режимов: 8
Кол-во уровней интенсивности: 19
Таймер: можно настроить, на 15 мин
17,5х7 см - такой небольшой и компактный
Дисплей ЖК, управление - кнопки
Комплектация

1 х Массажер 1 х пластырь 1 х кабель для зарядки

Способ применения:

1. Закрепите массажер на маленьком отверстии пластыря.

2. Снимите прозрачную бумагу с патча.

3. Поместите массажер на участок тела, который необходимо массировать.

4. Включите массажер и выберите подходящий режим массажа и интенсивность массажа.

Прикрепите массажер в ту зону, которую хотите проработать.

Включите блок управления, нажимая на кнопку +

После включения массажера вы почувствуете как мышцы начинают попеременно сокращаться и расслабляться.

С помощью клавиши ""+"" вы можете увеличить интенсивность нагрузки, а с помощью кнопки ""-"" уменьшить. Кнопка ""М"" поможет поменять режим массажа.
В форме бабочки
Сделан из ABS прочного пластика
Низкочастотное воздействие
Кол-во рабочих режимов: 8
Кол-во уровней интенсивности: 19
Таймер: можно настроить, на 15 мин
17,5х7 см - такой небольшой и компактный
Дисплей ЖК, управление - кнопки
В форме бабочки
Сделан из ABS прочного пластика
Низкочастотное воздействие
Кол-во рабочих режимов: 8
Кол-во уровней интенсивности: 19
Таймер: можно настроить, на 15 мин
17,5х7 см - такой небольшой и компактный
Дисплей ЖК, управление - кнопки

Способ применения
1. Закрепите массажер на маленьком отверстии пластыря. 
2. Снимите прозрачную бумагу с патча. 
3. поместите массажер на участок тела, который необходимо массировать. 
4. включите массажер и выберите подходящий режим массажа и интенсивность массажа.
Способ применения
1. Закрепите массажер на маленьком отверстии пластыря. 
2. Снимите прозрачную бумагу с патча. 
3. поместите массажер на участок тела, который необходимо массировать. 
4. включите массажер и выберите подходящий режим массажа и интенсивность массажа."
1438957014,Миостимуляторы,Сменная батарея,Тело,"Импульсный, Миостимулирующий","Способ применения
Как использовать EMS тренажер? -Определитесь с проблемной зоной, которую вы бы хотели проработать. 
-Тщательно обезжирьте кожу того участка тела, на который собираетесь ставить пояс. 
-Прикрепите изделие и убедитесь, что оно плотно зафиксировано на коже. 
-Включите устройство и выберите уровень нагрузки. Вы должны не только чувствовать, но и видеть, как ваши мускулы интенсивно сокращаются под воздействием импульсов. -Рекомендованное время использования пояса — около 23-25 минут. 
-После окончания сеанса тренировки снимите пояс с поверхности тела и обработайте антисептическим раствором.
Способ применения
Как использовать EMS тренажер? -Определитесь с проблемной зоной, которую вы бы хотели проработать. 
-Тщательно обезжирьте кожу того участка тела, на который собираетесь ставить пояс. 
-Прикрепите изделие и убедитесь, что оно плотно зафиксировано на коже. 
-Включите устройство и выберите уровень нагрузки. Вы должны не только чувствовать, но и видеть, как ваши мускулы интенсивно сокращаются под воздействием импульсов. -Рекомендованное время использования пояса — около 23-25 минут. 
-После окончания сеанса тренировки снимите пояс с поверхности тела и обработайте антисептическим раствором."
904224384,Optmobilion,,"Плечи, Поясница, Руки, Тело, Шея, Ягодицы",Миостимулирующий,"Миостимулятор для тела - это отличное решение, когда совсем нет времени и финансов на занятия в тренажерных залах. Массажер предназначен для укрепления мышц и массажа, особенно при дискомфорте шейного отдела и области спины . Во время его работы, вы не испытаете чувства неудобства и можете заниматься важными делами. Результат достигается за счёт электрических импульсов, под воздействием которых происходит сокращение мышц. С зарядкой от USB. Поможет снять напряжение практически с любой зоны, части тела. 8 рабочих режимов и с разным уровнем интенсивности 1-19. Воздействует на зону тела безопасным низкочастотным импульсом. Компактное устройство, доступное применение в любом месте. Можно использовать и во время рабочего дня.

Характеристики:
В форме бабочки
Сделан и АБС прочного пластик и ПУ
Низкочастотное воздействие
Кол-во рабочих режимов: 8
Кол-во уровней интенсивности: 19
Таймер: можно настроить, на 15 мин
17,5х7 см - такой небольшой и компактный
Дисплей ЖК, управление - кнопки
В форме бабочки
Сделан и АБС прочного пластик и ПУ
Низкочастотное воздействие
Кол-во рабочих режимов: 8
Кол-во уровней интенсивности: 19
Таймер: можно настроить, на 15 мин
17,5х7 см - такой небольшой и компактный
Дисплей ЖК, управление - кнопки
В форме бабочки
Сделан и АБС прочного пластик и ПУ
Низкочастотное воздействие
Кол-во рабочих режимов: 8
Кол-во уровней интенсивности: 19
Таймер: можно настроить, на 15 мин
17,5х7 см - такой небольшой и компактный
Дисплей ЖК, управление - кнопки

Способ применения
1. Закрепите массажер на маленьком отверстии пластыря. 
2. Снимите прозрачную бумагу с патча. 
3. поместите массажер на участок тела, который необходимо массировать. 
4. включите массажер и выберите подходящий режим массажа и интенсивность массажа.
Способ применения
1. Закрепите массажер на маленьком отверстии пластыря. 
2. Снимите прозрачную бумагу с патча. 
3. поместите массажер на участок тела, который необходимо массировать. 
4. включите массажер и выберите подходящий режим массажа и интенсивность массажа."
1740752504,HYPERFIT,Встроенный аккумулятор,"Поясница, Спина, Тело","Вакуумный, Вибрационный, Миостимулирующий, Шиацу, Перкусионный, Разминание","Способ применения
Прикрепление контроллера и подготовка миостимулятора:
Прикрепите контроллер к внешней поверхности миостимулятора при помощи кнопок.
Распылите немного воды на внутреннюю поверхность миостимулятора для увлажнения токопроводящего слоя и удалите излишки воды сухой мягкой тканью.
Эксплуатация прибора: 
Наденьте пояс вокруг талии так, чтобы электроды плотно прилегали к животу, и затяните ленту-липучку . Используйте дополнительный удлинитель при необходимости. Включите контроллер и выберите нужную программу при помощи кнопки переключения программ, индикатор которой будет гореть на дисплее. Доступно 8 автоматических программ. Отрегулируйте уровень интенсивности тренировки, нажимая соответствующие кнопки для увеличения или уменьшения. Всего доступно 25 уровней интенсивности. Уровни 1-8 используются для разогрева мышц, 9-16 – для тренировки мышц, 17-25 – для быстрого сжигания жира и укрепления мышц брюшного пресса.
Уход и очистка: 
 Перед чисткой выключите контроллер и отсоедините его от пояса. Протрите дисплей слегка влажной мягкой тканью, затем вытрите насухо. Очищайте пояс после каждого использования.
Автоматическое отключение и ручное управление: 
 Через 20 минут устройство автоматически отключится. Для ручного отключения установите уровень интенсивности на 1 и снова нажмите кнопку на контроллере
Способ применения
Прикрепление контроллера и подготовка миостимулятора:
Прикрепите контроллер к внешней поверхности миостимулятора при помощи кнопок.
Распылите немного воды на внутреннюю поверхность миостимулятора для увлажнения токопроводящего слоя и удалите излишки воды сухой мягкой тканью.
Эксплуатация прибора: 
Наденьте пояс вокруг талии так, чтобы электроды плотно прилегали к животу, и затяните ленту-липучку . Используйте дополнительный удлинитель при необходимости. Включите контроллер и выберите нужную программу при помощи кнопки переключения программ, индикатор которой будет гореть на дисплее. Доступно 8 автоматических программ. Отрегулируйте уровень интенсивности тренировки, нажимая соответствующие кнопки для увеличения или уменьшения. Всего доступно 25 уровней интенсивности. Уровни 1-8 используются для разогрева мышц, 9-16 – для тренировки мышц, 17-25 – для быстрого сжигания жира и укрепления мышц брюшного пресса.
Уход и очистка: 
 Перед чисткой выключите контроллер и отсоедините его от пояса. Протрите дисплей слегка влажной мягкой тканью, затем вытрите насухо. Очищайте пояс после каждого использования.
Автоматическое отключение и ручное управление: 
 Через 20 минут устройство автоматически отключится. Для ручного отключения установите уровень интенсивности на 1 и снова нажмите кнопку на контроллере"
1738377495,YONGROW,От порта USB,Тело,Миостимулирующий,"Тренажер для стимуляции мышц тазового дна предназначен для женщин.Мягкая электростимуляция с помощью вагинального зонда помогает укрепить мышцы малого таза и увеличить их силу и выносливость.Регулярное использование тренажеров для мышц может улучшить чувствительность нервов.Это устройство также эффективно помогает в лечении недержания мочи у женщин.Встроенный индикатор времени - 5-10-15-20 минут.Есть три передачи и три режима на выбор, что позволяет выбрать наилучший режим и интенсивность для каждого пользователя.Частота импульсов и длительность сигнала настраиваются таким образом, чтобы стимулировать мышцы максимально эффективно, не вызывая дискомфорта.

Электрический тренажер Кегеля для мышц тазового дна использует электрическую стимуляцию для достижения желаемого эффекта.Асимметричные прямоугольные волны, создаваемые массажером, воздействуют на мышцы, заставляя их сокращаться и расслабляться.Это стимулирует рост и укрепление мышечной ткани, что особенно важно для восстановления и поддержания здоровья мышц тазового дна и брюшного пресса с помощью физических упражнений.

Установите женский ЭМГ-стимулятор для интимных мышц в соответствии с инструкцией.Выберите подходящий режим и установите таймер на требуемое время.Включите устройство для укрепления мышц малого таза и насладитесь сеансом интимной стимуляции мышц, чтобы контролировать ощущения и при необходимости регулировать интенсивность.

Тренажер-стимулятор мышц тазового дна для девочек был создан с учетом всех необходимых мер безопасности.Полимерные калиевые аккумуляторы обеспечивают длительную работу без необходимости частой подзарядки.Компактная и удобная конструкция позволяет легко выполнять упражнения и транспортировать его.

Вагинальные сокращения - это уникальное решение для женщин, стремящихся укрепить мышцы тазового дна, повысить их чувствительность и справиться с проблемами, связанными с дисфункцией.Сочетание передовых технологий, простоты использования и безопасности делает баттерфляй-тренажер для тела и живота, упражнений и стимуляции мышц незаменимым помощником для поддержания здоровья и качества жизни.

особенность：

1.Была увеличена длина белой части, которая может проникать глубже во влагалище и быть более удобной для людей, страдающих ожирением.

2.С обеих сторон имеется по 16 микроэлектрических контактов, которые удваивают укрепляющий вагинальный эффект

3.Интегрированный дизайн с сенсорным экраном, простое и удобное управление.

4.Белая часть выполнена из силикона, который более удобен для прикосновения к влагалищу, а передний зонд можно промыть водой.

Три режима: микроток + нагрев + красный свет

Микроток + синий свет

Микроток + выделение тепла + красный свет + синий свет

Спецификация:

Канал: одноканальный

Частота импульсов: в диапазоне 3 Гц ~ 50 Гц (допуск составляет менее 3%)

Выходной ток: 500 мА

Источник питания: USB

Входное напряжение: 22 В переменного тока

Частота: 50 Гц

Выходное напряжение: DC-5V

Входная мощность: 12 Вт

Условия эксплуатации: температура 0С~38с; влажность 8%-93%

Условия транспортировки и хранения: температура-20с~80с; влажность-8%~93%"
1708522373,Beurer,,Тело,Миостимулирующий,
1740740511,HYPERFIT,Встроенный аккумулятор,"Руки, Ноги, Тело, Поясница","Вакуумный, Шиацу, Вибрационный, Миостимулирующий, Перкусионный, Разминание","Способ применения
Прикрепление контроллера и подготовка миостимулятора:
Прикрепите контроллер к внешней поверхности миостимулятора при помощи кнопок.
Распылите немного воды на внутреннюю поверхность миостимулятора для увлажнения токопроводящего слоя и удалите излишки воды сухой мягкой тканью.
Эксплуатация прибора: 
Наденьте пояс вокруг талии так, чтобы электроды плотно прилегали к животу, и затяните ленту-липучку. Используйте дополнительный удлинитель при необходимости. Закрепите дополнительные миостимуляторы на руках/ногах . Включите контроллер и выберите нужную программу при помощи кнопки переключения программ, индикатор которой будет гореть на дисплее. Доступно 8 автоматических программ. Отрегулируйте уровень интенсивности тренировки, нажимая соответствующие кнопки для увеличения или уменьшения. Всего доступно 25 уровней интенсивности. Уровни 1-8 используются для разогрева мышц, 9-16 – для тренировки мышц, 17-25 – для быстрого сжигания жира и укрепления мышц брюшного пресса.
Уход и очистка: 
 Перед чисткой выключите контроллер и отсоедините его от пояса. Протрите дисплей слегка влажной мягкой тканью, затем вытрите насухо. Очищайте пояс после каждого использования.
Автоматическое отключение и ручное управление: 
 Через 20 минут устройство автоматически отключится. Для ручного отключения установите уровень интенсивности на 1 и снова нажмите кнопку на контроллере
Способ применения
Прикрепление контроллера и подготовка миостимулятора:
Прикрепите контроллер к внешней поверхности миостимулятора при помощи кнопок.
Распылите немного воды на внутреннюю поверхность миостимулятора для увлажнения токопроводящего слоя и удалите излишки воды сухой мягкой тканью.
Эксплуатация прибора: 
Наденьте пояс вокруг талии так, чтобы электроды плотно прилегали к животу, и затяните ленту-липучку. Используйте дополнительный удлинитель при необходимости. Закрепите дополнительные миостимуляторы на руках/ногах . Включите контроллер и выберите нужную программу при помощи кнопки переключения программ, индикатор которой будет гореть на дисплее. Доступно 8 автоматических программ. Отрегулируйте уровень интенсивности тренировки, нажимая соответствующие кнопки для увеличения или уменьшения. Всего доступно 25 уровней интенсивности. Уровни 1-8 используются для разогрева мышц, 9-16 – для тренировки мышц, 17-25 – для быстрого сжигания жира и укрепления мышц брюшного пресса.
Уход и очистка: 
 Перед чисткой выключите контроллер и отсоедините его от пояса. Протрите дисплей слегка влажной мягкой тканью, затем вытрите насухо. Очищайте пояс после каждого использования.
Автоматическое отключение и ручное управление: 
 Через 20 минут устройство автоматически отключится. Для ручного отключения установите уровень интенсивности на 1 и снова нажмите кнопку на контроллере"
1235275075,EMS,Сменная батарея,"Руки, Спина, Плечи, Шея, Ягодицы, Тело","Антицеллюлитный, Вибрационный, Импульсный, Лимфодренажный, Миостимулирующий, Оздоровительный","Способ применения
• Тщательно обезжирьте кожу того участка тела, на который собираетесь ставить тренажёр
• Прикрепите изделие и убедитесь, что оно плотно зафиксировано на коже
• Включите устройство и выберите уровень нагрузки. Вы должны не только чувствовать, но и видеть, как ваши мускулы интенсивно сокращаются под воздействием импульсов
• Рекомендованное время использования — около 23-25 минут
• Дальше вы можете заниматься своими делами - смотреть телевизор, готовить ужин, читать книги. В это время микростимуляторы будут воздействовать на мышцы и ""подтягивать"" их. 
• После окончания сеанса тренировки снимите пояс с поверхности тела и обработайте антисептическим раствором
Способ применения
• Тщательно обезжирьте кожу того участка тела, на который собираетесь ставить тренажёр
• Прикрепите изделие и убедитесь, что оно плотно зафиксировано на коже
• Включите устройство и выберите уровень нагрузки. Вы должны не только чувствовать, но и видеть, как ваши мускулы интенсивно сокращаются под воздействием импульсов
• Рекомендованное время использования — около 23-25 минут
• Дальше вы можете заниматься своими делами - смотреть телевизор, готовить ужин, читать книги. В это время микростимуляторы будут воздействовать на мышцы и ""подтягивать"" их. 
• После окончания сеанса тренировки снимите пояс с поверхности тела и обработайте антисептическим раствором"
1536972510,ANYSMART,Встроенный аккумулятор,"Плечи, Ноги, Спина, Руки, Тело, Шея",Миостимулирующий,"Одна из самых популярных физиотерапевтических процедур - электромиостимуляция. Ее прописывают не только для лечения, реабилитации после травм и операций, но и для ежедневной стимуляции работы орагнизма. Аппарат компактен, прост в управлении и очень эффективен. В его арсенале 9 режимов работы, которые используются не только при кардинальном или послеоперационном лечении, но и при бытовых проблемах.
9 режимов массажа для снятия мышечной усталости во всех направлениях.
Длительный срок службы.
Может работать 40 часов от одной зарядки.
Текст на большом ЖК-экране четкий, а функции кнопок понятны, пожилые люди смогут легко им воспользоваться.
Он эффективен для устранения болей разного характера, в том числе и головной. Помогает снять усталость после трудного рабочего дня и нормализовать сон. Расслабляет мышцы, снимает отеки и улучшает кровообращение.
Использовать аппарат для миостимуляции рекомендуется всей семьей. Для большего числа процедур не требуются предписания врача, достаточно контролировать работу аппарата. Особенно актуален миостимулятор для спорстменов, людей вынужденных работать в статических позах и с тяжестями.
Спектр применения электромиостимулятора действительно очень широк:
Снимает болевой синдром самого разного происхождения (усталость, отек, травмы, головная боль, спазмы и т.д.).
Лечение нетяжелых сердечно-сосудистых заболеваний.
Лечение заболеваний опорно-двигательного аппарата.
Лечение заболеваний пищеварительной системы.
Снимает усталость с мышц после тренировок, применяется для поддержания тонуса мышц.
Восстанавливает мышцы, суставы, сосуды после травм, операций.
Улучшает кровоток, снимает отеки, рагоняет гематомы.
Применяется при лечении неврозов, улучшает работу нервной системы, повышает умственную работоспособность.
Стимулирует работу клеток эпителлия, применяется для устранения целлюлита, поддерживает тонус кожных покровов и эластичность.
Применяется для лечения ожирения, удаляет излишки веса с проблемных зон.
Благодаря такому большому спектру полезного воздействия аппарат широко используется для домашней физиотерапии и очень популярен, но есть ряд противопоказаний:
Кардиостимулятор.
Беременность.
Наличие новообразований и опухолей с подозрением на онкологию.
Болезнь Паркинсона.
Эпилепсия.
Инфекционные заболевания.
Индивидуальная непереносимость электротока.
Принципы воздействия и режимы стимулирующей физиотерапии:

Нервно-мышечный стимулятор генерирует электрические импульсы разной силы и частоты, тем самы заставляя опреденные группы мышц сохранять свой тонус и улучшать работу. Электрические импульсы сравнимы с теми сигналами биотока, которые посылает в мышечную ткань мозг по каналам нервной системы, организм всопринимает их, как ""родные"", подчиняется импульсам и группа мышц выполняет заданную ими команду. Сокращения группы мышц в свою очередь влияют на кровоток, а также на другие органы, стимулируя их работу.

Характеристики:
9 режимов массажа для снятия мышечной усталости во всех направлениях.
Длительный срок службы.
Может работать 40 часов от одной зарядки.
Текст на большом ЖК-экране четкий, а функции кнопок понятны, пожилые люди смогут легко им воспользоваться.
Он эффективен для устранения болей разного характера, в том числе и головной. Помогает снять усталость после трудного рабочего дня и нормализовать сон. Расслабляет мышцы, снимает отеки и улучшает кровообращение.
Использовать аппарат для миостимуляции рекомендуется всей семьей. Для большего числа процедур не требуются предписания врача, достаточно контролировать работу аппарата. Особенно актуален миостимулятор для спорстменов, людей вынужденных работать в статических позах и с тяжестями.
9 режимов массажа для снятия мышечной усталости во всех направлениях.
Длительный срок службы.
Может работать 40 часов от одной зарядки.
Текст на большом ЖК-экране четкий, а функции кнопок понятны, пожилые люди смогут легко им воспользоваться.
Он эффективен для устранения болей разного характера, в том числе и головной. Помогает снять усталость после трудного рабочего дня и нормализовать сон. Расслабляет мышцы, снимает отеки и улучшает кровообращение.
Использовать аппарат для миостимуляции рекомендуется всей семьей. Для большего числа процедур не требуются предписания врача, достаточно контролировать работу аппарата. Особенно актуален миостимулятор для спорстменов, людей вынужденных работать в статических позах и с тяжестями.
Снимает болевой синдром самого разного происхождения (усталость, отек, травмы, головная боль, спазмы и т.д.).
Лечение нетяжелых сердечно-сосудистых заболеваний.
Лечение заболеваний опорно-двигательного аппарата.
Лечение заболеваний пищеварительной системы.
Снимает усталость с мышц после тренировок, применяется для поддержания тонуса мышц.
Восстанавливает мышцы, суставы, сосуды после травм, операций.
Улучшает кровоток, снимает отеки, рагоняет гематомы.
Применяется при лечении неврозов, улучшает работу нервной системы, повышает умственную работоспособность.
Стимулирует работу клеток эпителлия, применяется для устранения целлюлита, поддерживает тонус кожных покровов и эластичность.
Применяется для лечения ожирения, удаляет излишки веса с проблемных зон.
Снимает болевой синдром самого разного происхождения (усталость, отек, травмы, головная боль, спазмы и т.д.).
Лечение нетяжелых сердечно-сосудистых заболеваний.
Лечение заболеваний опорно-двигательного аппарата.
Лечение заболеваний пищеварительной системы.
Снимает усталость с мышц после тренировок, применяется для поддержания тонуса мышц.
Восстанавливает мышцы, суставы, сосуды после травм, операций.
Улучшает кровоток, снимает отеки, рагоняет гематомы.
Применяется при лечении неврозов, улучшает работу нервной системы, повышает умственную работоспособность.
Стимулирует работу клеток эпителлия, применяется для устранения целлюлита, поддерживает тонус кожных покровов и эластичность.
Применяется для лечения ожирения, удаляет излишки веса с проблемных зон.
Кардиостимулятор.
Беременность.
Наличие новообразований и опухолей с подозрением на онкологию.
Болезнь Паркинсона.
Эпилепсия.
Инфекционные заболевания.
Индивидуальная непереносимость электротока.
Кардиостимулятор.
Беременность.
Наличие новообразований и опухолей с подозрением на онкологию.
Болезнь Паркинсона.
Эпилепсия.
Инфекционные заболевания.
Индивидуальная непереносимость электротока."
1643790267,Миостимуляторы,"От сети 220В, Сменная батарея","Спина, Руки, Ноги, Ягодицы, Плечи","Миостимулирующий, Импульсный, Вибрационный, Акупунктурный","ОБРАТИТЕ ВНИМАНИЕ,что без прикрепления электродов к участкам тела аппарат через 3 секунды автоматически отключается во избежании перегрева. Массажер электрический для всего тела,стоп,рук,живот,шея используется для лечения, похудения,физиотерапии, а также как антицеллюлитный массажер!Электростимулятор для всего организма – идеальный электромасссажер для домашней физиотерапии, лечения, реабилитации, похудения и расслабления. Теперь не нужно тратиться на дорогостоящие процедуры в медицинских центрах и массажистов. Электро массажер EMS во время работы задействует в работу все группы мышц, пресса, поможет расслабиться после трудового дня вашим ногам импульсным массажем. С помощью электродов, сами сможете регулировать на какие мышцы воздействовать, на обрабатываемую зону накладываются специальные накожные электроды. Через них на нервные окончания подаются электрические импульсы, которые заставляют мышцы сокращаться. После процедуры активизируется рост мышечных волокон, нормализуется работа лимфатической системы и кровообращения, ускоряются обменные процессы в организме и многое другое. Мини массажер помогает восстановиться после перенесенных травм, операций и болезней, после спорта, фитнеса, вы сможете успешно применять его для лечения невралгии, заболеваний костно-мышечной ткани. Электростимулятор для всего тела можно использовать в четырёх терапевтических режимах:массаж, шиацу, вибрационное постукивание, а также иглоукалывание.В приборе объедено девять режимов этой процедуры, а возможность выбирать из десяти уровней интенсивности позволяет использовать электромассажер людьми с разной чувствительностью.Сеанс рассчитан на 15 минут, после чего прибор отключится. Благодаря использованию импульсного массажера,позволяет повысить эффективность укрепления мышц шеи, спины, головы,ног, а также улучшить кровообращение и общий тонус организма,подарок на новый год дедушке,бабушке.Он также помогает восстановить нервную систему и иммунитет, антицеллюлитный подойдет девушкам женщинам"
2190747083,Furellia,,"Поясница, Спина, Тело","Импульсный, Миостимулирующий, Расслабляющий","Преобразуйте свое тело и почувствуйте невероятную силу миостимуляции с нашим инновационным миостимулятором для тела! Этот компактный и эффективный прибор станет вашим личным тренером, помогая вам достичь желаемых результатов в комфорте домашней обстановки. Наш миостимулятор, также известный как пояс для пресса, использует передовые технологии, чтобы стимулировать ваши мышцы электрическими импульсами, вызывая их сокращение и укрепление.  Он станет идеальным дополнением к вашим тренировкам, помогая вам добиться рельефного пресса и подтянутой фигуры.  

Представьте себе, как вы расслабляетесь после долгого дня, а наш миостимулятор для пресса заботится о тонусе ваших мышц.  Он поможет вам избавиться от напряжения, улучшить кровообращение и снять мышечную боль.  Благодаря регулируемой интенсивности вы можете подобрать идеальный уровень воздействия для своих потребностей.  

Наш миостимулятор — это не просто массажер для пресса, это ваш путь к здоровому и активному образу жизни.  Он поможет вам сжечь лишние калории, укрепить мышцы всего тела и повысить ваш общий тонус.  

Не упустите возможность преобразить свое тело с помощью нашей инновационной технологии миостимуляции! Закажите наш миостимулятор для тела прямо сейчас и наслаждайтесь результатами уже через несколько недель!"
838926635,AllerShop,"От порта USB, От сети 220В","Голова, Зона декольте, Лицо, Ноги, Область вокруг глаз, Плечи","Антицеллюлитный, Импульсный, Лечебный, Миостимулирующий, Оздоровительный, Расслабляющий","Способ применения
Первым делом подключите прилагаемые в комплекте электроды с подушечками в соответствующий разъем на корпусе прибора и приложите на тело в нужном месте. Затем включите прибор и с помощью кнопок, расположенных с левой стороны от дисплея, выберите обрабатываемую зону тела (ноги, талия, руки, грудь, плечи и т.д.) и нужный режим работы (кнопки справа от дисплея). Ваш выбор будет сопровождаться соответствующими визуальными подсказками, отображаемыми на электронном дисплее. После 15 мин работы прибор автоматически отключается. Если вам недостаточно этого времени, то просто нажмите кнопку «Repeat», чтобы повторить процедуру или задайте новые настройки.
Способ применения
Первым делом подключите прилагаемые в комплекте электроды с подушечками в соответствующий разъем на корпусе прибора и приложите на тело в нужном месте. Затем включите прибор и с помощью кнопок, расположенных с левой стороны от дисплея, выберите обрабатываемую зону тела (ноги, талия, руки, грудь, плечи и т.д.) и нужный режим работы (кнопки справа от дисплея). Ваш выбор будет сопровождаться соответствующими визуальными подсказками, отображаемыми на электронном дисплее. После 15 мин работы прибор автоматически отключается. Если вам недостаточно этого времени, то просто нажмите кнопку «Repeat», чтобы повторить процедуру или задайте новые настройки."
1640358753,Миостимуляторы,"От порта USB, Встроенный аккумулятор","Ягодицы, Поясница, Тело, Ноги","Миостимулирующий, Импульсный, Антицеллюлитный, Вибрационный, Лимфодренажный, Расслабляющий","Новинка 2024! Забудьте о сменных гелевых накладках и батарейках! Просто увлажните кожу водой или нанесите токопроводящий гель на электроды!  

Инновационный портативный массажёр - это то, что нужно для достижения идеальной формы, упругости и тонуса мышц ягодиц, бёдер и пресса!

В основе работы массажера лежит процедура стимуляции мышц и нервных окончаний посредством передачи импульсного тока к телу человека через электроды. Во время его работы Вы не испытаете чувства дискомфорта, благодаря эластичному бандажу Вы можете активно заниматься любыми домашними делами!

Этот электрический прибор используется для антицеллюлитного массажа женщин и мужчин! Домашний бытовой аппарат, который поможет восстановить и укрепить мышцы, снять усталость, улучшить лимфодренаж, снизить вес, сделать кожу эластичнее и улучшить ее тонус, скорректировать фигуру!

Пояс массажёр подготавливает даже очень слабые и обленившиеся мышцы к регулярным нагрузкам, помогает восстановиться после перенесенных травм, операций!

Этот миостимулятор имеет функцию лимфодренажа, которая помогает выводить шлаки и токсины из организма, улучшает кровообращение и общее состояние здоровья! А также, может использоваться для похудения живота!

Тренажёр работает на электростимуляции, имеет 10 режимов, которые можно выбрать в зависимости от целей массажа. Например, для похудения и уменьшения объемов можно выбрать программу с высокочастотными импульсами, а для расслабления и устранения усталости - программу с низкочастотными импульсами.

Этот массажер - идеальный выбор для тех, кто хочет достичь здоровья и красоты без походов в салоны красоты и фитнес-центры. Не упустите возможность стать здоровым и красивым с помощью этого универсального миостимулятора!

Способ применения
В инструкции!
Способ применения
В инструкции!"
1899393257,KEP Ko,"Сменная батарея, От порта USB","Тело, Поясница, Спина, Руки, Плечи, Шея","Миостимулирующий, Разминание, Комбинированный, Расслабляющий, Импульсный","Способ применения
1. Подготовка: Убедитесь, что кожа чистая и сухая.

2. Установка электродов: Прикрепите электроды к целевым мышцам, следуя инструкциям.

3. Настройка устройства: Включите миостимулятор и выберите нужный режим и интенсивность.

4. Сеанс: Начните сеанс, постепенно увеличивая интенсивность при необходимости.

5. Завершение: По окончании сеанса аккуратно снимите электроды и очистите их (если многоразовые).

Следуйте рекомендациям производителя и консультируйтесь с врачом при наличии медицинских показаний.
Способ применения
1. Подготовка: Убедитесь, что кожа чистая и сухая.

2. Установка электродов: Прикрепите электроды к целевым мышцам, следуя инструкциям.

3. Настройка устройства: Включите миостимулятор и выберите нужный режим и интенсивность.

4. Сеанс: Начните сеанс, постепенно увеличивая интенсивность при необходимости.

5. Завершение: По окончании сеанса аккуратно снимите электроды и очистите их (если многоразовые).

Следуйте рекомендациям производителя и консультируйтесь с врачом при наличии медицинских показаний."
1597803087,Миостимуляторы,"От порта USB, От сети 220В","Плечи, Поясница, Спина, Тело, Шея, Ноги","Импульсный, Лимфодренажный, Миостимулирующий, Антицеллюлитный, Вибрационный, Оздоровительный","Способ применения
• Подключите аппарат к электросети.
• Подключите 2 кабеля с 4 электродами, убедившись, что оголенная часть кабеля вставлена в аппарат до конца.
• Расположите электроды на чистую кожу, сняв защитную пленку.
• Убедитесь, что расстояние между электродами от 7 до 10 см.
• Нажмите и удерживайте до 3 секунд кнопку ВКЛ/ВЫКЛ , это самая верхняя кнопка на блоке управления.
• Нажмите на копку М и выберите режим массажа: нажимайте на кнопку М, пока стрелочка на мониторе не остановится рядом с нужным вам режимом массажа.
• Отрегулируйте интенсивность клавишами + и -, где + это прибавление интенсивности воздействия, а – это убавление интенсивности.

Виды массажа
АР (AUTO) – Автоматический режим.
РЗМ (KNESD) – Разминание.
АКПП (TAP) – Акупунктура.
МСЖ (MASSAGE) – Массаж.
кМСЖ (SCRAPPING) – Массаж Туй.
СКБ (PUSH) – Массаж Гуа ша
ЩПК (TURN) – Ротационная щипка. (от целлюлита)
КПЛ (STROKE)– Мануальный массаж.
Способ применения
• Подключите аппарат к электросети.
• Подключите 2 кабеля с 4 электродами, убедившись, что оголенная часть кабеля вставлена в аппарат до конца.
• Расположите электроды на чистую кожу, сняв защитную пленку.
• Убедитесь, что расстояние между электродами от 7 до 10 см.
• Нажмите и удерживайте до 3 секунд кнопку ВКЛ/ВЫКЛ , это самая верхняя кнопка на блоке управления.
• Нажмите на копку М и выберите режим массажа: нажимайте на кнопку М, пока стрелочка на мониторе не остановится рядом с нужным вам режимом массажа.
• Отрегулируйте интенсивность клавишами + и -, где + это прибавление интенсивности воздействия, а – это убавление интенсивности.

Виды массажа
АР (AUTO) – Автоматический режим.
РЗМ (KNESD) – Разминание.
АКПП (TAP) – Акупунктура.
МСЖ (MASSAGE) – Массаж.
кМСЖ (SCRAPPING) – Массаж Туй.
СКБ (PUSH) – Массаж Гуа ша
ЩПК (TURN) – Ротационная щипка. (от целлюлита)
КПЛ (STROKE)– Мануальный массаж."
1629074211,Миостимуляторы,"От сети 220В, От порта USB","Зона декольте, Ноги, Плечи, Поясница, Тело, Шея","Миостимулирующий, Лимфодренажный, Импульсный, Вибрационный, Акупунктурный","I. Принцип работы

Продукция бренда STARTOVALI стремится обеспечить клиентов высококачественной продукцией.

Это домашний перезаряжаемый импульсный массажер, использующий принцип физического массажа электронной акупунктуры, использующий низкочастотные импульсы, имитирующие 24 основные техники акупунктурного массажа, для массажной зоны, чтобы способствовать циркуляции крови, стимулировать обмен веществ и снимать усталость.

Функция: Снять мышечную боль, болезненность, невралгию и т.д., способствовать циркуляции крови в области массажа.

Во-вторых, сфера применения

(1) Этот продукт в основном используется для домашнего электронного массажа здравоохранения, предотвращая роль членов семьи тела суб-здорового состояния, а затем иглоукалывание и массаж также может быть использован в китайской медицине, чтобы помочь в лечении массажа

(2) сфера использования этого продукта: семья, бизнес-подарки, магазины, гостиницы, отдых, офисы и другие места.

Функциональные особенности:

1.20 минут система по умолчанию время массажа, можно модулировать 10-60 минут время массажа

2. перезаряжаемый хозяин, 36 режимов массажа свободный выбор

3.10 регулировки силы передачи, двухканальный интерфейс выхода, может быть независимо настроен на различные методы массажа и интенсивность массажа"
1710418980,TOTAR,Встроенный аккумулятор,"Шея, Тело, Спина, Руки, Ноги","Импульсный, Миостимулирующий, Оздоровительный, Расслабляющий",
2016685380,Миостимуляторы,"Встроенный аккумулятор, От сети 220В","Тело, Ноги, Поясница, Спина, Шея, Ягодицы","Акупрессурный, Импульсный, Миостимулирующий, Расслабляющий","Представляем вам революционный миостимулятор массажер электрический для всего тела – ваш персональный фитнес- и спа-центр прямо у вас дома! Это не просто устройство, это инновационный инструмент, который поможет вам достичь желаемой формы, снять мышечное напряжение и почувствовать себя бодрее и энергичнее. 

Наш миостимулятор для тела использует технологию электромиостимуляции (EMS), которая имитирует естественные сокращения мышц, заставляя их работать даже в состоянии покоя. 

Это эффективный и удобный способ укрепить мышцы, сжечь лишние калории и улучшить тонус всего тела. Вы сможете проработать различные группы мышц, включая живот, бедра, ягодицы, руки и спину.

Он оснащен несколькими режимами интенсивности и различными программами, которые позволяют подобрать оптимальную тренировку для каждого пользователя, в зависимости от его потребностей и уровня подготовки. 

Наш массажер не только укрепляет мышцы, но и помогает снять напряжение и усталость. Благодаря мягким импульсам он эффективно расслабляет мышцы, улучшает кровообращение и лимфодренаж, снимает боли и спазмы. Вы почувствуете, как уходит напряжение, а тело наполняется легкостью и энергией. Это отличный способ расслабиться после напряженного дня, снять стресс и почувствовать себя обновленным. 

Эргономичный дизайн и простота использования делают наш миостимулятор удобным и доступным для каждого. Он легко фиксируется на теле с помощью специальных гелевых электродов, которые обеспечивают надежный контакт и комфортное ощущение во время сеанса. В

Регулярное использование миостимулятора поможет вам привести свое тело в порядок, повысить выносливость и улучшить самочувствие. 

Подарите себе ощущение силы и легкости, выбрав наш инновационный миостимулятор! 

Закажите его прямо сейчас и убедитесь в его эффективности! Ваш путь к красивому и здоровому телу начинается здесь и сейчас!

Способ применения
1.Очистите область, о которой вы хотите позаботиться; снимите защитную пленку с пластыря и приклейте инструмент к области, о которой вам необходимо позаботиться (имеется в наличии по всему телу).

2.Нажмите кнопку “включить” сбоку от верхней левой головки аппарата, чтобы переключить прибор.

3.Нажмите ""Клавиша выбора режима MODE"", чтобы выбрать нужный режим, можно выбрать 16 режимов.

4.Отрегулируйте интенсивность массажа; нажмите “+“, чтобы увеличить интенсивность импульса на 1 малую передачу (аппарат не отображает плюс 1 сетку), дважды нажмите ""+"", чтобы увеличить интенсивность импульса на 1 большую передачу “аппарат оснащен дисплеем плюс 1 сетка“; нажмите ”-"", чтобы уменьшить интенсивность импульса на 1 для небольшого файла, дважды нажмите “-"".Есть 10 больших передач интенсивности массажа (20 маленьких передач) на выбор, а маленькая круглая кнопка посередине - это кнопка преобразования малого режима.

5.Нажмите кнопку ”T"", чтобы выбрать время массажа, при этом диапазон выбора времени использования массажа составляет 10-60 минут.

6.Наносите 1-2 раза в день и используйте средство через 30 минут после еды или ванны, чтобы добиться лучшего эффекта.
Способ применения
1.Очистите область, о которой вы хотите позаботиться; снимите защитную пленку с пластыря и приклейте инструмент к области, о которой вам необходимо позаботиться (имеется в наличии по всему телу).

2.Нажмите кнопку “включить” сбоку от верхней левой головки аппарата, чтобы переключить прибор.

3.Нажмите ""Клавиша выбора режима MODE"", чтобы выбрать нужный режим, можно выбрать 16 режимов.

4.Отрегулируйте интенсивность массажа; нажмите “+“, чтобы увеличить интенсивность импульса на 1 малую передачу (аппарат не отображает плюс 1 сетку), дважды нажмите ""+"", чтобы увеличить интенсивность импульса на 1 большую передачу “аппарат оснащен дисплеем плюс 1 сетка“; нажмите ”-"", чтобы уменьшить интенсивность импульса на 1 для небольшого файла, дважды нажмите “-"".Есть 10 больших передач интенсивности массажа (20 маленьких передач) на выбор, а маленькая круглая кнопка посередине - это кнопка преобразования малого режима.

5.Нажмите кнопку ”T"", чтобы выбрать время массажа, при этом диапазон выбора времени использования массажа составляет 10-60 минут.

6.Наносите 1-2 раза в день и используйте средство через 30 минут после еды или ванны, чтобы добиться лучшего эффекта."
1630269016,E-Motionize,,"Руки, Плечи, Ноги, Голова, Тело, Спина","Расслабляющий, Шиацу, Миостимулирующий",
2229892691,Yamaguchi,Встроенный аккумулятор,"Шея, Поясница, Ноги, Тело","Миостимулирующий, Расслабляющий, Антицеллюлитный, Импульсный, Лимфодренажный, Вибрационный","Способ применения
ИСПОЛЬЗОВАНИЕ. 
1. Перед первым использованием стимулятора зарядите его, используя USB-кабель для зарядки, идущий в комплекте.
2. Установите на массажер одну из 4-х прилагаемых насадок как показано на рисунке.
3. Нажмите и удерживайте кнопку Y в течение 3-x секунд для включения массажера. По умолчанию установлен 1-й уровень интенсивности массажа.
4. Нажмите последовательно на кнопку Y для выбора одного 5 из уровней интенсивности:
• 1-й уровень — 1800 об/мин
• 2-й уровень — 2000 об/мин
• 3-й уровень — 2200 об/мин
• 4-й уровень — 2600 об/мин
• 5-й уровень — 3000 об/мин
5. Проведите сеанс массажа на сухой чистой поверхности тела поверх одежды, слегка нажимая и перемещая массажную насадку по всему телу, как бы растягивая мышцу. Удерживайте насадку в одной точке/области не дольше 30-60 секунд. Повторяйте действие до 3-5 раз, пока не почувствуете спад боли и легкое тепло в массируемой области.
6. Используйте насадки только на мягких тканях (мышцах) тела.
7. После использования массажера могут возникнуть синяки, используйте мази и крема от синяков.
8. Для выключения электро стимулятора мышц нажмите и удерживайте 3 сек. кнопку «Y». Через 10 минут прибор выключится автоматически.  

Внимание! При массаже триггерной точки первые действия приносят существенный дискомфорт, но поступательные движения в течение нескольких секунд снимают напряжение и позволяют уменьшить болезненность и расслабить поврежденную мышцу. Приток крови восстанавливает подвижность мускулатуры, оказывает стимулирующее действие на пораженную область и прилегающие участки.

ЗАРЯДКА ПРИБОРА. 
Уровень заряда аккумулятора обозначен LED-индикатором на ручке устройства.
• Цвет индикатора во время работы прибора светится синим — 30-100%
• Цвет индикатора во время работы прибора светится красным — 20-30%
• Цвет индикатора во время работы прибора мигает красным — <20% (рекомендуется зарядка)

Для зарядки подключите USB-кабель Type-C одной стороной к блоку питания, другой — в порт для зарядки, загорится зеленый индикатор. Когда прибор зарядится полностью, индикатор погаснет. Используйте блок питания с характеристиками DC 5В/2А и более. Полная зарядка устройства занимает около 3-х часов. Запрещено использовать массажер во время зарядки.

Среднее время работы устройства при полной зарядке аккумулятора — до 4 часов (без нагрузки, на 5 уровне).

Если Вы не используете устройство длительное время, заряжайте его раз в месяц, чтобы продлить срок службы аккумулятора.
Способ применения
ИСПОЛЬЗОВАНИЕ. 
1. Перед первым использованием стимулятора зарядите его, используя USB-кабель для зарядки, идущий в комплекте.
2. Установите на массажер одну из 4-х прилагаемых насадок как показано на рисунке.
3. Нажмите и удерживайте кнопку Y в течение 3-x секунд для включения массажера. По умолчанию установлен 1-й уровень интенсивности массажа.
4. Нажмите последовательно на кнопку Y для выбора одного 5 из уровней интенсивности:
• 1-й уровень — 1800 об/мин
• 2-й уровень — 2000 об/мин
• 3-й уровень — 2200 об/мин
• 4-й уровень — 2600 об/мин
• 5-й уровень — 3000 об/мин
5. Проведите сеанс массажа на сухой чистой поверхности тела поверх одежды, слегка нажимая и перемещая массажную насадку по всему телу, как бы растягивая мышцу. Удерживайте насадку в одной точке/области не дольше 30-60 секунд. Повторяйте действие до 3-5 раз, пока не почувствуете спад боли и легкое тепло в массируемой области.
6. Используйте насадки только на мягких тканях (мышцах) тела.
7. После использования массажера могут возникнуть синяки, используйте мази и крема от синяков.
8. Для выключения электро стимулятора мышц нажмите и удерживайте 3 сек. кнопку «Y». Через 10 минут прибор выключится автоматически.  

Внимание! При массаже триггерной точки первые действия приносят существенный дискомфорт, но поступательные движения в течение нескольких секунд снимают напряжение и позволяют уменьшить болезненность и расслабить поврежденную мышцу. Приток крови восстанавливает подвижность мускулатуры, оказывает стимулирующее действие на пораженную область и прилегающие участки.

ЗАРЯДКА ПРИБОРА. 
Уровень заряда аккумулятора обозначен LED-индикатором на ручке устройства.
• Цвет индикатора во время работы прибора светится синим — 30-100%
• Цвет индикатора во время работы прибора светится красным — 20-30%
• Цвет индикатора во время работы прибора мигает красным — <20% (рекомендуется зарядка)

Для зарядки подключите USB-кабель Type-C одной стороной к блоку питания, другой — в порт для зарядки, загорится зеленый индикатор. Когда прибор зарядится полностью, индикатор погаснет. Используйте блок питания с характеристиками DC 5В/2А и более. Полная зарядка устройства занимает около 3-х часов. Запрещено использовать массажер во время зарядки.

Среднее время работы устройства при полной зарядке аккумулятора — до 4 часов (без нагрузки, на 5 уровне).

Если Вы не используете устройство длительное время, заряжайте его раз в месяц, чтобы продлить срок службы аккумулятора."
1916773075,Миостимуляторы,"Встроенный аккумулятор, От порта USB","Ноги, Плечи, Руки, Поясница, Спина, Тело","Акупрессурный, Гуаша, Импульсный, Расслабляющий, Миостимулирующий, Шиацу","Электрический массажер для всего тела - это уникальное устройство, которое поможет вам расслабиться и восстановить силы после долгого рабочего дня. Этот массажер имеет 16 программ массажа, которые помогут вам справиться со стрессом и улучшить самочувствие.
Миостимулятор - это уникальное устройство, которое помогает улучшить кровообращение в теле и ускоряет процесс заживления травм. Электрический массажер для всего тела имеет функцию микротока, которая помогает улучшить кровообращение в теле и уменьшить болевые ощущения.
Электрический массажер для всего тела имеет функцию акупрессуры, которая помогает улучшить кровообращение в теле и уменьшить болевые ощущения. Электрический массажер для всего тела имеет функцию массажа предплечий, которая помогает улучшить кровообращение в теле и уменьшить болевые ощущения.
Электрический массажер для всего тела имеет функцию массажа плеч, которая помогает улучшить кровообращение в теле и уменьшить болевые ощущения. Электрический массажер для всего тела имеет функцию баночного массажа, которая помогает улучшить кровообращение в теле и уменьшить болевые ощущения.
Электрический массажер для всего тела имеет функцию кругового массажа, которая помогает улучшить кровообращение в теле и уменьшить болевые ощущения. Электрический массажер для всего тела имеет функцию постукания, которая помогает улучшить кровообращение в теле и уменьшить болевые ощущения.
Электрический массажер для всего тела имеет функцию паттинга массажа, которая помогает улучшить кровообращение в теле и уменьшить болевые ощущения. Электрический массажер для всего тела имеет функцию разминающего массажа, который помогает улучшить кровообращение в теле и уменьшить болевые ощущения.
Электрический массажер для всего тела имеет функцию точечного массажа, которая помогает улучшить кровообращение в теле и уменьшить болевые ощущения. Электрический массажер для всего тела имеет функцию защемления ног, которая помогает улучшить кровообращение в теле
Электрический массажер для всего тела - это уникальное устройство, которое поможет вам расслабиться и восстановить силы после долгого рабочего дня. Этот массажер имеет 16 программ массажа, которые помогут вам справиться со стрессом и улучшить самочувствие.
Миостимулятор - это уникальное устройство, которое помогает улучшить кровообращение в теле и ускоряет процесс заживления травм. Электрический массажер для всего тела имеет функцию микротока, которая помогает улучшить кровообращение в теле и уменьшить болевые ощущения.
Электрический массажер для всего тела имеет функцию акупрессуры, которая помогает улучшить кровообращение в теле и уменьшить болевые ощущения. Электрический массажер для всего тела имеет функцию массажа предплечий, которая помогает улучшить кровообращение в теле и уменьшить болевые ощущения.
Электрический массажер для всего тела имеет функцию массажа плеч, которая помогает улучшить кровообращение в теле и уменьшить болевые ощущения. Электрический массажер для всего тела имеет функцию баночного массажа, которая помогает улучшить кровообращение в теле и уменьшить болевые ощущения.
Электрический массажер для всего тела имеет функцию кругового массажа, которая помогает улучшить кровообращение в теле и уменьшить болевые ощущения. Электрический массажер для всего тела имеет функцию постукания, которая помогает улучшить кровообращение в теле и уменьшить болевые ощущения.
Электрический массажер для всего тела имеет функцию паттинга массажа, которая помогает улучшить кровообращение в теле и уменьшить болевые ощущения. Электрический массажер для всего тела имеет функцию разминающего массажа, который помогает улучшить кровообращение в теле и уменьшить болевые ощущения.
Электрический массажер для всего тела имеет функцию точечного массажа, которая помогает улучшить кровообращение в теле и уменьшить болевые ощущения. Электрический массажер для всего тела имеет функцию защемления ног, которая помогает улучшить кровообращение в теле

Способ применения
1.Приложите подушечки к месту, которое вам нужно помассировать; 2.Выберете режим и уровень интенсивности; 3.Установите время процедуры; 4.Затем начнется автоматический обратный отсчет; 5.По истечения времени, устройство выключится автоматически. 6. Включены режимы: Скребковый массаж(Гуаша); Акупунтура (Иглоукалывание); Массаж предплечий; Массаж плеч; Баночный массаж; Круговой массаж; Постукивание; Паттинг массаж; Разминающий массаж; Точечный массаж; Защемление ног;  Массаж ног; Массаж рук; Массаж икр; Массаж ступней; Йога-массаж.
Способ применения
1.Приложите подушечки к месту, которое вам нужно помассировать; 2.Выберете режим и уровень интенсивности; 3.Установите время процедуры; 4.Затем начнется автоматический обратный отсчет; 5.По истечения времени, устройство выключится автоматически. 6. Включены режимы: Скребковый массаж(Гуаша); Акупунтура (Иглоукалывание); Массаж предплечий; Массаж плеч; Баночный массаж; Круговой массаж; Постукивание; Паттинг массаж; Разминающий массаж; Точечный массаж; Защемление ног;  Массаж ног; Массаж рук; Массаж икр; Массаж ступней; Йога-массаж."
324745697,Миостимуляторы,,"Ноги, Плечи, Поясница, Руки, Тело",,"Сменные подушечки для EMS  тренажеров и миостимуляторов. 

Применение: отклеить подушечку старую с миостимулятора, снять защитную пленку со сменной подушечки. Приклеить сменную подушечку, снять защитную пленку с другой стороны.

Подходят для большинства тренажеров-миостимуляторов. 6 шт в комплекте.

Способ применения
Для смены подушечек в миостимуляторах
Способ применения
Для смены подушечек в миостимуляторах"
2133692381,BAOBIOKI,"От сети 220В, Сменная батарея","Голова, Ноги, Шея, Тело, Плечи, Поясница","Антицеллюлитный, Акупунктурный, Вибрационный, Импульсный, Лимфодренажный, Миостимулирующий","Способ применения
1 Извлеките прибор и все электроды из сумки. Внимательно проверьте их на предмет повреждений. При их обнаружении
не используйте прибор, обратитесь в отдел технической поддержки.
2 Перед началом использования вставьте батарейки в отсек
на задней стенке миостимулятора, соблюдая полярность. Можно
использовать прибор с помощью USB-кабеля, подключив к блоку питания, он есть в комплекте.
3 При первом использовании протестируйте электроды в положении лежа или полусидя, чтобы привыкнуть к их воздействию.
4 Рабочую интенсивность необходимо выбирать в соответствии с индивидуальными ощущениями.

!ОБРАТИТЕ ВНИМАНИЕ, что без прикрепления электродов к участкам тела прибор через 3 секунды автоматически отключается во избежание перегрева!
Способ применения
1 Извлеките прибор и все электроды из сумки. Внимательно проверьте их на предмет повреждений. При их обнаружении
не используйте прибор, обратитесь в отдел технической поддержки.
2 Перед началом использования вставьте батарейки в отсек
на задней стенке миостимулятора, соблюдая полярность. Можно
использовать прибор с помощью USB-кабеля, подключив к блоку питания, он есть в комплекте.
3 При первом использовании протестируйте электроды в положении лежа или полусидя, чтобы привыкнуть к их воздействию.
4 Рабочую интенсивность необходимо выбирать в соответствии с индивидуальными ощущениями.

!ОБРАТИТЕ ВНИМАНИЕ, что без прикрепления электродов к участкам тела прибор через 3 секунды автоматически отключается во избежание перегрева!"
1741074914,Миостимуляторы,От порта USB,"Тело, Шея, Ягодицы, Зона декольте, Ноги, Спина","Миостимулирующий, Расслабляющий, Импульсный","Хотите не только привести себя в форму, но и сказать “Нет!” стрессу и усталости? А, может быть, вам нужно справиться с болью в мышцах или быстро восстановиться после тренировок? Это можно сделать, не выходя из дома! Микротоковый массажер поможет вам решить сразу несколько задач!

Прибор выделяет слабый электрический ток, который воздействует на клетки тканей, мускулов и нервные окончания. Микросокращения мышц обогащают кровь кислородом и помогают в снижении веса. В комплекте 8 электродов.

Массажер имеет 15 режимов интенсивности, каждый из которых делает любую программу максимально эффективной!

8 программ, направленных на улучшение и поддержание качества вашего тела:

-1 программа  - снимает напряжение и боль в мышцах.

-2 программа- корректирует работу иммунной системы, запуская процесс выведения продуктов жизнедеятельности бактерий.

-3 программа- помогает проработать глубокие мышцы, которые слабо работают в процессе тренировок: внутренние мышцы бедра, продольные мышцы спины, заднюю поверхность плеча.

-4 программа- имитирует технику массажа, благодаря которой стимулируются биологически активные точки на теле.

-5 программа- активизирует процесс обмена веществ и оказывает комплексное воздействие на организм. Обеспечивает снижение веса и коррекцию фигуры.

-6 программа- имитирует процесс растирания, который активно используется в массаже для улучшения кровообращения.

-7 программа- корректирует физиологические процессы в организме, способствует снятию мышечных спазмов и судорог благодаря локальному воздействию электрических импульсов.

-8 программа - запускает восстановительные и обменные процессы организма, очищает его от шлаков и токсинов.

Электрический массажер также имеет 2 эффективные методики:

-Электростимуляция (EMS)

-Электронейростимуляция (TENS)

В одном миниатюрном приборе скрывается домашний помощник всему организму! Более подробно разобраться в функционале и использовании аппарата можно с помощью русскоязычной инструкции."
1635404945,Миостимуляторы,,"Поясница, Спина, Ягодицы, Тело",Импульсный,"Пояс для похудения - это уникальный продукт, предназначенный для тех, кто хочет эффективно сжигать жировые отложения и получить привлекательную фигуру. Наш пояс для спины является идеальным комбинированным решением, позволяющим достичь желаемых результатов без изнурительных тренировок и строгой диеты. 

Вот почему вам стоит приобрести наш пояс:

1. Мощный жиросжигатель: Наш пояс женский для похудения оснащен инновационной технологией, которая помогает активизировать метаболизм и усилить процесс сжигания жировых клеток. Вам больше не придется напрягаться и утомляться на тренажерах - вы можете эффективно сжигать жир даже во время повседневных дел.

2. Укрепление спины: Наш пояс женский также является отличным поддерживающим средством для спины. Он обеспечивает оптимальную поддержку позвоночнику, снижает нагрузку на поясницу и помогает предотвратить боли в спине, особенно после длительных периодов сидения или интенсивных физических нагрузок.

3. Универсальный размер: Наш мужской пояс имеет универсальный размер, который подходит для большинства людей. Он легко регулируется и обеспечивает оптимальную посадку, обеспечивая вам комфорт и удобство при его использовании.

4. Изготовлен из высококачественных материалов: Мы использовали самые прочные и долговечные материалы при создании нашего пояса. Он прост в уходе, гипоаллергенен и долговечен, что позволяет вам использовать его в течение длительного времени без потери его эффективности.

5. Стильный дизайн: Наш пояс для похудения живота не только функционален, но и привлекателен внешне. Он имеет стильный дизайн, который легко сочетается с любой одеждой, позволяя вам выглядеть модно и уверенно даже во время тренировок.

Не упускайте возможность достичь идеальной фигуры без лишних усилий. Приобретите наш пояс для похудения живота для женщин и наслаждайтесь преимуществами, которые он может предложить вам. Заказывайте прямо сейчас и начните свой путь к здоровой и стройной фигуре!

Способ применения
Рабочая частота- 1-100 Гц. Необходимо полностью зарядить пояс. Во время зарядки цифра 12 мигает красным цветом, при полной зарядке - горит постоянным цветом. Ориентировочное время первой зарядки составляет 2-3 часа. Перед применением необходимо смочить участок кожи, либо использовать крем или гель.
Способ применения
Рабочая частота- 1-100 Гц. Необходимо полностью зарядить пояс. Во время зарядки цифра 12 мигает красным цветом, при полной зарядке - горит постоянным цветом. Ориентировочное время первой зарядки составляет 2-3 часа. Перед применением необходимо смочить участок кожи, либо использовать крем или гель."
2027076988,Миостимуляторы,Сменная батарея,"Ноги, Руки, Тело, Поясница, Ягодицы","Миостимулирующий, Расслабляющий, Разминание, Антицеллюлитный, Импульсный, Вибрационный","!!!! Перед использованием ознакомьтесь с инструкцией и убедитесь, что у вас нет противопоказаний например: (беременности, хронических заболеваний и наличия кардиостимулятора).

Миостимулятор для пресса - это отличное решение, когда совсем нет времени и финансов на занятия в тренажерных залах. Тренажер для пресса предназначен для укрепления мышц и массажа. Во время его работы, вы не испытаете чувства дискомфорта и можете заниматься важными делами. Результат достигается за счёт электрических импульсов, под воздействием которых происходит сокращение мышц. Комплект из трех миостимуляторов позволяет одновременно тренировать пресс и мышцы обеих рук и ног, также у импульсного массажера имеется несколько режимов интенсивности. Пояс миостимулятора может быть использован и как дополнение к физическим упражнениям, и как самостоятельный тренажер. С помощью EMS-Trainer Вы сможете:- повысить упругость и объем мышц;- избавиться от целлюлита;

- достигнуть результатов без потери времени;

- промассировать проблемные участки. Благодаря многофункциональности данного массажера, вы легко усовершенствуете свою программу тренировок и отлично прокачаете тело занимаясь при этом своими делами.

Батарейки типа ААА в комплекте не идут. На 3 насадки необходимо 6 батареек.

Способ применения
1.Установите и закрепите контроллер на передней части ремня 
2.Протрите влажной тряпочкой/сбрызните токопроводящие элементы на внутренней части пояса 3.Наденьте пояс 
4.Включите контроллер нажав на «+», затем, нажимая «+» подберите желаемую интенсивность 5.Нажмите на «M», чтобы выбрать один из 8 режимов работы 
6.Контроллер автоматически выключается через 15 минут работы. Для продолжения работы – включите контроллер еще раз 
7.Для выключения – снижайте интенсивность, нажимая на клавишу «-» до 0 уровня
Способ применения
1.Установите и закрепите контроллер на передней части ремня 
2.Протрите влажной тряпочкой/сбрызните токопроводящие элементы на внутренней части пояса 3.Наденьте пояс 
4.Включите контроллер нажав на «+», затем, нажимая «+» подберите желаемую интенсивность 5.Нажмите на «M», чтобы выбрать один из 8 режимов работы 
6.Контроллер автоматически выключается через 15 минут работы. Для продолжения работы – включите контроллер еще раз 
7.Для выключения – снижайте интенсивность, нажимая на клавишу «-» до 0 уровня"
1235629536,Вос100к City,От порта USB,"Ноги, Руки","Вибрационный, Импульсный, Лечебный","Способ применения
1. Встаньте обеими ногами на массажный коврик. 2. Нажмите на кнопку включения ON. 3. Выберите подходящий вам режим, нажав на кнопку PROGRAM. 4. Во время массажа при необходимости увеличивайте или уменьшайте интенсивность с помощью кнопок INO и DEC.
Способ применения
1. Встаньте обеими ногами на массажный коврик. 2. Нажмите на кнопку включения ON. 3. Выберите подходящий вам режим, нажав на кнопку PROGRAM. 4. Во время массажа при необходимости увеличивайте или уменьшайте интенсивность с помощью кнопок INO и DEC."
1637799989,Миостимуляторы,"От сети 220В, От порта USB","Тело, Поясница, Спина","Антицеллюлитный, Вибрационный, Импульсный, Миостимулирующий","Способ применения
Зарядите контролер до установки на пояс, намочите электроды на внутренней части пояса. Установите контролер, наденьте пояс, включите, нажав +, выберите программу, нажимая М, подберите интенсивность через кнопки + и -. 
Способ применения
Зарядите контролер до установки на пояс, намочите электроды на внутренней части пояса. Установите контролер, наденьте пояс, включите, нажав +, выберите программу, нажимая М, подберите интенсивность через кнопки + и -."
1639172053,Миостимуляторы,"Встроенный аккумулятор, От порта USB","Тело, Поясница, Спина, Ягодицы","Вибрационный, Миостимулирующий, Расслабляющий, Антицеллюлитный, Импульсный, Лимфодренажный","Способ применения
1. Установите и зафиксируйте контролер выбора режима и интенсивности на передней части пояса, как это показано на рисунке. 
2. Распылите немного воды на силиконовую прокладку. Поддерживайте ее влажной на протяжении всей тренировки, для того чтобы пояс мог плотно прилегать к Вашему телу.
3. Закрепите пояс для похудения на Вашей талии.
4. Нажмите клавишу «+» для того чтобы включить массажер. С помощью клавиши «М» выберете 1 из 6 режимов работы. Затем снова нажмите на клавишу «+» для того чтобы отрегулировать интенсивность работы. Наш контролер имеет 9 уровней интенсивности. РЕКОМЕНДУЕТСЯ начинать тренировки с минимальной интенсивностью. В конце тренировки нажимайте клавишу «- » до тех пор, пока индикатор интенсивности не покажет значение «0». Затем снова нажмите клавишу «-» и массажер выключится.
5. После завершения тренировки протрите массажер влажным полотенцем и положите в чистое место. Ни в коем случае не мойте водой!
6. Рекомендовано использовать миостумулятор для пресса 2 раза в день с продолжительностью тренировки в 15 – 30 минут
7. Массажер автоматически выключится в течение 15 минут, если Вы не будете его использовать. Если же Вы хотите продолжить тренировку, то нажмите клавишу «+».
Способ применения
1. Установите и зафиксируйте контролер выбора режима и интенсивности на передней части пояса, как это показано на рисунке. 
2. Распылите немного воды на силиконовую прокладку. Поддерживайте ее влажной на протяжении всей тренировки, для того чтобы пояс мог плотно прилегать к Вашему телу.
3. Закрепите пояс для похудения на Вашей талии.
4. Нажмите клавишу «+» для того чтобы включить массажер. С помощью клавиши «М» выберете 1 из 6 режимов работы. Затем снова нажмите на клавишу «+» для того чтобы отрегулировать интенсивность работы. Наш контролер имеет 9 уровней интенсивности. РЕКОМЕНДУЕТСЯ начинать тренировки с минимальной интенсивностью. В конце тренировки нажимайте клавишу «- » до тех пор, пока индикатор интенсивности не покажет значение «0». Затем снова нажмите клавишу «-» и массажер выключится.
5. После завершения тренировки протрите массажер влажным полотенцем и положите в чистое место. Ни в коем случае не мойте водой!
6. Рекомендовано использовать миостумулятор для пресса 2 раза в день с продолжительностью тренировки в 15 – 30 минут
7. Массажер автоматически выключится в течение 15 минут, если Вы не будете его использовать. Если же Вы хотите продолжить тренировку, то нажмите клавишу «+»."
1623810619,MASAG v PLUS,Встроенный аккумулятор,"Ноги, Плечи, Поясница, Руки, Спина, Ягодицы","Вибрационный, Импульсный, Миостимулирующий, Комбинированный, Разминание, Расслабляющий","Способ применения
Откройте для себя новые возможности комфорта и улучшения здоровья с нашим универсальным микротоковым TENS EMS массажером в прямоугольной форме и двумя массажными пластинами. Это инновационное устройство будет полезным как для похудения, так и для людей с малоподвижным образом жизни, помогая облегчать боли при остеохондрозе и повреждении нервных окончаний. Аппарат изготовлен из гипоаллергенного материала, который бережно заботится о вашей коже, не вызывая раздражения. Наш микротоковый электромассажер для живота, ног и рук - это массажный тренажер, разработанный для эффективного воздействия на проблемные зоны тела. С его 10 режимами массажа и 39 вариантами интенсивности, каждый сможет найти наиболее комфортный режим для себя. TENS EMS массажер особенно рекомендуется для людей, страдающих синдромом усталой спины, так как он целенаправленно воздействует на все отделы позвоночника, от шейного до поясничного, обеспечивая расслабление. Он также отлично подходит для коррекции фигуры и уменьшения объема талии. Электрический миостимулятор открывает новые возможности для вашего самочувствия и физической формы. Представьте себе устройство, которое не только помогает облегчить боли в спине или шее, но также способствует похудению, укрепляя мышцы живота и талии. И все это достигается путем комбинирования электрической стимуляции мышц и массажа для усиления эффекта. Наш портативный массажер компактный и легкий, поэтому его можно использовать в любом месте. Это удивительно удобный инструмент, который будет способствовать здоровью и благополучию всей вашей семьи. Без вибрации, с минимальным шумом и интуитивным интерфейсом, этот прибор легок и прост в использовании.
Способ применения
Откройте для себя новые возможности комфорта и улучшения здоровья с нашим универсальным микротоковым TENS EMS массажером в прямоугольной форме и двумя массажными пластинами. Это инновационное устройство будет полезным как для похудения, так и для людей с малоподвижным образом жизни, помогая облегчать боли при остеохондрозе и повреждении нервных окончаний. Аппарат изготовлен из гипоаллергенного материала, который бережно заботится о вашей коже, не вызывая раздражения. Наш микротоковый электромассажер для живота, ног и рук - это массажный тренажер, разработанный для эффективного воздействия на проблемные зоны тела. С его 10 режимами массажа и 39 вариантами интенсивности, каждый сможет найти наиболее комфортный режим для себя. TENS EMS массажер особенно рекомендуется для людей, страдающих синдромом усталой спины, так как он целенаправленно воздействует на все отделы позвоночника, от шейного до поясничного, обеспечивая расслабление. Он также отлично подходит для коррекции фигуры и уменьшения объема талии. Электрический миостимулятор открывает новые возможности для вашего самочувствия и физической формы. Представьте себе устройство, которое не только помогает облегчить боли в спине или шее, но также способствует похудению, укрепляя мышцы живота и талии. И все это достигается путем комбинирования электрической стимуляции мышц и массажа для усиления эффекта. Наш портативный массажер компактный и легкий, поэтому его можно использовать в любом месте. Это удивительно удобный инструмент, который будет способствовать здоровью и благополучию всей вашей семьи. Без вибрации, с минимальным шумом и интуитивным интерфейсом, этот прибор легок и прост в использовании."
1678827286,Dykemann,"Встроенный аккумулятор, От порта USB","Поясница, Руки, Спина, Шея, Ягодицы","Акупунктурный, Гуаша, Перкусионный, Расслабляющий, Шиацу","Способ применения
Первое использование:
• Извлеките миостимулятор и все аксессуары из коробки. Удалите упаковочные материалы и наклейки.
• Внимательно осмотрите миостимулятор и все аксессуары на наличие дефектов и повреждений. При обнаружении таковых не используйте устройство и обратитесь к продавцу.
• Во время первого использования рекомендуется протестировать миостимулятор, сидя на стуле или лежа, чтобы привыкнуть к воздействию тока.
• Настраивайте интенсивность в соответствии с индивидуальными ощущениями.
Подготовка кожи к проведению сеанса:
1 Определите участок размещения электродов.
2 Очистите кожу мягкой водой с мылом (не используйте спирт), затем насухо промокните бумажным полотенцем.
3 Прикрепите электроды к коже. Убедитесь, что они надежно зафиксированы.
Способ применения
Первое использование:
• Извлеките миостимулятор и все аксессуары из коробки. Удалите упаковочные материалы и наклейки.
• Внимательно осмотрите миостимулятор и все аксессуары на наличие дефектов и повреждений. При обнаружении таковых не используйте устройство и обратитесь к продавцу.
• Во время первого использования рекомендуется протестировать миостимулятор, сидя на стуле или лежа, чтобы привыкнуть к воздействию тока.
• Настраивайте интенсивность в соответствии с индивидуальными ощущениями.
Подготовка кожи к проведению сеанса:
1 Определите участок размещения электродов.
2 Очистите кожу мягкой водой с мылом (не используйте спирт), затем насухо промокните бумажным полотенцем.
3 Прикрепите электроды к коже. Убедитесь, что они надежно зафиксированы."
2213036501,Теплая жизнь,"Внешний источник питания, От порта USB","Зона декольте, Ноги, Область вокруг глаз, Плечи, Поясница, Руки","Акупрессурный, Акупунктурный, Антицеллюлитный, Аэромассаж, Вибрационный","Способ применения
миостимулятор; миостимулятор для тела; миостимулятор для мышц; электростимулятор; тренажер для пресса живота; импульсный массажер; электростимулятор для мышц; электростимулятор мышц; миостимулятор-тренажер; тренажер для живота; тренажер для пресса электрический; массажер для живота для похудения электрический
Способ применения
миостимулятор; миостимулятор для тела; миостимулятор для мышц; электростимулятор; тренажер для пресса живота; импульсный массажер; электростимулятор для мышц; электростимулятор мышц; миостимулятор-тренажер; тренажер для живота; тренажер для пресса электрический; массажер для живота для похудения электрический"
974202799,KEP Ko,"Встроенный аккумулятор, От порта USB","Поясница, Руки, Спина, Зона декольте, Ноги, Плечи","Расслабляющий, Импульсный, Миостимулирующий","Способ применения
1. Подготовка: Убедитесь, что кожа чистая и сухая.

2. Установка электродов: Прикрепите электроды к целевым мышцам, следуя инструкциям.

3. Настройка устройства: Включите миостимулятор и выберите нужный режим и интенсивность.

4. Сеанс: Начните сеанс, постепенно увеличивая интенсивность при необходимости.

5. Завершение: По окончании сеанса аккуратно снимите электроды и очистите их (если многоразовые).

Следуйте рекомендациям производителя и консультируйтесь с врачом при наличии медицинских показаний.
Способ применения
1. Подготовка: Убедитесь, что кожа чистая и сухая.

2. Установка электродов: Прикрепите электроды к целевым мышцам, следуя инструкциям.

3. Настройка устройства: Включите миостимулятор и выберите нужный режим и интенсивность.

4. Сеанс: Начните сеанс, постепенно увеличивая интенсивность при необходимости.

5. Завершение: По окончании сеанса аккуратно снимите электроды и очистите их (если многоразовые).

Следуйте рекомендациям производителя и консультируйтесь с врачом при наличии медицинских показаний."
1848577603,Миостимуляторы,,"Тело, Ноги, Спина",,"Миостимулятор для тела и стоп - это уникальное устройство, которое поможет вам достичь идеальной фигуры и улучшить состояние здоровья. Этот массажер предназначен для тех, кто хочет похудеть без стресса и боли.
Миостимулятор имеет два режима работы - массаж и тренировка. В режиме массажа он помогает расслабиться и снять напряжение с мышц, а в режиме тренировки - активизировать метаболизм и ускорить процесс снижения веса.
Этот массажер имеет высокое качество сборки и надежную работу. Он легко устанавливается на тело или ноги и может использоваться как дома, так и в спа-салоне.
Миостимулятор для тела и стоп - это уникальное устройство, которое поможет вам достичь идеальной фигуры и улучшить состояние здоровья. Этот массажер предназначен для тех, кто хочет похудеть без стресса и боли.
Миостимулятор имеет два режима работы - массаж и тренировка. В режиме массажа он помогает расслабиться и снять напряжение с мышц, а в режиме тренировки - активизировать метаболизм и ускорить процесс снижения веса.
Этот массажер имеет высокое качество сборки и надежную работу. Он легко устанавливается на тело или ноги и может использоваться как дома, так и в спа-салоне."
2153304651,Миостимуляторы,"Встроенный аккумулятор, От порта USB",Ноги,"Миостимулирующий, Расслабляющий, Оздоровительный, Лечебный, Импульсный, Акупунктурный","Представляем инновационный электрический массажер — идеальное решение для тех, кто заботится о здоровье и комфорте своих ног. Этот многофункциональный миостимулятор сочетает в себе современные технологии микротокового воздействия и эффективный массаж, чтобы подарить вашим стопам и ногам настоящее расслабление и восстановление. Наш электромассажер оснащен 8 режимами массажа и 19 уровнями мощности, что позволяет подобрать оптимальные параметры для каждого пользователя. Благодаря этому массажер подходит как для легкого расслабления после долгого дня, так и для интенсивной стимуляции мышц и улучшения кровообращения. Особое внимание уделено удобству использования — массажер выполнен в виде массажного коврика, который легко размещается под стопами. Это делает устройство идеальным массажером для ног, обеспечивая комплексный уход именно там, где это необходимо. Регулярное применение массажера помогает снять усталость, уменьшить отеки и улучшить общее самочувствие. Этот массажер для стоп ног подходит для людей любого возраста и уровня физической активности. Он прекрасно справляется с задачами расслабления после тренировок, а также способствует профилактике варикозного расширения вен и мышечных спазмов. Удобный интерфейс и компактный дизайн делают использование массажера простым и приятным. Если вы хотите подарить своим ногам заботу и восстановление, наш электрический массажер — это то, что вам нужно. Забудьте о боли и усталости, наслаждайтесь легкостью и энергией каждый день! Закажите сейчас этот эффективный миостимулятор и ощутите все преимущества профессионального массажа для ног у себя дома!"
851386359,Lian Beauty Accessories,Сменная батарея,"Шея, Плечи, Тело",Импульсный,"Способ применения
1) Перед использованием желательно смочить кожу шейного отдела позвоночника влажным полотенцем, а затем поместить изделие вокруг шеи. Электроды необходимо разместить ближе к коже шейного отдела позвоночника. Отрегулируйте положение массажера. Включите его, настройте соответствующую интенсивность и режим массажа.
2) Нажмите кнопку [ВКЛ/ВЫКЛ], чтобы войти в режим по умолчанию (положение передачи по умолчанию-0).
3) Нажмите кнопку [M] для переключения режима, доступно 4 режима. 
4) Нажмите [+]/[-] кнопку для регулировки интенсивности (доступно 15 интенсивностей). 
5) Нажмите среднюю кнопку для нагрева.
Способ применения
1) Перед использованием желательно смочить кожу шейного отдела позвоночника влажным полотенцем, а затем поместить изделие вокруг шеи. Электроды необходимо разместить ближе к коже шейного отдела позвоночника. Отрегулируйте положение массажера. Включите его, настройте соответствующую интенсивность и режим массажа.
2) Нажмите кнопку [ВКЛ/ВЫКЛ], чтобы войти в режим по умолчанию (положение передачи по умолчанию-0).
3) Нажмите кнопку [M] для переключения режима, доступно 4 режима. 
4) Нажмите [+]/[-] кнопку для регулировки интенсивности (доступно 15 интенсивностей). 
5) Нажмите среднюю кнопку для нагрева."
2260659089,Beurer,"Встроенный аккумулятор, От сети 220В","Поясница, Спина, Тело, Ягодицы","Антицеллюлитный, Вибрационный, Импульсный, Лимфодренажный, Миостимулирующий, Оздоровительный","Способ применения
1. Установите и зафиксируйте контролер выбора режима и интенсивности на передней части пояса, как это показано на рисунке. (Инструкция находится внутри коробки)
2. Распылите немного воды на силиконовую прокладку. Поддерживайте ее влажной на протяжении всей тренировки, для того чтобы пояс мог плотно прилегать к Вашему телу.
3. Закрепите пояс для похудения на Вашей талии.
4. Нажмите клавишу «+» для того чтобы включить массажер. С помощью клавиши «М» выберете 1 из 6 режимов работы. Затем снова нажмите на клавишу «+» для того чтобы отрегулировать интенсивность работы. Наш контролер имеет 9 уровней интенсивности. РЕКОМЕНДУЕТСЯ начинать тренировки с минимальной интенсивностью. В конце тренировки нажимайте клавишу «- » до тех пор, пока индикатор интенсивности не покажет значение «0». Затем снова нажмите клавишу «-» и массажер выключится.
5. После завершения тренировки протрите массажер влажным полотенцем и положите в чистое место. Ни в коем случае не мойте водой!
6. Рекомендовано использовать миостумулятор для пресса 2 раза в день с продолжительностью тренировки в 15 – 30 минут
Способ применения
1. Установите и зафиксируйте контролер выбора режима и интенсивности на передней части пояса, как это показано на рисунке. (Инструкция находится внутри коробки)
2. Распылите немного воды на силиконовую прокладку. Поддерживайте ее влажной на протяжении всей тренировки, для того чтобы пояс мог плотно прилегать к Вашему телу.
3. Закрепите пояс для похудения на Вашей талии.
4. Нажмите клавишу «+» для того чтобы включить массажер. С помощью клавиши «М» выберете 1 из 6 режимов работы. Затем снова нажмите на клавишу «+» для того чтобы отрегулировать интенсивность работы. Наш контролер имеет 9 уровней интенсивности. РЕКОМЕНДУЕТСЯ начинать тренировки с минимальной интенсивностью. В конце тренировки нажимайте клавишу «- » до тех пор, пока индикатор интенсивности не покажет значение «0». Затем снова нажмите клавишу «-» и массажер выключится.
5. После завершения тренировки протрите массажер влажным полотенцем и положите в чистое место. Ни в коем случае не мойте водой!
6. Рекомендовано использовать миостумулятор для пресса 2 раза в день с продолжительностью тренировки в 15 – 30 минут"
1846562228,kebidu,От порта USB,"Плечи, Поясница, Руки, Ноги, Спина, Тело","Вибрационный, Рефлекторный, Расслабляющий","Напряжение: 3,7 В

Как использовать: A-F (8 режимов) 19 передач

Частота: 1-100HZ

Время работы: 15 минут

Выход: 35 мА максимум

Емкость батареи: 200mAH

Частота: 1 ~ 100 Гц

Вес: 31 г

Цвет: синий, черный

Размер: Как показано на картинке

Особенности:

* 100% абсолютно новый и качественный. 

* Массажная часть: шея / спина / талия / бедро / ноги и другие части. 

* 8 режимов & 19 уровней: Есть различные уровни интенсивности для каждого режима (постукивание, массаж, массаж, выжимание, постукивание, разминание, тренировка, формирование) Пользователи могут выбирать различную интенсивность в соответствии с индивидуальными потребностями.

* Помогает снять усталость, расслабить мышцы, улучшить кровообращение и сжечь жир.

*, В отличие от существующих общих массажных устройств, которые только растирают внешнюю часть мышц, массажер стимулирует и внутреннюю часть сил, чтобы усилить кровообращение эффективно для быстрого восстановления после усталости.

* Небольшой размер, легкий, легко носить и хранить.

Способ применения
Инструкции:

1. Прикрепите прибор к области, где необходимо сделать массаж.

2.Нажмите кнопку ""+ "", чтобы включить его.

3. Нажмите кнопку ""M "", чтобы выбрать нужный режим.

4. Настройте интенсивность массажа, которая вам подходит. Продолжайте нажимать ""+ "" для увеличения интенсивности и ""-"" для уменьшения интенсивности.
Способ применения
Инструкции:

1. Прикрепите прибор к области, где необходимо сделать массаж.

2.Нажмите кнопку ""+ "", чтобы включить его.

3. Нажмите кнопку ""M "", чтобы выбрать нужный режим.

4. Настройте интенсивность массажа, которая вам подходит. Продолжайте нажимать ""+ "" для увеличения интенсивности и ""-"" для уменьшения интенсивности."
1901939760,DagenHealth,"От сети 220В, Сменный аккумулятор (нет в комплекте)","Ягодицы, Тело, Спина, Руки, Плечи, Ноги","Антицеллюлитный, Импульсный, Лечебный, Миостимулирующий, Оздоровительный, Акупунктурный","Способ применения
Подключит миостимулятор к розетке, или установить батарейки. После подключить электроды к телу (Важно! Все электроды должны быть подключены в зависимости от установленного провода на 2 или 4 электроды), обеспечьте полный, плотный контакт всех подключенных электродов к телу. Включите миостимулятор прокрутив колесико сбоку прибора, установив, интенсивность 1. Выберите режим массажа из 9 представленных. Настройте время массажа (по умолчанию установлено 15 минут)
Способ применения
Подключит миостимулятор к розетке, или установить батарейки. После подключить электроды к телу (Важно! Все электроды должны быть подключены в зависимости от установленного провода на 2 или 4 электроды), обеспечьте полный, плотный контакт всех подключенных электродов к телу. Включите миостимулятор прокрутив колесико сбоку прибора, установив, интенсивность 1. Выберите режим массажа из 9 представленных. Настройте время массажа (по умолчанию установлено 15 минут)"
2127479317,Миостимуляторы,"Встроенный аккумулятор, От порта USB",Ноги,"Импульсный, Миостимулирующий","Представляем вашему вниманию уникальный электрический массажер, который подарит вашим ногам незабываемые ощущения и поможет вернуть легкость даже после самого напряженного дня. Этот инновационный миостимулятор – ваш личный помощник в мире релаксации и восстановления. С 8 режимами массажа и 19 уровнями мощности, наш электрический массажер идеально подойдет как для полноценного расслабления, так и для активного восстановления после физических нагрузок. Устали от болей в ногах? Массажер для ног унесет все напряжение, благодаря современным технологиям и тщательно продуманным программам. Электромассажер не только предлагает разнообразные техники массажа, но и работает как массажный коврик, позволяя вам наслаждаться процедурой в любое время и в любом месте. Он обеспечивает глубокое воздействие на точки на стопах, что способствует улучшению кровообращения и снижению усталости. Используя его регулярно, вы сможете забыть о дискомфорте и ощущении тяжести в ногах. Наш массаж для ног разработан с учетом потребностей каждого пользователя. Вы можете настроить устройство в соответствии со своими предпочтениями, выбрав идеальный режим и уровень мощности. Это делает его идеальным вариантом как для вечернего расслабления, так и для активного использования после долгого рабочего дня. Не упустите возможность преобразить свою жизнь с помощью нашего электрического массажера – подарите себе и своим ногам ту заботу, которую они заслуживают. Закажите сейчас и пусть каждый день начинается и заканчивается с легкостью и удовольствием! Вы будете удивлены, насколько быстро и эффективно массажный коврик справится с нагрузками, а миостимулятор вернет вас в форму. Заботьтесь о своих ногах с умом – выбирайте лучшее!"
1423309185,Beurer,Встроенный аккумулятор,Тело,"Миостимулирующий, Расслабляющий","Способ применения
Лечение боли и стимуляция мышц с функцией разогрева
Способ применения
Лечение боли и стимуляция мышц с функцией разогрева"
1957029279,Миостимуляторы,От порта USB,Ноги,"Лимфодренажный, Миостимулирующий, Вибрационный, Импульсный, Расслабляющий","EMS-массажер для ног – избавьтесь от усталости и боли за минуты! 

Устали от тяжести в ногах? Этот микротоковый массажер – ваш персональный врач и спа-терапевт в одном устройстве! Выглядит как компактный коврик, но его импульсы мягко воздействуют на нервные окончания, заставляя мышцы работать. Результат – моментальное снятие боли, тяжести и улучшение кровообращения!  

Почему этот массажер – must-have? 

✔ *Быстрое облегчение* – устраняет дискомфорт после долгого дня на ногах.  

✔ *Стимуляция кровотока* – предотвращает отеки и улучшает кровообращение в ногах.  

✔ *Компактность* – складывается и помещается даже в небольшую сумку.  

✔ *Универсальность* – подходит для  профилактики и расслабления.  

Как это работает?*  

Просто встаньте на коврик – микроимпульсы активируют мышцы, снимая напряжение и возвращая ногам легкость! Без лекарств, без боли – только естественное восстановление.  

Идеально для дома, офиса и путешествий! Не занимает места, а польза для всего организма!  

Попробуйте – и ваши ноги скажут вам «спасибо»!

Закажите EMS-массажер прямо сейчас и забудьте о дискомфорте!"
1807122144,E-Motionize,Встроенный аккумулятор,"Ноги, Поясница, Руки, Шея, Спина",Миостимулирующий,"Массажер-миостимулятор Incentivo, 36 режимов разработан для эффективного расслабления мышц и восстановления после физических нагрузок. Электрический вибромассажер обеспечивает высококачественный уход за телом благодаря использованию современных технологий миостимуляции. Подходит для дома.

С его помощью можно выполнять массаж плеч, спины и других частей тела, что делает устройство универсальным и удобным для ежедневного использования. Миостимулятор работает за счёт мягкого воздействия электрических импульсов, которые помогают снять напряжение, улучшить кровообращение и ускорить восстановление мышц. Это особенно полезно для людей, страдающих от болей в шейно-плечевой зоне из-за сидячего образа жизни или высоких нагрузок.

Incentivo предлагает 36 режимов работы, позволяя выбрать оптимальный уровень интенсивности и тип массажа для шеи, для плеч и для мышц в зависимости от индивидуальных потребностей. Это может быть как лёгкий расслабляющий вибромассаж, так и более интенсивное воздействие для глубокого расслабления мышечных тканей. Устройство прекрасно справляется с устранением усталости, снижением болевых ощущений и поддержанием тонуса мышц.

Компактный дизайн и простота использования делают Incentivo идеальным выбором для домашнего ухода за телом. Управление осуществляется с помощью интуитивно понятной панели, что позволяет легко переключать режимы и регулировать интенсивность массажа. Прочный и эргономичный корпус шейного электро массажера для тела гарантирует длительный срок службы и комфорт даже при длительном применении.

Характеристики:

Количество режимов: 36

Количество режимоы интенсивности: 20

Форма выходной кривой: двухфазные прямоугольные импульсы

Электростимуляция нервов: 1-12 TENS

Электростимуляция мышц: 13-36 EMS

Импульсная мощность: 500 Ом

Длительность импульсов: 100 мкс

Частота импульсов: 0-100 Гц

Емкость акб: литий 300 мАч, заряжается по USB-порту

Время работы: до 30 часов

Питание: 110 – 240 В AC 50/60 Гц, DC 5 В

Материал: пластик"
2117116459,Миостимуляторы,"От порта USB, Встроенный аккумулятор","Голова, Плечи, Руки, Тело, Шея","Миостимулирующий, Рефлекторный, Акупрессурный, Лечебный, Вибрационный","Миостимулятор - это уникальное устройство, которое сочетает в себе функции вибромассажера и тренажера. Это решение для тех, кто хочет поддерживать свое тело в тонусе, бороться с целлюлитом. Представляем вам устройство для массажа – многофункциональный помощник для мужчин и женщин в борьбе за стройную фигуру и здоровую кожу, а также облегчению и устранению болей в мышцах и суставах после нагрузки или других причинах. Электромассажер оснащен электродами, которые передают электрические импульсы в мышцы, стимулируя их сокращение. Это подобно тренировке в спортзале, но без физического усилия. Такой эффект получил название электромассажа. Антицеллюлитный лимфодренажный эффект достигается за счет вибрации и миостимуляции, которые улучшают кровообращение и лимфодренаж, помогая тем самым избавиться от целлюлита и способствуют похудению. Антицеллюлитный вибромассажер незаменимый инструмент в борьбе за гладкую и упругую кожу. Убирает жировые складки и подкожный жир. Аппарат подходит для использования на различных частях тела. Он эффективен для тренировки пресса, массажа и ухода за кожей живота. Благодаря разнообразию настроек и режимов, можно выбрать идеальную программу, технику для своих нужд."
1847458137,Техно Lite,От порта USB,"Ноги, Руки","Вибрационный, Импульсный, Лечебный","Способ применения
1. Встаньте обеими ногами на массажный коврик. 
2. Нажмите на кнопку включения +. 
3. Выберите подходящий вам режим, нажав на кнопку M. 
4. Во время массажа при необходимости увеличивайте или уменьшайте интенсивность с помощью кнопок - и +
Способ применения
1. Встаньте обеими ногами на массажный коврик. 
2. Нажмите на кнопку включения +. 
3. Выберите подходящий вам режим, нажав на кнопку M. 
4. Во время массажа при необходимости увеличивайте или уменьшайте интенсивность с помощью кнопок - и +"
1576474863,Sports Slimming Abs,Встроенный аккумулятор,"Тело, Поясница, Руки, Ягодицы",Вибрационный,"Способ применения
1) Тренажер для пресса имеет пульт управления,  который заряжается от сети (в комплект входит USB провод);
2) Подключить устройство к гелевой подушке и прикрепить на нужную часть тела (живот, руки, бедра);
3) После фиксации аппарата, включить его, нажав на среднюю кнопку;
4) Выберите уровень нагрузки;
5) Рекомендованное время использования 20-30 мин.;
6) Отключение осуществляется путем нажатия на кнопку «OFF».
Способ применения
1) Тренажер для пресса имеет пульт управления,  который заряжается от сети (в комплект входит USB провод);
2) Подключить устройство к гелевой подушке и прикрепить на нужную часть тела (живот, руки, бедра);
3) После фиксации аппарата, включить его, нажав на среднюю кнопку;
4) Выберите уровень нагрузки;
5) Рекомендованное время использования 20-30 мин.;
6) Отключение осуществляется путем нажатия на кнопку «OFF»."
672720845,AND,От сети 220В,"Ноги, Зона декольте, Тело, Ягодицы",Расслабляющий,"Для увеличения эффективности работы массажер  оснащен специальной функцией, которая генерирует отрицательно заряженные ионы – еще они известны как «воздушные витамины». Благодаря этой функции регулярный массаж позволит обрести бодрость и силу, улучшить кровообращение и замедлить процессы старения в организме. Кроме того, вы сможете распрощаться с хронической усталостью и бессонницей. Ионы с отрицательным зарядом, так называемые «воздушные витамины», оптимизируют обменные процессы в организме, содействуют появлению сил и бодрости.

Способ применения
Особенности:
1. Тепловое крепление помогает увеличить циркуляцию для комфорта и расслабления мышц.
2. Это поставляется в комплекте с 4 насадками для массажа, чтобы обеспечить облегчение.
3. Эргономичный дизайн идеально подходит для использования на нижней и верхней части спины, ногах, руках и ногах.
4. Двойная скорость позволяет вам переключаться от мягкого расслабляющего массажа до глубокого бодрящего массажа в зависимости от вашего состояния или потребностей.
5. Этот блок упаковывает достаточно энергии, чтобы тщательно массировать ваше тело, и может путешествовать с вами куда угодно.
6. Лучший массажер для стресса, мышечной боли, жесткости или хронической боли, например, связанных с хронической болью в спине, фибромиалгией, болью в суставах, артритом.
Способ применения
Особенности:
1. Тепловое крепление помогает увеличить циркуляцию для комфорта и расслабления мышц.
2. Это поставляется в комплекте с 4 насадками для массажа, чтобы обеспечить облегчение.
3. Эргономичный дизайн идеально подходит для использования на нижней и верхней части спины, ногах, руках и ногах.
4. Двойная скорость позволяет вам переключаться от мягкого расслабляющего массажа до глубокого бодрящего массажа в зависимости от вашего состояния или потребностей.
5. Этот блок упаковывает достаточно энергии, чтобы тщательно массировать ваше тело, и может путешествовать с вами куда угодно.
6. Лучший массажер для стресса, мышечной боли, жесткости или хронической боли, например, связанных с хронической болью в спине, фибромиалгией, болью в суставах, артритом."
1688913843,Миостимуляторы,Встроенный аккумулятор,"Лицо, Ноги, Область вокруг глаз, Поясница, Руки, Спина",Акупунктурный,"Ручка-массажер акупунктурная предназначена для лечение различных состояний, таких как боли в спине, головные боли, артрит и стресс. Может помочь в улучшении общего самочувствия и снятия напряжения, улучшении сна и улучшении работы органов и систем организма . Акупунктурную ручку массажер можно использовать как косметический массажный аппарат для миостимуляции в области лица, для подтяжки и омоложения кожи и подкожных слоев, для уменьшения морщин и дряблости кожи, связанных со старением. Наш электрический массажёр для лица и тела, также является аналогом иглоукалывания и иглотерапии, помогает уменьшить морщины и дряблость кожи, связанные со старением. Этот электромассажер разработан, чтобы снять напряжение с мышц, облегчить боль и снять приступы мигрени. Она безболезненна и удобна в использовании. Дизайн ручки позволяет точно нажимать на нужные точки без дискомфорта. Электрический массажер может использоваться самостоятельно без необходимости посещения специалиста. Это делает ее доступной и удобной для использования дома или в любом удобном месте. Миостимулятор работает как от батареек так и от сети. Электрическая ручка имеет 5 насадок, 9 режимов работы. Не используйте массажёр во влажных помещениях и в воде. Не используйте для массажа тела при наличии кардиостимулятора или других электронных медицинских устройств для поддержания жизнедеятельности. Перед использованием аппарата, вы можете проконсультироваться с профессионалом для правильного определения точки стимуляции для максимальной эффективности процедуры и избежать возможных негативных последствий. Массажный аппарат для миостимуляции предотвращает атрофию мышц в гипсе.

Использует вашу руку в качестве заземляющего полюса для замыкания цепи, поэтому иногда вы можете чувствовать напряжение в руке, которой его держите, изза большого числа акупунктурных точек на ладонях. Просто слегка измените захват или обхватите устройство большей частью ладони, чтобы усилить эффект. Массажер щиацу электронный идеален для массажа. Этот прибор блестящая замена акупрессуре и иглам. Однако для его успешного применения необходимы достаточно глубокие знания в области рефлексотерапии и соответствующие методические пособия по использованию БАТ и БАЗ.

Способ применения
согласно инструкции
Способ применения
согласно инструкции"
816785634,Миостимуляторы,Встроенный аккумулятор,Тело,"Рефлекторный, Расслабляющий, Миостимулирующий","Способ применения
Применение:
1. Подсоедините колодки к проводу, защелкнув их, затем снимите защитную пленку.
2. Поместите подушечки там, где желательны ощущения массажа. И подключите к одному из портов на устройствах
3. Включите устройство, сдвинув переключатель включения/выключения в верхней части устройства. Устройство будет активировано.
4. Нажмите кнопку режима, чтобы попробовать другой режим.
5. После того, как вы выбрали режим, постепенно увеличивайте интенсивность, нажимая кнопку «+», уменьшайте кнопку «-». (Примечание: нажмите центральную кнопку, чтобы изменить разные каналы)
Способ применения
Применение:
1. Подсоедините колодки к проводу, защелкнув их, затем снимите защитную пленку.
2. Поместите подушечки там, где желательны ощущения массажа. И подключите к одному из портов на устройствах
3. Включите устройство, сдвинув переключатель включения/выключения в верхней части устройства. Устройство будет активировано.
4. Нажмите кнопку режима, чтобы попробовать другой режим.
5. После того, как вы выбрали режим, постепенно увеличивайте интенсивность, нажимая кнопку «+», уменьшайте кнопку «-». (Примечание: нажмите центральную кнопку, чтобы изменить разные каналы)"
1832123592,SILVEL,"Встроенный аккумулятор, От порта USB","Ноги, Руки, Тело, Шея, Поясница, Плечи","Антицеллюлитный, Вибрационный, Импульсный, Миостимулирующий, Оздоровительный, Лимфодренажный","Импульсный массажер (всем известный амплипульс для домашнего применения) – это высокотехнологичный инновационный прибор с увеличенным до 36-ти количеством программ для более широкого спектра применений на различных участках тела человека. EMS импульсы воздействуют на мышцы, а TENS на нервные окончания, кровеносные и лимфатические сосуды. В результате чего осуществляется комплексный массаж всех проблемных, болевых зон организма, который снимает боль, восстанавливает мышцы, кровообращение и отток лимфы. Стимулирует акупунктурные точки под воздействием электронных импульсов, тем самым быстро активизируя кровообращение. Презентабельный вид и качественная премиальная упаковка наполнены атмосферой высокого класса. Можно приобрести в подарок родным и близким, презентовать коллеге по работе или просто другу, ну и как деловой подарок. Он очень популярен и экспортируется на европейский и американский рынки.

 Прибор представляет собой миниатюрную по размерам, ультрамодную, современную перезаряжаемую массажную машину размером с MP4, со встроенным литиевым зарядным устройством, которое является более экономичным, экологически чистым и удобным в переноске, а также может заряжаться напрямую через USB. Массажное устройство представляет собой двухканальный выходной интерфейс. 

 Инновационная технология для вашего здоровья и красоты у вас дома. Миостимулятор - это уникальное устройство, которое сочетает в себе функции вибромассажера и тренажера. Это решение для тех, кто хочет поддерживать свое тело в тонусе, бороться с целлюлитом. Представляем вам устройство для массажа – многофункциональный помощник для мужчин и женщин в борьбе за стройную фигуру и здоровую кожу, а также облегчению и устранению болей в мышцах и суставах после нагрузки или других причинах. Электромассажер оснащен электродами, которые передают электрические импульсы в мышцы, стимулируя их сокращение. Это подобно тренировке в спортзале, но без физического усилия. Такой эффект получил название электромассажа. Антицеллюлитный лимфодренажный эффект достигается за счет вибрации и миостимуляции, которые улучшают кровообращение и лимфодренаж, помогая тем самым избавиться от целлюлита и способствуют похудению. Антицеллюлитный вибромассажер незаменимый инструмент в борьбе за гладкую и упругую кожу. Убирает жировые складки и подкожный жир. Аппарат подходит для использования на различных частях тела. Он эффективен для тренировки пресса, массажа и ухода за кожей живота. Благодаря разнообразию настроек и режимов, можно выбрать идеальную программу, технику для своих нужд. Регулярное использование массажера способствует ускорению обмена веществ, что ведет к сжиганию калорий и уменьшению объемов тела. Предназначен для работы с зонами ног, рук, плеч, шеи, поясницы, живота, бедер и др.

 Характеристики：

36 режимов массажа;

20-ступенчатая регулировка усилия воздействия;

Двухканальный выход

Регулируемый хронометраж до 60 минут

Перезаряжаемая литиевая батарея. Время зарядки 2 часа. Время работы на полностью заряженном аккумуляторе до 6 часов.

 Большим преимуществом является карманный размер для удобства использования в офисе, в дороге, в путешествиях, во время отдыха и т.д.

Легко переносится, компактен и удобен для массажа и восстановления организма.

 Данный высокотехнологичный прибор поможет вам избавиться от целлюлита и улучшить тонус мышц. Вы почувствуете прилив бодрости и сил благодаря эффективному воздействию на ткани тела.

Этот электрический массажер - универсальное устройство для массажа различных частей тела. Он предназначен для шеи, плеч, спины, ног, рук, а также живота и пресса. Массажер сочетает в себе функции антицеллюлитного вибромассажера, перкуссионного микротокового лимфодренажного аппарата и миостимулятора.

Способ применения
Инструкция по применению: 
1. Соедините контакты провода и самоклеящегося электрода, защелкнув их. Вставьте разъем провода в устройство в канал А или В в нижней части прибора. 
2. Очистите область, на которую вы хотите воздействовать.
Пожалуйста убедитесь перед использованием прибора, что на вашей коже в месте использования отсутствуют ожоги или травмы, а так же проследите чтобы кожа была чистой и не содержала следы масел, лосьонов и пр.
3. Снимите защитную пленку с пластыря электрода и приклейте его к необходимой области. Приклейте необходимое количество электродов. 
4. Нажмите и удерживайте 2секунды кнопку “включить” находящуюся в верхнем торце прибора слева. 
5. Нажмите кнопку «М» (клавиша выбора режима MODE),  для выбора одного из двенадцати режимов каждого вида. Всего можно выбрать 36 режимов. 
6. Отрегулируйте интенсивность массажа. Выберете канал кнопкой А/В. Для каждого канала предусмотрена своя отдельная регулировка. На выбор предлагается 20 шагов увеличения интенсивность массажа.
Нажмите «+», чтобы увеличить интенсивность импульса на 1 шаг.
Нажмите «-», чтобы уменьшить интенсивность импульса на 1 шаг.
7.Нажмите кнопку «T», чтобы выбрать время массажа, диапазон выбора времени использования массажа составляет 10-60 минут (кратность 10 единиц) . 
8. Применять 1-2 раза в день

1-2 режим акупунктурный массаж, 3-4  режим игольчатый массаж, 5-6 режим массаж плеч, 7-8 режим шеи, 9-10 баночный массаж, 11-12 режим циркуляционный массаж  EMS 13-14 режим удары молотком , 15-16 режим точечный массаж, 17-18  продавливания пальцами, 19-20 режим сжимания,  21 22 режим ног, 23-24 режим спина,  25-26 массаж ног, 27-28 массаж рук , 29-30 продавливание, 31-32 растирание , 33-34 массаж ступней,35-36 массаж йога.
Способ применения
Инструкция по применению: 
1. Соедините контакты провода и самоклеящегося электрода, защелкнув их. Вставьте разъем провода в устройство в канал А или В в нижней части прибора. 
2. Очистите область, на которую вы хотите воздействовать.
Пожалуйста убедитесь перед использованием прибора, что на вашей коже в месте использования отсутствуют ожоги или травмы, а так же проследите чтобы кожа была чистой и не содержала следы масел, лосьонов и пр.
3. Снимите защитную пленку с пластыря электрода и приклейте его к необходимой области. Приклейте необходимое количество электродов. 
4. Нажмите и удерживайте 2секунды кнопку “включить” находящуюся в верхнем торце прибора слева. 
5. Нажмите кнопку «М» (клавиша выбора режима MODE),  для выбора одного из двенадцати режимов каждого вида. Всего можно выбрать 36 режимов. 
6. Отрегулируйте интенсивность массажа. Выберете канал кнопкой А/В. Для каждого канала предусмотрена своя отдельная регулировка. На выбор предлагается 20 шагов увеличения интенсивность массажа.
Нажмите «+», чтобы увеличить интенсивность импульса на 1 шаг.
Нажмите «-», чтобы уменьшить интенсивность импульса на 1 шаг.
7.Нажмите кнопку «T», чтобы выбрать время массажа, диапазон выбора времени использования массажа составляет 10-60 минут (кратность 10 единиц) . 
8. Применять 1-2 раза в день

1-2 режим акупунктурный массаж, 3-4  режим игольчатый массаж, 5-6 режим массаж плеч, 7-8 режим шеи, 9-10 баночный массаж, 11-12 режим циркуляционный массаж  EMS 13-14 режим удары молотком , 15-16 режим точечный массаж, 17-18  продавливания пальцами, 19-20 режим сжимания,  21 22 режим ног, 23-24 режим спина,  25-26 массаж ног, 27-28 массаж рук , 29-30 продавливание, 31-32 растирание , 33-34 массаж ступней,35-36 массаж йога."
1928806221,Gezatone,"Встроенный аккумулятор, От порта USB","Тело, Спина, Поясница","Миостимулирующий, Импульсный","Способ применения
Перед использованием нанесите токопроводящий гель на электроды для лучшего контакта с кожей. Закрепите пояс на талии, убедившись, что электроды плотно прилегают. Включите устройство, выберите подходящий режим и настройте интенсивность. Продолжительность тренировки зависит от программы (от 6 до 40 минут). После завершения сеанса прибор автоматически отключается. Рекомендуется использовать 5 раз в неделю для достижения заметного результата.

Перед началом использования ознакомьтесь с инструкцией и проконсультируйтесь с врачом, если у вас есть медицинские противопоказания.
Способ применения
Перед использованием нанесите токопроводящий гель на электроды для лучшего контакта с кожей. Закрепите пояс на талии, убедившись, что электроды плотно прилегают. Включите устройство, выберите подходящий режим и настройте интенсивность. Продолжительность тренировки зависит от программы (от 6 до 40 минут). После завершения сеанса прибор автоматически отключается. Рекомендуется использовать 5 раз в неделю для достижения заметного результата.

Перед началом использования ознакомьтесь с инструкцией и проконсультируйтесь с врачом, если у вас есть медицинские противопоказания."
678494675,R&A baby,Встроенный аккумулятор,"Ягодицы, Плечи","Импульсный, Миостимулирующий, Разминание, Вибрационный","Способ применения
1. Очистите зон с помощью чистой воды.
2. Подсоедините зонд к проводу электрода.
3. Убедитесь, что зонд включён и подключите зонд к устройству.
4. Вставьте зонд в область лечения, пока фланец у основания зонда не окажется снаружи (лягте или сядьте и поднимите колени вверх).
5. Нажмите кнопку включения на хост компьютере (пульт управления), чтобы включить устройство.
6. Нажмите ""MODE"", чтобы включить режим.7. Нажимайте ""+"" или ""-"", чтобы регулировать интенсивность.
Способ применения
1. Очистите зон с помощью чистой воды.
2. Подсоедините зонд к проводу электрода.
3. Убедитесь, что зонд включён и подключите зонд к устройству.
4. Вставьте зонд в область лечения, пока фланец у основания зонда не окажется снаружи (лягте или сядьте и поднимите колени вверх).
5. Нажмите кнопку включения на хост компьютере (пульт управления), чтобы включить устройство.
6. Нажмите ""MODE"", чтобы включить режим.7. Нажимайте ""+"" или ""-"", чтобы регулировать интенсивность."
2240897218,Yamaguchi,Встроенный аккумулятор,"Ягодицы, Ноги, Тело","Миостимулирующий, Расслабляющий, Антицеллюлитный, Импульсный, Лимфодренажный, Вибрационный","Способ применения
Прежде, чем начать пользоваться прибором, внимательно прочтите инструкцию по применению, в особенности указания по технике безопасности, и сохраняйте инструкцию по применению для дальнейшего использования. Если Вы передаете прибор другим лицам, передавайте вместе с ним и эту инструкцию по применению. Для достижения наибольшего эффекта рекомендуется перед использованием применять отшелушивающие средства для кожи, чтобы электроды лучше прилегали к коже. Электроды следует приклеивать на чистое сухое тело.

ПОДГОТОВКА К ИСПОЛЬЗОВАНИЮ. Перед первым использованием зарядите устройство с помощью USB кабеля, который идет в комплекте. Достаньте миостимулятор и присоедините пластину с электродами к основному корпусу, устройство готово к использованию.

ИСПОЛЬЗОВАНИЕ. 1. Аккуратно удалите защитный стикер с пластины с электродами, не касаясь пальцами гелевого покрытия, и прикрепите пластину с электродами на ягодицы.
2. Нажмите на кнопку «Power» на пульте управления или на устройстве и удерживайте 3 секунды для включения устройства. Загорится синий индикатор и начнется АВТО программа 1. Нажмите на кнопку «+» для увеличения или кнопку «-» для уменьшения уровня интенсивности тренировки. Всего имеется 15 уровней интенсивности тренировки. Через 25 минут устройство выключится автоматически.
3. Нажмите на кнопку «М» на пульте управления, чтобы включить программу АВТО 2, загорится зеленый световой индикатор. Нажмите на кнопку «+» для увеличения или кнопку «-» для уменьшения уровня интенсивности тренировки. Всего имеется 15 уровней интенсивности тренировки. Через 25 минут устройство выключится автоматически.
4. При плохом контакте электродов с кожей, уровень интенсивности автоматически будет сбрасываться на 0 уровень и через 30 секунд устройство выключится автоматически. Если пластина с элеrтродами плохо крепится к коже, и потеряла свою клейкость, замените ее на новую. Использование пластины с электродами рассчитано на 30-50 применений.
5. Время работы устройства установлено 25 минут по умолчанию. Чтобы отключить устройство, нажмите и удерживайте 3 секунды кнопку «Power». Затем аккуратно снимите пластину с электродами и наклейте защитный стикер.

ЗАРЯДКА. Подключите USB кабель одной стороной к блоку питания, другой в порт для зарядки на миостимуляторе, на дисплее загорится красный индикатор. Когда миостимулятор зарядится, загорится синий индикатор. Используйте блок питания с характеристиками ОС 5В / 200 мА и более. Время полной зарядки занимает не более 1 часа. Во время зарядки прибор не работает.
Способ применения
Прежде, чем начать пользоваться прибором, внимательно прочтите инструкцию по применению, в особенности указания по технике безопасности, и сохраняйте инструкцию по применению для дальнейшего использования. Если Вы передаете прибор другим лицам, передавайте вместе с ним и эту инструкцию по применению. Для достижения наибольшего эффекта рекомендуется перед использованием применять отшелушивающие средства для кожи, чтобы электроды лучше прилегали к коже. Электроды следует приклеивать на чистое сухое тело.

ПОДГОТОВКА К ИСПОЛЬЗОВАНИЮ. Перед первым использованием зарядите устройство с помощью USB кабеля, который идет в комплекте. Достаньте миостимулятор и присоедините пластину с электродами к основному корпусу, устройство готово к использованию.

ИСПОЛЬЗОВАНИЕ. 1. Аккуратно удалите защитный стикер с пластины с электродами, не касаясь пальцами гелевого покрытия, и прикрепите пластину с электродами на ягодицы.
2. Нажмите на кнопку «Power» на пульте управления или на устройстве и удерживайте 3 секунды для включения устройства. Загорится синий индикатор и начнется АВТО программа 1. Нажмите на кнопку «+» для увеличения или кнопку «-» для уменьшения уровня интенсивности тренировки. Всего имеется 15 уровней интенсивности тренировки. Через 25 минут устройство выключится автоматически.
3. Нажмите на кнопку «М» на пульте управления, чтобы включить программу АВТО 2, загорится зеленый световой индикатор. Нажмите на кнопку «+» для увеличения или кнопку «-» для уменьшения уровня интенсивности тренировки. Всего имеется 15 уровней интенсивности тренировки. Через 25 минут устройство выключится автоматически.
4. При плохом контакте электродов с кожей, уровень интенсивности автоматически будет сбрасываться на 0 уровень и через 30 секунд устройство выключится автоматически. Если пластина с элеrтродами плохо крепится к коже, и потеряла свою клейкость, замените ее на новую. Использование пластины с электродами рассчитано на 30-50 применений.
5. Время работы устройства установлено 25 минут по умолчанию. Чтобы отключить устройство, нажмите и удерживайте 3 секунды кнопку «Power». Затем аккуратно снимите пластину с электродами и наклейте защитный стикер.

ЗАРЯДКА. Подключите USB кабель одной стороной к блоку питания, другой в порт для зарядки на миостимуляторе, на дисплее загорится красный индикатор. Когда миостимулятор зарядится, загорится синий индикатор. Используйте блок питания с характеристиками ОС 5В / 200 мА и более. Время полной зарядки занимает не более 1 часа. Во время зарядки прибор не работает."
2156886931,Миостимуляторы,"Сменная батарея, От сети 220В","Голова, Плечи, Руки, Тело, Шея","Миостимулирующий, Рефлекторный, Акупрессурный, Лечебный, Вибрационный","Миостимулятор - это уникальное устройство, которое сочетает в себе функции вибромассажера и тренажера. Это решение для тех, кто хочет поддерживать свое тело в тонусе, бороться с целлюлитом. Представляем вам устройство для массажа – многофункциональный помощник для мужчин и женщин в борьбе за стройную фигуру и здоровую кожу, а также облегчению и устранению болей в мышцах и суставах после нагрузки или других причинах. Электромассажер оснащен электродами, которые передают электрические импульсы в мышцы, стимулируя их сокращение. Это подобно тренировке в спортзале, но без физического усилия. Такой эффект получил название электромассажа. Антицеллюлитный лимфодренажный эффект достигается за счет вибрации и миостимуляции, которые улучшают кровообращение и лимфодренаж, помогая тем самым избавиться от целлюлита и способствуют похудению. Антицеллюлитный вибромассажер незаменимый инструмент в борьбе за гладкую и упругую кожу. Убирает жировые складки и подкожный жир. Аппарат подходит для использования на различных частях тела. Он эффективен для тренировки пресса, массажа и ухода за кожей живота. Благодаря разнообразию настроек и режимов, можно выбрать идеальную программу, технику для своих нужд."
1878229128,Миостимуляторы,"От порта USB, Встроенный аккумулятор",Ноги,"Миостимулирующий, Оздоровительный, Перкусионный","Электрический массажер — это идеальный тренажер для расслабления и восстановления ног. Уникальный дизайн устройства сочетает в себе функциональность и стиль. Поверхность изделия украшена оригинальным узором, который напоминает форму ступней, обеспечивая целенаправленное воздействие на ключевые зоны.Материал коврика обеспечивает приятные тактильные ощущения и легкость в уходе. Массажер предлагает разнообразие режимов, что позволяет пользователю настроить интенсивность процедуры под свои предпочтения. С восемью режимами массажа и девятнадцатью уровнями скорости вы сможете выбрать оптимальную программу для своего комфорта.Коврик подходит как для ежедневного использования, так и для периодического расслабления после долгого рабочего дня. Он помогает улучшить кровообращение, снизить напряжение в мышцах ног и стопах. Микротоковый массаж активизирует обмен веществ в тканях, способствуя общей релаксации.Идеальное решение для тех, кто проводит много времени на ногах или испытывает дискомфорт после физических нагрузок. Компактные размеры позволяют удобно разместить массажер в любом уголке дома или офиса.Электрический массажер станет отличным дополнением к вашему домашнему уходу за собой и поддержанию здоровья ног. Наслаждайтесь качественным отдыхом с этим устройством!"
1729598211,YONGROW,От порта USB,Тело,"Вибрационный, Миостимулирующий","Тренажер для стимуляции мышц тазового дна предназначен для женщин.Мягкая электростимуляция с помощью вагинального зонда помогает укрепить мышцы малого таза и увеличить их силу и выносливость.Регулярное использование тренажеров для мышц может улучшить чувствительность нервов.Это устройство также эффективно помогает в лечении недержания мочи у женщин.Встроенный индикатор времени - 5-10-15-20 минут.Есть три передачи и три режима на выбор, что позволяет выбрать наилучший режим и интенсивность для каждого пользователя.Частота импульсов и длительность сигнала настраиваются таким образом, чтобы стимулировать мышцы максимально эффективно, не вызывая дискомфорта.

Электрический тренажер Кегеля для мышц тазового дна использует электрическую стимуляцию для достижения желаемого эффекта.Асимметричные прямоугольные волны, создаваемые массажером, воздействуют на мышцы, заставляя их сокращаться и расслабляться.Это стимулирует рост и укрепление мышечной ткани, что особенно важно для восстановления и поддержания здоровья мышц тазового дна и брюшного пресса с помощью физических упражнений.

Установите женский ЭМГ-стимулятор для интимных мышц в соответствии с инструкцией.Выберите подходящий режим и установите таймер на требуемое время.Включите устройство для укрепления мышц малого таза и насладитесь сеансом интимной стимуляции мышц, чтобы контролировать ощущения и при необходимости регулировать интенсивность.

Тренажер-стимулятор мышц тазового дна для девочек был создан с учетом всех необходимых мер безопасности.Полимерные калиевые аккумуляторы обеспечивают длительную работу без необходимости частой подзарядки.Компактная и удобная конструкция позволяет легко выполнять упражнения и транспортировать его.

Вагинальные сокращения - это уникальное решение для женщин, стремящихся укрепить мышцы тазового дна, повысить их чувствительность и справиться с проблемами, связанными с дисфункцией.Сочетание передовых технологий, простоты использования и безопасности делает баттерфляй-тренажер для тела и живота, упражнений и стимуляции мышц незаменимым помощником для поддержания здоровья и качества жизни.

особенность：

1.Была увеличена длина белой части, которая может проникать глубже во влагалище и быть более удобной для людей, страдающих ожирением.

2.С обеих сторон имеется по 16 микроэлектрических контактов, которые удваивают укрепляющий вагинальный эффект

3.Интегрированный дизайн с сенсорным экраном, простое и удобное управление.

4.Белая часть выполнена из силикона, который более удобен для прикосновения к влагалищу, а передний зонд можно промыть водой.

Три режима: микроток + нагрев + красный свет

Микроток + синий свет

Микроток + выделение тепла + красный свет + синий свет

Спецификация:

Канал: одноканальный

Частота импульсов: в диапазоне 3 Гц ~ 50 Гц (допуск составляет менее 3%)

Выходной ток: 500 мА

Источник питания: USB

Входное напряжение: 22 В переменного тока

Частота: 50 Гц

Выходное напряжение: DC-5V

Входная мощность: 12 Вт

Условия эксплуатации: температура 0С~38с; влажность 8%-93%

Условия транспортировки и хранения: температура-20с~80с; влажность-8%~93%"
1081520941,VIKTORY,,"Ноги, Поясница, Руки, Спина, Ягодицы",,Сменное основание для универсального микротокового EMS массажера (Код товара: 1027287506)  бабочка с подогревом.
2020690084,Миостимуляторы,"От порта USB, Встроенный аккумулятор","Ноги, Плечи, Поясница, Руки, Тело, Шея","Антицеллюлитный, Вибрационный, Импульсный, Лимфодренажный, Миостимулирующий, Оздоровительный","Импульсный массажер (всем известный амплипульс для домашнего применения) – это высокотехнологичный инновационный прибор с увеличенным до 48-ти количеством программ для более широкого спектра применений на различных участках тела человека. EMS импульсы воздействуют на мышцы, а TENS на нервные окончания, кровеносные и лимфатические сосуды. В результате чего осуществляется комплексный массаж всех проблемных, болевых зон организма, который снимает боль, восстанавливает мышцы, кровообращение и отток лимфы. Стимулирует акупунктурные точки под воздействием электронных импульсов, тем самым быстро активизируя кровообращение. Презентабельный вид и качественная премиальная упаковка наполнены атмосферой высокого класса. Можно приобрести в подарок родным и близким, презентовать коллеге по работе или просто другу, ну и как деловой подарок. Он очень популярен и экспортируется на европейский и американский рынки.

 Прибор представляет собой миниатюрную по размерам, ультрамодную, современную перезаряжаемую массажную машину размером с MP4, со встроенным литиевым зарядным устройством, которое является более экономичным, экологически чистым и удобным в переноске, а также может заряжаться напрямую через USB. Массажное устройство представляет собой двухканальный выходной интерфейс. 

 Инновационная технология для вашего здоровья и красоты у вас дома. Миостимулятор - это уникальное устройство, которое сочетает в себе функции вибромассажера и тренажера. Это решение для тех, кто хочет поддерживать свое тело в тонусе, бороться с целлюлитом. Представляем вам устройство для массажа – многофункциональный помощник для мужчин и женщин в борьбе за стройную фигуру и здоровую кожу, а также облегчению и устранению болей в мышцах и суставах после нагрузки или других причинах. Электромассажер оснащен электродами, которые передают электрические импульсы в мышцы, стимулируя их сокращение. Это подобно тренировке в спортзале, но без физического усилия. Такой эффект получил название электромассажа. Антицеллюлитный лимфодренажный эффект достигается за счет вибрации и миостимуляции, которые улучшают кровообращение и лимфодренаж, помогая тем самым избавиться от целлюлита и способствуют похудению. Антицеллюлитный вибромассажер незаменимый инструмент в борьбе за гладкую и упругую кожу. Убирает жировые складки и подкожный жир. Аппарат подходит для использования на различных частях тела. Он эффективен для тренировки пресса, массажа и ухода за кожей живота. Благодаря разнообразию настроек и режимов, можно выбрать идеальную программу, технику для своих нужд. Регулярное использование массажера способствует ускорению обмена веществ, что ведет к сжиганию калорий и уменьшению объемов тела. Предназначен для работы с зонами ног, рук, плеч, шеи, поясницы, живота, бедер и др.

 Характеристики：

48 режимов массажа;

20-ступенчатая регулировка усилия воздействия;

Четырехканальный выход

Регулируемый хронометраж до 60 минут

Перезаряжаемая литиевая батарея. Время зарядки 2 часа. Время работы на полностью заряженном аккумуляторе до 6 часов.

 Большим преимуществом является карманный размер для удобства использования в офисе, в дороге, в путешествиях, во время отдыха и т.д.

Легко переносится, компактен и удобен для массажа и восстановления организма.

 Данный высокотехнологичный прибор поможет вам избавиться от целлюлита и улучшить тонус мышц. Вы почувствуете прилив бодрости и сил благодаря эффективному воздействию на ткани тела.

Этот электрический массажер - универсальное устройство для массажа различных частей тела. Он предназначен для шеи, плеч, спины, ног, рук, а также живота и пресса. Массажер сочетает в себе функции антицеллюлитного вибромассажера, перкуссионного микротокового лимфодренажного аппарата и миостимулятора."
1967471575,Миостимуляторы,"От порта USB, Сменная батарея","Тело, Ноги, Плечи, Поясница, Спина, Шея",,"Массажер цифровой инструмент для терапии. ВАЖНО! Уважаемые покупатели прочтите инструкцию здесь в описании перед тем как говорить, что прибор не работает! Так же если возникли проблемы с использованием, найдите наши контакты в отзывах и свяжитесь, мы поможем с любым вопросов по аппарату. Не спешите писать негативные отзывы! Регулярное применение миостимулятора способствует: устранению стресса и усталости, снятию эмоциональной нагрузки, избавлению от скованности и тяжести в мышцах при повышенных физических нагрузках или наоборот при малоподвижном образе жизни и сидячей работе. ИНСТРУКЦИЯ: Подключите все элементы к массажеру. Используйте питание массажера или от батареек или от адаптера в комплекте. Далее СНИМИТЕ защитные накладки с электродов. Приложите ВСЕ электроды к телу. После включения аппарата выберете режим и нажмите кнопку БОЛЬШЕ. Появятся импульсы. При каждом нажатии кнопки сила тока увеличивается, а кнопка МЕНЬШЕ уменьшает силу. Безопасный и надежный прибор, легкий, портативный, который удобно носить с собой. Электронные импульсы стимулируют акупунктурные точки давления и улучшают кровоток, массажер снимает боли в спине, плечах, мышечные боли. Массажер имеет 8 различных функций, вплоть до и иглотерапии. Прибор позволяет выполнять различные варианты массажа: постукивание, растирание, давление, разминание, вибрацию. Большой информационный ЖК-экран. Аппарат не требует специальной технической подготовки пользователя при работе с ним. Достаточно использовать прибор 10-15 минут в день, чтобы он принес максимальную пользу организму. МАССАЖЕР ИМЕЕТ 4 НАСАДКИ. Выбрать комплектацию нет возможности. Уважаемые покупатели, пожалуйста, не спешите оставлять негативный отзыв если у вас возникли сложности с использованием прибора или он по какой-то причине не работает свяжитесь, пожалуйста с нами и мы оперативно решим данную проблему. Благодарим за понимание

Способ применения
1. Зарядите аппарат от сети или установите 3 батарейки типа ААА.
2. Подключите 2 кабеля с электродами, убедившись, что они вставлены правильно.
3. Очистите кожу от косметических средств и кожного жира.
4. Расположите электроды на чистую кожу, сняв защитную пленку.
5. Убедитесь, что расстояние между электродами от 7 до 10 см.
6. Включите аппарат кнопкой On/Off.
7. Выберите режим массажа кнопкой Режим.
8. Установите время воздействия кнопкой Время.
9. Регулируйте интенсивность воздействия кнопками Больше и Меньше.
Способ применения
1. Зарядите аппарат от сети или установите 3 батарейки типа ААА.
2. Подключите 2 кабеля с электродами, убедившись, что они вставлены правильно.
3. Очистите кожу от косметических средств и кожного жира.
4. Расположите электроды на чистую кожу, сняв защитную пленку.
5. Убедитесь, что расстояние между электродами от 7 до 10 см.
6. Включите аппарат кнопкой On/Off.
7. Выберите режим массажа кнопкой Режим.
8. Установите время воздействия кнопкой Время.
9. Регулируйте интенсивность воздействия кнопками Больше и Меньше."
1611087960,Миостимуляторы,"Встроенный аккумулятор, От порта USB",Руки,"Миостимулирующий, Оздоровительный, Расслабляющий","Ищете эффективное средство борьбы с бессонницей, которое поможет вам улучшить качество сна? Представляем ваш идеальный выбор – микротоковый массажёр для сна. Этот инновационный прибор создан специально для тех, кто стремится улучшить свое самочувствие и вернуть спокойствие после напряженного дня. Микротоковый массажёр работает по принципу миостимуляции, обеспечивая мягкий и глубокий массаж, который стимулирует кровообращение и способствует расслаблению мышц. Это устройство станет незаменимым помощником в уходе за вашим здоровьем и красотой, помогая снизить уровень стресса и улучшить общее состояние организма.

Преимущества микротокового массажёра включают не только борьбу с бессонницей, но и общее укрепление нервной системы. Легкие импульсы, генерируемые устройством, оказывают положительное влияние на ваши биологические ритмы, нормализуя их и способствуя здоровому, глубокому сну. Регулярное использование этого аксессуара способствует улучшению работы всего организма: улучшается работа кровеносной и лимфатической систем, снижается уровень стресса, повышается сопротивляемость к внешним раздражителям.

Этот массажёр отличается простотой в использовании и компактным размером, что делает его удобным для применения как дома, так и в путешествиях. Прочная конструкция и качественные материалы гарантируют долговечность и надежность устройства. Массажёр идеально подходит для всех типов кожи, не вызывая раздражений или неприятных ощущений, что особенно важно для ежедневного применения.

Основные характеристики массажёра включают удобный интерфейс, несколько режимов интенсивности, возможность настройки под индивидуальные нужды и предпочтения пользователя. Работает от аккумулятора, заряжается от USB, что делает его мобильным и позволяет наслаждаться терапевтическим эффектом в любом месте и в любое время.

Подарите себе и своим близким спокойный и здоровый сон с микротоковым массажёром. Улучшите качество жизни и ощутите отличные результаты уже после первых сеансов использования. Этот массажёр станет вашим надежным спутником в борьбе с бессонницей и предоставит долгожданное расслабление и комфорт. Теперь вы сможете просыпаться бодрым и полным энергии, готовым к новым свершениям и достижениям.

Хранение и уход:

● Храните устройство при комнатной температуре и в сухом месте. 

● Не перегружайте массажер, чтобы избежать повреждения аккумулятора. 

● Если устройство не используется долгое время, протирайте его мягкой тканью и храните в коробке. 

● Очищайте внешнюю поверхность устройства мягкой тканью, смоченной в воде с добавлением небольшого количества нейтрального моющего средства. 

Использование: 

● Перед использованием убедитесь, что массажер заряжен. 

● Нажмите кнопку включения/выключения, чтобы включить массажер.

● Выберите режим работы с помощью переключателя режимов. 

● Регулируйте интенсивность воздействия микротоков с помощью кнопок на дисплее.

 Режимы работы Массажер имеет два режима работы: 

● Спящий режим — для расслабления и подготовки ко сну. 

● Пробуждение — для стимуляции и бодрости. Каждый режим имеет 15 уровней интенсивности воздействия микротоков. 

Меры предосторожности: 

● Не используйте массажер с имплантированными медицинскими приборами, такими как кардиостимуляторы. 

● Не применяйте массажер при проблемах с кожей, таких как раны, экзема, волдыри или шелушение. 

● Не используйте массажер во влажных местах, например, в ванной комнате. Рекомендации по улучшению сна 

● Используйте массажер только по назначению. 

● Не разбирайте, не ремонтируйте и не модифицируйте массажер без разрешения производителя. ● Не давайте массажер детям младше 6 лет. 

Управление: 

● Длительное нажатие на светодиодный дисплей для переключения режимов. 

● Короткое нажатие на переключатель режимов для выбора между спящим и пробуждением. 

● Короткое нажатие на дисплей для регулировки интенсивности воздействия микротоков.

Не упустите возможность приобрести микротоковый стимулятор для рук по специальной цене! Добавьте его в свою корзину прямо сейчас и начните наслаждаться крепким сном уже завтра! #микротоковыйстимулятор #улучшениесна #бессонница #инновация

Способ применения
● Перед использованием убедитесь, что массажер заряжен.
 ● Нажмите кнопку включения/выключения, чтобы включить массажер.
 ● Выберите режим работы с помощью переключателя режимов.
 ● Регулируйте интенсивность воздействия микротоков с помощью кнопок на дисплее.

Режимы работы

Массажер имеет два режима работы:

 ● Спящий режим — для расслабления и подготовки ко сну.
 ● Пробуждение — для стимуляции и бодрости.

Каждый режим имеет 15 уровней интенсивности воздействия микротоков.

Меры предосторожности

 ● Не используйте массажер с имплантированными медицинскими приборами, такими как кардиостимуляторы.
 ● Не применяйте массажер при проблемах с кожей, таких как раны, экзема, волдыри или шелушение.
 ● Не используйте массажер во влажных местах, например, в ванной комнате.

Рекомендации по улучшению сна

 ● Используйте массажер только по назначению.
 ● Не разбирайте, не ремонтируйте и не модифицируйте массажер без разрешения производителя.
 ● Не давайте массажер детям младше 6 лет.

Управление

 ● Длительное нажатие на светодиодный дисплей для переключения режимов.
 ● Короткое нажатие на переключатель режимов для выбора между спящим и пробуждением.
 ● Короткое нажатие на дисплей для регулировки интенсивности воздействия микротоков.
Способ применения
● Перед использованием убедитесь, что массажер заряжен.
 ● Нажмите кнопку включения/выключения, чтобы включить массажер.
 ● Выберите режим работы с помощью переключателя режимов.
 ● Регулируйте интенсивность воздействия микротоков с помощью кнопок на дисплее.

Режимы работы

Массажер имеет два режима работы:

 ● Спящий режим — для расслабления и подготовки ко сну.
 ● Пробуждение — для стимуляции и бодрости.

Каждый режим имеет 15 уровней интенсивности воздействия микротоков.

Меры предосторожности

 ● Не используйте массажер с имплантированными медицинскими приборами, такими как кардиостимуляторы.
 ● Не применяйте массажер при проблемах с кожей, таких как раны, экзема, волдыри или шелушение.
 ● Не используйте массажер во влажных местах, например, в ванной комнате.

Рекомендации по улучшению сна

 ● Используйте массажер только по назначению.
 ● Не разбирайте, не ремонтируйте и не модифицируйте массажер без разрешения производителя.
 ● Не давайте массажер детям младше 6 лет.

Управление

 ● Длительное нажатие на светодиодный дисплей для переключения режимов.
 ● Короткое нажатие на переключатель режимов для выбора между спящим и пробуждением.
 ● Короткое нажатие на дисплей для регулировки интенсивности воздействия микротоков."
2075424410,DiMarket,"От сети 220В, Сменная батарея","Тело, Ноги, Плечи, Руки, Ягодицы, Спина","Антицеллюлитный, Импульсный, Миостимулирующий, Шиацу","Массажер электрический для всего тела,стоп,рук,живот,шея используется для лечения, похудения,физиотерапии, а также как антицеллюлитный массажер! Обратите внимание,что без прикрепления электродов к участкам тела аппарат через 3секунды автоматически отключается во избежании перегрева. Электростимулятор для всего организма – идеальный электромасссажер для домашней физиотерапии, лечения, реабилитации, похудения и расслабления. Теперь не нужно тратиться на дорогостоящие процедуры в медицинских центрах и массажистов. Электро массажер EMS во время работы задействует в работу все группы мышц, пресса, поможет расслабиться после трудового дня вашим ногам импульсным массажем. С помощью электродов, сами сможете регулировать на какие мышцы воздействовать, на обрабатываемую зону накладываются специальные накожные электроды. Через них на нервные окончания подаются электрические импульсы, которые заставляют мышцы сокращаться. После процедуры активизируется рост мышечных волокон, нормализуется работа лимфатической системы и кровообращения, ускоряются обменные процессы в организме и многое другое. Мини массажер помогает восстановиться после перенесенных травм, операций и болезней, после спорта, фитнеса, вы сможете успешно применять его для лечения невралгии, заболеваний костно-мышечной ткани. Электростимулятор для всего тела можно использовать в четырёх терапевтических режимах:массаж, шиацу, вибрационное постукивание, а также иглоукалывание.В приборе объедено девять режимов этой процедуры, а возможность выбирать из десяти уровней интенсивности позволяет использовать электромассажер людьми с разной чувствительностью.Сеанс рассчитан на 15 минут, после чего прибор отключится. Благодаря использованию импульсного массажера,позволяет повысить эффективность укрепления мышц шеи, спины, головы,ног, а также улучшить кровообращение и общий тонус организма,подарок на новый год дедушке,бабушке.Он также помогает восстановить нервную систему и иммунитет, антицеллюлитный подойдет девушкам женщинам.Отлично подойдет как подарок другу, подруге или коллеге на Новый год, девушке или жене на 14 февраля, парню, брату, мужчине или мужу на 23 февраля, маме или сестре на 8 марта

Способ применения
Электромассаж через электроды на любую часть тела
Способ применения
Электромассаж через электроды на любую часть тела"
2229892999,Yamaguchi,Сменная батарея,"Тело, Ноги, Плечи, Поясница, Руки, Шея","Антицеллюлитный, Вибрационный, Миостимулирующий, Оздоровительный, Лимфодренажный, Разминание","СДЕЛАЙТЕ ТРЕНИРОВКУ ЕЩЕ ЛЕГЧЕ!

EMS тренировка — это новая ступень в развитии фитнеса. Уникальная технология миостимуляции мышц в комплексе с физическими упражнениями дает незамедлительный результат. Эффективность таких упражнений в 5-10 раз превышает обычные занятия фитнесом. В результате таких тренировок все мышцы начинают сокращаться, кровоток увеличивается, жировые отложения начинают отделяться от подвижных мышц. Общее ощущение от такого воздействия на тело — легкость в управлении телом, как после фитнес-тренировки.

Способ применения
Универсальный пульт управления Yamaguchi подходит ко всем миостимуляторам Yamaguchi
Способ применения
Универсальный пульт управления Yamaguchi подходит ко всем миостимуляторам Yamaguchi"
1917171431,Миостимуляторы,"Встроенный аккумулятор, От порта USB","Ноги, Плечи, Поясница, Руки, Спина, Тело","Акупрессурный, Гуаша, Импульсный, Расслабляющий, Шиацу, Миостимулирующий","Представляем вашему вниманию электрический миостимулятор массажер домашний для всего тела. Этот инновационный прибор разработан для удобного и эффективного использования в домашних условиях, обеспечивая расслабление и восстановление мышц после напряженного дня. Незаменимый помощник для тех, кто стремится к подтянутой фигуре и желает проработать проблемные зоны, такие как живот, спина или бедра.
Миостимулятор сочетает в себе современную технологию электромиостимуляции, что позволяет активно воздействовать на мышцы, стимулируя их сокращение и расслабление с помощью электрических импульсов. Это помогает улучшить кровообращение, ускорить метаболизм и при этом уменьшить мышечные боли. Используя массажер, вы сможете не только избавиться от напряжения, но и достичь желаемого результата в процессе похудения.
Электрический массажер подходит для различных участков тела: спины, живота, рук и ног. Легкий и компактный, он станет отличным дополнением к вашим занятиям спортом или фитнесом. Простота в использовании и возможность адаптации под ваши индивидуальные предпочтения делают его идеальным для любого пользователя.
Вы оцените удобные функции и программные настройки, которые позволяют выбрать наиболее эффективный режим для вашего тела. С помощью этого миостимулятора вы сможете создать собственную программу тренировок, не выходя из дома. Массажёр также отлично подходит для расслабления после физической активности или длительного сидения за компьютером.
Регулярное применение массажера способствует улучшению общего самочувствия, а также дарит энергию и позитивный настрой. Он станет вашим верным спутником на пути к гармонии и здоровью. Попробуйте этот уникальный электромассажёр и откройте для себя новые грани ухода за телом и души!
Не упустите возможность сделать шаг к лучшей версии себя с помощью нашего миостимулятора массажера для всего тела.
Представляем вашему вниманию электрический миостимулятор массажер домашний для всего тела. Этот инновационный прибор разработан для удобного и эффективного использования в домашних условиях, обеспечивая расслабление и восстановление мышц после напряженного дня. Незаменимый помощник для тех, кто стремится к подтянутой фигуре и желает проработать проблемные зоны, такие как живот, спина или бедра.
Миостимулятор сочетает в себе современную технологию электромиостимуляции, что позволяет активно воздействовать на мышцы, стимулируя их сокращение и расслабление с помощью электрических импульсов. Это помогает улучшить кровообращение, ускорить метаболизм и при этом уменьшить мышечные боли. Используя массажер, вы сможете не только избавиться от напряжения, но и достичь желаемого результата в процессе похудения.
Электрический массажер подходит для различных участков тела: спины, живота, рук и ног. Легкий и компактный, он станет отличным дополнением к вашим занятиям спортом или фитнесом. Простота в использовании и возможность адаптации под ваши индивидуальные предпочтения делают его идеальным для любого пользователя.
Вы оцените удобные функции и программные настройки, которые позволяют выбрать наиболее эффективный режим для вашего тела. С помощью этого миостимулятора вы сможете создать собственную программу тренировок, не выходя из дома. Массажёр также отлично подходит для расслабления после физической активности или длительного сидения за компьютером.
Регулярное применение массажера способствует улучшению общего самочувствия, а также дарит энергию и позитивный настрой. Он станет вашим верным спутником на пути к гармонии и здоровью. Попробуйте этот уникальный электромассажёр и откройте для себя новые грани ухода за телом и души!
Не упустите возможность сделать шаг к лучшей версии себя с помощью нашего миостимулятора массажера для всего тела.

Способ применения
1.Приложите подушечки к месту, которое вам нужно помассировать; 2.Выберете режим и уровень интенсивности; 3.Установите время процедуры; 4.Затем начнется автоматический обратный отсчет; 5.По истечения времени, устройство выключится автоматически. 6. Включены режимы: Скребковый массаж(Гуаша); Акупунтура (Иглоукалывание); Массаж предплечий; Массаж плеч; Баночный массаж; Круговой массаж; Постукивание; Паттинг массаж; Разминающий массаж; Точечный массаж; Защемление ног;  Массаж ног; Массаж рук; Массаж икр; Массаж ступней; Йога-массаж.
Способ применения
1.Приложите подушечки к месту, которое вам нужно помассировать; 2.Выберете режим и уровень интенсивности; 3.Установите время процедуры; 4.Затем начнется автоматический обратный отсчет; 5.По истечения времени, устройство выключится автоматически. 6. Включены режимы: Скребковый массаж(Гуаша); Акупунтура (Иглоукалывание); Массаж предплечий; Массаж плеч; Баночный массаж; Круговой массаж; Постукивание; Паттинг массаж; Разминающий массаж; Точечный массаж; Защемление ног;  Массаж ног; Массаж рук; Массаж икр; Массаж ступней; Йога-массаж."
1606776232,RedPower,Встроенный аккумулятор,"Ноги, Поясница, Руки, Спина, Шея, Ягодицы","Антицеллюлитный, Комбинированный, Лечебный, Лимфодренажный, Миостимулирующий, Расслабляющий","Способ применения
Наклеить насадку на тело, Подключить датчик. Долгое удерживание кнопки Power включит аппарат. Выберите силу режима нажатием на кнопку ВОЛНА. Отрегулируйте силу + или - Миостимулятор автоматически выключится через 20 минут работы.
Способ применения
Наклеить насадку на тело, Подключить датчик. Долгое удерживание кнопки Power включит аппарат. Выберите силу режима нажатием на кнопку ВОЛНА. Отрегулируйте силу + или - Миостимулятор автоматически выключится через 20 минут работы."
2160869640,KIATURE,,"Голова, Руки, Шея, Плечи, Тело, Ноги","Лечебный, Миостимулирующий, Оздоровительный","Способ применения
48 функцитимӕ зонгӕ кӕнын
TENS 
1 массаж 2 дзӕбугӕй цырд цӕф 3 Судзинаг Нывонд 4 банкӕтӕй хуыссын кӕнын 5 Иммуномодуляцигӕнӕг 6 меридианты массаж 7 Бӕрджытӕ 8 смӕллӕг 9 Гуашь-ша 10 тӕвд компресс 11 Фӕсонты Массаж 12 Бӕрзӕйы Массаж 13 астӕуыстӕджы Массаж 14 Уӕхтӕнджы Массаж 15 сӕртӕ 16 къахы ӕрхӕджытӕ
EMS 
17 артаджы бак 18 мидӕггаг стъӕлфыты тасындзӕг 19 цыкурайы фӕрдыг 20 къӕхты массаж 21 Смӕллӕг 22 спорт 23 Хъылцыхъо 24 активаци 25 гипноз 26 Дӕнгӕл массаж тъӕпӕн армы тъӕпӕнтӕй 27 Ризгӕ массаж 28 Басудзӕггаг, - ггӕгтӕ 29 Гуыбыны Массаж 30 ӕлхъывд хъусӕн 31 Шиацу 32 минас Кӕныны Техникӕ
MASS
33 Физиотерапевтон массаж 34 Хӕцъӕфты Стимуляци 35 Тайцзийы Комплексон массаж 36 Хӕцъӕфты Стъӕлфӕн 37 меридиантӕ 38 Бӕрджытӕ 39 смӕллӕг 40 Гуа-ша 41 Уӕзы Сӕфт 42 спорт 43 Хъылцыхъо 44 активаци 45 артаджы бак 46 Мидӕггаг стъӕлфӕнтӕ Сфидар Кӕнын 47 цыкурайы фӕрдыг дӕхӕдӕг ӕй сараз 48 меридиантӕ
Способ применения
48 функцитимӕ зонгӕ кӕнын
TENS 
1 массаж 2 дзӕбугӕй цырд цӕф 3 Судзинаг Нывонд 4 банкӕтӕй хуыссын кӕнын 5 Иммуномодуляцигӕнӕг 6 меридианты массаж 7 Бӕрджытӕ 8 смӕллӕг 9 Гуашь-ша 10 тӕвд компресс 11 Фӕсонты Массаж 12 Бӕрзӕйы Массаж 13 астӕуыстӕджы Массаж 14 Уӕхтӕнджы Массаж 15 сӕртӕ 16 къахы ӕрхӕджытӕ
EMS 
17 артаджы бак 18 мидӕггаг стъӕлфыты тасындзӕг 19 цыкурайы фӕрдыг 20 къӕхты массаж 21 Смӕллӕг 22 спорт 23 Хъылцыхъо 24 активаци 25 гипноз 26 Дӕнгӕл массаж тъӕпӕн армы тъӕпӕнтӕй 27 Ризгӕ массаж 28 Басудзӕггаг, - ггӕгтӕ 29 Гуыбыны Массаж 30 ӕлхъывд хъусӕн 31 Шиацу 32 минас Кӕныны Техникӕ
MASS
33 Физиотерапевтон массаж 34 Хӕцъӕфты Стимуляци 35 Тайцзийы Комплексон массаж 36 Хӕцъӕфты Стъӕлфӕн 37 меридиантӕ 38 Бӕрджытӕ 39 смӕллӕг 40 Гуа-ша 41 Уӕзы Сӕфт 42 спорт 43 Хъылцыхъо 44 активаци 45 артаджы бак 46 Мидӕггаг стъӕлфӕнтӕ Сфидар Кӕнын 47 цыкурайы фӕрдыг дӕхӕдӕг ӕй сараз 48 меридиантӕ"
1964207995,Beurer,"Встроенный аккумулятор, От порта USB","Тело, Поясница, Спина, Ягодицы","Вибрационный, Миостимулирующий, Антицеллюлитный, Лечебный, Разминание, Импульсный","Способ применения
1. Установите и зафиксируйте контролер выбора режима и интенсивности на передней части пояса для похудения, как это показано на рисунке. (Инструкция находится внутри коробки)
2. Распылите немного воды на силиконовую прокладку тренажера для пресса. Поддерживайте ее влажной на протяжении всей тренировки, для того чтобы пояс мог плотно прилегать к Вашему телу.
3. Закрепите миостимулятор для похудения на Вашей талии.
4. Нажмите клавишу «+» для того чтобы включить массажер. С помощью клавиши «М» выберете 1 из 6 режимов работы. Затем снова нажмите на клавишу «+» для того чтобы отрегулировать интенсивность работы. Наш контролер имеет 9 уровней интенсивности. РЕКОМЕНДУЕТСЯ начинать тренировки с минимальной интенсивностью. В конце тренировки нажимайте клавишу «- » до тех пор, пока индикатор интенсивности не покажет значение «0». Затем снова нажмите клавишу «-» и массажер выключится.
5. После завершения тренировки протрите электрический массажер влажным полотенцем и положите в чистое место. Ни в коем случае не мойте водой!
6. Рекомендовано использовать миостумулятор для пресса 2 раза в день с продолжительностью тренировки в 15 – 30 минут
7. Массажер автоматически выключится в течение 15 минут, если Вы не будете его использовать. Если же Вы хотите продолжить тренировку, то нажмите клавишу «+».
Способ применения
1. Установите и зафиксируйте контролер выбора режима и интенсивности на передней части пояса для похудения, как это показано на рисунке. (Инструкция находится внутри коробки)
2. Распылите немного воды на силиконовую прокладку тренажера для пресса. Поддерживайте ее влажной на протяжении всей тренировки, для того чтобы пояс мог плотно прилегать к Вашему телу.
3. Закрепите миостимулятор для похудения на Вашей талии.
4. Нажмите клавишу «+» для того чтобы включить массажер. С помощью клавиши «М» выберете 1 из 6 режимов работы. Затем снова нажмите на клавишу «+» для того чтобы отрегулировать интенсивность работы. Наш контролер имеет 9 уровней интенсивности. РЕКОМЕНДУЕТСЯ начинать тренировки с минимальной интенсивностью. В конце тренировки нажимайте клавишу «- » до тех пор, пока индикатор интенсивности не покажет значение «0». Затем снова нажмите клавишу «-» и массажер выключится.
5. После завершения тренировки протрите электрический массажер влажным полотенцем и положите в чистое место. Ни в коем случае не мойте водой!
6. Рекомендовано использовать миостумулятор для пресса 2 раза в день с продолжительностью тренировки в 15 – 30 минут
7. Массажер автоматически выключится в течение 15 минут, если Вы не будете его использовать. Если же Вы хотите продолжить тренировку, то нажмите клавишу «+»."
2067306667,Миостимуляторы,,"Плечи, Руки, Спина, Тело, Шея, Ягодицы",,"ВНИМАНИЕ!!! 

Зарядное устройство не входит в комплект, только кабель USB

Многофункциональный мини массажер применяется для снятиe бoли в мышцaх человека с применением современных компьютeрных теxнoлогий в сочетании с пpинципами тpaдициoнной китайскoй мeдицины. После применения массажера снимаются боли, улучшается общее самочувствие, благодаря повышению циркуляции крови в организме и насыщению её кислородом. Прибор разработан в соответствии с анатомическими особенностями скелета человека и его биологически активными точками. Многофункциональный мини массажер применяется для массажа шеи, плеч, спины, живота, поясницы, ягодицы и ног. Повышая циркуляцию крови и обогащая ее кислородом, снимается мышечное напряжение, увеличивается защитные функции организма, улучшается внешний вид кожи, она становится более эластичной и упругой."
1699405564,Миостимуляторы,"От порта USB, Сменная батарея","Ноги, Поясница, Руки, Спина, Тело, Ягодицы",Миостимулирующий,"Миостимулятор массажер импульсный электрический для тела (для пресса, для мышц) EMS - это современное устройство, которое поможет вам поддерживать свое тело в тонусе и улучшить состояние мышц.

Устройство предназначено для использования на различных частях тела, включая пресс и мышцы. Оно обеспечивает эффективную стимуляцию мышц, помогая улучшить их тонус и форму.

Миостимулятор массажер импульсный электрический для тела EMS оснащен технологией EMS, которая обеспечивает более интенсивную и глубокую стимуляцию мышц. 

Это позволяет быстрее достичь желаемых результатов и улучшить общее состояние организма.

Устройство имеет компактные размеры и легкий вес, что делает его удобным для использования в домашних условиях.

Миостимулятор массажер импульсный электрический для тела EMS от DIGITAL THERAPY MACHINE - это надежный и эффективный инструмент для поддержания вашего тела в форме."
1926253286,DiMarket,"От сети 220В, Сменная батарея","Тело, Ноги, Плечи, Руки, Ягодицы, Спина","Антицеллюлитный, Импульсный, Миостимулирующий, Шиацу","Массажер электрический для всего тела,стоп,рук,живот,шея используется для лечения, похудения,физиотерапии, а также как антицеллюлитный массажер! Обратите внимание,что без прикрепления электродов к участкам тела аппарат через 3секунды автоматически отключается во избежании перегрева. Электростимулятор для всего организма – идеальный электромасссажер для домашней физиотерапии, лечения, реабилитации, похудения и расслабления. Теперь не нужно тратиться на дорогостоящие процедуры в медицинских центрах и массажистов. Электро массажер EMS во время работы задействует в работу все группы мышц, пресса, поможет расслабиться после трудового дня вашим ногам импульсным массажем. С помощью электродов, сами сможете регулировать на какие мышцы воздействовать, на обрабатываемую зону накладываются специальные накожные электроды. Через них на нервные окончания подаются электрические импульсы, которые заставляют мышцы сокращаться. После процедуры активизируется рост мышечных волокон, нормализуется работа лимфатической системы и кровообращения, ускоряются обменные процессы в организме и многое другое. Мини массажер помогает восстановиться после перенесенных травм, операций и болезней, после спорта, фитнеса, вы сможете успешно применять его для лечения невралгии, заболеваний костно-мышечной ткани. Электростимулятор для всего тела можно использовать в четырёх терапевтических режимах:массаж, шиацу, вибрационное постукивание, а также иглоукалывание.В приборе объедено девять режимов этой процедуры, а возможность выбирать из десяти уровней интенсивности позволяет использовать электромассажер людьми с разной чувствительностью.Сеанс рассчитан на 15 минут, после чего прибор отключится. Благодаря использованию импульсного массажера,позволяет повысить эффективность укрепления мышц шеи, спины, головы,ног, а также улучшить кровообращение и общий тонус организма,подарок на новый год дедушке,бабушке.Он также помогает восстановить нервную систему и иммунитет, антицеллюлитный подойдет девушкам женщинам.Отлично подойдет как подарок другу, подруге или коллеге на Новый год, девушке или жене на 14 февраля, парню, брату, мужчине или мужу на 23 февраля, маме или сестре на 8 марта

Способ применения
Электромассаж через электроды на любую часть тела
Способ применения
Электромассаж через электроды на любую часть тела"
,,,,,
1268488360,Sports Slimming Abs,"Встроенный аккумулятор, От порта USB","Тело, Поясница, Руки, Ягодицы","Вибрационный, Миостимулирующий, Расслабляющий, Антицеллюлитный, Импульсный, Лимфодренажный","Способ применения
1) Тренажер для пресса имеет пульт управления,  который заряжается от сети (в комплект входит USB провод);
2) Подключить устройство к гелевой подушке и прикрепить на нужную часть тела (живот, руки, бедра);
3) После фиксации аппарата, включить его, нажав на клавишу ""+""
4) Выберите уровень нагрузки с помощью клавиши ""М"", подобрав 1 из 6 режимов работы. Затем снова нажмите на клавишу ""+""  для того чтобы отрегулировать интенсивность работы. Наш контролер имеет 18 уровней интенсивности. РЕКОМЕНДУЕТСЯ начинать тренировки с минимальной интенсивностью. В конце тренировки нажимайте на клавишу ""-"" до тех пор, пока индикатор интенсивности не покажет значение ""0"". Затем снова нажмите клавишу ""-"" и массажер выключится.
5) Рекомендованное время использования 20-30 мин.;
6) Отключение осуществляется путем нажатия на клавишу ""-"".
7) Если вы забыли выключить массажер, то он автоматически выключится в течение 20 секунд. 
Способ применения
1) Тренажер для пресса имеет пульт управления,  который заряжается от сети (в комплект входит USB провод);
2) Подключить устройство к гелевой подушке и прикрепить на нужную часть тела (живот, руки, бедра);
3) После фиксации аппарата, включить его, нажав на клавишу ""+""
4) Выберите уровень нагрузки с помощью клавиши ""М"", подобрав 1 из 6 режимов работы. Затем снова нажмите на клавишу ""+""  для того чтобы отрегулировать интенсивность работы. Наш контролер имеет 18 уровней интенсивности. РЕКОМЕНДУЕТСЯ начинать тренировки с минимальной интенсивностью. В конце тренировки нажимайте на клавишу ""-"" до тех пор, пока индикатор интенсивности не покажет значение ""0"". Затем снова нажмите клавишу ""-"" и массажер выключится.
5) Рекомендованное время использования 20-30 мин.;
6) Отключение осуществляется путем нажатия на клавишу ""-"".
7) Если вы забыли выключить массажер, то он автоматически выключится в течение 20 секунд."
1630317759,DiMarket,"От сети 220В, Сменная батарея","Тело, Ноги, Плечи, Руки, Ягодицы, Спина","Антицеллюлитный, Импульсный, Миостимулирующий, Шиацу","Массажер электрический для всего тела,стоп,рук,живот,шея используется для лечения, похудения,физиотерапии, а также как антицеллюлитный массажер! Обратите внимание,что без прикрепления электродов к участкам тела аппарат через 3секунды автоматически отключается во избежании перегрева. Электростимулятор для всего организма – идеальный электромасссажер для домашней физиотерапии, лечения, реабилитации, похудения и расслабления. Теперь не нужно тратиться на дорогостоящие процедуры в медицинских центрах и массажистов. Электро массажер EMS во время работы задействует в работу все группы мышц, пресса, поможет расслабиться после трудового дня вашим ногам импульсным массажем. С помощью электродов, сами сможете регулировать на какие мышцы воздействовать, на обрабатываемую зону накладываются специальные накожные электроды. Через них на нервные окончания подаются электрические импульсы, которые заставляют мышцы сокращаться. После процедуры активизируется рост мышечных волокон, нормализуется работа лимфатической системы и кровообращения, ускоряются обменные процессы в организме и многое другое. Мини массажер помогает восстановиться после перенесенных травм, операций и болезней, после спорта, фитнеса, вы сможете успешно применять его для лечения невралгии, заболеваний костно-мышечной ткани. Электростимулятор для всего тела можно использовать в четырёх терапевтических режимах:массаж, шиацу, вибрационное постукивание, а также иглоукалывание.В приборе объедено девять режимов этой процедуры, а возможность выбирать из десяти уровней интенсивности позволяет использовать электромассажер людьми с разной чувствительностью.Сеанс рассчитан на 15 минут, после чего прибор отключится. Благодаря использованию импульсного массажера,позволяет повысить эффективность укрепления мышц шеи, спины, головы,ног, а также улучшить кровообращение и общий тонус организма,подарок на новый год дедушке,бабушке.Он также помогает восстановить нервную систему и иммунитет, антицеллюлитный подойдет девушкам женщинам.Отлично подойдет как подарок другу, подруге или коллеге на Новый год, девушке или жене на 14 февраля, парню, брату, мужчине или мужу на 23 февраля, маме или сестре на 8 марта

Способ применения
Электромассаж через электроды на любую часть тела
Способ применения
Электромассаж через электроды на любую часть тела"
2268118171,Furellia,,,,
2196644281,Sports Slimming Abs,"Встроенный аккумулятор, От порта USB","Тело, Поясница, Руки, Ягодицы","Вибрационный, Миостимулирующий, Расслабляющий, Антицеллюлитный, Импульсный, Лимфодренажный","Способ применения
1) Тренажер для пресса имеет пульт управления,  который заряжается от сети (в комплект входит USB провод);
2) Подключить устройство к гелевой подушке и прикрепить на нужную часть тела (живот, руки, бедра);
3) После фиксации аппарата, включить его, нажав на клавишу ""+""
4) Выберите уровень нагрузки с помощью клавиши ""М"", подобрав 1 из 6 режимов работы. Затем снова нажмите на клавишу ""+""  для того чтобы отрегулировать интенсивность работы. Наш контролер имеет 18 уровней интенсивности. РЕКОМЕНДУЕТСЯ начинать тренировки с минимальной интенсивностью. В конце тренировки нажимайте на клавишу ""-"" до тех пор, пока индикатор интенсивности не покажет значение ""0"". Затем снова нажмите клавишу ""-"" и массажер выключится.
5) Рекомендованное время использования 20-30 мин.;
6) Отключение осуществляется путем нажатия на клавишу ""-"".
7) Если вы забыли выключить массажер, то он автоматически выключится в течение 20 секунд. 
Способ применения
1) Тренажер для пресса имеет пульт управления,  который заряжается от сети (в комплект входит USB провод);
2) Подключить устройство к гелевой подушке и прикрепить на нужную часть тела (живот, руки, бедра);
3) После фиксации аппарата, включить его, нажав на клавишу ""+""
4) Выберите уровень нагрузки с помощью клавиши ""М"", подобрав 1 из 6 режимов работы. Затем снова нажмите на клавишу ""+""  для того чтобы отрегулировать интенсивность работы. Наш контролер имеет 18 уровней интенсивности. РЕКОМЕНДУЕТСЯ начинать тренировки с минимальной интенсивностью. В конце тренировки нажимайте на клавишу ""-"" до тех пор, пока индикатор интенсивности не покажет значение ""0"". Затем снова нажмите клавишу ""-"" и массажер выключится.
5) Рекомендованное время использования 20-30 мин.;
6) Отключение осуществляется путем нажатия на клавишу ""-"".
7) Если вы забыли выключить массажер, то он автоматически выключится в течение 20 секунд."
1695278117,EMS,Сменная батарея,"Руки, Спина, Плечи, Шея, Ягодицы, Тело","Антицеллюлитный, Вибрационный, Импульсный, Лимфодренажный, Миостимулирующий, Оздоровительный","Способ применения
• Тщательно обезжирьте кожу того участка тела, на который собираетесь ставить тренажёр
• Прикрепите изделие и убедитесь, что оно плотно зафиксировано на коже
• Включите устройство и выберите уровень нагрузки. Вы должны не только чувствовать, но и видеть, как ваши мускулы интенсивно сокращаются под воздействием импульсов
• Рекомендованное время использования — около 23-25 минут
• Дальше вы можете заниматься своими делами - смотреть телевизор, готовить ужин, читать книги. В это время микростимуляторы будут воздействовать на мышцы и ""подтягивать"" их. 
• После окончания сеанса тренировки снимите пояс с поверхности тела и обработайте антисептическим раствором
Способ применения
• Тщательно обезжирьте кожу того участка тела, на который собираетесь ставить тренажёр
• Прикрепите изделие и убедитесь, что оно плотно зафиксировано на коже
• Включите устройство и выберите уровень нагрузки. Вы должны не только чувствовать, но и видеть, как ваши мускулы интенсивно сокращаются под воздействием импульсов
• Рекомендованное время использования — около 23-25 минут
• Дальше вы можете заниматься своими делами - смотреть телевизор, готовить ужин, читать книги. В это время микростимуляторы будут воздействовать на мышцы и ""подтягивать"" их. 
• После окончания сеанса тренировки снимите пояс с поверхности тела и обработайте антисептическим раствором"
1611839977,VakaRU,Встроенный аккумулятор,"Плечи, Руки, Поясница, Тело, Спина, Шея","Импульсный, Вибрационный, Миостимулирующий",
1601384956,Миостимуляторы,"От сети 220В, Сменная батарея","Плечи, Руки, Спина, Шея, Тело, Ягодицы","Миостимулирующий, Оздоровительный, Импульсный, Акупунктурный, Лечебный, Антицеллюлитный","Многофункциональный и универсальный инновационный портативный массажёр – это то, что нужно для полного оздоровления вашего тела и достижения идеальной формы! Этот электрический прибор может использоваться для массажа ног, шеи, спины, поясницы, живота, стоп, мышц пресса, ягодиц и конечно антицеллюлитного массажа! Это домашний бытовой аппарат, который поможет вам избавиться от усталости, отеков и боли! 

Тренажер подготавливает даже очень слабые и обленившиеся мышцы к регулярным нагрузкам, помогает восстановиться после перенесенных травм, операций и болезней. Вы сможете успешно применять его для лечения невралгии, заболеваний костно-мышечной ткани, да и просто для поддержания прекрасного самочувствия!

Этот медицинский миостимулятор эффективно устраняет целлюлит, улучшает тонус кожи, подтягивает мышцы и делает их более упругими. Он также имеет функцию лимфодренажа, которая помогает выводить шлаки и токсины из организма, улучшает кровообращение и общее состояние здоровья!

Прибор имеет несколько насадок, которые позволяют выбрать оптимальный режим массажа для каждой зоны тела. Например, для рук есть специальные перчатки-электроды, которые мягко массируют кожу и улучшают ее цвет и текстуру! Для тела электроды-накладки, которые эффективно устраняют болевой синдром в мышцах и суставах, борются с целлюлитом  подтягивают кожу на бедрах и ягодицах!

Дополнительная вагинальная насадка зонд-кегеля!

Решает разные задачи: недержание мочи, опущение органов, пролапс, подготовка мышц к беременности и родам! Подходит для любого возраста! Вагинальный зонд повышает сексуальную чувствительность, а также укрепляет интимные мышцы и сужает влагалище! Вагинальный тренажер кегеля рекомендуют гинекологи по всей России!

Тренажёр работает на электростимуляции, имеет 8 программ и 12 основных функций, которые можно выбрать в зависимости от целей массажа. 

Идеальный выбор для тех, кто хочет достичь здоровья и красоты без походов в салоны красоты и фитнес-центры!

Способ применения
Обрабатывать женский зонд нужно хлоргексидином (не спиртосодержащим..)можно использовать антибактериальный спрей, салфетка которая в комплекте содержит спирт 75%(опасно для металла) – такой комплект идет для мед.учреждений, когда используется одноразово.
Способ применения
Обрабатывать женский зонд нужно хлоргексидином (не спиртосодержащим..)можно использовать антибактериальный спрей, салфетка которая в комплекте содержит спирт 75%(опасно для металла) – такой комплект идет для мед.учреждений, когда используется одноразово."
1179248041,Yellow Panda,,"Лицо, Область вокруг глаз",,"1. Логопедический массажер Панда (мульти) многоскоростной - предназначен для проведения массажа лица и подготовки артикуляционного аппарата, мышц рта к последующим занятиям с логопедом. Проведение орально-моторной терапии способствует улучшению оральных движений (сенсорная стимуляция). Логопедический массажер состоит из пластикового корпуса-трубочки с помещенным внутрь вибрирующим механизмом. Вибрирующий механизм приводится в действие элементом питания AA, путем поворота ребристой части в основании

. Скорость вибрации (больше вибрация или меньше) зависит от поворота ребристой части. Основа логопедического массажера – вибрация.

Вибрации массажера воздействуют на язык, губы, внутреннюю и наружную поверхность щек, подбородок.

Вследствие этого воздействия происходит расслабление органов артикуляционного аппарата, приводя мышцы в тонус и активизируя чувствительность. Виды массажа зависят от выбора используемых насадок.

Режим вибрации массажера МНОГОСКОРОСТНОЙ!

Работают от батареек АА

2.Насадка для логопедического массажера «Рыбка» используется при наружном логопедическом массаже губ, щек, подбородка «приводя» мышцы в расслабленное состояние (при наличии гипертонуса этих мышц). Внешняя поверхность с текстурой используется для растирания и активизации. При использовании внутренней поверхности насадки для логопедического массажера можно проводить массаж артикуляционного аппарата (язык и внутренняя поверхность щек).

В данном случае массаж будет активизировать работу языка и щек (при наличии гипотонуса).

3.Логостимулон-насадка «Бабочка» для логопедического массажера

Логостимулон-насадка Бабочка при использовании вызывает расслабление мышц, усиливают микроциркуляцию, активизируют лимфо- и кровообращение артикуляционного аппарата. Во время направленного массажа происходит увеличение кровенаполнения периферийных сосудов раздраженного участка и увеличение кровотока в крупных и мелких сосудах, находящихся в этой области.-Также насадка Бабочка может использоваться как вестибулярная пластинка, помогая контролировать вредные привычки, и станет отличным помощником для облегчения специфической тонизирующей работы губ, щечных мышц, оральных френул.-Насадку можно использовать как подъемник для языка.

4.Насадка «Кукуруза» для логопедического массажера Насадка для логопедического массажера «Кукуруза» позволяет приводить в тонус (активизировать) лицевые мышцы при гипотонусе. Использование этой насадки (массаж языка) позволит поставить звук «Р» в течение нескольких занятий. Для этого используется принцип «искусственного заведения «моторчика» на кончике языка. При этом использовании насадки происходит массаж (попеременно) нижней и верхней внешней части окологубного пространства рта и формирование навыка удерживания губ в сомкнутой положении. Также эта насадка хорошо подойдет для массажа десен малышам, у кого режутся зубки

5.Насадка для логопедического массажера Утконос имеет несколько рабочих поверхностей.Прежде всего это поверхности для массажа - с одной стороны плоская поверхность предназначена для расслабления мышц, с другой стороны игольчатая –для активизации, для обкола (нажатия) с прокачиванием, перетирания, мягкого массажа внутренней поверхности щек, окологубного пространства, нижней поверхности языка.Использование этой насадки по краям (крыльям) языка, активизирует подвижность языка., или расслабляет. Третья рабочая поверхность – это Носик , в виде силиконовой бусины, им можно делать массаж биологически активных точек (БАТ), а можно использовать и для постановки звука, ""Р"", ""С"" и ""Ш""

7.Насадка «Лопатка» для логопедического массажера Насадка выполнена из прозрачного упругого силикона. Все стороны этой насадки являются рабочими: обратная сторона имеет округлую гладкую форму и при массаже расслабляет мышцы лица (поглаживание без вибрации, похлопывание).

Насадка исполнена 2 в 1, то есть подходит и для использования с присоской. Заменив пластиковую воронку на эту прозрачную насадку, получаем более точное оборудование для проведения пассивной гимнастики «для языка». Насадка имеет короткий неровный край для расположенной близко к кончику языка подъязычной связки («уздечки»), а прозрачность насадки позволит увидеть участок захватываемого.

8. ЛОГОБУСИНЫ 4 шт , mix При использовании этого тренажера улучшается подвижность мышц артикуляционного аппарата, и как следствие улучшается дикция. Для применения тренажер одеть на толстую нить или шелковый шнур.

 

ОБРАБОТКА НАСАДОК СИЛИКОНОВЫХ и ЛОГОБУСИН:

1. После использования насадки промыть в проточной воде

2. Замочить в дез.средстве типа оптимакс, аламинол мин 15-30( читаем инструкцию вашего дезсредства)

3. Промыть проточной водой

4. Теплообработка( сухожар, кипячение , гласперленовый стерилизатор)-15-20 минут( читаем инструкцию вашего оборудование)

5. Уф- стерилизатор, или бокс для хранения , или крафт пакеты

ОБРАБОТКА ВИБРОМАССАЖЕРА ПАНДА и ВОРОНКИ ОТ ПРИСОСКИ :

1. протереть спирт салфеткой , дез.средством.

2. уф- стерилизатор"
2229892826,Yamaguchi,,"Ноги, Тело, Ягодицы","Миостимулирующий, Импульсный, Комбинированный, Расслабляющий",
857380821,Миостимуляторы,Сменный аккумулятор (нет в комплекте),Тело,"Вакуумный, Миостимулирующий, Расслабляющий, Оздоровительный, Лечебный, Лимфодренажный",
1386041638,Annouche,,"Тело, Поясница",,"10 режимов электростимуляции: Наш EMS абдоминальный тренажер предлагает 10 различных режимов стимуляции мышц, чтобы мгновенно создать 6-пак.    

Высококачественные материалы и легкость очистки: Наши электродные подушки для живота изготовлены из первоклассных материалов, которые не требуют замены. Их можно легко очистить влажной тряпкой.           

Незаменимый домашний фитнес-тренажер: В отличие от других абдоминальных тренажеров, требующих частой замены гелевых подушек, наш тренажер обеспечивает долгосрочное использование и высокую стоимость в долгосрочной перспективе.   

 Жиросжигатель для женщин: Это устройство для моделирования фигуры стимулирует мышцы, помогая вам быстро сжигать упрямые жировые отложения и целлюлит на животе.                  

Удобный и портативный домашний тренажер: Легкий вес всего несколько унций и универсальный дизайн позволяют использовать этот абдоминальный тренажер в любое время и в любом месте незаметно для окружающих. Это идеальное портативное устройство для тренировки пресса."
1664925229,Meteai,,"Лицо, Шея","Расслабляющий, Миостимулирующий, Комбинированный","EMS массажер для лица, стимулятор мышц, лифтинг лица, красота глаз, устройство для шеи, подтяжка лица, подтяжка кожи, против морщин

Функция: подтяжка кожи, омоложение кожи, против морщин, лифтинг

Источник питания: USB-зарядное устройство

Напряжение: 3,7 В

Как использовать: A-F (8 режимов), 19 передач.

Частота: 1-100 Гц

Время работы: 15 минут

Выход: максимум 35 мА

Емкость аккумулятора: 200 мАч

Частота: 1 ~ 100 Гц

Функции:

1. Маленький и легкий дизайн.

2. 8 режимов и 19 передач. Он имеет 8 режимов и 19 передач, которые удовлетворяют потребности разных людей.

3. Используйте 15 минут, что эквивалентно 200 массажам лица.

4. Сжигание жира, локальная потеря веса, красота, боли в шее и шее.

5. Массаж акупунктурных точек тела для снятия усталости и улучшения функций организма.

【Микротоковая и модернизированная массажная головка EMS】

В лифтере для лица используется микроток EMS и двойная высокочастотная микровибрация, чтобы подтянуть и подтянуть кожу, улучшить эластичность мышечных волокон лица, активировать активность коллагена и добиться похудения лица. Более того, модернизированная массажная головка может в четыре раза увеличить эффект похудения лица."
1618331464,Meteai,Встроенный аккумулятор,"Тело, Спина, Зона декольте",Миостимулирующий,"Для того помочь Вам достичь лучшей формы,  наша команда разработала идеальное тренировочное устройство: оно позволяет вам сжигать жир и тренировать мышцы, не выходя из дома.

Необходимо лишь заниматься с нашим миостимулятором  два раза в день по 15 минут,  и вы увидите уже первые результаты тренировок не более чем через 3 месяца.

Массажер для пресса позволяет тренировать мышцы живота и формировать тело так, как вы этого хотите.

Все, что вам нужно сделать — это надеть пояс на Вашу талию, выбрать 1 из 6 запрограммированных режимов работы с интенсивностью от 1 до 9 для каждого режима и наслаждаться строением Вашего нового тела.

Наш миостимулятор - это Ваш проводник в мир стройного и подтянутого тела.

Способ применения
• Тщательно обезжирьте кожу того участка тела, на который собираетесь ставить тренажёр
• Прикрепите изделие и убедитесь, что оно плотно зафиксировано на коже
• Включите устройство и выберите уровень нагрузки. Вы должны не только чувствовать, но и видеть, как ваши мускулы интенсивно сокращаются под воздействием импульсов
• Рекомендованное время использования — около 23-25 минут
• Дальше вы можете заниматься своими делами - смотреть телевизор, готовить ужин, читать книги. В это время микростимуляторы будут воздействовать на мышцы и ""подтягивать"" их. 
• После окончания сеанса тренировки снимите пояс с поверхности тела и обработайте антисептическим раствором
Способ применения
• Тщательно обезжирьте кожу того участка тела, на который собираетесь ставить тренажёр
• Прикрепите изделие и убедитесь, что оно плотно зафиксировано на коже
• Включите устройство и выберите уровень нагрузки. Вы должны не только чувствовать, но и видеть, как ваши мускулы интенсивно сокращаются под воздействием импульсов
• Рекомендованное время использования — около 23-25 минут
• Дальше вы можете заниматься своими делами - смотреть телевизор, готовить ужин, читать книги. В это время микростимуляторы будут воздействовать на мышцы и ""подтягивать"" их. 
• После окончания сеанса тренировки снимите пояс с поверхности тела и обработайте антисептическим раствором"
1998119580,Миостимуляторы,Встроенный аккумулятор,"Плечи, Шея, Поясница, Ноги, Тело","Импульсный, Рефлекторный, Расслабляющий, Миостимулирующий, Оздоровительный","Способ применения
Применение и инструкция
Шаг 1: Подготовка устройства

Очистите кожу в области применения (спина, плечи, поясница) от загрязнений и влаги.

Шаг 2: Настройка параметров

Выберите режим через ЖК-дисплей: 8 вариантов (постукивание, разминание, шиацу и др.).
Настройте интенсивность (19 уровней) кнопками ""+"" и ""-"".

Шаг 3: Применение

Приклейте гелевые накладки на целевую зону (избегайте области сердца и открытых ран).
Запустите сеанс длительностью 15 минут – устройство автоматически отключится по завершении.

Рекомендации по безопасности

Не используйте при беременности, сердечных заболеваниях или высокой температуре .
Для чувствительной кожи начинайте с 1-3 уровня интенсивности
Способ применения
Применение и инструкция
Шаг 1: Подготовка устройства

Очистите кожу в области применения (спина, плечи, поясница) от загрязнений и влаги.

Шаг 2: Настройка параметров

Выберите режим через ЖК-дисплей: 8 вариантов (постукивание, разминание, шиацу и др.).
Настройте интенсивность (19 уровней) кнопками ""+"" и ""-"".

Шаг 3: Применение

Приклейте гелевые накладки на целевую зону (избегайте области сердца и открытых ран).
Запустите сеанс длительностью 15 минут – устройство автоматически отключится по завершении.

Рекомендации по безопасности

Не используйте при беременности, сердечных заболеваниях или высокой температуре .
Для чувствительной кожи начинайте с 1-3 уровня интенсивности"
1611087965,Миостимуляторы,"Встроенный аккумулятор, От порта USB",Руки,"Миостимулирующий, Оздоровительный, Расслабляющий","Ищете эффективное средство борьбы с бессонницей, которое поможет вам улучшить качество сна? Представляем ваш идеальный выбор – микротоковый массажёр для сна. Этот инновационный прибор создан специально для тех, кто стремится улучшить свое самочувствие и вернуть спокойствие после напряженного дня. Микротоковый массажёр работает по принципу миостимуляции, обеспечивая мягкий и глубокий массаж, который стимулирует кровообращение и способствует расслаблению мышц. Это устройство станет незаменимым помощником в уходе за вашим здоровьем и красотой, помогая снизить уровень стресса и улучшить общее состояние организма.

Преимущества микротокового массажёра включают не только борьбу с бессонницей, но и общее укрепление нервной системы. Легкие импульсы, генерируемые устройством, оказывают положительное влияние на ваши биологические ритмы, нормализуя их и способствуя здоровому, глубокому сну. Регулярное использование этого аксессуара способствует улучшению работы всего организма: улучшается работа кровеносной и лимфатической систем, снижается уровень стресса, повышается сопротивляемость к внешним раздражителям.

Этот массажёр отличается простотой в использовании и компактным размером, что делает его удобным для применения как дома, так и в путешествиях. Прочная конструкция и качественные материалы гарантируют долговечность и надежность устройства. Массажёр идеально подходит для всех типов кожи, не вызывая раздражений или неприятных ощущений, что особенно важно для ежедневного применения.

Основные характеристики массажёра включают удобный интерфейс, несколько режимов интенсивности, возможность настройки под индивидуальные нужды и предпочтения пользователя. Работает от аккумулятора, заряжается от USB, что делает его мобильным и позволяет наслаждаться терапевтическим эффектом в любом месте и в любое время.

Подарите себе и своим близким спокойный и здоровый сон с микротоковым массажёром. Улучшите качество жизни и ощутите отличные результаты уже после первых сеансов использования. Этот массажёр станет вашим надежным спутником в борьбе с бессонницей и предоставит долгожданное расслабление и комфорт. Теперь вы сможете просыпаться бодрым и полным энергии, готовым к новым свершениям и достижениям.

Хранение и уход:

● Храните устройство при комнатной температуре и в сухом месте. 

● Не перегружайте массажер, чтобы избежать повреждения аккумулятора. 

● Если устройство не используется долгое время, протирайте его мягкой тканью и храните в коробке. 

● Очищайте внешнюю поверхность устройства мягкой тканью, смоченной в воде с добавлением небольшого количества нейтрального моющего средства. 

Использование: 

● Перед использованием убедитесь, что массажер заряжен. 

● Нажмите кнопку включения/выключения, чтобы включить массажер.

● Выберите режим работы с помощью переключателя режимов. 

● Регулируйте интенсивность воздействия микротоков с помощью кнопок на дисплее.

 Режимы работы Массажер имеет два режима работы: 

● Спящий режим — для расслабления и подготовки ко сну. 

● Пробуждение — для стимуляции и бодрости. Каждый режим имеет 15 уровней интенсивности воздействия микротоков. 

Меры предосторожности: 

● Не используйте массажер с имплантированными медицинскими приборами, такими как кардиостимуляторы. 

● Не применяйте массажер при проблемах с кожей, таких как раны, экзема, волдыри или шелушение. 

● Не используйте массажер во влажных местах, например, в ванной комнате. Рекомендации по улучшению сна 

● Используйте массажер только по назначению. 

● Не разбирайте, не ремонтируйте и не модифицируйте массажер без разрешения производителя. ● Не давайте массажер детям младше 6 лет. 

Управление: 

● Длительное нажатие на светодиодный дисплей для переключения режимов. 

● Короткое нажатие на переключатель режимов для выбора между спящим и пробуждением. 

● Короткое нажатие на дисплей для регулировки интенсивности воздействия микротоков.

Не упустите возможность приобрести микротоковый стимулятор для рук по специальной цене! Добавьте его в свою корзину прямо сейчас и начните наслаждаться крепким сном уже завтра! #микротоковыйстимулятор #улучшениесна #бессонница #инновация

Способ применения
● Перед использованием убедитесь, что массажер заряжен.
 ● Нажмите кнопку включения/выключения, чтобы включить массажер.
 ● Выберите режим работы с помощью переключателя режимов.
 ● Регулируйте интенсивность воздействия микротоков с помощью кнопок на дисплее.

Режимы работы

Массажер имеет два режима работы:

 ● Спящий режим — для расслабления и подготовки ко сну.
 ● Пробуждение — для стимуляции и бодрости.

Каждый режим имеет 15 уровней интенсивности воздействия микротоков.

Меры предосторожности

 ● Не используйте массажер с имплантированными медицинскими приборами, такими как кардиостимуляторы.
 ● Не применяйте массажер при проблемах с кожей, таких как раны, экзема, волдыри или шелушение.
 ● Не используйте массажер во влажных местах, например, в ванной комнате.

Рекомендации по улучшению сна

 ● Используйте массажер только по назначению.
 ● Не разбирайте, не ремонтируйте и не модифицируйте массажер без разрешения производителя.
 ● Не давайте массажер детям младше 6 лет.

Управление

 ● Длительное нажатие на светодиодный дисплей для переключения режимов.
 ● Короткое нажатие на переключатель режимов для выбора между спящим и пробуждением.
 ● Короткое нажатие на дисплей для регулировки интенсивности воздействия микротоков.
Способ применения
● Перед использованием убедитесь, что массажер заряжен.
 ● Нажмите кнопку включения/выключения, чтобы включить массажер.
 ● Выберите режим работы с помощью переключателя режимов.
 ● Регулируйте интенсивность воздействия микротоков с помощью кнопок на дисплее.

Режимы работы

Массажер имеет два режима работы:

 ● Спящий режим — для расслабления и подготовки ко сну.
 ● Пробуждение — для стимуляции и бодрости.

Каждый режим имеет 15 уровней интенсивности воздействия микротоков.

Меры предосторожности

 ● Не используйте массажер с имплантированными медицинскими приборами, такими как кардиостимуляторы.
 ● Не применяйте массажер при проблемах с кожей, таких как раны, экзема, волдыри или шелушение.
 ● Не используйте массажер во влажных местах, например, в ванной комнате.

Рекомендации по улучшению сна

 ● Используйте массажер только по назначению.
 ● Не разбирайте, не ремонтируйте и не модифицируйте массажер без разрешения производителя.
 ● Не давайте массажер детям младше 6 лет.

Управление

 ● Длительное нажатие на светодиодный дисплей для переключения режимов.
 ● Короткое нажатие на переключатель режимов для выбора между спящим и пробуждением.
 ● Короткое нажатие на дисплей для регулировки интенсивности воздействия микротоков."
1065549899,Magic Passion,От порта USB,"Ноги, Руки, Поясница, Плечи, Шея, Тело","Антицеллюлитный, Вибрационный, Импульсный, Миостимулирующий, Оздоровительный, Рефлекторный","Миостимулятор для тела - это отличное решение, когда совсем нет времени на занятия в тренажерных залах. Массажер предназначен для укрепления мышц и массажа, особенно при дискомфорте шейного отдела и области спины . Во время его работы, вы не испытаете чувства неудобства и можете заниматься важными делами. Результат достигается за счёт электрических импульсов, под воздействием которых происходит сокращение мышц. С зарядкой от USB. Поможет снять напряжение практически с любой зоны, части тела. 8 рабочих режимов и с разным уровнем интенсивности 1-19. Воздействует на зону тела безопасным низкочастотным импульсом. Компактное устройство, доступное применение в любом месте. Можно использовать и во время рабочего дня. Характеристики:
В форме бабочки
Сделан из ABS прочного пластика
Низкочастотное воздействие
Кол-во рабочих режимов: 8
Кол-во уровней интенсивности: 19
Таймер: можно настроить, на 15 мин
17,5х7 см - такой небольшой и компактный
Дисплей ЖК, управление - кнопки
Комплектация

1 х Массажер 1 х пластырь 1 х кабель для зарядки

Способ применения:

1. Закрепите массажер на маленьком отверстии пластыря. 

2. Снимите прозрачную бумагу с патча. 

3. поместите массажер на участок тела, который необходимо массировать. 

4. включите массажер и выберите подходящий режим массажа и интенсивность массажа.

Прикрепите массажер в ту зону, которую хотите проработать.

Включите блок управления, нажимая на кнопку +

После включения массажера вы почувствуете как мышцы начинают попеременно сокращаться и расслабляться.

С помощью клавиши ""+"" вы можете увеличить интенсивность нагрузки, а с помощью кнопки ""-"" уменьшить.Кнопка ""М"" поможет поменять режим массажа.
В форме бабочки
Сделан из ABS прочного пластика
Низкочастотное воздействие
Кол-во рабочих режимов: 8
Кол-во уровней интенсивности: 19
Таймер: можно настроить, на 15 мин
17,5х7 см - такой небольшой и компактный
Дисплей ЖК, управление - кнопки
В форме бабочки
Сделан из ABS прочного пластика
Низкочастотное воздействие
Кол-во рабочих режимов: 8
Кол-во уровней интенсивности: 19
Таймер: можно настроить, на 15 мин
17,5х7 см - такой небольшой и компактный
Дисплей ЖК, управление - кнопки

Способ применения
1. Закрепите массажер на маленьком отверстии пластыря.

2. Снимите прозрачную бумагу с патча.

3. поместите массажер на участок тела, который необходимо массировать.

4. включите массажер и выберите подходящий режим массажа и интенсивность массажа.

Прикрепите массажер в ту зону, которую хотите проработать.

Включите блок управления, нажимая на кнопку +

После включения массажера вы почувствуете как мышцы начинают попеременно сокращаться и расслабляться.

С помощью клавиши ""+"" вы можете увеличить интенсивность нагрузки, а с помощью кнопки ""-"" уменьшить.Кнопка ""М"" поможет поменять режим массажа.
Способ применения
1. Закрепите массажер на маленьком отверстии пластыря.

2. Снимите прозрачную бумагу с патча.

3. поместите массажер на участок тела, который необходимо массировать.

4. включите массажер и выберите подходящий режим массажа и интенсивность массажа.

Прикрепите массажер в ту зону, которую хотите проработать.

Включите блок управления, нажимая на кнопку +

После включения массажера вы почувствуете как мышцы начинают попеременно сокращаться и расслабляться.

С помощью клавиши ""+"" вы можете увеличить интенсивность нагрузки, а с помощью кнопки ""-"" уменьшить.Кнопка ""М"" поможет поменять режим массажа."
,,,,,
1449262085,Beurer,Сменная батарея,Тело,Миостимулирующий,"Прибор EMS/TENS имеет 64 стандартные программы мышечной электростимуляции и чрескожной электронейростимуляции. В нем также есть шесть настраиваемых программ с регулируемым временем включения/выключения, частотой и шириной импульса.

Технология чрескожной электронейростимуляцим (TENS) для облегчения боли

Технология EMS (мышечная электростимуляция)

Расслабление и массаж

Индикатор позиционирования электрода

Четыре самоклеящихся гелевых электрода (45 х 45 мм)

Два отдельно настраиваемых канала

64 стандартные программы

Шесть настраиваемых программ с регулируемой частотой, шириной импульса и временем включения/выключения

Регулируемая интенсивность

Таймер обратного отсчета

Функция безопасного выключения

Функция «Доктор» для точного соблюдения индивидуальной программы воздействия

Медицинский прибор

Инверсионный ЖК-дисплей с синей подсветкой

Обозначение изделия Тренажер (TENS/EMS) для мышц

Батарейки Три батарейки AAA на 1,5 В

Таймер обратного отсчета да

Функция «Доктор» да

Электроды 4

EMS (номер программы) 35

Регулируемая интенсивность да

Каналы 2

Массаж (номер программы) 20

Медицинский прибор да

Самостоятельное программирование, EMS (мышечная электростимуляция) + TENS (чрескожная электронейрост Программируемая частота

Функция безопасного выключения да

TENS (номер программы) 15

Применение По всему телу

Размеры изделия 13,2 x 6,3 x 2,3 см"
1848573608,Furellia,,,,
2011012217,Миостимуляторы,"Встроенный аккумулятор, От порта USB","Спина, Тело, Руки, Поясница, Плечи, Ноги","Импульсный, Миостимулирующий","Профессиональный миостимулятор для тела – эффективный тренажер для мышц, восстановления и коррекции фигуры без интенсивных нагрузок!

Преимущества:

Глубокая проработка мышц – EMS-технология (электронная миостимуляция) активирует даже труднодоступные мышечные группы. Режимы для любых целей – тонизирование, похудение, массаж, восстановление после тренировок или травм. Индивидуальные настройки – регулируемая интенсивность импульсов для комфортного и безопасного использования.  Компактность и мобильность – можно использовать дома, в спортзале или даже на работе. Универсальность – подходит для живота, спины, рук, ног, ягодиц и других зон.  Быстрый эффект – ускоряет кровообращение, улучшает тонус кожи и способствует сжиганию жира.

Комплектация:
Миостимулятор с дисплеем
Многоразовые электроды
Пульт управления / мобильное приложение (в зависимости от модели)
Гелевые прокладки (при необходимости)
Зарядное устройство
Инструкция на русском
Идеально подходит:
Для тех, кто хочет подтянуть тело без изнурительных тренировок.
Для спортсменов – ускорение восстановления и усиление эффективности тренировок.
Для реабилитации после травм (по согласованию с врачом).
Достигайте желаемых результатов с комфортом! 
Миостимулятор с дисплеем
Многоразовые электроды
Пульт управления / мобильное приложение (в зависимости от модели)
Гелевые прокладки (при необходимости)
Зарядное устройство
Инструкция на русском
Миостимулятор с дисплеем
Многоразовые электроды
Пульт управления / мобильное приложение (в зависимости от модели)
Гелевые прокладки (при необходимости)
Зарядное устройство
Инструкция на русском
Для тех, кто хочет подтянуть тело без изнурительных тренировок.
Для спортсменов – ускорение восстановления и усиление эффективности тренировок.
Для реабилитации после травм (по согласованию с врачом).
Для тех, кто хочет подтянуть тело без изнурительных тренировок.
Для спортсменов – ускорение восстановления и усиление эффективности тренировок.
Для реабилитации после травм (по согласованию с врачом)."
1255128278,Миостимуляторы,,Тело,Миостимулирующий,"Физиотерапевтический инструмент может расслабить мышцы. Когда у вас болят ноги после тренировки, вы можете попробовать его массаж. Вы также можете попробовать его, когда вы устали от работы и у вас травма спины."
1360190395,Миостимуляторы,Сменная батарея,"Тело, Спина","Миостимулирующий, Антицеллюлитный, Оздоровительный, Расслабляющий","Способ применения
Ежедневно по 10-12 минут.
Способ применения
Ежедневно по 10-12 минут."
1311256144,Миостимуляторы,Встроенный аккумулятор,"Ноги, Руки, Тело","Импульсный, Оздоровительный","Теплые советы
1. Перед использованием, пожалуйста, распылите небольшое количество воды на подушечку или увлажните кожу небольшим количеством воды.
2. Если ваша кожа чувствует легкое покалывание во время использования, это потому, что ваша кожа слишком сухая, что нормально. Пожалуйста, распылите небольшое количество воды на электродную площадку.
3. Чтобы обеспечить нормальную работу продукта, убедитесь, что электродная площадка находится близко к чистой коже, пока она не будет полностью связана перед использованием для активации нормальной работы устройства!
Примечание
Пояс премиум -класса！ Не нуждаются в замене гели！
Описание
1) Материал хорошего качества: он мягкий на ощупь, используя очень гибкий мягкий материал. Здоровый ремень EMS, изготовленный из проводящей ткани, который не обременяет кожу.
2) Сильная модель и простая в эксплуатации: мышечный пояс живота имеет 10 типов режимов и 39 векселей силы. Мышечный ремень брюшной массы EMS оснащен ЖК -экраном, который отображает режим и прочность. Интенсивность и режим могут быть выбраны, просто касаясь экрана. Вы можете четко наслаждаться тренировками.
3) Сенсорная панель и ЖК -экран: контроллер новой улучшенной модели оснащен ЖК -экраном. Режим и интенсивность отображаются на ЖК -экране. Когда вы носите его на своем теле и используете его, вы можете четко проверить рабочее состояние (тип режима, прочность на массаж).
4) USB -зарядка и отсутствие необходимости гелевой лист: экономично использовать неоднократно. Он использует USB -аккуратный тип и не требует замены аккумулятора. Он может быть заряжен с помощью ноутбука, мобильной батареи, зарядного устройства смартфона, блок питания в автомобиле и т. Д. С помощью простого соединения.
5) Тренировка по эффективности. Использование мышечного пояса брюшной полости в течение 20 минут эквивалентно бегущему 1500 м, тренировке брюшной мышцы 30 минут и плаванием 30 минут.
Технические характеристики
Название элемента: EMS мышечный стимулятор Длина ремня ремня: 115 см / Длина ремня руки: 39 см Использование для: похудеть, тонкая, тонкая талия, здорово
В коплект входит
Как показано на картинке параметров"
1817604735,Миостимуляторы,"Встроенный аккумулятор, От порта USB","Тело, Поясница, Спина, Ягодицы","Вибрационный, Миостимулирующий, Расслабляющий, Антицеллюлитный, Импульсный, Лимфодренажный","Способ применения
1. Установите и зафиксируйте контролер выбора режима и интенсивности на передней части пояса, как это показано на рисунке. 
2. Распылите немного воды на силиконовую прокладку. Поддерживайте ее влажной на протяжении всей тренировки, для того чтобы пояс мог плотно прилегать к Вашему телу.
3. Закрепите пояс для похудения на Вашей талии.
4. Нажмите клавишу «+» для того чтобы включить массажер. С помощью клавиши «М» выберете 1 из 6 режимов работы. Затем снова нажмите на клавишу «+» для того чтобы отрегулировать интенсивность работы. Наш контролер имеет 9 уровней интенсивности. РЕКОМЕНДУЕТСЯ начинать тренировки с минимальной интенсивностью. В конце тренировки нажимайте клавишу «- » до тех пор, пока индикатор интенсивности не покажет значение «0». Затем снова нажмите клавишу «-» и массажер выключится.
5. После завершения тренировки протрите массажер влажным полотенцем и положите в чистое место. Ни в коем случае не мойте водой!
6. Рекомендовано использовать миостумулятор для пресса 2 раза в день с продолжительностью тренировки в 15 – 30 минут
7. Массажер автоматически выключится в течение 15 минут, если Вы не будете его использовать. Если же Вы хотите продолжить тренировку, то нажмите клавишу «+».
Способ применения
1. Установите и зафиксируйте контролер выбора режима и интенсивности на передней части пояса, как это показано на рисунке. 
2. Распылите немного воды на силиконовую прокладку. Поддерживайте ее влажной на протяжении всей тренировки, для того чтобы пояс мог плотно прилегать к Вашему телу.
3. Закрепите пояс для похудения на Вашей талии.
4. Нажмите клавишу «+» для того чтобы включить массажер. С помощью клавиши «М» выберете 1 из 6 режимов работы. Затем снова нажмите на клавишу «+» для того чтобы отрегулировать интенсивность работы. Наш контролер имеет 9 уровней интенсивности. РЕКОМЕНДУЕТСЯ начинать тренировки с минимальной интенсивностью. В конце тренировки нажимайте клавишу «- » до тех пор, пока индикатор интенсивности не покажет значение «0». Затем снова нажмите клавишу «-» и массажер выключится.
5. После завершения тренировки протрите массажер влажным полотенцем и положите в чистое место. Ни в коем случае не мойте водой!
6. Рекомендовано использовать миостумулятор для пресса 2 раза в день с продолжительностью тренировки в 15 – 30 минут
7. Массажер автоматически выключится в течение 15 минут, если Вы не будете его использовать. Если же Вы хотите продолжить тренировку, то нажмите клавишу «+»."
1722264743,Bettyliss,,"Тело, Поясница, Ягодицы","Миостимулирующий, Расслабляющий, Лечебный","Миостимулятор тазового дна - это новейший тренажер Кегеля. Миостимулятор для женщин необходим для укрепления интимных мышц влагалища. Восстановиться в послеродовом или послеоперационном периоде с массажером kegel будет гораздо проще. Миостимулятор эффективнее в сравнении с вагинальными шариками. Подтянуть мышцы при опущении матки, укрепить их при недержании мочи, уменьшить кисты стенок влагалища. Также поможет тонизировать интимные мышцы тазового дна, для более комфортного ощущения в целом и раскрепощения в интимной сфере. С помощью зонда, вводимого во влагалище, миостимулятор подает электрические импульсы для сжатия и расслабления мышц. Вы можете с помощью хост-компьютера установить необходимый и комфортный режим стимуляции. (!!) Результат ощущается уже через пару недель регулярных тренировок мышц. Просто следуйте инструкции по применению, разобраться в которой не составит труда. (!!) Вялые мышцы тазового дна могут привести к депрессии, социальным и сексуальным барьерам. Не допускайте редкого нерегулярного секса и дефицита менопаузального гормона. А если мышцы все же ослабли, помочь им восстановиться поможет наш миостимулятор тазового дна или тренажер Кегеля. Будьте в тонусе, будьте здоровы!

Способ применения

1. Очистите зон с помощью чистой воды.2. Подсоедините зонд к проводу электрода.3. Убедитесь, что зонд включён и подключите зонд к устройству.4. Вставьте зонд в область лечения, пока фланец у основания"
577855085,Миостимуляторы,От сети 220В,"Ноги, Плечи, Руки","Импульсный, Вибрационный","Испытываете боль в суставах? Не хватает гибкости? Неприятные ощущения при перемене погоды? Вам просто необходим высококачественный массажер для коленного и локтевого суставов! Прибор надёжно крепится к ноге / руке качественными липучками, которые даже при многократном применении, будут отлично застегиваться. Этот массажер для коленей поможет уменьшить боль в коленях при помощи тепловой энергии и частотной вибрации без побочных эффектов. Массажер хорошо прогревает колено, этот нагрев оказывается равномерным.

Влияет на спортивные повреждения, облегчает боль при различных травмах. Фиксирует сустав и тщательно массирует болезненное место, тем самым помогая ему быстрее восстанавливаться. Эффективно защищает колено при артрозе в любых условиях (холод, жара). Восстанавливает мышцы и связки после тренировок, полученных травм, операций. Улучшает циркуляцию крови, что способствует скорейшей реабилитации. Облегчение мышечной боли при растяжениях, вывихах. Полностью безопасный в использовании!

ХАРАКТЕРИСТИКИ:
Мощность: 12 Вт
Входное напряжение: 9 В/2 А
Напряжение: 110-240 В
Умный контроль температуры (температура от 45 до 60 градусов), без ожогов и повреждения кожи⠀
Мощность: 12 Вт
Входное напряжение: 9 В/2 А
Напряжение: 110-240 В
Умный контроль температуры (температура от 45 до 60 градусов), без ожогов и повреждения кожи⠀
Мощность: 12 Вт
Входное напряжение: 9 В/2 А
Напряжение: 110-240 В
Умный контроль температуры (температура от 45 до 60 градусов), без ожогов и повреждения кожи⠀"
1672001483,R&A baby,От порта USB,"Зона декольте, Ягодицы, Поясница, Руки, Спина, Тело","Лечебный, Миостимулирующий, Вибрационный","Способ применения
1. Очистите зон с помощью чистой воды.

2. Подсоедините зонд к проводу электрода.

3. Убедитесь, что зонд включён и подключите зонд к устройству.

4. Вставьте зонд в область лечения, пока фланец у основания зонда не окажется снаружи (лягте или сядьте и поднимите колени вверх).

5. Нажмите кнопку включения на хост компьютере (пульт управления), чтобы включить устройство.

6. Нажмите ""MODE"", чтобы включить режим.7. Нажимайте ""+"" или ""-"", чтобы регулировать интенсивность.
Способ применения
1. Очистите зон с помощью чистой воды.

2. Подсоедините зонд к проводу электрода.

3. Убедитесь, что зонд включён и подключите зонд к устройству.

4. Вставьте зонд в область лечения, пока фланец у основания зонда не окажется снаружи (лягте или сядьте и поднимите колени вверх).

5. Нажмите кнопку включения на хост компьютере (пульт управления), чтобы включить устройство.

6. Нажмите ""MODE"", чтобы включить режим.7. Нажимайте ""+"" или ""-"", чтобы регулировать интенсивность."
286006499,Миостимуляторы,,,Миостимулирующий,"Миостимулятор для мышц пресса Beauty body Mobile Gym позволит вам обрести идеально стройную фигуру без мучительных диет и многочасовых тренировок. Не у всех есть возможность питаться правильно или тратить время и силы на физические нагрузки. Похудеть, приобрести красивые мышцы вам будет легко - достаточно купить тренажер и начать им пользоваться!
Как использовать тренажер?
✖ Не рекомендуется использовать миостимулятор сразу после еды. Желательно через 30-40 минут.
✖ Не рекомендуется использовать тренажер после душа или на влажное тело.
✔ Выберите место, на котором будет крепиться тренажер.
✔ Приложите его к коже и убедитесь, что изделие прикрепилось.
✔ Установите нужную программу.
✔ Включите устройство, нажав на соответствующую кнопку.
✔ После этого можно заниматься делами или отдыхать.
✔ Когда цикл закончится, уберите аксессуар (он должен лежать на специальном листе пластика)."
2111889272,Миостимуляторы,"От порта USB, От сети 220В","Тело, Спина","Антицеллюлитный, Вибрационный, Миостимулирующий","На обхват талии от 65 до 115 см. Для правильной работы массажного пояса все электроды должны соприкасаться с кожей. Перед массажем обязательно сбрызгивайте электроды водой. Электрический пояс для похудения — ваш надежный помощник в достижении стройной фигуры без изнурительных тренировок! Этот универсальный миостимулятор для пресса подходит как для мужчин, так и для женщин, помогая укрепить мышцы и моделировать силуэт.

Основные особенности:

Электростимуляция EMS - активирует работу мышц, приводя их в тонус без физических нагрузок. Жиросжигающий эффект - встроенный нагрев помогает ускорить метаболизм и способствует похудению.

8 программ и 15 режимов работы - от легкой стимуляции до интенсивного воздействия для максимального результата.

Гипоаллергенные материалы - комфортное ношение без раздражений и дискомфорта.

Массажный эффект - улучшает кровообращение, снимает напряжение и боли в пояснице.

Удобство в использовании - подходит для тренировок, работы, отдыха и повседневных дел.

Этот фитнес-пояс для похудения станет отличным подарком на 8 марта, 14 февраля или Новый год! Добавьте его в список лучших покупок и наслаждайтесь эффективными тренировками без лишних усилий. Начните путь к стройности уже сейчас — с инновационным электрическим поясом для похудения живота!

Способ применения
Зарядите устройство, увлажните электроды, пристегните контролер на пояс, наденьте пояс на оголенный торс, выберете режим и интенсивность. В день рекомендуется делать массаж не дольше 40 минут, не чаще 2-3 раза в неделю.
Способ применения
Зарядите устройство, увлажните электроды, пристегните контролер на пояс, наденьте пояс на оголенный торс, выберете режим и интенсивность. В день рекомендуется делать массаж не дольше 40 минут, не чаще 2-3 раза в неделю."
478180707,PowerDot,"Внешний источник питания, От сети 220В","Ноги, Плечи, Поясница, Руки, Спина, Ягодицы",Миостимулирующий,"Способ применения
Сочетание транскутанной электрической нейростимуляции (ТЭНС) и нейромышечной электростимуляции (НМЭС) 
Способ применения
Сочетание транскутанной электрической нейростимуляции (ТЭНС) и нейромышечной электростимуляции (НМЭС)"
1658891089,Meteai,Встроенный аккумулятор,"Тело, Спина, Зона декольте, Ноги, Плечи, Поясница",Миостимулирующий,"Для того помочь Вам достичь лучшей формы,  наша команда разработала идеальное тренировочное устройство: оно позволяет вам сжигать жир и тренировать мышцы, не выходя из дома.

Необходимо лишь заниматься с нашим миостимулятором  два раза в день по 15 минут,  и вы увидите уже первые результаты тренировок не более чем через 3 месяца.

Массажер для пресса позволяет тренировать мышцы живота и формировать тело так, как вы этого хотите.

Все, что вам нужно сделать — это надеть пояс на Вашу талию, выбрать 1 из 6 запрограммированных режимов работы с интенсивностью от 1 до 9 для каждого режима и наслаждаться строением Вашего нового тела.

Наш миостимулятор - это Ваш проводник в мир стройного и подтянутого тела.

Способ применения
• Тщательно обезжирьте кожу того участка тела, на который собираетесь ставить тренажёр
• Прикрепите изделие и убедитесь, что оно плотно зафиксировано на коже
• Включите устройство и выберите уровень нагрузки. Вы должны не только чувствовать, но и видеть, как ваши мускулы интенсивно сокращаются под воздействием импульсов
• Рекомендованное время использования — около 23-25 минут
• Дальше вы можете заниматься своими делами - смотреть телевизор, готовить ужин, читать книги. В это время микростимуляторы будут воздействовать на мышцы и ""подтягивать"" их. 
• После окончания сеанса тренировки снимите пояс с поверхности тела и обработайте антисептическим раствором
Способ применения
• Тщательно обезжирьте кожу того участка тела, на который собираетесь ставить тренажёр
• Прикрепите изделие и убедитесь, что оно плотно зафиксировано на коже
• Включите устройство и выберите уровень нагрузки. Вы должны не только чувствовать, но и видеть, как ваши мускулы интенсивно сокращаются под воздействием импульсов
• Рекомендованное время использования — около 23-25 минут
• Дальше вы можете заниматься своими делами - смотреть телевизор, готовить ужин, читать книги. В это время микростимуляторы будут воздействовать на мышцы и ""подтягивать"" их. 
• После окончания сеанса тренировки снимите пояс с поверхности тела и обработайте антисептическим раствором"
2077502175,Миостимуляторы,Сменный аккумулятор (нет в комплекте),"Область вокруг глаз, Лицо, Ноги, Руки, Тело, Голова",Миостимулирующий,
2004282369,Миостимуляторы,Сменная батарея,"Ноги, Плечи, Поясница, Руки, Спина, Тело",Миостимулирующий,"> Как пользоваться миостимулятором:
>
> 1. Подготовка: Протрите кожу в области массажа влажным полотенцем.
> 2. Подключение: Подсоедините миостимулятор к проводнику.
> 3. Прикрепление патчей: Снимите защитную пленку с патчей и плотно приклейте их к выбранному участку тела.
> 4. Выбор режима: Включите массажер кнопкой ""M"" и выберите подходящий режим.
> 5. Регулировка интенсивности: Начните с минимальной интенсивности и постепенно увеличивайте ее кнопкой ""+"", пока не почувствуете комфортное воздействие. Уменьшайте интенсивность кнопкой ""-"".
> 6. Автоматическое отключение: Миостимулятор автоматически выключится через 15 минут. Рекомендуется проводить сеансы по 15 минут 2 раза в день.
> 7. Зарядка: Если массажер не включается, зарядите его в течение 30 минут.
> 8. Замена патчей: Рекомендуется заменять патчи после 30 использований.
> Как пользоваться миостимулятором:
>
> 1. Подготовка: Протрите кожу в области массажа влажным полотенцем.
> 2. Подключение: Подсоедините миостимулятор к проводнику.
> 3. Прикрепление патчей: Снимите защитную пленку с патчей и плотно приклейте их к выбранному участку тела.
> 4. Выбор режима: Включите массажер кнопкой ""M"" и выберите подходящий режим.
> 5. Регулировка интенсивности: Начните с минимальной интенсивности и постепенно увеличивайте ее кнопкой ""+"", пока не почувствуете комфортное воздействие. Уменьшайте интенсивность кнопкой ""-"".
> 6. Автоматическое отключение: Миостимулятор автоматически выключится через 15 минут. Рекомендуется проводить сеансы по 15 минут 2 раза в день.
> 7. Зарядка: Если массажер не включается, зарядите его в течение 30 минут.
> 8. Замена патчей: Рекомендуется заменять патчи после 30 использований."
1469090000,Миостимуляторы,"Встроенный аккумулятор, От порта USB","Ноги, Плечи, Спина, Тело, Шея, Ягодицы","Антицеллюлитный, Вибрационный, Лимфодренажный, Миостимулирующий, Оздоровительный, Расслабляющий","Способ применения
Подготовка:
1. Перед использованием контроллер нужно зарядить при помощи USB-кабеля (который идёт в комплекте) в течение 40-60 минут. 
2. Перед использованием протрите кожу массажируемого места влажным полотенцем.
3. Подключите миостимулятор к проводнику.
4. Отклейте защитную прозрачную пленку с патчей.
5. Прикрепите массажер к нужной части тела, которую вы хотите массировать.
Описание режимов на дисплее прописано на английском языке, для этого в карточку товара добавили инструкцию, с которой рекомендуется ознакомиться.

Инструкция: 
1.Нажмите кнопку ""M"" и выберите нужный режим программы.
2.Включение стимулятора и повышение интенсивности с помощью кнопки ""+"". 
3.Кнопками «+» и «-» выберите подходящую интенсивность. Каждая программа начинается с минимальной интенсивности. 
4. Выключение стимулятора и понижение интенсивности с помощью кнопки ""-"". (также предусмотрено автоматическое отключение через 15 минут).
Противопоказано лицам с электрокардиостимулятором, беременным, с тромбозом глубоких вен, болезнями сердца и гипертонией.
Способ применения
Подготовка:
1. Перед использованием контроллер нужно зарядить при помощи USB-кабеля (который идёт в комплекте) в течение 40-60 минут. 
2. Перед использованием протрите кожу массажируемого места влажным полотенцем.
3. Подключите миостимулятор к проводнику.
4. Отклейте защитную прозрачную пленку с патчей.
5. Прикрепите массажер к нужной части тела, которую вы хотите массировать.
Описание режимов на дисплее прописано на английском языке, для этого в карточку товара добавили инструкцию, с которой рекомендуется ознакомиться.

Инструкция: 
1.Нажмите кнопку ""M"" и выберите нужный режим программы.
2.Включение стимулятора и повышение интенсивности с помощью кнопки ""+"". 
3.Кнопками «+» и «-» выберите подходящую интенсивность. Каждая программа начинается с минимальной интенсивности. 
4. Выключение стимулятора и понижение интенсивности с помощью кнопки ""-"". (также предусмотрено автоматическое отключение через 15 минут).
Противопоказано лицам с электрокардиостимулятором, беременным, с тромбозом глубоких вен, болезнями сердца и гипертонией."
1472524421,Миостимуляторы,От порта USB,"Ноги, Руки, Голова, Плечи, Поясница",Рефлекторный,
2269117519,Yellow Panda,,"Область вокруг глаз, Лицо","Вибрационный, Классический, Комбинированный, Расслабляющий","Насадка для логопедического вибромассажера:""Панда Пуговка""

Длина насадки - 6 см

Диаметр круга- 2 см

Толщина-4 мм
Укрепление круговой мышцы рта
Тренировка смыкания губ
Сила и подвижность языка
Подъемник для языка
Как жевательный тренажер
Как роторасширитель
Помощник при постановке звуков
Заднеязычных
Шипящих и свистящих
Используйте для вибрационного воздействия во время выполнения логопедического массажа.

На жевательных и мимических мышцах лица.

При гипертонусе используйте режим расслабляющий массаж, при гипотонии - активизирующий массаж.

При использовании в вестибулярной зоне хорошо укрепляет функцию смыкания круговой мышцы рта.

Начинайте эти упражнения без вибрации.

В комплекте: только насадка 1шт

Вибрирующую ручку-основу нужно приобретать отдельно.

Обработка насадки:

1. После использования промыть в проточной воде теплой до 15 минут

2. Замочить в дез.средстве типа оптимакс, аламинол мин 15-30( читаем инструкцию вашего дезсредства)

3. Промыть проточной водой теплой 10-15 минут

4. Теплообработка ( сухожар, кипячение , гласперленовый стерилизатор)-15-20 минут( читаем инструкцию вашего оборудование)

5. Уф- стерилизатор, или бокс для хранения , или крафт пакеты
Укрепление круговой мышцы рта
Тренировка смыкания губ
Сила и подвижность языка
Подъемник для языка
Как жевательный тренажер
Как роторасширитель
Помощник при постановке звуков
Заднеязычных
Шипящих и свистящих
Укрепление круговой мышцы рта
Тренировка смыкания губ
Сила и подвижность языка
Подъемник для языка
Как жевательный тренажер
Как роторасширитель
Помощник при постановке звуков
Заднеязычных
Шипящих и свистящих"
1606187894,TOTAR,"От сети 220В, Сменная батарея","Шея, Тело, Спина, Руки, Ноги, Голова","Импульсный, Миостимулирующий, Оздоровительный, Расслабляющий","Способ применения
1. Откройте крышку аккумуляторного отсека, следуйте указанному направлению, правильно вставьте аккумулятор № 3.5 и закройте крышку аккумуляторного отсека.

2. Пожалуйста, вставьте вилку провода в выходное гнездо L физиотерапевтического инструмента, а другой конец правильно с физиотерапевтическими тапочками или физиотерапевтическими пластырями. Соединение.

3. Пожалуйста, одновременно наденьте ноги на обувь для физиотерапии или наклейте пластырь на область, где физиотерапия является иглой (часть, которая требует физиотерапии). Сначала очистите ее.

4. Нажмите и удерживайте клавишу «Открыть» (верхняя левая сторона продукта) «Открыть массаж»

5. Эта машина оснащена молотком, массажем, разминанием, постукиванием, скребком, аппликатурой и восемью режимами физиотерапии в автоматическом режиме. Свободный выбор в соответствии с индивидуальными потребностями.

6. Эта машина оснащена физиотерапией для плеч, коленей, рук и ног, ног и т. д., ее можно использовать в соответствии с потребностями персонала. По выбору.

7. Сила + это ключ управления силой массажа. который может регулироваться страной в соответствии с индивидуальными потребностями, если эта машина не обнаруживает нагрузки, выключается на 5 секунд, когда кнопка скорости прикреплена. глупый бит D на ЖК-дисплее Устанавливает индикатор для позиции файла интенсивности 1-15.

8. Когда продукт работает. Пожалуйста, одновременно наклейте обе стороны физиотерапевтической этикетки.

9. Нажмите кнопку, чтобы остановить работу.
Способ применения
1. Откройте крышку аккумуляторного отсека, следуйте указанному направлению, правильно вставьте аккумулятор № 3.5 и закройте крышку аккумуляторного отсека.

2. Пожалуйста, вставьте вилку провода в выходное гнездо L физиотерапевтического инструмента, а другой конец правильно с физиотерапевтическими тапочками или физиотерапевтическими пластырями. Соединение.

3. Пожалуйста, одновременно наденьте ноги на обувь для физиотерапии или наклейте пластырь на область, где физиотерапия является иглой (часть, которая требует физиотерапии). Сначала очистите ее.

4. Нажмите и удерживайте клавишу «Открыть» (верхняя левая сторона продукта) «Открыть массаж»

5. Эта машина оснащена молотком, массажем, разминанием, постукиванием, скребком, аппликатурой и восемью режимами физиотерапии в автоматическом режиме. Свободный выбор в соответствии с индивидуальными потребностями.

6. Эта машина оснащена физиотерапией для плеч, коленей, рук и ног, ног и т. д., ее можно использовать в соответствии с потребностями персонала. По выбору.

7. Сила + это ключ управления силой массажа. который может регулироваться страной в соответствии с индивидуальными потребностями, если эта машина не обнаруживает нагрузки, выключается на 5 секунд, когда кнопка скорости прикреплена. глупый бит D на ЖК-дисплее Устанавливает индикатор для позиции файла интенсивности 1-15.

8. Когда продукт работает. Пожалуйста, одновременно наклейте обе стороны физиотерапевтической этикетки.

9. Нажмите кнопку, чтобы остановить работу."
514554769,Миостимуляторы,,"Голова, Лицо",Классический,"Описание зондов слева направо:

Зонд №1. «Восьмерочка»

Зонд «Восьмерочка» участвует в массаже языка, скул, щек, губ, предназначен для «перетирания» мышц: надавив петелькой на мышцы (глубокое погружение зонда), производятся движения вверх – вниз 6 раз. Зонд не отрывается от места нажатия. Затем «восьмерочку» передвигается на небольшое расстояние и массируется следующий участок. Зонд не двигается по языку, а утапливает мышцы, покачивая их на месте и заставляя их активно работать.

Зонд №2. «Большие саночки»

Зонд используется как для расслабляющего, так и для активирующего массажа языка, удобен для воздействия на его боковые края. С его помощью можно выполнять вкручивающие и пружинистые возвратные движения. Изгибы зонда позволяют работать любой стороной. Зондом «Большие саночки» осуществляется наибольший захват массируемого участка, на мышцу оказывается максимальное давление.

Зонд №3 «Толканчик»

Зонд «Толканчик» участвует в массаже мышц скул, щек, губ, мягкого неба. Воздействует на продольные и поперечные мышцы языка, восстанавливая их тонус и подвижность. Инструмент может быть использован аналогично зонду «Крестовина». При нажиме на язык происходит активное сокращение мышц, при снятии зонда снимается напряжение, наступает фаза расслабления. Время давления – 5 секунд. Более интенсивного воздействия можно добиться, используя прием нажатие с прокачиванием. Зонд устанавливается в определенное место и прокручивается с нажимом по часовой стрелке в течение 5 секунд. Степень нажима зависит от состояния мышц. Чем ниже тонус языка, тем более интенсивно на него следует воздействовать зондом.

Зонд №4 «Малые саночки»

«Малые саночки» позволяют осуществить меньший захват массируемого участка, чем зондом «Средние саночки». Инструмент позволяет выполнять вкручивающие и пружинистые возвратные движения. Зонд является хорошим активирующим инструментом. Может быть использован как шариковый зонд для постановки звука Р.

Зонд №5 «Топорик»

Зонд «Топорик» используется при массаже языка, участвует в массаже мышц скул, щек, губ, мягкого неба, охватывая большую поверхность и интенсивно воздействуя на мышечный аппарат. Зонд предназначен для выполнения двух приемов: плотного нажатия («рубка» мышц) и скольжение по мышцам (имитация процесса бритья). Под влиянием нажатия нормализуется тонус мышц, повышается их сократительная способность, увеличивается подвижность. Степень нажима зависит от состояния мышц: чем ниже тонус, тем интенсивнее нажатие. Надавливающие движения частые, интервалы между ними - короткие, время давления 5 секунд. Может быть использован как постановочный логопедический зонд №6 из набора Ф.А. Рау для постановки шипящих звуков.

Зонд №6. «Вилочковый»

Участвует в массаже языка, скул, щек, мягкого неба. Необходим для определения границ рвотного рефлекса и снятия его. Концы зонда тупые, что исключает поражение мышц. Зонд предназначен для «обкола» мышц. В результате такого воздействия мышцы активно сокращаются. При «обколах» используются короткие, частые, легкие движения. Точки «обкола» должны располагаться недалеко друг от друга. Более интенсивного воздействия можно добиться, применяя прием «обкол с прокачиванием». Для этого необходимо поставив зонд на определенное место и раскачивать его вправо, влево, назад, вперед в течении 4-6 секунд. Другой вариант приема: погрузив зонд в мышцы, производим вращательное движение по часовой стрелке (или против часовой стрелки). Зонд не отрывается от места нажатия. Время давления – 5 сек.

Зонд №7. Средние саночки»

Зонд «Средние саночки» используется для активирующего массажа языка. Его изгибы выполнены таким образом, чтобы работать можно было любой стороной. Рабочими поверхностями инструмента можно выполнять вкручивающие и пружинистые возвратные движения. Меньший (по сравнению с зондом «Большие саночки») захват позволяет выполнять движения точно и дифференцированно.

Зонд №8 «Крестовина»

Зонд «Крестовина» участвует в массаже скул, щек, губ. Используется при массаже средней, прикорневой частей языка, позволяет воздействовать на мышцы, обеспечивающие верхний подъем языка. Нажимая на язык и отодвигая его назад, логопед заставляет сокращаться, включаться в работу мышцы заднеязычной зоны. Зондом «Крестовина» можно сжимать мышцы языка, удерживая его в таком положении до 30 секунд.

С помощью инструмента выполняются:

Ø надавливающие движения;

Ø пружинистые возвратные движения вперед-назад (прокачивание);

Ø надавливающие круговые движения вправо-влево (вкручивание зонда в мышцы).

Время давления 5 секунд. Зонд «Крестовина» может быть использован для постановки. заднеязычных звуки и шипящих звуков.

Способ применения
ПРАВИЛА ОБРАБОТКИ ЛОГОПЕДИЧЕСКИХ ЗОНДОВ
Обработка логопедических зондов проводится в два этапа.

I этап – дезинфекция
Для дезинфекции замочите зонды в специальном растворе (Аламинол, Вапусан-2000, Велтолен, Виркон, Дезэффект, Септабик, Септодор-Форте, Лизафин и т. п.). Промойте зонды в проточной воде не менее двух минут, ополосните дистиллированной водой. 
ВНИМАНИЕ!!! Перед применением раствора внимательно прочитайте инструкцию по приготовлению и времени экспозиции в нем инструмента. Недостаточные время обработки и концентрация раствора не позволит провести полноценную дезинфекцию, избыточные могут сократить срок службы инструмента. 

II этап - стерилизация
Стерилизацию логопедического инструментария можно провести несколькими способами.

1. Холодный способ
Поместите зонды в специальную ёмкость для стерилизации инструментов и залейте 6% раствором перекиси водорода на 6 часов. Важно, чтобы инструменты были полностью покрыты жидкостью. Если раствор нагреть до t 40-50 градусов (не кипятить!), то время экспозиции может быть сокращено до 3 часов. После обработки слейте перекись водорода, ополосните инструменты дистиллированной водой, высушите на открытом воздухе в той же ёмкости. 

2. Кипячение
Разместите зонды в стерилизаторе (обычном или электрическом) на специальной решётке, залейте дистиллированной водой, закройте крышкой и кипятите в течении 30 минут с момента закипания воды. Затем слейте воду. Остудите зонды перед использованием.

3. С применением шарикового стерилизатора
Подключите стерилизатор к электрической сети. Во время нагревания кварца не открывайте крышку прибора. Оставьте стерилизатор в данном положении до тех пор, пока не погаснет лампочка. Время нагрева составляет 10-12 мин. (в зависимости от модели стерилизатора). Поднимите крышку и поместите в стерилизатор зонды на 20-30 секунд. Удалите инструменты из контейнера и закройте крышку. Лампочка будет периодически загораться, что указывает на поддержание требуемой температуры в стерилизаторе.

4. Автоклавирование
Применяется в медицинских учреждениях. Осуществляется централизованно.
Способ применения
ПРАВИЛА ОБРАБОТКИ ЛОГОПЕДИЧЕСКИХ ЗОНДОВ
Обработка логопедических зондов проводится в два этапа.

I этап – дезинфекция
Для дезинфекции замочите зонды в специальном растворе (Аламинол, Вапусан-2000, Велтолен, Виркон, Дезэффект, Септабик, Септодор-Форте, Лизафин и т. п.). Промойте зонды в проточной воде не менее двух минут, ополосните дистиллированной водой. 
ВНИМАНИЕ!!! Перед применением раствора внимательно прочитайте инструкцию по приготовлению и времени экспозиции в нем инструмента. Недостаточные время обработки и концентрация раствора не позволит провести полноценную дезинфекцию, избыточные могут сократить срок службы инструмента. 

II этап - стерилизация
Стерилизацию логопедического инструментария можно провести несколькими способами.

1. Холодный способ
Поместите зонды в специальную ёмкость для стерилизации инструментов и залейте 6% раствором перекиси водорода на 6 часов. Важно, чтобы инструменты были полностью покрыты жидкостью. Если раствор нагреть до t 40-50 градусов (не кипятить!), то время экспозиции может быть сокращено до 3 часов. После обработки слейте перекись водорода, ополосните инструменты дистиллированной водой, высушите на открытом воздухе в той же ёмкости. 

2. Кипячение
Разместите зонды в стерилизаторе (обычном или электрическом) на специальной решётке, залейте дистиллированной водой, закройте крышкой и кипятите в течении 30 минут с момента закипания воды. Затем слейте воду. Остудите зонды перед использованием.

3. С применением шарикового стерилизатора
Подключите стерилизатор к электрической сети. Во время нагревания кварца не открывайте крышку прибора. Оставьте стерилизатор в данном положении до тех пор, пока не погаснет лампочка. Время нагрева составляет 10-12 мин. (в зависимости от модели стерилизатора). Поднимите крышку и поместите в стерилизатор зонды на 20-30 секунд. Удалите инструменты из контейнера и закройте крышку. Лампочка будет периодически загораться, что указывает на поддержание требуемой температуры в стерилизаторе.

4. Автоклавирование
Применяется в медицинских учреждениях. Осуществляется централизованно."
1778205649,Миостимуляторы,От порта USB,Ноги,"Рефлекторный, Миостимулирующий","Вы когда-то были настолько уставшими, что просто не могли двигаться или даже стоять на ногах? Это чувство знакомо многим из нас. Но теперь, благодаря массажеру для ступней, вы можете забыть об этом. Микротоковый массажер для ступней - это наиболее эффективный способ расслабиться и успокоить болевые ощущения. Он осведомлен о массажировании всех точек на ступнях, которые влияют на ваше ощущение усталости и боль, независимо от того, сколько времени вы стоите или ходите. Так как электрический массажер или миостимулятор для ступней обеспечивает мягкое и глубокое воздейстие, он является идеальным выбором не только для людей, страдающих от болевых ощущений и усталости в ногах, но и для тех, кто просто хочет расслабиться после рабочего дня. Этот тренажер для ног обеспечивает различные уровни интенсивности массажа, которые соответствуют вашим потребностям и предпочтениям. Благодаря этому, он легко адаптируется для людей разного возраста и уровня физической активности. Акупунктурный коврик предлагает возможность массажа, когда вам удобно - дома или на работе. Достаточно поместить его на пол и наслаждаться релаксационными эффектами, тем самым коврик становится универсальным и очень практичным аксессуаром. Массажер для ног электрический, массажер перкусионный аскардо. электрический массажный коврик - это эффективный способ позаботиться о своих ногах и повысить свое самочувствие. Наслаждайтесь комфортом, поддерживайте свое здоровье и приобретайте наш массажор уже сегодня! Отличная альтернатива дарсонваль и походам к терапевту. Данный массажер идеально подходит для реабилитации и восстановления. Так же он работает как лимфодренажный массажер, снимая отечность после рабочего дня. Идеальный подарок на 8 марта, маме, жене, бабушке, тете, коллеге, дочке! Подарок папе, дедушке, мужу, брату, сыну. Наш массажер так же ищут по словам: электрофорез, электростимулятор, электроковрик, прибор для массажа, для здоровья.

Способ применения
Способ применения
1. Перед использованием нужно зарядить блок управления устройства  при помощи USB-кабеля, в течении 40-60 мин.
2. Расстелить массажный коврик на ровную поверхность и подключить к нему блок управления. 
3. Поставить обе ноги по разметке на массажный коврик.
4. Кнопка ""+""включить прибор ( появится световая индикация).
5. Нажать кнопку ""М""и выбрать нужную программу из 8 встроенных. Каждое нажатие кнопки, приводит к смене программы.
6. Кнопки ""+"" и ""-"" для выбора подходящей интенсивности.
7.Для выключения массажера нажать на кнопку ""-"".
8.Рекомендуемое время процедуры 15 мин. 2-3 раза в день.
Противопоказания: лицам с электрокардиостимулятором, беременность, с тромбозом глубоких вен, онкология.
Способ применения
Способ применения
1. Перед использованием нужно зарядить блок управления устройства  при помощи USB-кабеля, в течении 40-60 мин.
2. Расстелить массажный коврик на ровную поверхность и подключить к нему блок управления. 
3. Поставить обе ноги по разметке на массажный коврик.
4. Кнопка ""+""включить прибор ( появится световая индикация).
5. Нажать кнопку ""М""и выбрать нужную программу из 8 встроенных. Каждое нажатие кнопки, приводит к смене программы.
6. Кнопки ""+"" и ""-"" для выбора подходящей интенсивности.
7.Для выключения массажера нажать на кнопку ""-"".
8.Рекомендуемое время процедуры 15 мин. 2-3 раза в день.
Противопоказания: лицам с электрокардиостимулятором, беременность, с тромбозом глубоких вен, онкология."
,,,,,
1403520995,Yellow Panda,Сменная батарея,"Голова, Лицо, Шея","Вибрационный, Классический, Комбинированный, Миостимулирующий, Расслабляющий","Логопедический вибромассажер Панда с насадкой Полосатик идет в КРАФТ-КОРОБКЕ

Набор :

-Логопедический массажер Панда (Мульти)

- Насадка «Полосатик» для логопедического массажера

1. Логопедический массажер Панда (мульти) многоскоростной - предназначен для проведения массажа лица и подготовки артикуляционного аппарата, мышц рта к последующим занятиям с логопедом. Проведение орально-моторной терапии способствует улучшению оральных движений (сенсорная стимуляция). Логопедический массажер состоит из пластикового корпуса-трубочки с помещенным внутрь вибрирующим механизмом. Вибрирующий механизм приводится в действие элементом питания AA, путем поворота ребристой части в основании. Скорость вибрации (больше вибрация или меньше) зависит от поворота ребристой части. Основа логопедического массажера – вибрация. Вибрации массажера воздействуют на язык, губы, внутреннюю и наружную поверхность щек, подбородок. Вследствие этого воздействия происходит расслабление органов артикуляционного аппарата, приводя мышцы в тонус и активизируя чувствительность.

Виды массажа зависят от выбора используемых насадок.

Режим вибрации массажера МНОГОСКОРОСТНОЙ!

Работают от батареек АА

2. Длина насадки- 6 см, рабочая часть- 4,5 см

Диаметр насадки - 1 см

Длинна ребер -4,3 см, толщина ребра 1мм

Изготовлена из : пищевого силикона, средней жесткости

3. Мы за то что реабилитация должна строиться вокруг ребенка, к сожалению, не в каждом городе России есть специалисты для занятий. Но это не всегда и нужно.

Родители вполне могут справиться с базовыми, но такими необходимыми регулярными занятиями.

Насадка Панда Полосатик – это одна из самых новых и скоро будет популярных насадок для логовибромассажера Панда.

Насадка имеет цилиндрическую конструкцию с длинными гребнями по всему периметру и идеально подходит для имитации «перекатывания».

Насадкой нужно водить по губам, по языку, по внутренней поверхности щек и т.д. Эта сенсорная стимуляция помогает «разбудить» рот и повысить оральные ощущения у людей с пониженной чувствительностью.

Кроме того, насадка позволяет уменьшить действие защитных механизмов полости рта и понизить отвращение к пище и/или текстуре у людей с повышенной чувствительностью.

Насадку также можно использовать для разработки различных навыков речевой моторики, таких как восприятие губ и щек, смыкание губ, поднятие середины языка, всасывание и многое другое.

4. Насадку можно использовать как Жевательный тренажер для обучения жеванию.

Сверхдлинная насадка, что позволяет достигать задне-молярной области. Эти насадки нужно использовать для развития стабильных кусательных рефлексов, тренировки кусательных и жевательных навыков, а также для улучшения силы и устойчивости челюсти и разработки навыков речевой моторики. Насадку также можно использовать за пределами ротовой полости, на щеках и губах для обеспечения дополнительной стимуляции.

5.Насадка для логопедического массажера «Полосатик» позволяет приводить в тонус (активизировать) лицевые мышцы при гипотонусе.

Использование этой насадки (массаж языка) позволит поставить звук «Р» в течение нескольких занятий. Для этого используется принцип «искусственного заведения «моторчика» на кончике языка.

Эта насадка также поможет при постановке звуков в которых участвуют круговые мышцы рта - Б, П , В, Ф,  М, тем самым развивая подвижность этих мышц.

Насадка для логопедического массажера хороша в применении как вспомогательное средство для гимнастики после инсульта и против ассиметрии лица.

Хорошо зарекомендовал себя данный инструмент и в случае если имеется неполное смыкание губ рта. При этом использовании насадки происходит массаж (попеременно) нижней и верхней внешней части окологубного пространства рта и формирование навыка удерживания губ в сомкнутой положении.

6. Также эта насадка  хорошо подойдет для массажа десен малышам, у кого режутся зубки.

Рекомендации по обработке насадок :

1. После использования промыть в проточной воде

2. Замочить в дез.средстве типа оптимакс, аламинол мин 15-30( читаем инструкцию вашего дезсредства)

3. Промыть проточной водой

4. Теплообработка( сухожар, кипячение , гласперленовый стерилизатор)-15-20 минут( читаем инструкцию вашего оборудование)

5. Уф- стерилизатор, или бокс для хранения , или крафт пакеты"
881413521,Panda,Встроенный аккумулятор,Ноги,"Акупунктурный, Импульсный, Комбинированный, Лечебный, Миостимулирующий, Оздоровительный","Гарантия качества! Перед отправкой потребителю каждый товар проверяется вручную, в случае неисправности обратитесь в нашу поддержку и мы обязательно разберем ваш случай в индивидуальном порядке, обратную связь даем максимально оперативно!

Перед использованием массажера нужно зарядить блок управления, зарядка длится около 30-40 минут. Токовый миостимулятор имеет 8 регулируемых программ и 19 уровней интенсивности массажа. Лимфодренажный миостимулятор для ступней выполнен из качественных гипоаллергенных материалов! Покрытие микротокового массажного коврика легко очищается от загрязнений и не имеет неприятного запаха. При контакте с кожей – мягкий и приятный наощупь, работает тихо.

Стопы – зеркало общего состояния здоровья. Первые симптомы множества нервных расстройств, нарушения кровообращения, а также таких заболеваний, как артрит и сахарный диабет, обычно можно распознать по состоянию ступней. Электромассаж ног — эффективная методика лечения и профилактики болезней, связанных с дисфункцией или усталостью ног, аппарат воздействует на 70 аккупунктурных точек, которые расположены на ступнях, благодаря технике коротких электрических импульсов и устраняет боль в мышцах и суставах. Рабочие характеристики массажера позволяют ему за короткое время восстановить естественный цикл кровообращения. В устройстве запрограммировано несколько видов электрических импульсов, которые отличаются амплитудой и частотой импульса. Точечные, мгновенные импульсы заставляют сокращаться мышцы посредством воздействия на нервные окончания, они устраняют болевой синдром и снимают ощущения тяжести. Усиление кровообращения благотворно сказывается на организме. 

Девайс выглядит как обычный коврик. Габариты подходят для размещения двух стоп любого размера. Компактное устройство легко складывается и убирается в сумку или на полку, оно предлагается в элегантной упаковке, поэтому может послужить оригинальным подарком для близкого человека. 

Массаж стоп является безвредным и эффективным методом лечения и профилактики заболеваний, положительно влияющий на весь организм в целом. Миостимулятор обладает множеством полезных лечебных, тонизирующих и расслабляющих свойств:

- стимулирует рефлекторные зоны стопы, облегчая болевые ощущения;

- восстанавливает подвижность суставов ног при артритах и артрозах;

- воздействует на биологически активные точки;

- положительно влияет на нервную, опорно-двигательную и иммунную системы организма;

- устраняет застойные явления в кровеносных сосудах нижних конечностей;

- восстанавливает функции стоп;

- нормализует сон и давление;

- способствует укреплению мышц свода стопы;

- снимает мышечное напряжение, отеки, усталость в ногах;

- оказывает седативное и антидепрессивное действие;

- предотвращает появление мозолей и натоптышей, огрубение кожи и т.д.

Противопоказания: 

- Беременность. 

- Наличие порока сердца, нарушения сердечного ритма. 

- Наличие кардиостимулятора или имплантируемого дефибриллятора. 

- Острые инфекционные заболевания. 

- Наличие острого или хронического выраженного тромбоза глубоких вен. 

- Наличие металлических имплантов (кроме титановых эндопротезов) в ногах. 

- Открытая рана стоп. 

- Нарушения кожного покрова / кожные патологии в период обострения. 

Стимулирующий и вибрационный массажный коврик активно воздействует на все зоны стопы, тем самым способствует улучшению общего самочувствия человека, снимает болезненность, снижает физическую и умственную усталость, и даже улучшает сон!

Согласно восточной медицине на ступнях расположено большое количество акупунктурных точек, воздействуя на которые можно улучшить состояние всего организма.

Массаж стоп с ковриком-миостимулятором – это безвредная и крайне приятная процедура, особенно вечером после долгого рабочего дня.

Регулярный массаж ног по акупунктурным точкам приводит к оздоровлению организма и является профилактикой многих заболеваний, а проводить массаж ног удобнее всего при помощи нашего специального массажного коврика!

Токовый миостимулятор подходит для всех (кроме детей), особенно в нем нуждаются пожилые люди.

ВАЖНО! Если не работает одна из сторон - это признак низкого уровня заряда. В этом случае необходимо поставить миостимулятор на зарядку.

Способ применения
Расстелить массажный коврик на пол, далее подключить к нему блок управления (в комплекте), после этого нужно встать на массажный коврик по разметке, для включения массажера нажать кнопку ""+"", затем выбрать подходящую для вас программу. Программа выбирается на кнопку ""М"". Мощность регулируется при помощи кнопок ""+ и -"". Выключается автоматически через 15 минут.
Наслаждайтесь массажем!
Способ применения
Расстелить массажный коврик на пол, далее подключить к нему блок управления (в комплекте), после этого нужно встать на массажный коврик по разметке, для включения массажера нажать кнопку ""+"", затем выбрать подходящую для вас программу. Программа выбирается на кнопку ""М"". Мощность регулируется при помощи кнопок ""+ и -"". Выключается автоматически через 15 минут.
Наслаждайтесь массажем!"
1218336614,Neck Massage,Сменная батарея,"Шея, Ноги, Плечи, Поясница, Руки, Тело","Акупунктурный, Импульсный, Миостимулирующий, Оздоровительный, Расслабляющий, Антицеллюлитный","Способ применения
1. Вставьте 2шт AAA батареи в контроллер (в комплекте).
2. Поместите электродные прокладки на тело и подключите к устройству.
3. Нажмите кнопку «ON», чтобы включить массажёр, нажмите кнопку «MODE», чтобы выбрать режим.
4. Нажмите кнопку «High/Low», чтобы увеличить/уменьшить мощность тока. Если вы чувствуете, что один электрод не такой мощный, как другой, это может быть связано с тем, что вы приклеили электроды на несимметричные части тела. Пожалуйста, используйте электроды на симметричных частях тела. Они будут работать лучше.
Способ применения
1. Вставьте 2шт AAA батареи в контроллер (в комплекте).
2. Поместите электродные прокладки на тело и подключите к устройству.
3. Нажмите кнопку «ON», чтобы включить массажёр, нажмите кнопку «MODE», чтобы выбрать режим.
4. Нажмите кнопку «High/Low», чтобы увеличить/уменьшить мощность тока. Если вы чувствуете, что один электрод не такой мощный, как другой, это может быть связано с тем, что вы приклеили электроды на несимметричные части тела. Пожалуйста, используйте электроды на симметричных частях тела. Они будут работать лучше."
1870777915,Миостимуляторы,От порта USB,"Ягодицы, Зона декольте","Вакуумный, Рефлекторный, Вибрационный",
1592406990,Миостимуляторы,Сменная батарея,"Лицо, Область вокруг глаз, Шея, Зона декольте","Импульсный, Миостимулирующий","Микротоковый массажер, это лечебный массаж, миостимуляция лица с мощным лифтинг эффектом. Компактный и нужный массажер однозначно порадует девушку, сестру или подругу на день ее рождение! Микротоки улучшают кровообращение, избавляют от мелких морщин и отечности под глазами, стимулируют мышцы и подтягивают кожу. Электрический массажер эффективно повысит тонус сосудов, улучшит метаболизм и уберет излишки жира. Аппарат микротоки нормализует цвет лица, подтягивает овал, убирает синяки под глазами. Косметический аппарат снимает мышечное напряжение и облегчает головные боли. Стильный гаджет оснащен 4 электродами, удобным пультом управления, ЖК дисплеем и регулировкой интенсивности. Он станет желанным подарком женщине, маме на 8 марта, любимой жене на 14 февраля! ИНСТРУКЦИЯ ПО ПРИМЕНЕНИЮ патчей: -Снимите макияж, очистите лицо, хорошо обезжирьте зону массажа. -Снимите защитную пленку с гидрогелевого патча и приклейте на лицо или тело. -Аккуратно снимите патч с лица, воспользуйтесь увлажняющим средством. Если электрод засорился и плохо клеится, то промойте его проточной водой и хорошо просушите! Храните патчи в упаковке в прохладном темном месте.Отличительной особенностью процедуры является негативное влияние микротоковой терапии на организм при наличии металлических имплантов, аксессуаров для пирсинга, коронок, брекетов, кардиостимуляторов и золотых нитей. Рекомендуем воздержаться от данной процедуры на период ношения брекетов.

Способ применения
-Снимите макияж, очистите лицо, хорошо обезжирьте зону массажа.Прикрепить патчи к электродному шнуру,шнур вставить в гнездо аппарата.Вставить в аппарат две батарейки тип ААА. -Снимите защитную пленку с гидрогелевого патча и приклейте на лицо или тело,убедитесь ,что пластины плотно прилегают к коже.Включите аппарат.Кнопкой *меню* выберите режим.Значение силы по умолчанию самое слабое.Нажмите кнопку *вкл-выкл*,чтобы увеличить-уменьшить уровень интенсивности.Цикл работы составляет 15 минут,это означает,что он будет выключен автоматически через 15 минут. 
Способ применения
-Снимите макияж, очистите лицо, хорошо обезжирьте зону массажа.Прикрепить патчи к электродному шнуру,шнур вставить в гнездо аппарата.Вставить в аппарат две батарейки тип ААА. -Снимите защитную пленку с гидрогелевого патча и приклейте на лицо или тело,убедитесь ,что пластины плотно прилегают к коже.Включите аппарат.Кнопкой *меню* выберите режим.Значение силы по умолчанию самое слабое.Нажмите кнопку *вкл-выкл*,чтобы увеличить-уменьшить уровень интенсивности.Цикл работы составляет 15 минут,это означает,что он будет выключен автоматически через 15 минут."
1501713560,AOKO,,"Тело, Плечи, Поясница, Руки, Ноги, Ягодицы","Миостимулирующий, Расслабляющий, Антицеллюлитный","Способ применения
Функции: 
1. Похудение, похудение тела. 
2. Увеличение груди без увеличения груди и физиотерапии. 
3. Компьютеризированная стимуляция тела и груди. 
4. Лечите целлюлит на бедрах, лодыжках, коленях, животе, ягодицах, бедрах, горбе бизона и руках: стимулируйте и заставляйте мышцы выполнять упражнения на сокращение. 
5. Тонизировать мышцы и микромышцы, поддерживающие дерму.
 6. Слабые мышцы и мышечная масса.
Способ применения
Функции: 
1. Похудение, похудение тела. 
2. Увеличение груди без увеличения груди и физиотерапии. 
3. Компьютеризированная стимуляция тела и груди. 
4. Лечите целлюлит на бедрах, лодыжках, коленях, животе, ягодицах, бедрах, горбе бизона и руках: стимулируйте и заставляйте мышцы выполнять упражнения на сокращение. 
5. Тонизировать мышцы и микромышцы, поддерживающие дерму.
 6. Слабые мышцы и мышечная масса."
1818889118,Миостимуляторы,От порта USB,"Ягодицы, Зона декольте","Вакуумный, Рефлекторный, Вибрационный",
2267598052,Миостимуляторы,Сменная батарея,"Тело, Ноги, Ягодицы, Плечи, Руки, Спина","Вибрационный, Антицеллюлитный, Миостимулирующий, Оздоровительный, Расслабляющий, Импульсный","√ Электрическая стимуляция мышц является клинически доказанным эффективным методом тренировки мышц тела посредством целенаправленного воздействия электронных импульсов.

√ Если Вы мечтали обрести шикарную форму без длительных тренировок, без занятий в зале, без постоянных физических нагрузок – то этот массажер миостимулятор для Вас! Вы сможете достигнуть быстрых результатов по улучшению Вашей фигуры без потери времени!

√ При регулярном применении массажер миостимулятор способствует снижению веса, уменьшению жировых отложений, улучшению рельефа мышц пресса, укреплению мышц пресса, повышению эластичности и тонуса кожи в области живота, улучшению кровообращения, избавлению от скованности и тяжести в мышцах при повышенных физических нагрузках и после тренировок или наоборот при малоподвижном образе жизни и сидячей работе, улучшению качества сна и общего самочувствия, восполнению жизненных сил.Красивые продукты"
1710412584,TOTAR,Встроенный аккумулятор,"Шея, Тело, Спина, Руки, Ноги","Импульсный, Миостимулирующий, Оздоровительный, Расслабляющий",
1926332121,DiMarket,"От сети 220В, Сменная батарея",Тело,"Импульсный, Миостимулирующий","Мечтаете о подтянутой фигуре и стройной талии, готовой блистать на пляже? DiMarket представляет вам революционный электронный пояс для похудения – ваш личный помощник в борьбе за идеальную фигуру! Забудьте о тренировках и строгих диетах, ведь теперь коррекция фигуры стала проще и приятнее, чем когда-либо. Наш электропояс, словно волшебный миостимулятор, использует инновационную технологию электроимпульсного массажа, чтобы эффективно сжигать жир и убирать лишние сантиметры в области живота и талии. Всего 20 минут в день – и вы уже почувствуете результат! Шестью режимами работы пояс DiMarket обеспечивает комплексный массаж, стимулируя мышцы и активируя обмен веществ. Благодаря удобной форме пояса, он плотно прилегает к телу, обеспечивая максимальный контакт и эффективность воздействия. Легко наклеивается и снимается, он станет вашим незаменимым спутником как дома, так и на тренировках. Не ждите лета, чтобы начать преображаться! С электронным поясом DiMarket вы будете готовы встретить его в лучшей форме. Почувствуйте уверенность в себе и наслаждайтесь стройной фигурой, о которой вы всегда мечтали!

Способ применения
Использовать на животе 20 минут в день
Способ применения
Использовать на животе 20 минут в день"
1849865601,ATLANFA,Сменная батарея,Ягодицы,Миостимулирующий,"Красивая и подтянутая попка без усилий теперь реальность! Тренажер для ягодиц, который подтягивает попу и делает ягодицы круглыми и упругими. Если вы мечтали обрести шикарную форму без длительных тренировок, без занятий в зале, без постоянных физических нагрузок, просто попробуйте. 

Тренажер-миостимулятор формирует идеальные линии бедер и ягодиц, повышает упругость кожи и тонизирует мышцы. Ягодицы станут более упругими. Признаки целлюлита перестанут Вам досаждать. Уменьшится количество жировых отложений.

Устройство закрепляется на бедрах, включается. Дальше вы можете заниматься своими делами: смотреть телевизор, читать книги, готовить ужин, убираться в доме, а в это время миостимуляторы будут воздействовать на мышцы и подтягивать их.

Размер 25х19.9. Работает от батареек ААА - 2 шт. (батарейки в комплект не входят)

Способ применения
Применение простое и удобное: просто закрепили устройство, а дальше можете заниматься своими делами
Способ применения
Применение простое и удобное: просто закрепили устройство, а дальше можете заниматься своими делами"
1098165864,Миостимуляторы,Сменный аккумулятор,"Зона декольте, Ноги, Плечи, Поясница, Руки","Антицеллюлитный, Вибрационный, Акупунктурный","Массажер миостимулятор для терапии

О товаре:

Массажер миостимулятор Цифровой Меридиан это инструмент для терапии. Безопасный и надежный прибор, легкий, портативный, который удобно носить с собой. Электронные импульсы стимулируют акупунктурные точки давления и улучшают кровоток, массажер снимает боли в спине, плечах, мышечные боли. Инфракрасные электродные накладки, охватывают большую площадь и имеют терапевтический эффект.

Массажер имеет различные функции, вплоть до эмунотерапии и иглотерапии. Прибор позволяет выполнять различные варианты массажа: постукивание, растирание, давление, разминание, вибрацию. Большой информационный ЖК-экран.

Аппарат не требует специальной технической подготовки пользователя при работе с ним. Достаточно использовать прибор 10-15 минут в день, чтобы он принес максимальную пользу организму.

МАССАЖЕР ИМЕЕТ 2 НАСАДКИ."
1396233582,Yellow Panda,,Лицо,"Классический, Комбинированный, Миостимулирующий, Расслабляющий, Роликовый","Набор :

-Зонд для миогимнастики с одной силиконовой бусиной

-Зонд для миогимнастики Лодочка с 2-мя силиконовыми бусинами

-Зонд массажный Ролик-2 с 3-мя силиконовыми бусинами (ребристые)

-Зонд массажный Ролик с 3-мя силиконовыми бусинами (объемные)

-Зонд массажный с силиконовой бусиной Бочка

-Зонд массажный с силиконовой бусиной Олива

-Зонд массажный с силиконовой бусиной Старфрут

-есть инструкция на каждый зонд ,высылаю в пдф

-Из чего изготовлены?

-металлическая часть - нержавеющая сталь ( используемая в медицине); -силиконовые бусины - из качественного специального силикона ( применяемого в пищевой промышленности)

-Кто производитель ? -Россия

-Сертификат есть ? -Конечно

-Чем можно обрабатывать?

-сухожаровой шкаф до 250 °С -паровая стерилизация -обработка дезинфицирующим средством «ОПТИМАКС», или другие какие у вас есть -стерилизаторы до 250 °С типа гласперлен -Уф-стерилизаторы -кипячение

Цвет бусин могут отличаться от заявленного на фото.

Способ применения
лицо, язык, шея, щеки
Способ применения
лицо, язык, шея, щеки"
1726282595,Миостимуляторы,Сменная батарея,"Тело, Спина","Миостимулирующий, Антицеллюлитный, Оздоровительный, Расслабляющий","Способ применения
Ежедневно по 10-12 минут.
Способ применения
Ежедневно по 10-12 минут."
1557476178,BAOBIOKI,"Встроенный аккумулятор, От сети 220В","Ноги, Поясница, Руки, Спина, Шея, Ягодицы","Антицеллюлитный, Вибрационный, Импульсный, Миостимулирующий, Расслабляющий, Лимфодренажный","Способ применения
Последовательность использования данного массажера очень проста и эффективна. Вот шаги, которые следует выполнить:

1. Перед началом использования массажера убедитесь, что область тела, на которую вы планируете применить массаж, чистая и не содержит следов пота. Рекомендуется смыть область водой и высушить перед применением.

2. Установите массажер на нужном участке тела с помощью магнитных присосок, которые идут в комплекте с ним. Они обеспечат надежную фиксацию массажера на поверхности кожи.

3. Перед использованием удалите защитную пленку с гелевой накладки. Она служит для защиты и сохранения геля в идеальном состоянии.

4. Зафиксируйте накладку на нужном участке тела. Для повышения фиксации, вы можете воспользоваться ремешками, которые затянутся между массажером и накладкой.

5. Для включения массажера нажмите и удерживайте кнопку ""М"". Это позволит вам запустить устройство. Кроме того, вы можете использовать пульт дистанционного управления для выбора нужного режима и скорости. Обратите внимание, что кнопка ""М"" также используется для выбора режима при коротком нажатии.

6. Для выбора необходимого режима используйте короткое нажатие кнопки ""М"". Пролистывайте доступные режимы, пока не найдете наиболее подходящий для ваших потребностей.

7. При выборе скорости массажа, начинайте с низкой интенсивности и постепенно увеличивайте силу тока до тех пор, пока не достигнете комфортного уровня. Вам понадобится некоторое время, чтобы определить оптимальную интенсивность для вашего тела.

8. Массажер предлагает широкий диапазон интенсивности, и вы можете выбрать уровень от 1 до 19 в соответствии с вашими предпочтениями и потребностями. Испытайте разные уровни и найдите свою идеальную интенсивность.

Перед использованием массажера внимательно прочитайте инструкцию, чтобы убедиться в правильном понимании всех функций и режимов работы. Наслаждайтесь великолепным массажем и расслаблением, которые может предложить вам этот удивительный устройство!
Способ применения
Последовательность использования данного массажера очень проста и эффективна. Вот шаги, которые следует выполнить:

1. Перед началом использования массажера убедитесь, что область тела, на которую вы планируете применить массаж, чистая и не содержит следов пота. Рекомендуется смыть область водой и высушить перед применением.

2. Установите массажер на нужном участке тела с помощью магнитных присосок, которые идут в комплекте с ним. Они обеспечат надежную фиксацию массажера на поверхности кожи.

3. Перед использованием удалите защитную пленку с гелевой накладки. Она служит для защиты и сохранения геля в идеальном состоянии.

4. Зафиксируйте накладку на нужном участке тела. Для повышения фиксации, вы можете воспользоваться ремешками, которые затянутся между массажером и накладкой.

5. Для включения массажера нажмите и удерживайте кнопку ""М"". Это позволит вам запустить устройство. Кроме того, вы можете использовать пульт дистанционного управления для выбора нужного режима и скорости. Обратите внимание, что кнопка ""М"" также используется для выбора режима при коротком нажатии.

6. Для выбора необходимого режима используйте короткое нажатие кнопки ""М"". Пролистывайте доступные режимы, пока не найдете наиболее подходящий для ваших потребностей.

7. При выборе скорости массажа, начинайте с низкой интенсивности и постепенно увеличивайте силу тока до тех пор, пока не достигнете комфортного уровня. Вам понадобится некоторое время, чтобы определить оптимальную интенсивность для вашего тела.

8. Массажер предлагает широкий диапазон интенсивности, и вы можете выбрать уровень от 1 до 19 в соответствии с вашими предпочтениями и потребностями. Испытайте разные уровни и найдите свою идеальную интенсивность.

Перед использованием массажера внимательно прочитайте инструкцию, чтобы убедиться в правильном понимании всех функций и режимов работы. Наслаждайтесь великолепным массажем и расслаблением, которые может предложить вам этот удивительный устройство!"
1696906128,Yellow Panda,,"Лицо, Область вокруг глаз","Вибрационный, Классический, Комбинированный, Миостимулирующий, Расслабляющий, Роликовый","-Насадка «Кукуруза» для логопедического массажера Панда

1. Насадка для логопедического массажера «Кукуруза» позволяет приводить в тонус (активизировать) лицевые мышцы при гипотонусе.

Использование этой насадки (массаж языка) позволит поставить звук «Р» в течение нескольких занятий. Для этого используется принцип «искусственного заведения «моторчика» на кончике языка.

Эта насадка также поможет при постановке звуков в которых участвуют круговые мышцы рта - Б, П , В, Ф,  М, тем самым развивая подвижность этих мышц.

Насадка для логопедического массажера хороша в применении как вспомогательное средство для гимнастики после инсульта и против ассиметрии лица.

Хорошо зарекомендовал себя данный инструмент и в случае если имеется неполное смыкание губ рта. При этом использовании насадки происходит массаж (попеременно) нижней и верхней внешней части окологубного пространства рта и формирование навыка удерживания губ в сомкнутой положении.

Также эта насадка  хорошлогопедо подойдет для массажа десен малышам, у кого режутся зубки.

1. После использования промыть в проточной воде

2. Замочить в дез.средстве типа оптимакс, аламинол мин 15-30( читаем инструкцию вашего дезсредства)

3. Промыть проточной водой

4. Теплообработка( сухожар, кипячение , гласперленовый стерилизатор)-15-20 минут( читаем инструкцию вашего оборудование)

5. Уф- стерилизатор, или бокс для хранения , или крафт пакеты"
1388717197,Yellow Panda,,Лицо,"Классический, Миостимулирующий, Расслабляющий","Логостимулон ""Сердечко"":

Идеально подходит для проработки подъязычной области и растягивания лингвальной уздечки. Удобный упор для указательного пальца помогает контролировать степень воздействия на проблемную область.

Можно ли Сердечком вызвать Р?

Можно! Для этого делайте моторчик шариком.

Можно ли Сердечком вызвать звук Ш?

Можно! Для этого заведите сердечко под язык, приподнимите его и попросите подуть.

Можно ли Сердечком удлинить подъязычную уздечку?

Можно! Выполняете шариком поглаживающие движения под языком, а Сердечком - растягивающие.

Диск-вертушка:

Зондозаменитель диск-вертушка (дыхательный тренажер) - один из самых популярных зондозаменителей.

У него две рабочие поверхности. Шарик логопедического зонда - для постановки звука Р и ""вертушка"" для подготовки воздушной струи для постановки свистящих.

Этот логопедический зонд абсолютно безопасен. Обрабатывается кипяченой водой и спиртом. Не кипятить!

Зондозаменитель рекомендуется для индивидуального использования.

У каждого ребенка должен быть личный логопедический инструмент.

Зонд изготовлен из цветной пищевой пластмассы.

Темпер:

Используется для логопедического массажа. Мягкие колючки на рабочей поверхности позволяют проводить активирующий массаж мимических и жевательных мышц лица, мышц языка. Эта палочка безопасна для ребенка и не вызывает неприятных ощущений. Такой зондозаменитель можно использовать как вилочковый зонд №1 (из набора Е.В. Новиковой). Ручка также может использоваться в логопедической работе. Ею можно похлопывать, пошлепывать, потряхивать язык во время проведения логопедического массажа.

Обрабатывается кипяченой водой и спиртом.

Не кипятить!

Рекомендуется для индивидуального использования.

У каждого ребенка должен быть личный логопедический инструмент.

Перед использованием проверьте шарик на наличие заусенцев.

Для шлифовки используйте пилочку для ногтей.

длина зонда -18 см

ВНИМАНИЕ!!!! Цвета зондов могут отличаться от представленных на фото."
1795776965,Миостимуляторы,,"Ноги, Руки, Шея, Поясница, Плечи, Ягодицы",,"Марка: Нет
Пункт Нет.: YK-1179
Складной или нет: Да
Сфера применения: офис, открытый, семейный
Вес: 450 г
Цвет: повязка на животе, повязка на животе + повязка"
2138949185,Миостимуляторы,"От порта USB, От сети 220В","Тело, Спина","Антицеллюлитный, Вибрационный, Миостимулирующий","Пояс для похудения безразмерный, подойдет на любой обхват талии. Для правильной работы массажного пояса все электроды должны соприкасаться с кожей. Перед массажем обязательно сбрызгивайте электроды водой. Электрический пояс для похудения — ваш надежный помощник в достижении стройной фигуры без изнурительных тренировок! Этот универсальный миостимулятор для пресса подходит как для мужчин, так и для женщин, помогая укрепить мышцы и моделировать силуэт.

Основные особенности:

Электростимуляция EMS - активирует работу мышц, приводя их в тонус без физических нагрузок. Жиросжигающий эффект - встроенный нагрев помогает ускорить метаболизм и способствует похудению.

6 программ и 10 режимов работы - от легкой стимуляции до интенсивного воздействия для максимального результата.

Гипоаллергенные материалы - комфортное ношение без раздражений и дискомфорта.

Массажный эффект - улучшает кровообращение, снимает напряжение и боли в пояснице.

Удобство в использовании - подходит для тренировок, работы, отдыха и повседневных дел.

Этот фитнес-пояс для похудения станет отличным подарком на 8 марта, 14 февраля или Новый год! Добавьте его в список лучших покупок и наслаждайтесь эффективными тренировками без лишних усилий. Начните путь к стройности уже сейчас — с инновационным электрическим поясом для похудения живота!

Способ применения
Зарядите устройство, увлажните электроды, пристегните контролер на пояс, наденьте пояс на оголенный торс, выберете режим и интенсивность. В день рекомендуется делать массаж не дольше 40 минут, не чаще 2-3 раза в неделю.
Способ применения
Зарядите устройство, увлажните электроды, пристегните контролер на пояс, наденьте пояс на оголенный торс, выберете режим и интенсивность. В день рекомендуется делать массаж не дольше 40 минут, не чаще 2-3 раза в неделю."
1716580812,TOTAR,Встроенный аккумулятор,"Шея, Тело, Спина, Руки, Ноги","Вибрационный, Комбинированный, Перкусионный, Разминание",
1396258382,Yellow Panda,,"Лицо, Руки","Классический, Комбинированный, Миостимулирующий, Расслабляющий, Роликовый","Миозонды, которые любят дети!!!

Применяется для массажа мышц языка, губ, щек.

Воздействия, при массаже, на продольные, поперечные мышцы языка, восстанавливают их эластичность, подвижность, переключаемость.

За счет ""рёбер"" бусин осуществляется более глубокий и бережный массаж тканей языка, помимо сжатия, окологубного пространства.

Миниатюрность зонда - рабочих частей щипчиков позволяет хорошо промассировать щеки - внутреннюю и внешнюю поверхность, меняя положение зонда - бусинами внутрь и бусинами наружу.

Рекомендации по ОБРАБОТКЕ ЗОНДОВ :

1. После использования насадки промыть в проточной воде

2. Замочить в дез.средстве типа оптимакс, аламинол мин 15-30( читаем инструкцию вашего дезсредства)

3. Промыть проточной водой

4. Теплообработка( сухожар, кипячение , гласперленовый стерилизатор)-15-20 минут( читаем инструкцию вашего оборудование)

5. Уф- стерилизатор, или бокс для хранения , или крафт пакеты

ЦВЕТ БУСИНЫ МОЖЕТ ОТЛИЧАТСЯ ОТ ФОТО

Способ применения
лицо, язык, шея, щеки
Способ применения
лицо, язык, шея, щеки"
2077582649,Salorie,Сменный аккумулятор (нет в комплекте),Тело,Миостимулирующий,"Способ применения
1. Установите две батарейки типа АА; 2. Подсоедините датчик массажного устройства; 3. После установки датчика начните использовать его с пониженной передачи; * Перед использованием вы можете подержать датчик рукой, чтобы проверить его проводимость.
Способ применения
1. Установите две батарейки типа АА; 2. Подсоедините датчик массажного устройства; 3. После установки датчика начните использовать его с пониженной передачи; * Перед использованием вы можете подержать датчик рукой, чтобы проверить его проводимость."
2020573589,Миостимуляторы,От сети 220В,"Ноги, Плечи, Поясница, Руки, Тело, Шея","Оздоровительный, Акупрессурный, Акупунктурный, Вибрационный, Импульсный, Миостимулирующий","Способ применения
Инструкция по применению: 
Шаг 1 подключите источник питания
Вставьте интерфейс адаптера в разъем линии подключения питания устройства, а затем правильно вставьте вилку адаптера в сеть питания.
Будьте осторожны.
1) Пожалуйста, разместите оборудование на ровной и стабильной поверхности, чтобы предотвратить наклон, вибрацию или падение.
2) Правильно подключите источник питания и используйте напряжение и частоту источника питания, соответствующие адаптеру.
3) Перед подключением сетевого шнура убедитесь, что выключатель питания устройства находится в положении ""выключено"".
4) Используйте медицинский адаптер, предоставленный производителем, чтобы предотвратить лечение с неподходящим адаптером, что может повлиять на инструмент или повредить его. Если адаптер поврежден, свяжитесь с производителем или дилером для покупки.
 Шаг 2 нанесите связующее вещество
 Проверьте и очистите кожу в зоне обработки, равномерно нанесите необходимое количество ультразвукового проводящего геля на обрабатываемый участок.
 Шаг 3 питание
 Включите источник питания, сдвиньте выключатель питания в положение включено «ON». На устройстве загорятся индикатор питания и индикатор режима воздействия, по умолчанию низкий и устройство перейдёт в режим ожидания.
 Будьте осторожны
1. Перед началом лечения, пожалуйста проверьте правильность подключения, исправность кнопок и нормальную работу оборудования. 
2. При первом использовании устройства необходимо удалить плёнку с головки.
 Шаг 4 выберите выходную мощность
 Режим воздействия ультразвукового физиотерапевтического прибора делится на три уровня низкий средний и высокий с помощью клавиш выбора режима вывода можно выбрать желаемый режим вывода и соответствующий индикатор режима вывода загорится
Шаг 5 Выберите время воздействия
 Существует три вида времени использования: 5 минут, 10 минут и 15 минут. При нажатии клавиши выбора времени воздействия и загорится соответствующий индикатор.
 Шаг 6 Начните лечения
 Поместите обрабатывающую головку в зоне воздействия чтобы начать процедуру. Во избежание слишком высокой местной температуры кожи в процессе лечения необходимо совершать возвратно-поступательные или круговые движения (диаметр вращающегося круга по меньшей мере в два раза больше диаметра обрабатывающей головки), не держать обрабатывающую головку на одном месте, оставаясь на долго в определенной части. 
Способ применения
Инструкция по применению: 
Шаг 1 подключите источник питания
Вставьте интерфейс адаптера в разъем линии подключения питания устройства, а затем правильно вставьте вилку адаптера в сеть питания.
Будьте осторожны.
1) Пожалуйста, разместите оборудование на ровной и стабильной поверхности, чтобы предотвратить наклон, вибрацию или падение.
2) Правильно подключите источник питания и используйте напряжение и частоту источника питания, соответствующие адаптеру.
3) Перед подключением сетевого шнура убедитесь, что выключатель питания устройства находится в положении ""выключено"".
4) Используйте медицинский адаптер, предоставленный производителем, чтобы предотвратить лечение с неподходящим адаптером, что может повлиять на инструмент или повредить его. Если адаптер поврежден, свяжитесь с производителем или дилером для покупки.
 Шаг 2 нанесите связующее вещество
 Проверьте и очистите кожу в зоне обработки, равномерно нанесите необходимое количество ультразвукового проводящего геля на обрабатываемый участок.
 Шаг 3 питание
 Включите источник питания, сдвиньте выключатель питания в положение включено «ON». На устройстве загорятся индикатор питания и индикатор режима воздействия, по умолчанию низкий и устройство перейдёт в режим ожидания.
 Будьте осторожны
1. Перед началом лечения, пожалуйста проверьте правильность подключения, исправность кнопок и нормальную работу оборудования. 
2. При первом использовании устройства необходимо удалить плёнку с головки.
 Шаг 4 выберите выходную мощность
 Режим воздействия ультразвукового физиотерапевтического прибора делится на три уровня низкий средний и высокий с помощью клавиш выбора режима вывода можно выбрать желаемый режим вывода и соответствующий индикатор режима вывода загорится
Шаг 5 Выберите время воздействия
 Существует три вида времени использования: 5 минут, 10 минут и 15 минут. При нажатии клавиши выбора времени воздействия и загорится соответствующий индикатор.
 Шаг 6 Начните лечения
 Поместите обрабатывающую головку в зоне воздействия чтобы начать процедуру. Во избежание слишком высокой местной температуры кожи в процессе лечения необходимо совершать возвратно-поступательные или круговые движения (диаметр вращающегося круга по меньшей мере в два раза больше диаметра обрабатывающей головки), не держать обрабатывающую головку на одном месте, оставаясь на долго в определенной части."
1209401498,Миостимуляторы,Внешний источник питания,"Спина, Ягодицы, Тело, Ноги, Поясница, Плечи","Вибрационный, Миостимулирующий, Расслабляющий, Антицеллюлитный","Способ применения
Бедра, Спина, Грудь, Живот, Ноги, Плечи, Ягодицы, Шея, Тело, Руки
Способ применения
Бедра, Спина, Грудь, Живот, Ноги, Плечи, Ягодицы, Шея, Тело, Руки"
1976166619,Миостимуляторы,Встроенный аккумулятор,"Ягодицы, Зона декольте","Вакуумный, Рефлекторный, Вибрационный",
1051942481,kebidu,От порта USB,"Поясница, Руки, Тело",Миостимулирующий,"В основе работы массажера для тела электрического лежат инновационные технологии, основанные на электростимуляции мышц и чрескожной электронейростимуляции.

TENS и EMS технологии – это воздействие слабыми импульсами электрического тока низкой мощности и частоты на места локализации боли или проблемные места, такие как спазмы мышц, сосудов, нервных окончаний, жировые ткани.

Под воздействием слабых импульсов электростимулятора лимфодренажного OutinLight происходит:

- восстановления естественной работы мышц, тканей и внутренних органов;

- снимаются спазмы и зажимы нервных окончаний, кровеносных и лимфатических сосудов;

- укрепляется тонус мышц;

- происходит сжигание жировой прослойки;

- уменьшение отеков и воспалительных процессов в организме;

- нормализация обмена веществ и очистка организма от шлаков и токсинов.

Характеристики:

1. Укрепляет мышцы, тонизирует, укрепляет и подтягивает мышцы

2. Электромагнитные импульсы помогают укрепить и определить ваш кор, усиливая мышечные сокращения.

3. Простое кнопочное управление с 8 режимами.

4. Технология электростимуляции мышц (EMS) Внешние и напряженные мышцы.

5-1 день 1 раз, через каждые 30 минут тренировки, Упражнения и напряженные мышцы.

6. Исходный тренировочный импульс с использованием исходного тренировочного импульса с определенной текущей частотой

7. Разработайте эффективный метод тренировки мышц

Способ применения
Описание продукта

Для чего его используют?

Это для тренировки тела. Ultimate stimulator может помочь тонизировать, подтянуть и укрепить ваше тело, вы можете улучшить фигуру после последовательного использования этого продукта в течение примерно 2 месяцев.

Гибкий и портативный

Ultimate Stimulator предлагает 8 режимов упражнений на выбор, принимает 19 уровней интенсивности от разминки до заключительного упражнения и, наконец, заминки. В любое время, в любом месте, можно использовать в любое время и в любом месте, потому что он достаточно мал, чтобы поместить его в папку.

перезаряжаемый

Тренажер использует USB-зарядку, обеспечивает более стабильную мощность и работает дольше, а интенсивность упражнений на тренажере увеличивается на 50% по сравнению с аналогичными продуктами. 】 Мощный и эффективный

- Этот универсальный стимулятор предназначен для тренировок по 30 минут 1-2 раза в день в течение 6+ недель. 20 минут использования равны 30 минутам приседаний, бегу на 2000 м, 30 минутам плавания или 2 неделям диеты.

Гарантия качества

Конечный стимулятор по умолчанию составляет 15 минут и автоматически отключает питание после бездействия. Он разработан с функцией автоматического отключения питания в течение 15 минут и автоматически отключает питание после бездействия. Он разработан с функцией проверки мощности. Контроллер начинает работать Только когда вы приклеиваете гелевые подушечки к телу, контроллер начинает работать.
Способ применения
Описание продукта

Для чего его используют?

Это для тренировки тела. Ultimate stimulator может помочь тонизировать, подтянуть и укрепить ваше тело, вы можете улучшить фигуру после последовательного использования этого продукта в течение примерно 2 месяцев.

Гибкий и портативный

Ultimate Stimulator предлагает 8 режимов упражнений на выбор, принимает 19 уровней интенсивности от разминки до заключительного упражнения и, наконец, заминки. В любое время, в любом месте, можно использовать в любое время и в любом месте, потому что он достаточно мал, чтобы поместить его в папку.

перезаряжаемый

Тренажер использует USB-зарядку, обеспечивает более стабильную мощность и работает дольше, а интенсивность упражнений на тренажере увеличивается на 50% по сравнению с аналогичными продуктами. 】 Мощный и эффективный

- Этот универсальный стимулятор предназначен для тренировок по 30 минут 1-2 раза в день в течение 6+ недель. 20 минут использования равны 30 минутам приседаний, бегу на 2000 м, 30 минутам плавания или 2 неделям диеты.

Гарантия качества

Конечный стимулятор по умолчанию составляет 15 минут и автоматически отключает питание после бездействия. Он разработан с функцией автоматического отключения питания в течение 15 минут и автоматически отключает питание после бездействия. Он разработан с функцией проверки мощности. Контроллер начинает работать Только когда вы приклеиваете гелевые подушечки к телу, контроллер начинает работать."
1971805760,Миостимуляторы,От порта USB,"Область вокруг глаз, Тело, Шея, Поясница, Плечи, Спина","Импульсный, Миостимулирующий, Комбинированный, Лечебный, Оздоровительный, Лимфодренажный","Способ применения
ИНСТРУКЦИЯ ПО ИСПОЛЬЗОВАНИЮ: На электронном табло ""Health Herald"" названия режимов указаны на английском языке. 1. Нажмите кнопку «ON/OFF». Включится ЖК - дисплей, на нем отобразится стрелка, с помощью которой нужно будет выбрать программу стимуляции: режим, силу и время воздействия. 2. Кнопкой «CHIEN/ENGLISH» нужно выбрать язык, на котором ЖК-дисплей будет отображать данные. 3.Выбор режимов стимуляции: нажмите кнопку «MODE» для выбора режимов. 4. Выбор силы воздействия: нажмите кнопку «WEAK»/ «STRONG» для выбора интенсивности тока. 5. Выбор временного интервала: нажмите кнопку «TIME» для выбора времени стимуляции. Вы можете выбрать от 5 до 15 минут стимуляции, каждое нажатие = 5 минут работы.
Режимы: 1) Strokе-Во время него оказываются совместные или интенсивные воздействия. Они полезны для стимуляции мышечной ткани и точек акупунктуры. 2) Weight Reducing-Уменьшение массы тела 3)Acupuncture-акупунктура-Действие данного режима похоже на действие акупунктурной иглы. 4) Manipulation — манипуляция. Воздействие этого режима похоже на точечный массаж. 5) Cupping — баночный массаж. 6) Massage — массаж. По действию похож на классический ручной массаж.
Способ применения
ИНСТРУКЦИЯ ПО ИСПОЛЬЗОВАНИЮ: На электронном табло ""Health Herald"" названия режимов указаны на английском языке. 1. Нажмите кнопку «ON/OFF». Включится ЖК - дисплей, на нем отобразится стрелка, с помощью которой нужно будет выбрать программу стимуляции: режим, силу и время воздействия. 2. Кнопкой «CHIEN/ENGLISH» нужно выбрать язык, на котором ЖК-дисплей будет отображать данные. 3.Выбор режимов стимуляции: нажмите кнопку «MODE» для выбора режимов. 4. Выбор силы воздействия: нажмите кнопку «WEAK»/ «STRONG» для выбора интенсивности тока. 5. Выбор временного интервала: нажмите кнопку «TIME» для выбора времени стимуляции. Вы можете выбрать от 5 до 15 минут стимуляции, каждое нажатие = 5 минут работы.
Режимы: 1) Strokе-Во время него оказываются совместные или интенсивные воздействия. Они полезны для стимуляции мышечной ткани и точек акупунктуры. 2) Weight Reducing-Уменьшение массы тела 3)Acupuncture-акупунктура-Действие данного режима похоже на действие акупунктурной иглы. 4) Manipulation — манипуляция. Воздействие этого режима похоже на точечный массаж. 5) Cupping — баночный массаж. 6) Massage — массаж. По действию похож на классический ручной массаж."
698433560,CLICK SALE,Сменная батарея,"Ягодицы, Поясница, Тело, Ноги, Руки","Антицеллюлитный, Вибрационный, Миостимулирующий, Разминание, Оздоровительный","Миостимулятор для пресса - это отличное решение, когда совсем нет времени и финансов на занятия в тренажерных залах. Тренажер для пресса предназначен для укрепления мышц и массажа. Во время его работы, вы не испытаете чувства дискомфорта и можете заниматься важными делами. Результат достигается за счёт электрических импульсов, под воздействием которых происходит сокращение мышц.

Комплект из трех миостимуляторов позволяет одновременно тренировать пресс и мышцы обеих рук и ног, также у электрического массажера имеется несколько режимов интенсивности. Абсолютно безопасен и эффективен.

Пояс миостимулятор может быть использован и как дополнение к физическим упражнениям, и как самостоятельный тренажер.

С помощью EMS-Trainer Вы сможете:

- повысить упругость и объем мышц;

- избавиться от целлюлита;

- достигнуть результатов без потери времени;

- промассировать проблемные участки.

Благодаря многофункциональности данного массажера, вы легко усовершенствуете свою программу тренировок и отлично прокачаете тело.

Способ применения
Способ применения миостимулятора для пресса следующий:

1. *Подготовка*: Убедитесь, что кожа в области наложения электродов чистая и сухая. Это обеспечит лучшее сцепление и эффективность работы устройства.
2. *Наложение электродов*: Закрепите электроды на целевых участках тела (пресс, руки, ноги) согласно инструкции. Обычно они фиксируются с помощью липучек или гелевых подушечек.
3. *Выбор режима*: Включите устройство и выберите подходящий режим интенсивности, начиная с минимального уровня, чтобы привыкнуть к ощущениям.
4. *Сеанс стимуляции*: Во время работы миостимулятора мышцы будут сокращаться под воздействием электрических импульсов. Вы можете заниматься своими делами, так как активные движения не требуются.
5. *Длительность сеанса*: Обычно сеанс длится 15–30 минут, но точное время зависит от модели устройства и рекомендаций производителя.
6. *Завершение*: После завершения сеанса выключите устройство, снимите электроды и протрите их (если требуется).
7. *Регулярность использования*: Для достижения наилучших результатов используйте миостимулятор регулярно, например, 3–5 раз в неделю.

Важно: перед использованием ознакомьтесь с инструкцией и убедитесь, что у вас нет противопоказаний (например, беременность, кардиостимулятор, хронические заболевания).
Способ применения
Способ применения миостимулятора для пресса следующий:

1. *Подготовка*: Убедитесь, что кожа в области наложения электродов чистая и сухая. Это обеспечит лучшее сцепление и эффективность работы устройства.
2. *Наложение электродов*: Закрепите электроды на целевых участках тела (пресс, руки, ноги) согласно инструкции. Обычно они фиксируются с помощью липучек или гелевых подушечек.
3. *Выбор режима*: Включите устройство и выберите подходящий режим интенсивности, начиная с минимального уровня, чтобы привыкнуть к ощущениям.
4. *Сеанс стимуляции*: Во время работы миостимулятора мышцы будут сокращаться под воздействием электрических импульсов. Вы можете заниматься своими делами, так как активные движения не требуются.
5. *Длительность сеанса*: Обычно сеанс длится 15–30 минут, но точное время зависит от модели устройства и рекомендаций производителя.
6. *Завершение*: После завершения сеанса выключите устройство, снимите электроды и протрите их (если требуется).
7. *Регулярность использования*: Для достижения наилучших результатов используйте миостимулятор регулярно, например, 3–5 раз в неделю.

Важно: перед использованием ознакомьтесь с инструкцией и убедитесь, что у вас нет противопоказаний (например, беременность, кардиостимулятор, хронические заболевания)."
2180021835,Миостимуляторы,Сменная батарея,"Тело, Ноги, Ягодицы, Плечи, Руки, Спина","Вибрационный, Антицеллюлитный, Миостимулирующий, Оздоровительный, Расслабляющий, Импульсный","Миостимулятор – это массажер для тела, который предназначен для поднятия мышечного тонуса, улучшения циркуляции крови, снятия мышечных болей, а также помогает в борьбе с целлюлитом и лишним весом. Микротоковый массажер является хорошим дополнением к занятию фитнесом или аэробикой, при этом организм не испытывает больших нагрузок. Тренажер для пресса имеет 6 режимов работы и помогает не только укрепить мышцы, но и стимулирует организм благодаря точечным ударам тока в местах соприкосновения с устройством. Массажер для похудения подходит для всех групп мышц, поэтому его можно использовать на руках, ногах, спине, шее, животе, бедрах. Он подходит как женщинам, так и мужчинам, независимо от возраста. Продуманный дизайн и беспроводной пульт управления облегчают использование вибромассажера. Ремешки, которые идут в комплекте, обеспечивают лучшее прилегание к телу. Миостимулятор для тела имеет несколько режимов интенсивности, что позволяет выбрать оптимальный, ориентируясь на свои индивидуальные потребности. Данный аппарат помогает убрать живот, корректировать фигуру и борется с целлюлитом. Благодаря массажу с микротоками в сочетании с физическими упражнениями, он становится эффективным тренажером для пресса и поясом для похудения. Кроме того, он обеспечивает антицеллюлитный эффект и снимает отеки, восстанавливая лимфоток. Механический массажер для тела оказывает более глубокое воздействие на кожу и может использоваться в любое время дня, становясь незаменимым спортивным инвентарем дома, в спортзале или в дороге. Компактный и легкий, он незаметен под одеждой, что позволяет носить его в любом месте, тем самым поддерживая форму и заботясь о здоровье. Импульсный массажер обеспечивает качественный и интенсивный массаж, который улучшает состояние мышц, снимает стресс и усталость, способствуя повышению качества сна и общего самочувствия.Красивые продукты"
1607497696,Миостимуляторы,Встроенный аккумулятор,Ноги,"Вибрационный, Импульсный","Способ применения
Использовать после зарядки
Способ применения
Использовать после зарядки"
1620352364,Миостимуляторы,"От порта USB, Сменный аккумулятор (нет в комплекте)","Тело, Шея, Поясница, Плечи, Ягодицы","Вибрационный, Миостимулирующий",
1803777115,Миостимуляторы,"От сети 220В, Сменная батарея","Ноги, Руки, Тело, Поясница, Плечи, Спина","Антицеллюлитный, Импульсный, Миостимулирующий, Расслабляющий, Лечебный, Оздоровительный","Способ применения
Устройство для воздействия на мышцы тела с помощью электрических импульсов. К телу прикладываются электроды в непосредственной близости к стимулируемым мышцам. Посылаемые от устройства электрические импульсы похожи на импульсы нервной системы, которые заставляют мышцы сокращаться.Миостимулятор эффективен для лечения и восстановления естественной работы мышц, внутренних органов, коррекции фигуры, лечения целлюлита, укрепления мускулатуры, увеличения мышечной массы. В медицине — для восстановления сократительной способности мышц нижних конечностей, профилактики судорог, а также с целью лечения разрывов, растяжений и межмышечных гематом
Способ применения
Устройство для воздействия на мышцы тела с помощью электрических импульсов. К телу прикладываются электроды в непосредственной близости к стимулируемым мышцам. Посылаемые от устройства электрические импульсы похожи на импульсы нервной системы, которые заставляют мышцы сокращаться.Миостимулятор эффективен для лечения и восстановления естественной работы мышц, внутренних органов, коррекции фигуры, лечения целлюлита, укрепления мускулатуры, увеличения мышечной массы. В медицине — для восстановления сократительной способности мышц нижних конечностей, профилактики судорог, а также с целью лечения разрывов, растяжений и межмышечных гематом"
1899215688,KEP Ko,"Встроенный аккумулятор, От порта USB","Поясница, Руки, Спина, Зона декольте, Ноги, Плечи","Импульсный, Миостимулирующий, Расслабляющий","Способ применения
1. Подготовка: Убедитесь, что кожа чистая и сухая.

2. Установка электродов: Прикрепите электроды к целевым мышцам, следуя инструкциям.

3. Настройка устройства: Включите миостимулятор и выберите нужный режим и интенсивность.

4. Сеанс: Начните сеанс, постепенно увеличивая интенсивность при необходимости.

5. Завершение: По окончании сеанса аккуратно снимите электроды и очистите их (если многоразовые).

Следуйте рекомендациям производителя и консультируйтесь с врачом при наличии медицинских показаний.
Способ применения
1. Подготовка: Убедитесь, что кожа чистая и сухая.

2. Установка электродов: Прикрепите электроды к целевым мышцам, следуя инструкциям.

3. Настройка устройства: Включите миостимулятор и выберите нужный режим и интенсивность.

4. Сеанс: Начните сеанс, постепенно увеличивая интенсивность при необходимости.

5. Завершение: По окончании сеанса аккуратно снимите электроды и очистите их (если многоразовые).

Следуйте рекомендациям производителя и консультируйтесь с врачом при наличии медицинских показаний."
1904481224,kebidu,"От порта USB, Встроенный аккумулятор",Ягодицы,"Рефлекторный, Миостимулирующий","Электростимуляция мышц — широко используемый и общепризнанный метод лечения, который уже много лет применяется в спортивной медицине и здравоохранении. Технология EMS использует импульсы для имитации расслабления и сокращения мышц при тренировке, тем самым достигая эффекта подтяжки мышц, улучшения изгибов, улучшения линий и моделирования тела.

●Используйте по 20 минут каждый день, 7 дней в неделю.

●После 1–2 недель использования кожа ягодиц становится заметно более упругой, а ее пластичность улучшается.

●После 4 недель использования жир на бедрах значительно уменьшился.

● После 6 недель использования контур ягодиц пользователя значительно изменился, ягодицы приобрели сексуальные формы и очаровательные изгибы.

Инструкция по применению:

1. Нажмите кнопку «+», чтобы включить его.

2. Нажмите кнопку «М», чтобы выбрать нужный режим.

3. Отрегулируйте интенсивность массажа по своему усмотрению. Продолжайте нажимать «+», чтобы увеличить интенсивность, и продолжайте нажимать «-», чтобы уменьшить интенсивность."
1052237722,kebidu,От порта USB,Ягодицы,Миостимулирующий,"Сделает ягодицы привлекательными и упругими без вашей помощи!

Тренажер для ягодиц EMS hips trainer

Устройство прекрасно подходит для женщин с разной комплекцией. Если вам хочется сделать ягодицы более округлыми или внезапное похудение обеспечило вам плоскую попу, то EMS hips trainer станет настоящей находкой.

Забудьте о своих комплексах, целлюлите или дорогостоящих и неудобных трусиках с эффектом Push Up. Теперь вы будете выглядеть роскошно и приковывать мужские взгляды.

подойдет тем, кто ищет: Тренажер для ягодиц, тренажер для похудения, миостимулятор

Для чего его используют?

Это для тренировки тела. Ultimate stimulator может помочь тонизировать, подтянуть и укрепить ваше тело, вы можете улучшить фигуру после последовательного использования этого продукта в течение примерно 2 месяцев.

Гибкий и портативный

Ultimate Stimulator предлагает 8 режимов упражнений на выбор, принимает 19 уровней интенсивности от разминки до заключительного упражнения и, наконец, заминки. В любое время, в любом месте, можно использовать в любое время и в любом месте, потому что он достаточно мал, чтобы поместить его в папку.

перезаряжаемый

Тренажер использует USB-зарядку, обеспечивает более стабильную мощность и работает дольше, а интенсивность упражнений на тренажере увеличивается на 50% по сравнению с аналогичными продуктами. 】 Мощный и эффективный

- Этот универсальный стимулятор предназначен для тренировок по 30 минут 1-2 раза в день в течение 6+ недель. 20 минут использования равны 30 минутам приседаний, бегу на 2000 м, 30 минутам плавания или 2 неделям диеты.

Гарантия качества

Конечный стимулятор по умолчанию составляет 15 минут и автоматически отключает питание после бездействия. Он разработан с функцией автоматического отключения питания в течение 15 минут и автоматически отключает питание после бездействия. Он разработан с функцией проверки мощности. Контроллер начинает работать Только когда вы приклеиваете гелевые подушечки к телу, контроллер начинает работать.

Характеристики:

1. Укрепляет мышцы, тонизирует, укрепляет и подтягивает мышцы

2. Электромагнитные импульсы помогают укрепить и определить ваш кор, усиливая мышечные сокращения.

3. Простое кнопочное управление с 8 режимами.

4. Технология электростимуляции мышц (EMS) Внешние и напряженные мышцы.

5-1 день 1 раз, через каждые 30 минут тренировки, Упражнения и напряженные мышцы.

6. Исходный тренировочный импульс с использованием исходного тренировочного импульса с определенной текущей частотой

7. Разработайте эффективный метод тренировки мышц

Сделает ягодицы привлекательными и упругими без вашей помощи!Тренажер для ягодиц EMS hips trainerУстройство прекрасно подходит для женщин с разной комплекцией. Если вам хочется сделать ягодицы более округлыми или внезапное похудение обеспечило вам плоскую попу, то EMS hips trainer станет настоящей находкой. Забудьте о своих комплексах, целлюлите или дорогостоящих и неудобных трусиках с эффектом Push Up. Теперь вы будете выглядеть роскошно и приковывать мужские взгляды.подойдет тем, кто ищет: Тренажер для ягодиц, тренажер для похудения, миостимулятор

Способ применения
Инструкции:

 Приложите инструмент к области, которую нужно массировать.

Нажмите кнопку «+», чтобы включить его.

Нажмите кнопку «M», чтобы выбрать нужный режим.

Отрегулируйте интенсивность массажа, которая вам подходит. Продолжайте нажимать «+», чтобы увеличить интенсивность, и «-», чтобы уменьшить интенсивность.
Способ применения
Инструкции:

 Приложите инструмент к области, которую нужно массировать.

Нажмите кнопку «+», чтобы включить его.

Нажмите кнопку «M», чтобы выбрать нужный режим.

Отрегулируйте интенсивность массажа, которая вам подходит. Продолжайте нажимать «+», чтобы увеличить интенсивность, и «-», чтобы уменьшить интенсивность."
2142925862,Миостимуляторы,"От порта USB, От сети 220В",Тело,"Импульсный, Миостимулирующий","Электромассажер антицеллюлитный для тела — это устройство, которое поможет убрать живот и уменьшить размер в талии. Массажер для тела с вибрацией эффективен в борьбе с лишним жиром и целлюлитом. Жиросжигающий пояс способствует похудению мужчинам и женщинам, оказывая воздействие на бока и живот. Вибрационный аппарат улучшает кровообращение, стимулирует мышцы пресса и устраняет целлюлит, используя технологию EMS (электрической стимуляции мышц). Этот электрический стимулятор пресса имеет 8 режимов работы и 15 уровней мощности. Простое управление позволяет выбрать оптимальный режим для каждого пользователя. Регулируемый эластичный пояс обеспечивает удобную фиксацию на животе. Пояс не требует замены силиконовых или гелевых накладок — достаточно сбрызнуть водой поверхности для эффективного массажа. Обратите внимание, что массажный аппарат срабатывает при контакте 2 точек одновременно. Вибромассажер для похудения подходит для электромиостимуляции мужчин и женщин. Массажер от целлюлита электрический, он заряжается от сети через USB, что делает его мобильным и практичным в использовании. Стимулятор для пресса также эффективно помогает похудеть в животе - избавиться от жира в талии и на боках. Этот электростимулятор тела предлагает комплексное решение для похудения мужчинам и женщинам, желающим поддерживать форму. Импульсное влияние способствует укреплению мышц пресса и оказывает антицеллюлитный эффект. Микротоковый массажёр обеспечивает глубокую стимуляцию тканей, способствуя их восстановлению после тренировок. Благодаря отсутствию необходимости в замене накладок, этот массажный аппарат экономит наши средства. Вибромассажер одинаково полезен как для уменьшения жировых отложений на теле, так и для детальной проработки мышц живота при помощи электро миостимуляции. Легко пользоваться: зарядите контролёр, намочите токо-проводящие элементы на внутренней части пояса, установите контролёр на пояс, наденьте пояс, включите +, выберете программу дл массажа тела через кнопку М и подберите интенсивность кнопками - и +.

Способ применения
Зарядите контролер до установки на пояс, намочите электроды на внутренней части пояса. Установите контролер, наденьте пояс, включите, нажав +, выберите программу, нажимая М, подберите интенсивность через кнопки + и -.
Способ применения
Зарядите контролер до установки на пояс, намочите электроды на внутренней части пояса. Установите контролер, наденьте пояс, включите, нажав +, выберите программу, нажимая М, подберите интенсивность через кнопки + и -."
1643302493,MyPads,Сменная батарея,,Миостимулирующий,"Поможет Вам убрать лишний вес и прийти к нужной физической форме без дополнительных нагрузок и занятий в тренажерном зале.
Добиться аналогичного результата, но без тренировок или в дополнение к ним при занятиях спортом поможет фитнес массажер миостимуллятор EMS MyPads-TC-1237
Это эффективный революционный способ для достижения идеального состояния мышц.
Простой и удобный миостимулятор, который поможет вернуть привести ваши мышцы в тонус.
Воздействие на мышцы происходит за счет кратковременных электрических импульсов, которые заставляют включаться в работу все мышцы стимулируемой зоны.
Благодаря тому, что миостимулятор легкий и компактный, вы сможете проводить упражнения дома, на прогулке, на работе, не отрываясь от дел, его можно с легкостью спрятать под одеждой и проводить тренировку .
Массажер предназначен для работы с несколькими проблемными зонами тела - как женского, так и мужского тела - пресс, спина (поясничный отдел), мышцы рук и ног и создан с точным учетом анатомии человека, что поможет создать тело мечты.
Изготовлен из высококачественных материалов.
Абсолютно безопасен и эффективен."
1396240824,Yellow Panda,,Лицо,"Классический, Комбинированный, Миостимулирующий, Расслабляющий, Роликовый","МИозонды, которые любят дети!!!

Миозонд с силиконовой бусиной Кнопочка

Зонд Кнопочка служит 

😛для укрепления кончика языка, 

🟡для преодоления оральной диспраксии ( для активизации,усиления ощущений от органов артикуляции). 

🟢Можно тренировать этим зондом круговую мышцу рта👄:

〽️смыкая губы

〽️помещая зонд между губами и зубами тянуть

〽️вызывать сопротивление губ.

🔴Развивает чувствительность органов артикуляции

СТАВИТЬ ЗАДНЕЯЗЫЧНЫЕ ЗВУКИ , например звук К

Длинна бусины 1см
Рекомендации по ОБРАБОТКЕ ЗОНДОВ :
1. После использования насадки промыть в проточной воде
2. Замочить в дез.средстве типа оптимакс, аламинол мин 15-30( читаем инструкцию вашего дезсредства)
3. Промыть проточной водой
4. Теплообработка( сухожар, кипячение , гласперленовый стерилизатор)-15-20 минут( читаем инструкцию вашего оборудование)
5. Уф- стерилизатор, или бокс для хранения , или крафт пакеты

ЦВЕТ БУСИНЫ МОЖЕТ ОТЛИЧАТСЯ ОТ ФОТО

Способ применения
лицо, язык, шея, щеки
Способ применения
лицо, язык, шея, щеки"
2086163127,Миостимуляторы,,"Тело, Ягодицы",,"Батарейки в комплект не входят. Перед применением необходимо блок управления соединить непосредственно с самим поясом. С пояса снять защитную пленку. И все можно пользоваться. Миостимулятор тренажер для пресса - это отличное решение, когда нет времени и финансов на занятия в тренажерных залах. Тренажер для пресса предназначен для укрепления мышц и массажа. Во время его работы вы не испытаете чувства дискомфорта и можете заниматься важными делами. Миостимулятор вибромассажер для тела позволяет не прилагая усилий бороться с лишним весом, укреплять мышцы и качать пресс. Электрический массажер Прибор разработан с учётом физиологических особенностей организма человека. Это революционный продукт, который помогает вам разглаживать мышцы живота без необходимости заниматься физическими упражнениями. Носите его, когда выполняете ежедневные задания, или просто расслабляйтесь и лежите.Тренажер для снижения веса снимает мышечную боль, дает лимфодренажный эффект. Стимулятор мышц поможет создать тело вашей мечты. Просто закрепите его на теле - миостимулятор будет работать без вашей помощи. Массажер для похудения легкий в управлении, компактный и портативный миостимулятор электрический можно взять с собой. Дает антицеллюлитный эффект, заменит поход в зал или на фитнес. Это мощный сжигатель жира и прибор для пресса электрический в одном лице. Пояс удобен тем, что его применение не вызывает дискомфорта, поэтому процесс похудения и накачивания мышц может происходить в любое удобное время: на работе, на отдыхе, дома, в гостях. Будет отличным подарком для тех кто любит заниматься спортом, или как массажный аппарат папе, брату, деду, мужу,парню,маме, жене на любой праздник, на новый год, день рождение, Рождество, 23 февраля. аппарат для похудения,качать пресс,тренажер для мышц,аппарат для коррекции фигуры,массажер для живота от жира,аппарат для похудения живота."
2230230655,Yellow Panda,,"Лицо, Область вокруг глаз","Вибрационный, Классический, Комбинированный, Разминание, Расслабляющий","-Насадка «Лопатка» для логопедического массажера Панда.

Насадка выполнена из прочного пищевого силикона. 

Все стороны этой насадки являются рабочими: обратная сторона имеет округлую гладкую форму и при массаже расслабляет мышцы лица (поглаживание без вибрации, похлопывание). Также этой стороной можно проводить массаж нёба, длинная ручка насадки это позволяет. Боковая часть используется для растирания, сначала используем без вибрации. Внутренняя часть  имеет по краю небольшой бортик, что позволит использовать насадку как скребок.

 И для постановки звука «Р» эта насадка тоже подходит. 

Вкручиваем насадку в массажер Пандамульти, включаем МАЛУЮ скорость (на малой скорости амплитуда движения насадки будет больше, а длинная «ручка» насадки также идет плюсом к амплитуде, такой же эффект дает использование насадки «Чупа-чупс» со спонжем), просим ребенка, не закрывая рот, произносить «д-д-д-д-..», и вибрирующей насадкой прикасаемся к языку. Прикосновения могут быть как длительные разовые, так и короткие прерывистые.

Насадка исполнена 2 в 1, то есть подходит и для использования с присоской.

Заменив пластиковую воронку на эту прозрачную насадку, получаем более точное оборудование для проведения пассивной гимнастики «для языка». Насадка имеет короткий неровный край для расположенной близко к кончику языка подъязычной связки («уздечки»), а прозрачность насадки позволит увидеть участок захватываемого.

1. После использования промыть в проточной воде

2. Замочить в дез.средстве типа оптимакс, аламинол мин 15-30( читаем инструкцию вашего дезсредства)

3. Промыть проточной водой

4. Теплообработка( сухожар, кипячение , гласперленовый стерилизатор)-15-20 минут( читаем инструкцию вашего оборудование)

5. Уф- стерилизатор, или бокс для хранения , или крафт пакеты"
2037071344,Миостимуляторы,Внешний источник питания,"Область вокруг глаз, Лицо","Импульсный, Лечебный, Миостимулирующий, Оздоровительный, Акупунктурный","Микротоковая проводящая маска-очки-электрод для лица предназначена для стимуляции мышц биологически активных точек лица, проведения оздоровительных и косметических процедур. Электродные маски и очки для лица подходят для использования с различными низкочастотными и среднечастотными терапевтическими электромассажерами.Электрический массажер для глаз - это универсальный стимулятор зрения. При регулярном использовании устройства дальнозоркость и близорукость можно предотвратить или даже вылечить. Массажер для глаз значительно улучшает зрение и предотвращает аномалии рефракции. При использовании электродов для массажа глаз значительно снижается нагрузка на глазные яблоки и мышцы. Предотвратите компьютерное заболевание глаз с помощью устройства."
1489305708,Silapro,Сменная батарея,"Тело, Спина",Вибрационный,
1893801813,Миостимуляторы,Сменная батарея,Тело,"Импульсный, Миостимулирующий","Аббревиатура EMS означает «электромиостимуляция», то есть EMS-тренировка – это тренировка, в основе которой лежит работа мышц, спровоцированная электрическими импульсами. Другими словами, вместо того, чтобы нагружать мышцы движениями и различными спортивными снарядами, их стимулируют током. Впечатляющее количество исследований однозначно подтверждают эффективность и абсолютную безопасность EMS-тренировок.

Способ применения
Способ применения
Как использовать EMS тренажер? -Определитесь с проблемной зоной, которую вы бы хотели проработать. 
-Тщательно обезжирьте кожу того участка тела, на который собираетесь ставить пояс. 
-Прикрепите изделие и убедитесь, что оно плотно зафиксировано на коже. 
-Включите устройство и выберите уровень нагрузки. Вы должны не только чувствовать, но и видеть, как ваши мускулы интенсивно сокращаются под воздействием импульсов. -Рекомендованное время использования пояса — около 23-25 минут. 
-После окончания сеанса тренировки снимите пояс с поверхности тела и обработайте антисептическим раствором.
Способ применения
Способ применения
Как использовать EMS тренажер? -Определитесь с проблемной зоной, которую вы бы хотели проработать. 
-Тщательно обезжирьте кожу того участка тела, на который собираетесь ставить пояс. 
-Прикрепите изделие и убедитесь, что оно плотно зафиксировано на коже. 
-Включите устройство и выберите уровень нагрузки. Вы должны не только чувствовать, но и видеть, как ваши мускулы интенсивно сокращаются под воздействием импульсов. -Рекомендованное время использования пояса — около 23-25 минут. 
-После окончания сеанса тренировки снимите пояс с поверхности тела и обработайте антисептическим раствором."
1895177330,Миостимуляторы,Внешний источник питания,Спина,Рефлекторный,"Технические характеристики:

Состояние: 100% абсолютно новый

Тип продукта: EMS массажер для ног + подушка для массажа шеи

Количество: 1шт

Цвет: Как показано на картинке

Доступный тип: Тип батареи, перезаряжаемый тип

Размер: около 32,5 * 29,5 см / 12,7 * 11,6 дюймов

Особенности продукта:

Низкочастотная терапия - это нежная ласка с ритмом и нежностью.

Низкая частота - это непрерывное ритмичное ласкание тела низкочастотным регулярным ритмом или останавливающимся током, воздействующим на тело в соответствии с соответствующей мощностью и скоростью. Мягкость низкой частоты похожа на эффект массажа, когда человеческая рука надавливает, щиплет или похлопывает.

Что такое технология EMS?

Электрическая стимуляция мышц (EMS), также известная как нервно-мышечная электростимуляция (NMES), использует электрические импульсы, чтобы заставить мышцы сокращаться. Эти импульсы имитируют потенциалы действия центральной нервной системы, заставляя мышцы сокращаться. Было доказано, что EMS является положительным средством для укрепления мышц.

[Мягкая и удобная подушечка для ног, которая легкая, складная, ее легко носить с собой куда угодно, а после использования можно просушить влажным полотенцем. Технология EMS используется для массажа стоп, лодыжек, ахилловых сухожилий и икроножных мышц для улучшения кровообращения и расслабления ног. (Примечание: не используйте, если у вас кардиостимулятор или высокое кровяное давление, перед использованием снимите носки и положите ноги на подушечку для ног).

6 режимов массажа: M1 режим массажа, M2 режим массажа, M3 режим разминания, M4 режим давления на локти, M5 режим акупунктуры, M6 режим связывания множество режимов для имитации реального массажного эффекта, почувствуйте удовольствие от массажа ног.

9 уровней интенсивности массажа: Прибор для массажа ног имеет 9 уровней регулируемой интенсивности для прямой стимуляции акупунктурных точек, снижения физической и умственной усталости и улучшения качества сна. 15 минут - это один сеанс, и он автоматически отключается по истечении времени. Если вам нужно больше времени, вам придется повторить сеанс. (Предложение: для первого использования выберите уровень 1)

USB-зарядка] Массажер для ног EMS имеет встроенную перезаряжаемую батарею, которую можно легко зарядить через USB-кабель для зарядки. Длина зарядного кабеля составляет 50 см, и вы можете заряжать его, подключив USB-кабель к USB-порту вашего ноутбука/настольного компьютера/электропитания и зарядного устройства для мобильного телефона. (Примечание: красный свет загорается при зарядке и автоматически гаснет при полной зарядке).

[Универсальный] Этот круговой массажер для ног тщательно разработан для любителей спорта, пожилых людей и работников, которые сидят/стоят в течение длительного времени (особенно тех, кто носит высокие каблуки), чтобы заметно расслабить и облегчить боль в ступнях и ногах.

Способ применения
Перед использованием миостимулятор нужно зарядить около 30-40 минут.Способ применения:1) Расстелите массажный коврик и подключите к нему миостимулятор.2) Встаньте на массажный коврик по разметке.3) Кнопкой «+» включите прибор, должна появиться световая индикация.4) Нажмите кнопку «М» и выберите нужную вам программу из 6 встроенных. Каждое нажатие кнопки приводит к смене программы.5) Кнопками «+» и «-» выберите подходящую интенсивность. Каждая программа начинается с минимальной интенсивности стимуляции.6) Еще раз длительно нажмите кнопку «М» и можете наслаждаться массажем.Для выключения массажера просто нажмите на правую кнопку.Противопоказано лицам с электрокардиостимулятором, беременным, с тромбозом глубоких вен, болезнями сердца и гипертонии!Современная наука и технология от 4 новых и современных брендов.Адаптационная акупунктурная технология, простое управление6 чудесных комбинаций различных импульсных сигналов заставят вас испытать настоящее чувство акупунктуры, поглаживания, манипуляции, купероза, массажа и скребков.Электронные импульсы стимулируют акупунктурные точки давления и улучшают кровотокОблегчает боль в спине, плече, мышцах и т.д.9 Он помогает расслабиться от стресса, снять мышечное напряжение и усталость 9 Он помогает расслабиться от стресса, снять мышечное напряжение и усталостьОфисное использование и очень легкий, подходит для дома, путешествий и офисного использованияХорошо в качестве подарка для членов вашей семьи и друзейДиапазон применения: жесткое плечо, конец нервного паралича, невралгия, боль стержня, усталость всего тела, боль в животе, сильный холод, шейные позвонки боли в шее, периартрит, зубная боль, высокое кровяное давление, низкое кровяное давление, энергетическая недостаточность, слабая сексуальная способность, острые нерегулярные менструации, различные острые хронические заболевания
Способ применения
Перед использованием миостимулятор нужно зарядить около 30-40 минут.Способ применения:1) Расстелите массажный коврик и подключите к нему миостимулятор.2) Встаньте на массажный коврик по разметке.3) Кнопкой «+» включите прибор, должна появиться световая индикация.4) Нажмите кнопку «М» и выберите нужную вам программу из 6 встроенных. Каждое нажатие кнопки приводит к смене программы.5) Кнопками «+» и «-» выберите подходящую интенсивность. Каждая программа начинается с минимальной интенсивности стимуляции.6) Еще раз длительно нажмите кнопку «М» и можете наслаждаться массажем.Для выключения массажера просто нажмите на правую кнопку.Противопоказано лицам с электрокардиостимулятором, беременным, с тромбозом глубоких вен, болезнями сердца и гипертонии!Современная наука и технология от 4 новых и современных брендов.Адаптационная акупунктурная технология, простое управление6 чудесных комбинаций различных импульсных сигналов заставят вас испытать настоящее чувство акупунктуры, поглаживания, манипуляции, купероза, массажа и скребков.Электронные импульсы стимулируют акупунктурные точки давления и улучшают кровотокОблегчает боль в спине, плече, мышцах и т.д.9 Он помогает расслабиться от стресса, снять мышечное напряжение и усталость 9 Он помогает расслабиться от стресса, снять мышечное напряжение и усталостьОфисное использование и очень легкий, подходит для дома, путешествий и офисного использованияХорошо в качестве подарка для членов вашей семьи и друзейДиапазон применения: жесткое плечо, конец нервного паралича, невралгия, боль стержня, усталость всего тела, боль в животе, сильный холод, шейные позвонки боли в шее, периартрит, зубная боль, высокое кровяное давление, низкое кровяное давление, энергетическая недостаточность, слабая сексуальная способность, острые нерегулярные менструации, различные острые хронические заболевания"
1660584086,Миостимуляторы,"Встроенный аккумулятор, От порта USB","Ноги, Шея, Поясница, Плечи, Ягодицы, Спина","Импульсный, Миостимулирующий, Расслабляющий, Комбинированный, Оздоровительный, Лимфодренажный",
1818888520,Миостимуляторы,От порта USB,"Ягодицы, Зона декольте","Вакуумный, Рефлекторный, Вибрационный",
1735583839,Миостимуляторы,"От сети 220В, Сменная батарея","Тело, Поясница, Спина, Руки, Ноги",Миостимулирующий,"Если вы хотите позаботиться о своем теле и улучшить его состояние, то вам идеально подойдет импульсный массажер-миостимулятор. Это универсальное устройство, которое сочетает в себе преимущества массажа и электростимуляции, что позволяет достичь гармонии между здоровьем и красотой.

Этот прибор способен выполнять множество функций: от лечения до физической терапии и тренировок. Он эффективно борется с целлюлитом и поддерживает организм в хорошей форме. Благодаря этому устройству, можно привести в порядок весь организм, а не только отдельные части тела.

Миостимулятор работает так: он генерирует электрические импульсы, которые передаются через накожные электроды на определенные группы мышц. Эти импульсы вызывают их активное сокращение, что способствует укреплению и росту мышечной ткани. Процедура не только стимулирует рост мышц, но и улучшает работу лимфатической системы, кровообращение, обмен веществ и многие другие важные процессы в организме.

Массажер-миостимулятор также отлично подходит для реабилитации после травм, операций и заболеваний. Даже если ваши мышцы ослаблены или ""обленились"", этот прибор поможет вернуть им силу и активность.

Таким образом, импульсный массажер-миостимулятор - это ваш надежный спутник на пути к здоровому и красивому телу.

Основные характеристики:
4 вида массажа: Наш миостимулятор предлагает широкий спектр массажных техник, включая вибрацию, удары, шиацу и классический массаж. Это позволяет подобрать оптимальный режим для каждой зоны вашего тела.
8 режимов массажа: Благодаря разнообразию режимов массажа, вы сможете настроить интенсивность и характер воздействия в соответствии с вашими потребностями.
9 уровней мощности массажа: Регулируйте мощность массажа в зависимости от ваших ощущений и предпочтений. Это позволит достичь максимального комфорта и эффективности процедуры.
Преимущества использования:
Улучшение кровообращения: Массаж стимулирует кровообращение, что способствует лучшему питанию тканей и органов.
Снятие напряжения и боли: Импульсный массаж помогает снять мышечное напряжение и уменьшить болевые ощущения.
Повышение тонуса мышц: Регулярное использование миостимулятора способствует укреплению мышц и поддержанию их в тонусе.
Расслабление и релаксация: Массаж оказывает расслабляющее действие на нервную систему, способствуя общему успокоению и снижению уровня стресса.
Применение:

Миостимулятор прост в использовании и подходит для массажа различных зон тела, включая талию, плечи, ноги и стопы.

Сеанс рассчитан на 15 минут, после чего прибор автоматически отключается. Во время сеанса вы можете выбирать четыре режима воздействия:
Комплектация:
4 вида массажа: Наш миостимулятор предлагает широкий спектр массажных техник, включая вибрацию, удары, шиацу и классический массаж. Это позволяет подобрать оптимальный режим для каждой зоны вашего тела.
8 режимов массажа: Благодаря разнообразию режимов массажа, вы сможете настроить интенсивность и характер воздействия в соответствии с вашими потребностями.
9 уровней мощности массажа: Регулируйте мощность массажа в зависимости от ваших ощущений и предпочтений. Это позволит достичь максимального комфорта и эффективности процедуры.
4 вида массажа: Наш миостимулятор предлагает широкий спектр массажных техник, включая вибрацию, удары, шиацу и классический массаж. Это позволяет подобрать оптимальный режим для каждой зоны вашего тела.
8 режимов массажа: Благодаря разнообразию режимов массажа, вы сможете настроить интенсивность и характер воздействия в соответствии с вашими потребностями.
9 уровней мощности массажа: Регулируйте мощность массажа в зависимости от ваших ощущений и предпочтений. Это позволит достичь максимального комфорта и эффективности процедуры.
Улучшение кровообращения: Массаж стимулирует кровообращение, что способствует лучшему питанию тканей и органов.
Снятие напряжения и боли: Импульсный массаж помогает снять мышечное напряжение и уменьшить болевые ощущения.
Повышение тонуса мышц: Регулярное использование миостимулятора способствует укреплению мышц и поддержанию их в тонусе.
Расслабление и релаксация: Массаж оказывает расслабляющее действие на нервную систему, способствуя общему успокоению и снижению уровня стресса.
Улучшение кровообращения: Массаж стимулирует кровообращение, что способствует лучшему питанию тканей и органов.
Снятие напряжения и боли: Импульсный массаж помогает снять мышечное напряжение и уменьшить болевые ощущения.
Повышение тонуса мышц: Регулярное использование миостимулятора способствует укреплению мышц и поддержанию их в тонусе.
Расслабление и релаксация: Массаж оказывает расслабляющее действие на нервную систему, способствуя общему успокоению и снижению уровня стресса.

Способ применения
Миостимулятор прост в использовании и подходит для массажа различных зон тела, включая талию, плечи, ноги и стопы.

Сеанс рассчитан на 15 минут, после чего прибор автоматически отключается. Во время сеанса вы можете выбирать четыре режима воздействия:

Поглаживание (кнопка PRESS) — высокочастотное несильное воздействие, от слабого к более сильному, потом сброс и снова от слабого к сильному и т. д.
Растирание (кнопка RUB) — импульсы реже, но сильнее, характер изменения сигналов как при поглаживании.
Вибрация (кнопка VIBRATE) — импульсы ещё реже и ещё сильнее, всё время одной интенсивности.
Постукивание (кнопка THUMP) — импульсы ещё реже, но самые сильные, по очереди ощущается импульс то на одном, то на другом электроде.
Способ применения
Миостимулятор прост в использовании и подходит для массажа различных зон тела, включая талию, плечи, ноги и стопы.

Сеанс рассчитан на 15 минут, после чего прибор автоматически отключается. Во время сеанса вы можете выбирать четыре режима воздействия:

Поглаживание (кнопка PRESS) — высокочастотное несильное воздействие, от слабого к более сильному, потом сброс и снова от слабого к сильному и т. д.
Растирание (кнопка RUB) — импульсы реже, но сильнее, характер изменения сигналов как при поглаживании.
Вибрация (кнопка VIBRATE) — импульсы ещё реже и ещё сильнее, всё время одной интенсивности.
Постукивание (кнопка THUMP) — импульсы ещё реже, но самые сильные, по очереди ощущается импульс то на одном, то на другом электроде."
885997808,Миостимуляторы,,"Лицо, Ноги, Плечи, Поясница, Руки, Тело","Антицеллюлитный, Вакуумный, Импульсный, Классический, Миостимулирующий, Лимфодренажный","Способ применения
1. Используйте этот продукт; Прикрепите два патча к коже одного и того же человека одновременно. Затем включите питание снова, в противном случае вы не можете массировать, и электроды не нужно размещать симметрично. Если патч не прикреплен или только отправлен; Машина автоматически обнаруживает нагрузку; Если нет нагрузки на одном конце, он автоматически отключится через 5 секунд.



2. Помните, что две части электрода не подключены электрически, чтобы избежать короткого замыкания после взаимного сцепления.
Способ применения
1. Используйте этот продукт; Прикрепите два патча к коже одного и того же человека одновременно. Затем включите питание снова, в противном случае вы не можете массировать, и электроды не нужно размещать симметрично. Если патч не прикреплен или только отправлен; Машина автоматически обнаруживает нагрузку; Если нет нагрузки на одном конце, он автоматически отключится через 5 секунд.



2. Помните, что две части электрода не подключены электрически, чтобы избежать короткого замыкания после взаимного сцепления."
2019132260,E-Motionize,,Тело,,
1606239381,Миостимуляторы,Встроенный аккумулятор,Ноги,"Вибрационный, Импульсный","Способ применения
Использовать после зарядки
Способ применения
Использовать после зарядки"
1536812130,ANYSMART,Встроенный аккумулятор,"Ноги, Плечи, Поясница, Руки, Спина, Тело",Миостимулирующий,"Одна из самых популярных физиотерапевтических процедур - электромиостимуляция. Ее прописывают не только для лечения, реабилитации после травм и операций, но и для ежедневной стимуляции работы орагнизма. Аппарат компактен, прост в управлении и очень эффективен. В его арсенале 6 режимов работы, которые используются не только при кардинальном или послеоперационном лечении, но и при бытовых проблемах.
6 режимов массажа, каждый режим массажа имеет 10 регулируемых уровней интенсивности, полностью отвечающих фактическим потребностям различных групп людей.
Функция синхронизации: 5 минут/10 минут/15 минут/20 минут/25 минут/30 минут, вы можете самостоятельно установить наиболее подходящее время массажа.
Текст на большом ЖК-экране четкий и большой, а функции кнопок понятны, пожилые люди смогут легко им воспользоваться.
Он эффективен для устранения болей разного характера, в том числе и головной. Помогает снять усталость после трудного рабочего дня и нормализовать сон. Расслабляет мышцы, снимает отеки и улучшает кровообращение.
Использовать аппарат для миостимуляции рекомендуется всей семьей. Для большего числа процедур не требуются предписания врача, достаточно контролировать работу аппарата. Особенно актуален миостимулятор для спорстменов, людей вынужденных работать в статических позах и с тяжестями.
Спектр применения электромиостимулятора действительно очень широк:
Снимает болевой синдром самого разного происхождения (усталость, отек, травмы, головная боль, спазмы и т.д.).
Лечение нетяжелых сердечно-сосудистых заболеваний.
Лечение заболеваний опорно-двигательного аппарата.
Лечение заболеваний пищеварительной системы.
Снимает усталость с мышц после тренировок, применяется для поддержания тонуса мышц.
Восстанавливает мышцы, суставы, сосуды после травм, операций.
Улучшает кровоток, снимает отеки, рагоняет гематомы.
Применяется при лечении неврозов, улучшает работу нервной системы, повышает умственную работоспособность.
Стимулирует работу клеток эпителлия, применяется для устранения целлюлита, поддерживает тонус кожных покровов и эластичность.
Применяется для лечения ожирения, удаляет излишки веса с проблемных зон.
Благодаря такому большому спектру полезного воздействия аппарат широко используется для домашней физиотерапии и очень популярен, но есть ряд противопоказаний:
Кардиостимулятор.
Беременность.
Наличие новообразований и опухолей с подозрением на онкологию.
Болезнь Паркинсона.
Эпилепсия.
Инфекционные заболевания.
Индивидуальная непереносимость электротока.

Принципы воздействия и режимы стимулирующей физиотерапии:

Нервно-мышечный стимулятор генерирует электрические импульсы разной силы и частоты, тем самы заставляя опреденные группы мышц сохранять свой тонус и улучшать работу. Электрические импульсы сравнимы с теми сигналами биотока, которые посылает в мышечную ткань мозг по каналам нервной системы, организм всопринимает их, как ""родные"", подчиняется импульсам и группа мышц выполняет заданную ими команду. Сокращения группы мышц в свою очередь влияют на кровоток, а также на другие органы, стимулируя их работу.

Характеристики:
6 режимов массажа, каждый режим массажа имеет 10 регулируемых уровней интенсивности, полностью отвечающих фактическим потребностям различных групп людей.
Функция синхронизации: 5 минут/10 минут/15 минут/20 минут/25 минут/30 минут, вы можете самостоятельно установить наиболее подходящее время массажа.
Текст на большом ЖК-экране четкий и большой, а функции кнопок понятны, пожилые люди смогут легко им воспользоваться.
Он эффективен для устранения болей разного характера, в том числе и головной. Помогает снять усталость после трудного рабочего дня и нормализовать сон. Расслабляет мышцы, снимает отеки и улучшает кровообращение.
Использовать аппарат для миостимуляции рекомендуется всей семьей. Для большего числа процедур не требуются предписания врача, достаточно контролировать работу аппарата. Особенно актуален миостимулятор для спорстменов, людей вынужденных работать в статических позах и с тяжестями.
6 режимов массажа, каждый режим массажа имеет 10 регулируемых уровней интенсивности, полностью отвечающих фактическим потребностям различных групп людей.
Функция синхронизации: 5 минут/10 минут/15 минут/20 минут/25 минут/30 минут, вы можете самостоятельно установить наиболее подходящее время массажа.
Текст на большом ЖК-экране четкий и большой, а функции кнопок понятны, пожилые люди смогут легко им воспользоваться.
Он эффективен для устранения болей разного характера, в том числе и головной. Помогает снять усталость после трудного рабочего дня и нормализовать сон. Расслабляет мышцы, снимает отеки и улучшает кровообращение.
Использовать аппарат для миостимуляции рекомендуется всей семьей. Для большего числа процедур не требуются предписания врача, достаточно контролировать работу аппарата. Особенно актуален миостимулятор для спорстменов, людей вынужденных работать в статических позах и с тяжестями.
Снимает болевой синдром самого разного происхождения (усталость, отек, травмы, головная боль, спазмы и т.д.).
Лечение нетяжелых сердечно-сосудистых заболеваний.
Лечение заболеваний опорно-двигательного аппарата.
Лечение заболеваний пищеварительной системы.
Снимает усталость с мышц после тренировок, применяется для поддержания тонуса мышц.
Восстанавливает мышцы, суставы, сосуды после травм, операций.
Улучшает кровоток, снимает отеки, рагоняет гематомы.
Применяется при лечении неврозов, улучшает работу нервной системы, повышает умственную работоспособность.
Стимулирует работу клеток эпителлия, применяется для устранения целлюлита, поддерживает тонус кожных покровов и эластичность.
Применяется для лечения ожирения, удаляет излишки веса с проблемных зон.
Снимает болевой синдром самого разного происхождения (усталость, отек, травмы, головная боль, спазмы и т.д.).
Лечение нетяжелых сердечно-сосудистых заболеваний.
Лечение заболеваний опорно-двигательного аппарата.
Лечение заболеваний пищеварительной системы.
Снимает усталость с мышц после тренировок, применяется для поддержания тонуса мышц.
Восстанавливает мышцы, суставы, сосуды после травм, операций.
Улучшает кровоток, снимает отеки, рагоняет гематомы.
Применяется при лечении неврозов, улучшает работу нервной системы, повышает умственную работоспособность.
Стимулирует работу клеток эпителлия, применяется для устранения целлюлита, поддерживает тонус кожных покровов и эластичность.
Применяется для лечения ожирения, удаляет излишки веса с проблемных зон.
Кардиостимулятор.
Беременность.
Наличие новообразований и опухолей с подозрением на онкологию.
Болезнь Паркинсона.
Эпилепсия.
Инфекционные заболевания.
Индивидуальная непереносимость электротока.

Принципы воздействия и режимы стимулирующей физиотерапии:

Нервно-мышечный стимулятор генерирует электрические импульсы разной силы и частоты, тем самы заставляя опреденные группы мышц сохранять свой тонус и улучшать работу. Электрические импульсы сравнимы с теми сигналами биотока, которые посылает в мышечную ткань мозг по каналам нервной системы, организм всопринимает их, как ""родные"", подчиняется импульсам и группа мышц выполняет заданную ими команду. Сокращения группы мышц в свою очередь влияют на кровоток, а также на другие органы, стимулируя их работу.

Характеристики:
Кардиостимулятор.
Беременность.
Наличие новообразований и опухолей с подозрением на онкологию.
Болезнь Паркинсона.
Эпилепсия.
Инфекционные заболевания.
Индивидуальная непереносимость электротока.

Принципы воздействия и режимы стимулирующей физиотерапии:

Нервно-мышечный стимулятор генерирует электрические импульсы разной силы и частоты, тем самы заставляя опреденные группы мышц сохранять свой тонус и улучшать работу. Электрические импульсы сравнимы с теми сигналами биотока, которые посылает в мышечную ткань мозг по каналам нервной системы, организм всопринимает их, как ""родные"", подчиняется импульсам и группа мышц выполняет заданную ими команду. Сокращения группы мышц в свою очередь влияют на кровоток, а также на другие органы, стимулируя их работу.

Характеристики:"
976038772,kebidu,От порта USB,"Плечи, Поясница, Руки, Ноги, Спина, Тело","Вибрационный, Рефлекторный, Расслабляющий","Напряжение: 3,7 В

Как использовать: A-F (8 режимов) 19 передач

Частота: 1-100HZ

Время работы: 15 минут

Выход: 35 мА максимум

Емкость батареи: 200mAH

Частота: 1 ~ 100 Гц

Вес: 31 г

Цвет: синий, черный

Размер: Как показано на картинке

Особенности:

* 100% абсолютно новый и качественный.

* Массажная часть: шея / спина / талия / бедро / ноги и другие части.

* 8 режимов & 19 уровней: Есть различные уровни интенсивности для каждого режима (постукивание, массаж, массаж, выжимание, постукивание, разминание, тренировка, формирование) Пользователи могут выбирать различную интенсивность в соответствии с индивидуальными потребностями.

* Помогает снять усталость, расслабить мышцы, улучшить кровообращение и сжечь жир.

*, В отличие от существующих общих массажных устройств, которые только растирают внешнюю часть мышц, массажер стимулирует и внутреннюю часть сил, чтобы усилить кровообращение эффективно для быстрого восстановления после усталости.

* Небольшой размер, легкий, легко носить и хранить.

Добро пожаловать! Мы рады представить вам электрический массажер, который не только расслабит ваше тело, но и укрепит мышцы. Наш массажер производит стимуляцию на разных участках тела, таких как шея, ноги и спина, отправляя микротоки и импульсы прямо в центральную нервную систему. Это позволяет сократить мышцы и повысить их тонус.Наш продукт идеально подойдет как для мужчин, так и для женщин, которые ищут эффективный способ улучшить свое здоровье и физическую форму. Этот массажер поможет вам справиться с мышечной усталостью после долгой работы или тренировок, а также снять стресс и расслабиться.Электрический массажер для тела идеально подходит для путешествий или восстановления после тяжелых рабочих дней и тренировок. EMS foot massager также поможет при восстановлении после травм или операций, благодаря микротоковой терапии.Виброплатформа электромиостимулятор является отличным антицеллюлитным средством и практична в использовании. С контроллером заряжается за 1 час, а с комплектным массажным ковриком для ступней поставляется USB кабель для зарядки.

Способ применения
1. Подключите миостимулятор к проводнику. 2. Отклейте защитную пленку с патчей. 3. Прикрепите массажер к необходимому участку тела с помощью гелевых патчей. 4. Включите массажер и выберите нужный режим.  Включение стимулятора и повышение интенсивности - кнопка ""+""; Выбор программы - кнопка ""M""; Выключение стимулятора и понижение интенсивности - кнопка ""-"".   Через 15 минут срабатывает автоотключение прибора. Рекомендуемая длительность сеанса - по 15 минут 2 раза в день.
Способ применения
1. Подключите миостимулятор к проводнику. 2. Отклейте защитную пленку с патчей. 3. Прикрепите массажер к необходимому участку тела с помощью гелевых патчей. 4. Включите массажер и выберите нужный режим.  Включение стимулятора и повышение интенсивности - кнопка ""+""; Выбор программы - кнопка ""M""; Выключение стимулятора и понижение интенсивности - кнопка ""-"".   Через 15 минут срабатывает автоотключение прибора. Рекомендуемая длительность сеанса - по 15 минут 2 раза в день."
1672271247,R&A baby,"От сети 220В, От порта USB","Ягодицы, Поясница","Вибрационный, Лечебный, Миостимулирующий","Способ применения
1. Очистите зон с помощью чистой воды.

2. Подсоедините зонд к проводу электрода.

3. Убедитесь, что зонд включён и подключите зонд к устройству.

4. Вставьте зонд в область лечения, пока фланец у основания зонда не окажется снаружи (лягте или сядьте и поднимите колени вверх).

5. Нажмите кнопку включения на хост компьютере (пульт управления), чтобы включить устройство.

6. Нажмите ""MODE"", чтобы включить режим.7. Нажимайте ""+"" или ""-"", чтобы регулировать интенсивность.
Способ применения
1. Очистите зон с помощью чистой воды.

2. Подсоедините зонд к проводу электрода.

3. Убедитесь, что зонд включён и подключите зонд к устройству.

4. Вставьте зонд в область лечения, пока фланец у основания зонда не окажется снаружи (лягте или сядьте и поднимите колени вверх).

5. Нажмите кнопку включения на хост компьютере (пульт управления), чтобы включить устройство.

6. Нажмите ""MODE"", чтобы включить режим.7. Нажимайте ""+"" или ""-"", чтобы регулировать интенсивность."
1916582400,Миостимуляторы,"Встроенный аккумулятор, От порта USB",Область вокруг глаз,"Акупрессурный, Акупунктурный, Антицеллюлитный, Вибрационный, Перкусионный",
1209323331,Миостимуляторы,"От сети 220В, Внешний источник питания","Лицо, Ноги, Руки, Спина, Тело, Ягодицы","Импульсный, Комбинированный, Лимфодренажный, Миостимулирующий, Расслабляющий, Рефлекторный","Аппаратная косметология, это очень эффективный метод омоложение кожи лица и тела. В новой версии MAEA (HIFU 3.0) собранны, самые эффективные функции в области аппаратной косметологии. Увеличена мощность Улучшенный и расширен функционал. Многофункциональный аппарат входит в ТОП-5 лучших аппаратов RF лифтинга для омоложения. Косметический массажом для лица и тела RF лифтинга The MAEA(HIFU 3.0) -это косметический аппарат нового поколения .Предыдущие версии этого аппарата были массажеры всем известные как (MINI HIFU и MINI HIFU 2.0)Обе версии хорошо себя зарекомендовали. Улучшенный и расширен функционал. Многофункциональный аппарат входит в ТОП-5 лучших аппаратов RF лифтинга для омоложения. Прибор 5 в 1 станет лучшим решением, для проблем с кожей лица и тела электрический массажер включает в себя такие функции как: 1. Функция Ультра известная еще как функция (HIFU) – это сфокусированный ультра звук который безболезненно сжимает волокна коллагена и стимулирует его выработку благодаря нагрева ткани. По такому же принципу работает АЛЬТЕРАПИЯ в эстетической косметологии . 2. Функция RF лифтинга лица и тела безопасное неинвазивная методика которая позволяет бороться с возрастными изменения и добиться подтяжки кожи лица и тела. 3. Функция EMS функция ( миостимуляция) позволит вам воздействовать на мышечный каркас лица и заметно улучшить контуры лица снять отечность и подтянуть дряблую кожу. 4. EMS+RF ( одновременно ) это уникальная функция прекрасно усиливает эффект омоложение смас лифтинга. После проведение процедур вы с восторгом увидите изменения на вашем лице и шеи и зоне декольте. 5. Функция светотерапии – активирует обменные процессы . Домашний ручной аппарат, отлично подойдет для лица, шеи, а так же для рук и живота . Профессиональный инструмент, станет потрясающим решением таких проблем как , дряблость, отечность, морщины , старение, носогубные складки, снижение эластичности, целлюлит, обвисший подбородок и целый ряд других неприятностей. Гаджет для лица, The MAEA это домашняя техника для красоты и здоровой кожи. Универсальный мультиполярный самый мощный аппарат 24 Ват!!! -что в разы выше существующих на нашем рынке .Устройство для смас_- лифтинга , дает сногсшибательный эффект после применения. Аппарат для лифтинга The MAEA , это косметология, красота ,здоровье и хорошее настроение не выходя из дома и потрясающий подарок для любимых. Ведь красота для женщины это главное. В комплекте с аппаратом идет инструкция и рекомендации косметолога обязательно ознакомитесь. Аппарат СМАС лифтинга , Мультиполярный УЗ массажер ,как и все профессиональные аппараты работает от сети .В целях Безопасности аппарат оснащен системой самостоятельного отключения .После 10 мин . работы Аппарат отключится .Включите повторно ,выбрав нужную для Вас функцию .ПОЖАЛУЙСТА ПРОВОДИТЕ ПРОЦЕДУРЫ СОГЛАСНО ИНСТРУКЦИИ И РЕКОМЕНДАЦИЯМ НАШЕГО КОСМЕТОЛОГА. Здоровья Вам и красоты. Свернуть описание

Способ применения
Массаж всего тела
Способ применения
Массаж всего тела"
1499136215,Cosmetology Group,От сети 220В,"Зона декольте, Ноги, Руки, Тело, Ягодицы, Лицо",Миостимулирующий,"Миостимулятор - это инновационное устройство, которое поможет вам улучшить состояние мышц и достичь желаемых физических результатов для тела, лица и для рук. Его принцип действия основан на эффекте искусственного возбуждения мышцы с помощью электрического сигнала.

Когда вы используете миостимулятор, он генерирует электрический сигнал, который передается на мышцы. Этот сигнал проходит через ткани и вызывает двигательную активность в мышце. В результате этого процесса повышается приток крови к сократившейся мышце, что способствует активизации синтеза белков и стимулирует отток венозной крови и лимфоток.

Одной из особенностей этого миостимулятора является его 10 каналов, которые позволяют вам одновременно работать с различными группами мышц. Вы можете выбрать программу, которая наиболее подходит вам и вашим целям. Всего в миостимуляторе доступно 4 основные программы, которые помогут вам достичь различных результатов, включая укрепление мышц, сжигание жира и улучшение общего состояния.

Р1 - восстановление мышц после травм, операции, снятие болевого синдрома, восстановление тургора и цвета кожи, восстановление формы грудной железы.

Р2 - Программа для укрепления мышц , восстановления тонуса, эластичности и массы мышц, для спортсменов потерявших форму.

Р3 - Выведение токсических продуктов из межклеточного пространства и тканей, улучшение обменных процессов, лимфодренаж.

Р4 - Электролиполиз, снижение избыточного веса. Выведение ""шлаков"" из организма, коррекция фигуры. Эта программа предназначена для физически подготовленных лиц.

Пользоваться массажером очень просто. Вам всего лишь нужно выбрать нужную программу и установить уровень интенсивности. Затем просто прикрепите электроды к нужной области тела и включите устройство. Весь процесс миостимуляции будет контролироваться и регулироваться самим аппаратом.

Миостимулятор является эффективным и безопасным способом тренировки мышц. Он идеально подходит для тех, кто хочет укрепить свое тело или достичь определенных физических целей. 

Благодаря своей инновационной технологии и разнообразию программ, этот миостимулятор поможет вам достичь результатов, о которых вы мечтаете. Не упустите возможность улучшить свое физическое состояние с помощью этого удивительного устройства.

Способ применения
Увядающая атоничная кожа
Гравитационный птоз, «бульдожьи щечки» или второй подбородок
Вялая кожа с пониженным тонусом и тургором
Отеки под глазами
Фотостарение кожи
Мимические морщины
Спазм мышц лица и гипертонус.
Способ применения
Увядающая атоничная кожа
Гравитационный птоз, «бульдожьи щечки» или второй подбородок
Вялая кожа с пониженным тонусом и тургором
Отеки под глазами
Фотостарение кожи
Мимические морщины
Спазм мышц лица и гипертонус."
1402653609,Миостимуляторы,"От сети 220В, Сменная батарея","Ноги, Плечи, Поясница, Руки, Спина, Тело","Антицеллюлитный, Импульсный, Лечебный, Миостимулирующий, Расслабляющий, Оздоровительный","Миостимулятор тела - это устройство, которое поможет вам поддерживать свое тело в тонусе и улучшить общее состояние здоровья. Он оснащен комплектом принадлежностей, в который входит 8 пар электродов-липучек, тапочки и перчатки, что позволяет использовать его для различных частей тела. Таким образом, он пригоден для массажа рук, ног, спины, живота и других частей тела. Устройство имеет удобную форму и легкий вес, что делает его комфортным в использовании.

Благодаря широкому спектру применения, удобству использования и возможности регулировки интенсивности, миостимулятор станет незаменимым помощником в вашем стремлении к здоровью и красоте.

Способ применения
Устройство для воздействия на мышцы тела с помощью электрических импульсов. К телу прикладываются электроды в непосредственной близости к стимулируемым мышцам. Посылаемые от устройства электрические импульсы похожи на импульсы нервной системы, которые заставляют мышцы сокращаться.

Миостимулятор эффективен для лечения и восстановления естественной работы мышц, внутренних органов, коррекции фигуры, лечения целлюлита, укрепления мускулатуры, увеличения мышечной массы. В медицине — для восстановления сократительной способности мышц нижних конечностей, профилактики судорог, а также с целью лечения разрывов, растяжений и межмышечных гематом
Способ применения
Устройство для воздействия на мышцы тела с помощью электрических импульсов. К телу прикладываются электроды в непосредственной близости к стимулируемым мышцам. Посылаемые от устройства электрические импульсы похожи на импульсы нервной системы, которые заставляют мышцы сокращаться.

Миостимулятор эффективен для лечения и восстановления естественной работы мышц, внутренних органов, коррекции фигуры, лечения целлюлита, укрепления мускулатуры, увеличения мышечной массы. В медицине — для восстановления сократительной способности мышц нижних конечностей, профилактики судорог, а также с целью лечения разрывов, растяжений и межмышечных гематом"
1670160213,Миостимуляторы,"От порта USB, Сменный аккумулятор (нет в комплекте)","Тело, Шея, Поясница, Плечи, Ягодицы","Вибрационный, Миостимулирующий",
2230223350,Yellow Panda,,"Лицо, Область вокруг глаз, Руки, Шея","Классический, Импульсный, Комбинированный, Разминание, Расслабляющий, Роликовый","Миозонды, которые любят дети!!!

Миозонд с 2-мя силиконовыми бусинами ""ЛогоРогатка большая""
Зонд применяется для массажа лица:
Точечный массаж лица.
Линейный массаж лица
2. Зонд применяется для боковых краев языка

3. Отличный помощник для постановки звука ""Ш""
Для поднятия языка вверх
Для подъязычной связки - подъемник
Бусины позволяют сделать мягкий массаж лица , языка, щек, окологубного пространства.

Длина зонда -17 см

Диаметр бусин -9 мм

ОБРАТИТЕ ВНИМАНИЕ:
Зонд изготовлен из нержавеющей стали применяемой в медицине, и специальный пищевой силикон, который прекрасно обрабатывается до 250 градусов!
ЦВЕТ БУСИНЫ МОЖЕТ ОТЛИЧАТСЯ ОТ ФОТО

Запоминаем: пищевой специальный силикон от Желтой Панды можно сухожарить, гласперленить и кипятить

Рекомендации по обработке зондов из нержавеющей стали , и так же зонды из нержавеющей стали и силиконовыми бусинами производства Желтая Панда:

1. После использования промыть в проточной воде 2-3 минуту.

2.Замочить в дез.средстве типа оптимакс, аламинол мин 15-30( читаем инструкцию вашего дезсредства).

3.Промыть проточной водой 3-4 минуты.

4. Теплообработка( сухожар, кипячение , гласперленовый стерилизатор)-15-20 минут( читаем инструкцию вашего оборудование).

5. Уф- стерилизатор, или бокс для хранения , или крафт пакеты .
Зонд применяется для массажа лица:
Зонд применяется для массажа лица:
Точечный массаж лица.
Линейный массаж лица
Точечный массаж лица.
Линейный массаж лица
Для поднятия языка вверх
Для подъязычной связки - подъемник
Для поднятия языка вверх
Для подъязычной связки - подъемник
Зонд изготовлен из нержавеющей стали применяемой в медицине, и специальный пищевой силикон, который прекрасно обрабатывается до 250 градусов!
Зонд изготовлен из нержавеющей стали применяемой в медицине, и специальный пищевой силикон, который прекрасно обрабатывается до 250 градусов!"
1128511450,Fizzle,"Встроенный аккумулятор, От порта USB","Тело, Лицо, Ноги, Ягодицы, Руки, Спина","Расслабляющий, Лимфодренажный, Антицеллюлитный, Вибрационный, Импульсный","писание

Миостимулятор для всего тела EMS — ваш надежный помощник в укреплении мышц, снятии болей и расслаблении после тренировок и фитнеса. Этот универсальный массажер бабочка подходит для пресса, шеи, плеч, рук, бедер и спины, эффективно стимулируя мышцы с помощью регулируемой интенсивности как спортивный тренажер. С помощью электростимулятора мышц вы сможете: Укрепить мышцы живота, рук и бедер. Расслабить мышцы после тренировок. Снять спазмы и боли, включая боли в шейно-воротниковой зоне. Улучшить кровообращение и ускорить восстановление. Многофункциональный массажер для тела: Миостимулятор работает на основе электростимуляции, что делает его идеальным выбором для похудения и проработки мышц как женщинам, так и мужчинам. Используйте массажный аппарат как массажер для пресса, чтобы убрать живот, стимулятор мышц для тела или тренажер для мышц живота и спины. Благодаря компактным размерам миостимулятор- тренажер удобно использовать дома или в поездках. Эффективность и комфорт: Электрический микротоковый массажер током легко настраивается под ваши потребности: от интенсивного укрепления мышц спины, шеи, ног до расслабляющего массажа для снятия напряжения. Это идеальный выбор товара для похудения для тренировки пресса, похудения живота или снятия стресса после напряженного дня. Подходит для использования в разных зонах тела: Пресс: мини тренажер для пресса и мышц живота и боков. Шея и плечи: массажер для расслабления и снятия болей. Руки, бедра и ягодицы: миостимулятор для укрепления мышц. Спина и поясница: массажер для снятия спазмов и напряжения. Идеально для всех задач: Используйте как антицеллюлитный массажер, лимфодренажный вибромассажер или аппарат тренажер для похудения живота. Миостимулятор эффективно воздействует на глубокие слои мышц, помогая поддерживать тело в тонусе, пока вы отдыхаете. Выбирайте электромассажер для тела, чтобы забыть о мышечных болях и спазмах, и наслаждайтесь комфортным расслаблением каждый день. Или он может стать полезным подарком для спортсмена.

Массажер электрический миостимулятор — идеальный подарок на 14 февраля для любимого, на 8 марта для женщины, которая заботится о своем здоровье, и на 23 февраля для мужчины, который ценит активный образ жизни и заботу о себе."
2065867702,kebidu,,"Тело, Поясница, Ноги, Шея, Плечи, Руки","Вибрационный, Рефлекторный, Расслабляющий, Миостимулирующий","Функции:

✔Помогает снять усталость, расслабить мышцы, улучшить кровообращение и сжигать жир.

✔Массажер способен стимулировать внутреннюю часть мышц, эффективно улучшать кровообращение и быстро восстанавливать силы после усталости.

✔Небольшой размер и легкий вес, удобно переносить и хранить.

Как добраться:

1. Подключите миостимулятор к проводнику.

2. Снимите защитную прозрачную пленку с пластыря.

3. Установите массажер на ту часть тела, которую вы хотите массировать.

4. Нажмите кнопку «М» и выберите нужный режим программы.

5. Включите стимулятор и увеличьте интенсивность с помощью кнопки «+».

6. Выключите стимулятор и уменьшите интенсивность с помощью кнопки «-».

7. Через 15 минут устройство автоматически выключится. Рекомендуемое время тренировки — 15 минут 2 раза в день.

8. Если массажер не работает, зарядите его в течение 30 минут.

Технические характеристики:

--Напряжение: 3,7 В

--Как использовать: A-F (8 режимов), 19 уровней

--Частота: 1-100Гц

--Время работы: 15 минут

--Выход: максимум 35 мА

--Емкость аккумулятора: 200 мАч

--Частота: 1~100 Гц

--Вес: 31 г

--Цвет: сине-черный"
1917592982,Миостимуляторы,"Встроенный аккумулятор, От порта USB","Спина, Руки, Ноги, Плечи, Ягодицы, Тело","Акупрессурный, Гуаша, Импульсный, Расслабляющий, Шиацу, Миостимулирующий","Электростимулятор предназначен для эффективного и комфортного массажа мышц всего тела. Этот токовый массажер помогает улучшить тонус пресса, ягодиц и бедер, способствуя похудению и уменьшению проявлений целлюлита. Устройство идеально подходит для использования на различных участках тела, включая ноги и живот.Миостимулятор использует электромиостимуляцию, что позволяет достигать глубокого воздействия на мышцы. Регулярное применение способствует улучшению кровообращения, расслаблению мышечного напряжения и повышению общей физической активности. Легкость в использовании делает этот массажер доступным для любого пользователя.Электро стимулятор обеспечит необходимый уровень комфорта во время процедуры, а также позволит настроить интенсивность воздействия в зависимости от индивидуальных предпочтений. Это универсальное устройство станет отличным помощником в поддержании физической формы и заботе о своем теле.

Способ применения
1.Приложите подушечки к месту, которое вам нужно помассировать; 
2.Выберете режим и уровень интенсивности; 
3.Установите время процедуры; 
4.Затем начнется автоматический обратный отсчет; 
5.По истечения времени, устройство выключится автоматически. 
Способ применения
1.Приложите подушечки к месту, которое вам нужно помассировать; 
2.Выберете режим и уровень интенсивности; 
3.Установите время процедуры; 
4.Затем начнется автоматический обратный отсчет; 
5.По истечения времени, устройство выключится автоматически."
1200295547,ATLANFA,,"Голова, Ноги, Плечи, Руки, Спина, Шея","Акупунктурный, Миостимулирующий, Расслабляющий","Акупунктурный массажер для лица и тела - это новый компактный прибор для электропунктурной терапии. Его воздействие помогает снять усталость, стресс, напряжение в мышцах, улучшить обмен веществ. В основе работы используется низковольтная электротерапия.Прибор прост в использовании, он выполнен в виде ручки, удобно лежащей в руке. Для воздействия электрическим током на выбранную зону, надо включить прибор и поднести к этой точке. Сила, действующего тока регулируется ступенчато, что позволяет подобрать наилучший вариант терапии. В комплекте с ручкой есть 3 вида насадок, в виде шарика, для точечного воздействия, двойная для усиленного и купольная, с большей площадью воздействия для косметических процедур. Работает прибор от 1 батарее АА, его можно использовать дома, на работе или в поездке.

Способ применения
Включить прибор и поднести его к выбранной Вами точке воздействия. Регулятор силы тока от 1 до 9, что позволяет подобрать оптимальный вариант воздействия.
Способ применения
Включить прибор и поднести его к выбранной Вами точке воздействия. Регулятор силы тока от 1 до 9, что позволяет подобрать оптимальный вариант воздействия."
1759477281,Миостимуляторы,"От порта USB, Встроенный аккумулятор",Ноги,"Импульсный, Лечебный, Миостимулирующий","Электрический массажер — это идеальный тренажер для расслабления и восстановления ног. Уникальный дизайн устройства сочетает в себе функциональность и стиль. Поверхность изделия украшена оригинальным узором, который напоминает форму ступней, обеспечивая целенаправленное воздействие на ключевые зоны.Материал коврика обеспечивает приятные тактильные ощущения и легкость в уходе. Массажер предлагает разнообразие режимов, что позволяет пользователю настроить интенсивность процедуры под свои предпочтения. С восемью режимами массажа и девятнадцатью уровнями скорости вы сможете выбрать оптимальную программу для своего комфорта.Управление осуществляется с помощью интуитивно понятного пульта, что делает использование устройства удобным и простым. Вы можете легко переключаться между режимами без необходимости вставать или наклоняться.Коврик подходит как для ежедневного использования, так и для периодического расслабления после долгого рабочего дня. Он помогает улучшить кровообращение, снизить напряжение в мышцах ног и стопах. Микротоковый массаж активизирует обмен веществ в тканях, способствуя общей релаксации.Идеальное решение для тех, кто проводит много времени на ногах или испытывает дискомфорт после физических нагрузок. Компактные размеры позволяют удобно разместить массажер в любом уголке дома или офиса.Электрический массажер станет отличным дополнением к вашему домашнему уходу за собой и поддержанию здоровья ног. Наслаждайтесь качественным отдыхом с этим устройством!"
389740709,Leroll,Сменная батарея,"Тело, Ноги, Ягодицы, Руки, Плечи, Спина","Вибрационный, Антицеллюлитный, Миостимулирующий, Оздоровительный, Расслабляющий, Импульсный","Миостимулятор – это массажер для тела, который предназначен для поднятия мышечного тонуса, улучшения циркуляции крови, снятия мышечных болей, а также помогает в борьбе с целлюлитом и лишним весом. Микротоковый массажер является хорошим дополнением к занятию фитнесом или аэробикой, при этом организм не испытывает больших нагрузок. Тренажер для пресса имеет 6 режимов работы и помогает не только укрепить мышцы, но и стимулирует организм благодаря точечным ударам тока в местах соприкосновения с устройством. Массажер для похудения подходит для всех групп мышц, поэтому его можно использовать на руках, ногах, спине, шее, животе, бедрах. Он подходит как женщинам, так и мужчинам, независимо от возраста. Продуманный дизайн и беспроводной пульт управления облегчают использование вибромассажера. Ремешки, которые идут в комплекте, обеспечивают лучшее прилегание к телу. Миостимулятор для тела имеет несколько режимов интенсивности, что позволяет выбрать оптимальный, ориентируясь на свои индивидуальные потребности. Данный аппарат помогает убрать живот, корректировать фигуру и борется с целлюлитом. Благодаря массажу с микротоками в сочетании с физическими упражнениями, он становится эффективным тренажером для пресса и поясом для похудения. Кроме того, он обеспечивает антицеллюлитный эффект и снимает отеки, восстанавливая лимфоток. Механический массажер для тела оказывает более глубокое воздействие на кожу и может использоваться в любое время дня, становясь незаменимым спортивным инвентарем дома, в спортзале или в дороге. Компактный и легкий, он незаметен под одеждой, что позволяет носить его в любом месте, тем самым поддерживая форму и заботясь о здоровье. Импульсный массажер обеспечивает качественный и интенсивный массаж, который улучшает состояние мышц, снимает стресс и усталость, способствуя повышению качества сна и общего самочувствия."
2269102043,Yellow Panda,,"Область вокруг глаз, Лицо","Вибрационный, Классический, Комбинированный, Расслабляющий","Авторская насадка Маюровой Галины Михайловны «ЛогоЛего» для логопедического массажера Панда

Длина рабочей части-5,5 см

Ширина рабочей части -2 см

Толщина -1 см

Диаметр отверстия -1 см

Диаметр отверстия -2 см

Диаметр лего пупырышки -5 мм
Для активизирующего массажа
Активизация кончика языка с помощью отверстий
Помещая язык в отверстие волны вибрации уходят в глубину от кончика к корню языка.
Расслабление корня языка и мышц управляющими голосовыми связками-вибрация продольным мышцам языка уходит в гортань при помещении языка в отверстие при этом насадку захватываем зубами
Активизация мышц языка и лицевой мускулатуры фактура насадки имеет разные пупырышки
В качестве жевательного тренажера.
Роторасширитель
Для упражнения Лошадка и Грибочек , когда часть языка провисает кончик, боковые края(подвисают, выходят за границы зубов) -ту часть которая провисает активно прорабатываем по языку, язык потом хорошо уходит в купол неба.
Формирует хорошую чувствительность кончик языка- вставляем язык в отверстие
Формирует желобок по которому идет воздух для качественной артикуляции-вставляем язык в отверстие
Эту насадку с большими пупырышками на лицевой стороне и маленькими пупырышками на задней стороне можно использовать для разнообразной сенсорной стимуляции.
Обработка насадки:

1. После использования промыть в проточной воде теплой до 15 минут

2. Замочить в дез.средстве типа оптимакс, аламинол мин 15-30( читаем инструкцию вашего дезсредства)

3. Промыть проточной водой теплой 10-15 минут

4. Теплообработка ( сухожар, кипячение , гласперленовый стерилизатор)-15-20 минут( читаем инструкцию вашего оборудование)

5. Уф- стерилизатор, или бокс для хранения , или крафт пакеты
Для активизирующего массажа
Активизация кончика языка с помощью отверстий
Помещая язык в отверстие волны вибрации уходят в глубину от кончика к корню языка.
Расслабление корня языка и мышц управляющими голосовыми связками-вибрация продольным мышцам языка уходит в гортань при помещении языка в отверстие при этом насадку захватываем зубами
Активизация мышц языка и лицевой мускулатуры фактура насадки имеет разные пупырышки
В качестве жевательного тренажера.
Роторасширитель
Для упражнения Лошадка и Грибочек , когда часть языка провисает кончик, боковые края(подвисают, выходят за границы зубов) -ту часть которая провисает активно прорабатываем по языку, язык потом хорошо уходит в купол неба.
Формирует хорошую чувствительность кончик языка- вставляем язык в отверстие
Формирует желобок по которому идет воздух для качественной артикуляции-вставляем язык в отверстие
Эту насадку с большими пупырышками на лицевой стороне и маленькими пупырышками на задней стороне можно использовать для разнообразной сенсорной стимуляции.
Для активизирующего массажа
Активизация кончика языка с помощью отверстий
Помещая язык в отверстие волны вибрации уходят в глубину от кончика к корню языка.
Расслабление корня языка и мышц управляющими голосовыми связками-вибрация продольным мышцам языка уходит в гортань при помещении языка в отверстие при этом насадку захватываем зубами
Активизация мышц языка и лицевой мускулатуры фактура насадки имеет разные пупырышки
В качестве жевательного тренажера.
Роторасширитель
Для упражнения Лошадка и Грибочек , когда часть языка провисает кончик, боковые края(подвисают, выходят за границы зубов) -ту часть которая провисает активно прорабатываем по языку, язык потом хорошо уходит в купол неба.
Формирует хорошую чувствительность кончик языка- вставляем язык в отверстие
Формирует желобок по которому идет воздух для качественной артикуляции-вставляем язык в отверстие
Эту насадку с большими пупырышками на лицевой стороне и маленькими пупырышками на задней стороне можно использовать для разнообразной сенсорной стимуляции."
2230223892,Yellow Panda,,"Лицо, Область вокруг глаз, Руки, Шея","Роликовый, Разминание, Миостимулирующий, Классический, Комбинированный","Миозонды, которые любят дети!!!

Миозонд с 2-мя силиконовыми бусинами ""ЛогоРогатка малая""
Зонд применяется для массажа лица:
Точечный массаж лица.
Линейный массаж лица


2. Зонд применяется для активизации боковых краев языка сверху и снизу при слабых мышцах.

3. Отличный помощник для постановки звука ""Ш""
Для поднятия языка вверх


4. Зонд используйте для растягивания подъязычной уздечки.Рекомендую использовать его после предварительной разминки языка ручными способами.Бусины позволяют сделать мягкий массаж лица , языка, щек, окологубного пространства.Длина зонда -17 смДиаметр бусин -9 ммОБРАТИТЕ ВНИМАНИЕ:
Зонд изготовлен из нержавеющей стали применяемой в медицине, и специальный пищевой силикон, который прекрасно обрабатывается до 250 градусов!


ОБРАБОТКА:

Зонды устойчивы к паровой стерилизации, сухожару, гласперлену, уф-стерилизатору, обработке дезинфицирующим средством «ОПТИМАКС».Запоминаем: пищевой специальный силикон от Желтой Панды можно сухожарить, гласперленить и кипятитьРекомендации по обработке зондов из нержавеющей стали , и так же зонды из нержавеющей стали и силиконовыми бусинами производства Желтая Панда:1. После использования промыть в проточной воде 5-10 минуту.2.Замочить в дез.средстве типа оптимакс, аламинол мин 15-30( читаем инструкцию вашего дезсредства).3.Промыть проточной водой 5-10 минут.4. Теплообработка( сухожар, кипячение , гласперленовый стерилизатор)-15-20 минут( читаем инструкцию вашего оборудование).5. Уф- стерилизатор, или бокс для хранения , или крафт пакеты .
Зонд применяется для массажа лица:
Точечный массаж лица.
Линейный массаж лица
Зонд применяется для массажа лица:
Точечный массаж лица.
Линейный массаж лица
Для поднятия языка вверх
Для поднятия языка вверх
Зонд изготовлен из нержавеющей стали применяемой в медицине, и специальный пищевой силикон, который прекрасно обрабатывается до 250 градусов!
Зонд изготовлен из нержавеющей стали применяемой в медицине, и специальный пищевой силикон, который прекрасно обрабатывается до 250 градусов!"
1620286413,Миостимуляторы,Сменный аккумулятор (нет в комплекте),"Поясница, Ягодицы","Вибрационный, Миостимулирующий","Способ применения
Установите батарею для использования
Способ применения
Установите батарею для использования"
1717711540,Cosmetology Group,От сети 220В,"Зона декольте, Ноги, Руки, Тело, Ягодицы, Лицо","Миостимулирующий, Импульсный","Аппарат миостимуляции B-400 – это современный косметологический аппарат, который станет отличным помощником в домашних условиях для поддержания красоты и здоровья. Он идеально подходит для применения на различных зонах тела, включая руки, лицо и другие области, где необходимо улучшить тонус мышц и составить эффективную программу борьбы с целлюлитом.
С его помощью можно проводить процедуры миостимуляции, которые активируют природные процессы в организме. Это позволяет не только тонизировать и укреплять мышцы, но и улучшать лимфоотток, что особенно актуально для ухода за кожей. Благодаря компактным размерам и простому управлению, этот стимулятор легко интегрируется в ваш повседневный уход за телом и лицом.
Миостимулятор для лица поможет справиться с целлюлитными проявлениями, а также улучшить внешний вид кожи, делая её более упругой и молодой. Устройство хорошо подходит для использования на разных участках тела, что делает его универсальным решением для тех, кто заботится о себе и своем здоровье.
Его удобные насадки и различные режимы позволят вам настроить процедуру так, чтобы достичь максимального эффекта. Аппарат способен не только улучшать контуры вашего тела, но и способствовать расслаблению мышц, что делает мойки не только эффективными, но и приятными.
С помощью миостимулятора для мышц можно не только выполнять процедуры для поддержания красоты, но и улучшать общее самочувствие. Он станет отличным инструментом для тех, кто хочет укрепить мышцы и достичь желаемой формы. Эффективно интегрируйте аппарат в свою программу тренировок, чтобы повысить результаты и слегка ускорить процесс восстановления после физических нагрузок.
Аппарат миостимуляции B-400 – это ваш личный массажер, который подойдет для ежедневного ухода, обеспечивая необходимое бережное воздействие на кожу. Сделайте шаг к качественным переменам уже сегодня и откройте для себя мир высоких технологий в области эстетической косметологии, не выходя из дома.
Аппарат миостимуляции B-400 – это современный косметологический аппарат, который станет отличным помощником в домашних условиях для поддержания красоты и здоровья. Он идеально подходит для применения на различных зонах тела, включая руки, лицо и другие области, где необходимо улучшить тонус мышц и составить эффективную программу борьбы с целлюлитом.
С его помощью можно проводить процедуры миостимуляции, которые активируют природные процессы в организме. Это позволяет не только тонизировать и укреплять мышцы, но и улучшать лимфоотток, что особенно актуально для ухода за кожей. Благодаря компактным размерам и простому управлению, этот стимулятор легко интегрируется в ваш повседневный уход за телом и лицом.
Миостимулятор для лица поможет справиться с целлюлитными проявлениями, а также улучшить внешний вид кожи, делая её более упругой и молодой. Устройство хорошо подходит для использования на разных участках тела, что делает его универсальным решением для тех, кто заботится о себе и своем здоровье.
Его удобные насадки и различные режимы позволят вам настроить процедуру так, чтобы достичь максимального эффекта. Аппарат способен не только улучшать контуры вашего тела, но и способствовать расслаблению мышц, что делает мойки не только эффективными, но и приятными.
С помощью миостимулятора для мышц можно не только выполнять процедуры для поддержания красоты, но и улучшать общее самочувствие. Он станет отличным инструментом для тех, кто хочет укрепить мышцы и достичь желаемой формы. Эффективно интегрируйте аппарат в свою программу тренировок, чтобы повысить результаты и слегка ускорить процесс восстановления после физических нагрузок.
Аппарат миостимуляции B-400 – это ваш личный массажер, который подойдет для ежедневного ухода, обеспечивая необходимое бережное воздействие на кожу. Сделайте шаг к качественным переменам уже сегодня и откройте для себя мир высоких технологий в области эстетической косметологии, не выходя из дома."
1766772230,Миостимуляторы,Встроенный аккумулятор,"Поясница, Тело","Вибрационный, Импульсный, Перкусионный, Рефлекторный, Антицеллюлитный",
1623242033,Meteai,Встроенный аккумулятор,"Тело, Спина, Зона декольте",Миостимулирующий,"В этом тренажере для пресса используется передовая технология EMS, стимулирующая сокращение мышц живота и способствующая сжиганию жира.

Благодаря 6 режимам и 15 уровням интенсивности этот стимулятор мышц живота отвечает самым разным требованиям. 15 минут работы с прибором дважды в день - и вы обретете гораздо более совершенную фигуру не более чем за 3 месяца.

Этот стимулятор живота перезаряжается через USB, обеспечивая быструю и длительную зарядку. Безопасный и удобный, легкий, портативный, экологичный и суперэффективный!

Вы можете использовать его где угодно - в офисе, дома или на природе. Он очень легкий, ультратонкий, удобный для ношения. Идеально подходит для занятых людей, которые ищут решение для легкой тренировки."
2038655424,TOTAR,Встроенный аккумулятор,Ноги,"Импульсный, Миостимулирующий, Оздоровительный, Расслабляющий",
,,,,,
1098889090,Magic Passion,От порта USB,"Поясница, Тело","Вибрационный, Импульсный, Комбинированный","Чтобы помочь вам достичь наилучшей формы в вашей жизни, представляем вам идеальное тренажерное устройство, которое позволяет вам сжигать жир и тренировать мышцы, не выходя из дома. Перезаряжаемый по USB тренажер предназначен для тренировки тела. Это может помочь привести в тонус, подтянуть и укрепить ваше тело, вы можете улучшить фигуру после последовательного использования этого продукта в течение примерно 2 месяцев. Просто используйте тренажер 15 минут использования пояса с EMS стимулятором два раза в день, и вы увидите результаты на своем прессе.

Продукт позволяет вам тренировать мышцы брюшного пресса и формировать свое тело именно так, как вы этого хотите.

Эффективность массажного пояса по зонам массажа:

1. Плечи и руки: для устранения жировых отложений, помогает подтянуть обвисшую кожу рук, укрепить мышцы.

2. Живот: для уменьшения объемов талии, жировых отложений, целлюлита и растяжек, для укрепления мышц пресса и улучшения работы ЖКТ.

3. Поясница: для снятия напряжения в мышцах, помогает избавиться от боли и усталости в спине, пояснице, укрепить мышцы.

4. Бедра: против целлюлита; способствует снятию отеков и выводу шлаков.

Все, что вам нужно сделать, чтобы получить идеальный пресс – это надеть ремень на пресс, выбрать один из 8 различных режимов тренировки и наслаждаться.

Полезные советы:

Сбрызните подушечки на обратной стороне пояса для похудения небольшим количеством воды или увлажните кожу перед использованием.

Если вы чувствуете легкое покалывание во время использования, это нормально, когда ваша кожа слишком сухая. Перед использованием рекомендуется сбрызнуть электродные накладки небольшим количеством воды.

Убедитесь, что прямоугольные светлые электродные накладки одновременно полностью соприкасаются с кожей брюшной полости. В противном случае эффективный прибор для коррекции веса не будет работать должным образом.

Накладки с постоянным электродом против традиционной гелевой накладки.

Как это может раздражать - время от времени заменять гелевую электродную прокладку, что приводит к пустой трате времени и денег!

В EMS миостимуляторе используются электродные накладки из высококачественного материала, которые никогда не нуждаются в замене. Если вы хотите почистить его, просто протрите ленту влажным полотенцем и, пожалуйста, следите за тем, чтобы не намочить машинку, когда захотите убрать ее.

8 Различных режимов с регулируемой интенсивностью от 1 до 19 для каждого режима.

У разных людей разная конституция тела, у электрического тренажера пресса есть разные режимы, помогающие восстанавливать клетки с разной формой волны и направлением, чтобы соответствовать различным потребностям.

ГИБКИЙ и ПОРТАТИВНЫЙ - этот ремень из ABS-пластика заряжается с помощью USB-порта, обеспечивает быструю зарядку и долговечность. Носите ""тренажерный зал"" с собой, чтобы активировать свои спортивные элементы в любое время и в любом месте, не нужно беспокоиться о том, что у вас не будет времени на тренировки. Решите проблемы, связанные с фитнесом, чтобы упражнения больше не были тяжелыми.

КАК ДОЛГО Я ДОЛЖЕН ИМ ПОЛЬЗОВАТЬСЯ? - Около 15 минут в день, 1-2 раза в день. Эквивалентно 2000 метрам бега, 60 минутам приседаний, 60 минутам свободного плавания.

ПОЧЕМУ ВЫ ВЫБРАЛИ ИМЕННО ЭТО? - Разработан с учетом эргономики, ориентированной на упражнения для мышц брюшного пресса. Просто нажмите кнопку, чтобы начать упражнение. Вы можете выбрать другой режим и интенсивность соответственно для достижения желаемого эффекта тренировки мышц.

Можно использовать вместе со степовыми тренажерами, в качестве дополнительной нагрузке во время бега, фитнес-тренировок; во время занятий с эспандерами. С тренажерами для мышц бедра, ягодиц, интимных мышц. Идеален для женщин в послеродовый период.

Способ применения
1. Зарядите контроллер.
2. Закрепите контроллер на ремень.
3. Намочите водой или сбрызните полоски воздействия на мышцы на обратной стороне пояса-тренажера (выделены бежевым цветом).
4. Включите программу кнопкой ""+"".
5. Выберите подходящую из 6 возможных.
6. Переключайте программы кнопкой ""+"".
Способ применения
1. Зарядите контроллер.
2. Закрепите контроллер на ремень.
3. Намочите водой или сбрызните полоски воздействия на мышцы на обратной стороне пояса-тренажера (выделены бежевым цветом).
4. Включите программу кнопкой ""+"".
5. Выберите подходящую из 6 возможных.
6. Переключайте программы кнопкой ""+""."
650325408,RENSOR,Сменная батарея,"Тело, Ноги, Ягодицы, Плечи, Руки, Спина","Вибрационный, Антицеллюлитный, Миостимулирующий, Оздоровительный, Расслабляющий, Импульсный","Миостимулятор – это массажер для тела, который предназначен для поднятия мышечного тонуса, улучшения циркуляции крови, снятия мышечных болей, а также помогает в борьбе с целлюлитом и лишним весом. Микротоковый массажер является хорошим дополнением к занятию фитнесом или аэробикой, при этом организм не испытывает больших нагрузок. Тренажер для пресса имеет 6 режимов работы и помогает не только укрепить мышцы, но и стимулирует организм благодаря точечным ударам тока в местах соприкосновения с устройством. Массажер для похудения подходит для всех групп мышц, поэтому его можно использовать на руках, ногах, спине, шее, животе, бедрах. Он подходит как женщинам, так и мужчинам, независимо от возраста. Продуманный дизайн и беспроводной пульт управления облегчают использование вибромассажера. Ремешки, которые идут в комплекте, обеспечивают лучшее прилегание к телу. Миостимулятор для тела имеет несколько режимов интенсивности, что позволяет выбрать оптимальный, ориентируясь на свои индивидуальные потребности. Данный аппарат помогает убрать живот, корректировать фигуру и борется с целлюлитом. Благодаря массажу с микротоками в сочетании с физическими упражнениями, он становится эффективным тренажером для пресса и поясом для похудения. Кроме того, он обеспечивает антицеллюлитный эффект и снимает отеки, восстанавливая лимфоток. Механический массажер для тела оказывает более глубокое воздействие на кожу и может использоваться в любое время дня, становясь незаменимым спортивным инвентарем дома, в спортзале или в дороге. Компактный и легкий, он незаметен под одеждой, что позволяет носить его в любом месте, тем самым поддерживая форму и заботясь о здоровье. Импульсный массажер обеспечивает качественный и интенсивный массаж, который улучшает состояние мышц, снимает стресс и усталость, способствуя повышению качества сна и общего самочувствия."
1695280637,MASAG v PLUS,,"Ноги, Плечи, Поясница, Руки, Спина, Ягодицы","Импульсный, Миостимулирующий, Комбинированный","Способ применения
1. Снять защитную пленку с электрода;
2. Приклеить к телу в нужном месте;
3. Подсоединить посредством провода с разъемом электрод непосредственно к аппарату миостимулятора;
4. Устроиться поудобнее и расслабиться.
Способ применения
1. Снять защитную пленку с электрода;
2. Приклеить к телу в нужном месте;
3. Подсоединить посредством провода с разъемом электрод непосредственно к аппарату миостимулятора;
4. Устроиться поудобнее и расслабиться."
2281939353,Миостимуляторы,,"Плечи, Шея, Поясница, Ноги, Тело","Импульсный, Рефлекторный, Расслабляющий, Миостимулирующий, Оздоровительный","Способ применения
Применение и инструкция
Шаг 1: Подготовка устройства

Очистите кожу в области применения (спина, плечи, поясница) от загрязнений и влаги.

Шаг 2: Настройка параметров

Выберите режим через ЖК-дисплей: 8 вариантов (постукивание, разминание, шиацу и др.).
Настройте интенсивность (19 уровней) кнопками ""+"" и ""-"".

Шаг 3: Применение

Приклейте гелевые накладки на целевую зону (избегайте области сердца и открытых ран).
Запустите сеанс длительностью 15 минут – устройство автоматически отключится по завершении.

Рекомендации по безопасности

Не используйте при беременности, сердечных заболеваниях или высокой температуре .
Для чувствительной кожи начинайте с 1-3 уровня интенсивности
Способ применения
Применение и инструкция
Шаг 1: Подготовка устройства

Очистите кожу в области применения (спина, плечи, поясница) от загрязнений и влаги.

Шаг 2: Настройка параметров

Выберите режим через ЖК-дисплей: 8 вариантов (постукивание, разминание, шиацу и др.).
Настройте интенсивность (19 уровней) кнопками ""+"" и ""-"".

Шаг 3: Применение

Приклейте гелевые накладки на целевую зону (избегайте области сердца и открытых ран).
Запустите сеанс длительностью 15 минут – устройство автоматически отключится по завершении.

Рекомендации по безопасности

Не используйте при беременности, сердечных заболеваниях или высокой температуре .
Для чувствительной кожи начинайте с 1-3 уровня интенсивности"
979842418,OEM,Сменная батарея,"Ноги, Плечи, Поясница, Тело, Шея","Акупунктурный, Вибрационный, Импульсный, Миостимулирующий, Оздоровительный",
1904502856,kebidu,"От порта USB, Встроенный аккумулятор",Тело,"Рефлекторный, Миостимулирующий","【Описание】

Когда у вас нет времени или возможности, чтобы пойти в спортзал, мышечный стимулятор - идеальное решение. Стимулятор брюшный мышц предназначен для укрепления ваших мышц и обеспечения массажа. Во время тренировки вы не испытываете дискомфорта и можете справиться с важными делами.

Набор мышечных стимуляторов позволяет одновременно тренировать брюшные мышцы и мышцы рук и ног, а также имеет несколько режимов интенсивности.

 Пояс может использоваться как дополнение к физическим упражнениям, так и в качестве самостоятельного тренажера.Абсолютно безопасный и эффективный.

Используйте 1 - 2 раза в день, в течение 5 - 10 минут.  Используйте 25 минут, чтобы легко имитировать 300 аналоговых движений направленных на укрепление пресса в тренажерном зале.

【Функции прибора】

1. Упражнение мышц - тренируйте мышцы живота, чтобы достичь эффекта мышечной пластики. Создайте кубики пресса.

2. Фитнес - упражнения - используются, для стимуляции мышечных нервов, передают сигналы движения мышцам, тем самым побуждая мышцы выполнять упражнения на сокращение и потреблять очень много энергии и таким образом достигается эффекта жиросжигания

3. Восстановление мышечной силы - мышцы тренируются с высокой интенсивностью в течение определенного периода времени.  Сила рук, ног и пресса постепенно снижается, использование фитнес - инструментов может поддерживать мышечную активность, чтобы мышцы были в тонусе.

4.Электромагнитные импульсы помогают фиксировать и определять сердцевину, увеличивая сокращение мышц.Разработаны эффективные методы тренировки мышц.

5.Простое управление кнопками с 8 режимами работы.19 уровней мощности.

【обратите внимание!】

Данное устройство является вспомогательным прибором для спорта и фитнеса, не является медицинским продуктом, не гарантирует медицинских эффектов!"
2230221459,Yellow Panda,,"Лицо, Область вокруг глаз, Руки, Шея","Классический, Комбинированный, Миостимулирующий, Расслабляющий, Разминание, Роликовый","Миозонды, которые любят дети!!!

Миозонд с 2-мя силиконовыми бусинами ""ЛогоРогатка малая""
Зонд применяется для массажа лица:
Точечный массаж лица.
Линейный массаж лица




2. Зонд применяется для боковых краев языка3. Отличный помощник для постановки звука ""Ш""
Для поднятия языка вверх




4. Зонд используйте для растягивания подъязычной уздечки.Рекомендую использовать его после предварительной разминки языка ручными способами.Бусины позволяют сделать мягкий массаж лица , языка, щек, окологубного пространства.Длина зонда -17 смДиаметр бусин -9 ммОБРАТИТЕ ВНИМАНИЕ:
Зонд изготовлен из нержавеющей стали применяемой в медицине, и специальный пищевой силикон, который прекрасно обрабатывается до 250 градусов!




ОБРАБОТКА:Зонды устойчивы к паровой стерилизации, сухожару, гласперлену, уф-стерилизатору, обработке дезинфицирующим средством «ОПТИМАКС».Запоминаем: пищевой специальный силикон от Желтой Панды можно сухожарить, гласперленить и кипятитьРекомендации по обработке зондов из нержавеющей стали , и так же зонды из нержавеющей стали и силиконовыми бусинами производства Желтая Панда:1. После использования промыть в проточной воде 5-10 минуту.2.Замочить в дез.средстве типа оптимакс, аламинол мин 15-30( читаем инструкцию вашего дезсредства).3.Промыть проточной водой 5-10 минут.4. Теплообработка( сухожар, кипячение , гласперленовый стерилизатор)-15-20 минут( читаем инструкцию вашего оборудование).5. Уф- стерилизатор, или бокс для хранения , или крафт пакеты .
Зонд применяется для массажа лица:
Точечный массаж лица.
Линейный массаж лица
Зонд применяется для массажа лица:
Точечный массаж лица.
Линейный массаж лица
Для поднятия языка вверх
Для поднятия языка вверх
Зонд изготовлен из нержавеющей стали применяемой в медицине, и специальный пищевой силикон, который прекрасно обрабатывается до 250 градусов!
Зонд изготовлен из нержавеющей стали применяемой в медицине, и специальный пищевой силикон, который прекрасно обрабатывается до 250 градусов!"
1745556286,Миостимуляторы,Встроенный аккумулятор,"Лицо, Ноги, Область вокруг глаз, Поясница, Руки, Спина",Акупунктурный,"Ручка-массажер акупунктурная предназначена для лечение различных состояний, таких как боли в спине, головные боли, артрит и стресс. Может помочь в улучшении общего самочувствия и снятия напряжения, улучшении сна и улучшении работы органов и систем организма . Акупунктурную ручку массажер можно использовать как косметический массажный аппарат для миостимуляции в области лица, для подтяжки и омоложения кожи и подкожных слоев, для уменьшения морщин и дряблости кожи, связанных со старением. Наш электрический массажёр для лица и тела, также является аналогом иглоукалывания и иглотерапии, помогает уменьшить морщины и дряблость кожи, связанные со старением. Этот электромассажер разработан, чтобы снять напряжение с мышц, облегчить боль и снять приступы мигрени. Она безболезненна и удобна в использовании. Дизайн ручки позволяет точно нажимать на нужные точки без дискомфорта. Электрический массажер может использоваться самостоятельно без необходимости посещения специалиста. Это делает ее доступной и удобной для использования дома или в любом удобном месте. Миостимулятор работает как от батареек так и от сети. Электрическая ручка имеет 2 насадки, 9 режимов работы. Не используйте массажёр во влажных помещениях и в воде. Не используйте для массажа тела при наличии кардиостимулятора или других электронных медицинских устройств для поддержания жизнедеятельности. Перед использованием аппарата, вы можете проконсультироваться с профессионалом для правильного определения точки стимуляции для максимальной эффективности процедуры и избежать возможных негативных последствий. Массажный аппарат для миостимуляции предотвращает атрофию мышц в гипсе.

Использует вашу руку в качестве заземляющего полюса для замыкания цепи, поэтому иногда вы можете чувствовать напряжение в руке, которой его держите, из-за большого числа акупунктурных точек на ладонях. Просто слегка измените захват или обхватите устройство большей частью ладони, чтобы усилить эффект. Массажер щиацу электронный идеален для массажа. Этот прибор блестящая замена акупрессуре и иглам. Однако для его успешного применения необходимы достаточно глубокие знания в области рефлексотерапии и соответствующие методические пособия по использованию БАТ и БАЗ.

Способ применения
согласно инструкции
Способ применения
согласно инструкции"
758610680,Миостимуляторы,Встроенный аккумулятор,"Ноги, Руки",Миостимулирующий,"Способ применения
Массаж стоп в домашних условиях
Способ применения
Массаж стоп в домашних условиях"
960927337,Миостимуляторы,Внешний источник питания,Голова,"Акупунктурный, Импульсный, Лечебный, Миостимулирующий, Оздоровительный, Расслабляющий","Клип для мочки уха поможет, в таких случаях как:
Бессонница
Помощь мозгу выделять ряд нейротрансмиттеров и гормонов, которые могут облегчить депрессию, таких как 5 гидрокситриптамина и эндорфина
Укрепить здоровье с помощью массажа мочки уха
Характеристики массажера клипсы для мочки уха:
Подходит для использования в комплекте к терапевтическому аппарату Health Herald, Вестник здоровья, Меридиан, JR309, SILKLITE и для большинства низко- и средне- частотных миостимуляторов с контактным разъёмом 2,5 мм
Простота в использовании
Низкое напряжение питания
Безопасность в использовании
Время использования: 5, 10, 15, 20, 25, 30 минут
Регулируемая интенсивность
Возможное использование 8 программ
Использование клипсы имеет многолетний опыт
Изготовлен из высококачественного материала, который является безопасным для использования
Бессонница
Помощь мозгу выделять ряд нейротрансмиттеров и гормонов, которые могут облегчить депрессию, таких как 5 гидрокситриптамина и эндорфина
Укрепить здоровье с помощью массажа мочки уха
Бессонница
Помощь мозгу выделять ряд нейротрансмиттеров и гормонов, которые могут облегчить депрессию, таких как 5 гидрокситриптамина и эндорфина
Укрепить здоровье с помощью массажа мочки уха
Подходит для использования в комплекте к терапевтическому аппарату Health Herald, Вестник здоровья, Меридиан, JR309, SILKLITE и для большинства низко- и средне- частотных миостимуляторов с контактным разъёмом 2,5 мм
Простота в использовании
Низкое напряжение питания
Безопасность в использовании
Время использования: 5, 10, 15, 20, 25, 30 минут
Регулируемая интенсивность
Возможное использование 8 программ
Использование клипсы имеет многолетний опыт
Изготовлен из высококачественного материала, который является безопасным для использования
Подходит для использования в комплекте к терапевтическому аппарату Health Herald, Вестник здоровья, Меридиан, JR309, SILKLITE и для большинства низко- и средне- частотных миостимуляторов с контактным разъёмом 2,5 мм
Простота в использовании
Низкое напряжение питания
Безопасность в использовании
Время использования: 5, 10, 15, 20, 25, 30 минут
Регулируемая интенсивность
Возможное использование 8 программ
Использование клипсы имеет многолетний опыт
Изготовлен из высококачественного материала, который является безопасным для использования

Способ применения
Массажер Клип для стимуляции мочки уха объединяет в себе общий анализ традиционной Китайской медицины. Клипса специально создана для стимуляции мочки уха или аурикулярных точек внутри мочки уха.

Клипса стимулирует акупунктурные точки уха микротоками - специально разработана форма волны и частота.
Способ применения
Массажер Клип для стимуляции мочки уха объединяет в себе общий анализ традиционной Китайской медицины. Клипса специально создана для стимуляции мочки уха или аурикулярных точек внутри мочки уха.

Клипса стимулирует акупунктурные точки уха микротоками - специально разработана форма волны и частота."
1254628001,MigMax,Сменная батарея,Тело,,"Все мы мечтаем о заветных кубиках пресса и убрать целлюлит. Для этого нужно регулярно тренироваться в зале, на что не всегда есть время и желание. На помощь придут спортивные массажеры! Миостимулятор для пресса мышц живота это небольшой прибор, работающий на батарейках. Заменяет многие другие косметические принадлежности для похудения, эффективно убирает живот и не требует ручной работы. Достаточно масажор приложить к телу, выбрать нужный режим и ems массажер от целлюлита сам начнет воздействовать на подкожный жир и сокращать мышцы. Такой массажор популярен среди как спортсменов, так и любителей. Ценится за то, что в короткий промежуток времени способен преобразить тело. Поясной массажер удобный и практичный, тренирует большую группу мышц живота. Также можно использовать для проработки мышц ягодиц и избавления от апельсиновой корочки бедер. Антицелюлитный масажер легко брать с собой за счет небольшого размера. Теперь, даже сидя в машине или офисе, вы сможете тренировать пресс и проделывать эффективный антицеллюлитный массаж живота. EMS Trainer изготовлен из силикона, поэтому со временем не теряют своей функциональности. Материал хорошо держится на теле. Это делает тренажер более комфортным. Пояс работает за счет электродных пластин, которые отправляют электрические импульсы в мышцы, что заставляет их сокращаться и сжигает жир. Стимулятор для мышц бабочка используется как самостоятельный тренажер, как антицеллюлитный массажер для похудения или дополняет основные тренировки. Вибромассажер улучшает кровоток, воздействует на разные группы мышц. Электростимулятор можно использовать в сочетании с такими приборами как вакуумный или лимфодренажный электро массажер мышечный.

Способ применения
Тренировка мышц одной группы не должна длиться более 40 минут.
Оптимальный режим каждый выбирает для себя самостоятельно. Большинство специалистов считают, что лучший вариант – занятия по 15-20 минут ежедневно или по 30-40 минут – через день.
Способ применения
Тренировка мышц одной группы не должна длиться более 40 минут.
Оптимальный режим каждый выбирает для себя самостоятельно. Большинство специалистов считают, что лучший вариант – занятия по 15-20 минут ежедневно или по 30-40 минут – через день."
1620286251,Миостимуляторы,Сменный аккумулятор (нет в комплекте),"Поясница, Ягодицы","Вибрационный, Миостимулирующий","Способ применения
Установите батарею для использования
Способ применения
Установите батарею для использования"
1260909382,AOKO,Внешний источник питания,"Лицо, Ноги, Плечи, Поясница, Тело, Ягодицы","Миостимулирующий, Вибрационный","Способ применения
Основные эффекты:

1. Уменьшите целлюлит на плечах, брюшке, ягодицах, бедрах и икрах для похудения.

2. Улучшение кровообращения в плече. Шея, спина, бедра. Талия и позвонки, удаление тела
 3. усталость Стимулируйте напряженные мышцы для выполнения упражнений на сокращение, подъема и укрепления вялых мышц
4. Эффективно лечить шейные и пиломатериалы шейных и поясничных позвонков из-за работы.

5. Снятие артрита, артралгии, ревматизма.

6. Прочистите молочную железу, развивая сильную и красивую грудь.

7. Фарадическая стимуляция для предотвращения рака молочной железы и относительных заболеваний.
Способ применения
Основные эффекты:

1. Уменьшите целлюлит на плечах, брюшке, ягодицах, бедрах и икрах для похудения.

2. Улучшение кровообращения в плече. Шея, спина, бедра. Талия и позвонки, удаление тела
 3. усталость Стимулируйте напряженные мышцы для выполнения упражнений на сокращение, подъема и укрепления вялых мышц
4. Эффективно лечить шейные и пиломатериалы шейных и поясничных позвонков из-за работы.

5. Снятие артрита, артралгии, ревматизма.

6. Прочистите молочную железу, развивая сильную и красивую грудь.

7. Фарадическая стимуляция для предотвращения рака молочной железы и относительных заболеваний."
1319335354,Миостимуляторы,Сменная батарея,"Тело, Спина","Миостимулирующий, Антицеллюлитный, Оздоровительный, Расслабляющий","Способ применения
Не более 40 минут в день, не чаще 2-3 раза неделю
Способ применения
Не более 40 минут в день, не чаще 2-3 раза неделю"
1688863909,Миостимуляторы,Встроенный аккумулятор,"Лицо, Ноги, Область вокруг глаз, Поясница, Руки, Спина",Акупунктурный,"Ручка-массажер акупунктурная предназначена для лечение различных состояний, таких как боли в спине, головные боли, артрит и стресс. Может помочь в улучшении общего самочувствия и снятия напряжения, улучшении сна и улучшении работы органов и систем организма . Акупунктурную ручку массажер можно использовать как косметический массажный аппарат для миостимуляции в области лица, для подтяжки и омоложения кожи и подкожных слоев, для уменьшения морщин и дряблости кожи, связанных со старением. Наш электрический массажёр для лица и тела, также является аналогом иглоукалывания и иглотерапии, помогает уменьшить морщины и дряблость кожи, связанные со старением. Этот электромассажер разработан, чтобы снять напряжение с мышц, облегчить боль и снять приступы мигрени. Она безболезненна и удобна в использовании. Дизайн ручки позволяет точно нажимать на нужные точки без дискомфорта. Электрический массажер может использоваться самостоятельно без необходимости посещения специалиста. Это делает ее доступной и удобной для использования дома или в любом удобном месте. Миостимулятор работает как от батареек так и от сети. Электрическая ручка имеет 5 насадок, 8 режимов работы. Не используйте массажёр во влажных помещениях и в воде. Не используйте для массажа тела при наличии кардиостимулятора или других электронных медицинских устройств для поддержания жизнедеятельности. Перед использованием аппарата, вы можете проконсультироваться с профессионалом для правильного определения точки стимуляции для максимальной эффективности процедуры и избежать возможных негативных последствий. Массажный аппарат для миостимуляции предотвращает атрофию мышц в гипсе.

Использует вашу руку в качестве заземляющего полюса для замыкания цепи, поэтому иногда вы можете чувствовать напряжение в руке, которой его держите, изза большого числа акупунктурных точек на ладонях. Просто слегка измените захват или обхватите устройство большей частью ладони, чтобы усилить эффект. Массажер щиацу электронный идеален для массажа. Этот прибор блестящая замена акупрессуре и иглам. Однако для его успешного применения необходимы достаточно глубокие знания в области рефлексотерапии и соответствующие методические пособия по использованию БАТ и БАЗ.

Способ применения
согласно инструкции
Способ применения
согласно инструкции"
2014656797,YOUNGS,Сменная батарея,"Тело, Ноги, Ягодицы, Спина, Плечи","Импульсный, Миостимулирующий, Гуаша, Антицеллюлитный","Способ применения
Инструкция по применению: 
1. Соедините контакты провода и самоклеящегося электрода, защелкнув их. Вставьте разъем провода в устройство в канал А или В в нижней части прибора. 
2. Очистите область, на которую вы хотите воздействовать.
Пожалуйста убедитесь перед использованием прибора, что на вашей коже в месте использования отсутствуют ожоги или травмы, а так же проследите чтобы кожа была чистой и не содержала следы масел, лосьонов и пр.
3. Снимите защитную пленку с пластыря электрода и приклейте его к необходимой области. Приклейте необходимое количество электродов. 
4. Нажмите и удерживайте 2секунды кнопку “включить” находящуюся в верхнем торце прибора слева. 
5. Нажмите кнопку «М» (клавиша выбора режима MODE),  для выбора одного из двенадцати режимов каждого вида. Всего можно выбрать 36 режимов. 
6. Отрегулируйте интенсивность массажа. Выберете канал кнопкой А/В. Для каждого канала предусмотрена своя отдельная регулировка. На выбор предлагается 20 шагов увеличения интенсивность массажа.
Нажмите «+», чтобы увеличить интенсивность импульса на 1 шаг.
Нажмите «-», чтобы уменьшить интенсивность импульса на 1 шаг.
7.Нажмите кнопку «T», чтобы выбрать время массажа, диапазон выбора времени использования массажа составляет 10-60 минут (кратность 10 единиц) . 
8. Применять 1-2 раза в день

1-2 режим акупунктурный массаж, 3-4  режим игольчатый массаж, 5-6 режим массаж плеч, 7-8 режим шеи, 9-10 баночный массаж, 11-12 режим циркуляционный массаж  EMS 13-14 режим удары молотком , 15-16 режим точечный массаж, 17-18  продавливания пальцами, 19-20 режим сжимания,  21 22 режим ног, 23-24 режим спина,  25-26 массаж ног, 27-28 массаж рук , 29-30 продавливание, 31-32 растирание , 33-34 массаж ступней,35-36 массаж йога.
Способ применения
Инструкция по применению: 
1. Соедините контакты провода и самоклеящегося электрода, защелкнув их. Вставьте разъем провода в устройство в канал А или В в нижней части прибора. 
2. Очистите область, на которую вы хотите воздействовать.
Пожалуйста убедитесь перед использованием прибора, что на вашей коже в месте использования отсутствуют ожоги или травмы, а так же проследите чтобы кожа была чистой и не содержала следы масел, лосьонов и пр.
3. Снимите защитную пленку с пластыря электрода и приклейте его к необходимой области. Приклейте необходимое количество электродов. 
4. Нажмите и удерживайте 2секунды кнопку “включить” находящуюся в верхнем торце прибора слева. 
5. Нажмите кнопку «М» (клавиша выбора режима MODE),  для выбора одного из двенадцати режимов каждого вида. Всего можно выбрать 36 режимов. 
6. Отрегулируйте интенсивность массажа. Выберете канал кнопкой А/В. Для каждого канала предусмотрена своя отдельная регулировка. На выбор предлагается 20 шагов увеличения интенсивность массажа.
Нажмите «+», чтобы увеличить интенсивность импульса на 1 шаг.
Нажмите «-», чтобы уменьшить интенсивность импульса на 1 шаг.
7.Нажмите кнопку «T», чтобы выбрать время массажа, диапазон выбора времени использования массажа составляет 10-60 минут (кратность 10 единиц) . 
8. Применять 1-2 раза в день

1-2 режим акупунктурный массаж, 3-4  режим игольчатый массаж, 5-6 режим массаж плеч, 7-8 режим шеи, 9-10 баночный массаж, 11-12 режим циркуляционный массаж  EMS 13-14 режим удары молотком , 15-16 режим точечный массаж, 17-18  продавливания пальцами, 19-20 режим сжимания,  21 22 режим ног, 23-24 режим спина,  25-26 массаж ног, 27-28 массаж рук , 29-30 продавливание, 31-32 растирание , 33-34 массаж ступней,35-36 массаж йога."
1089329531,AOKO,,"Тело, Плечи, Поясница, Руки, Ягодицы, Ноги","Миостимулирующий, Расслабляющий, Антицеллюлитный","Способ применения
Как пользоваться?

-Для похудения тела рекомендуется 30-дневный курс лечения, использовать прибор каждые 3 дня, время работы - 35-40 минут на каждый прием.
-Для массажа груди рекомендуется проводить курс лечения в течение одного месяца, использовать инструмент каждые 3 дня, а продолжительность процедуры составляет 20 минут на каждый раз.
-Для ухода за кожей лица рекомендуется проводить курс лечения в течение одного месяца, использовать прибор каждые 5 дней, продолжительность процедуры - 15 минут каждый раз.
Способ применения
Как пользоваться?

-Для похудения тела рекомендуется 30-дневный курс лечения, использовать прибор каждые 3 дня, время работы - 35-40 минут на каждый прием.
-Для массажа груди рекомендуется проводить курс лечения в течение одного месяца, использовать инструмент каждые 3 дня, а продолжительность процедуры составляет 20 минут на каждый раз.
-Для ухода за кожей лица рекомендуется проводить курс лечения в течение одного месяца, использовать прибор каждые 5 дней, продолжительность процедуры - 15 минут каждый раз."
2246742327,Yamaguchi,,Поясница,,"Yamaguchi BACK Trainer MIO — это уникальное портативное устройство нового поколения с технологией миостимуляции (EMS), разработанное японскими инженерами специально для микротокового массажа мышц спины и поясницы.

Устройство может быть использовано в целях восстановления функций спины и профилактики заболеваний в области поясницы. Пояс с миостимуляцией предназначен для устранения мышечной дистрофии и локальных уплотнений и зажимов. Устройство быстро снимает усталость и напряжение в мышцах мышц, а также устраняет болевой синдром."
1258353681,YUNCHI,Встроенный аккумулятор,"Ноги, Плечи, Поясница, Тело, Шея","Лечебный, Лимфодренажный, Миостимулирующий, Оздоровительный, Рефлекторный, Расслабляющий","Способ применения
Подходит для информации о коленях, плечах, талии, руках и шее
Способ применения
Подходит для информации о коленях, плечах, талии, руках и шее"
1845642672,Миостимуляторы,"Встроенный аккумулятор, От порта USB",Ноги,"Миостимулирующий, Расслабляющий, Акупунктурный, Вибрационный, Импульсный, Лечебный","Способ применения
1) Перед использованием надо зарядить блок управления при помощи USB-кабеля в течение 40-60 минут.
2) Расстелить массажный коврик на ровную поверхность и подключить к нему блок питания на специальные кнопки.
3) Поставить обе ноги по разметке на массажный коврик.
4) Кнопки ""+"" включает прибор, появляется световая индикация
5) Нажать кнопку ""М"" и выбрать нужную программу из 8 встроенных, каждое нажатие кнопки приводит к смене программы.
6) Кнопки ""+"" и ""-"" для выбора подходящей интенсивности.
7) Для выключения массажера нажать кнопку ""-"".
8) Прибор сам отключается через 15 минут работы.

Рекомендуется использовать массажный коврик для ног в положении сидя.

Противопоказания: лица с электрокардиостимулятором, беременность, с тромбозом глубоких вен, онкология.
Способ применения
1) Перед использованием надо зарядить блок управления при помощи USB-кабеля в течение 40-60 минут.
2) Расстелить массажный коврик на ровную поверхность и подключить к нему блок питания на специальные кнопки.
3) Поставить обе ноги по разметке на массажный коврик.
4) Кнопки ""+"" включает прибор, появляется световая индикация
5) Нажать кнопку ""М"" и выбрать нужную программу из 8 встроенных, каждое нажатие кнопки приводит к смене программы.
6) Кнопки ""+"" и ""-"" для выбора подходящей интенсивности.
7) Для выключения массажера нажать кнопку ""-"".
8) Прибор сам отключается через 15 минут работы.

Рекомендуется использовать массажный коврик для ног в положении сидя.

Противопоказания: лица с электрокардиостимулятором, беременность, с тромбозом глубоких вен, онкология."
698003011,Gellil,Сменная батарея,"Тело, Ноги, Ягодицы, Руки, Плечи, Спина","Вибрационный, Антицеллюлитный, Миостимулирующий, Оздоровительный, Расслабляющий, Импульсный","Миостимулятор – это массажер для тела, который предназначен для поднятия мышечного тонуса, улучшения циркуляции крови, снятия мышечных болей, а также помогает в борьбе с целлюлитом и лишним весом. Микротоковый массажер является хорошим дополнением к занятию фитнесом или аэробикой, при этом организм не испытывает больших нагрузок. Тренажер для пресса имеет 6 режимов работы и помогает не только укрепить мышцы, но и стимулирует организм благодаря точечным ударам тока в местах соприкосновения с устройством. Массажер для похудения подходит для всех групп мышц, поэтому его можно использовать на руках, ногах, спине, шее, животе, бедрах. Он подходит как женщинам, так и мужчинам, независимо от возраста. Продуманный дизайн и беспроводной пульт управления облегчают использование вибромассажера. Ремешки, которые идут в комплекте, обеспечивают лучшее прилегание к телу. Миостимулятор для тела имеет несколько режимов интенсивности, что позволяет выбрать оптимальный, ориентируясь на свои индивидуальные потребности. Данный массажер помогает убрать живот, корректировать фигуру и борется с целлюлитом. Благодаря массажу с микротоками в сочетании с физическими упражнениями, он становится эффективным тренажером для пресса и поясом для похудения. Кроме того, он обеспечивает антицеллюлитный эффект и снимает отеки, восстанавливая лимфоток. Механический массажер для ног оказывает более глубокое воздействие на кожу и может использоваться в любое время дня, становясь незаменимым спортивным инвентарем дома, в спортзале или в дороге. Компактный и легкий, он незаметен под одеждой, что позволяет носить его в любом месте, тем самым поддерживая форму и заботясь о здоровье. Импульсный массажер обеспечивает качественный и интенсивный массаж, который улучшает состояние мышц, снимает стресс и усталость, способствуя повышению качества сна и общего самочувствия."
1603298019,Meteai,,"Ноги, Плечи, Поясница, Тело, Шея, Ягодицы",Миостимулирующий,"Высококачественные материалы: Наши массажные подушечки для шейки матки изготовлены из полиуретанового материала, который является прочным и долговечным. Массажные подушечки для шейки матки можно использовать в течение длительного времени.

5 массажных подушечек: каждая в индивидуальной упаковке, чистая и гигиеничная, что избавит вас от необходимости беспокоиться о поиске сменного пластыря. Это очень удобно, и я верю, что вы останетесь довольны.

Безопасность и гигиена: Запечатанный отдельно, он может использоваться совместно с семьей или друзьями, не беспокоясь о неудобствах при совместном использовании прокладок.

Широкая применимость: он соответствует большинству типов, представленных на рынке, и широко используется.Пожалуйста, заранее проверьте, совпадают ли размеры.

Удобство в использовании: наши массажные подушечки распределяются более равномерно и на них нет горячих точек，"
1618376920,Миостимуляторы,От порта USB,"Зона декольте, Ноги, Руки, Тело, Поясница, Плечи","Акупунктурный, Вибрационный, Импульсный, Миостимулирующий",
1570558799,Миостимуляторы,"От сети 220В, Сменная батарея","Ноги, Плечи, Поясница, Руки, Спина, Тело","Антицеллюлитный, Импульсный, Лечебный, Миостимулирующий, Расслабляющий, Оздоровительный","Набор электро-контактов для миостимулятора (20 шт.) - это необходимый комплект для эффективного использования вашего устройства. Эти контакты обеспечивают безопасную и стабильную работу миостимулятора, что делает процедуры максимально комфортными. Они изготовлены из высококачественных материалов, обеспечивая надежность и долгий срок службы. Данный набор совместим с большинством моделей миостимуляторов. Важно помнить о замене контактов по мере необходимости, чтобы избежать болевых ощущений и обеспечить оптимальное воздействие во время процедур.

Способ применения
Устройство для воздействия на мышцы тела с помощью электрических импульсов. К телу прикладываются электроды в непосредственной близости к стимулируемым мышцам. Посылаемые от устройства электрические импульсы похожи на импульсы нервной системы, которые заставляют мышцы сокращаться.

Миостимулятор эффективен для лечения и восстановления естественной работы мышц, внутренних органов, коррекции фигуры, лечения целлюлита, укрепления мускулатуры, увеличения мышечной массы. В медицине — для восстановления сократительной способности мышц нижних конечностей, профилактики судорог, а также с целью лечения разрывов, растяжений и межмышечных гематом
Способ применения
Устройство для воздействия на мышцы тела с помощью электрических импульсов. К телу прикладываются электроды в непосредственной близости к стимулируемым мышцам. Посылаемые от устройства электрические импульсы похожи на импульсы нервной системы, которые заставляют мышцы сокращаться.

Миостимулятор эффективен для лечения и восстановления естественной работы мышц, внутренних органов, коррекции фигуры, лечения целлюлита, укрепления мускулатуры, увеличения мышечной массы. В медицине — для восстановления сократительной способности мышц нижних конечностей, профилактики судорог, а также с целью лечения разрывов, растяжений и межмышечных гематом"
1643067751,Миостимуляторы,"Встроенный аккумулятор, От порта USB",Ноги,"Миостимулирующий, Расслабляющий, Оздоровительный, Лечебный, Импульсный, Акупунктурный",
1866628409,Миостимуляторы,Встроенный аккумулятор,Руки,Импульсный,"1. Этот прибор для сна использует микротоки EMS, он поможет вам легко и быстро заснуть, уменьшить стресс и улучшить качество сна.

2. Обеспечивает физическое улучшение качества сна, без лекарств, без химикатов, без побочных эффектов, без зависимости, без вреда для организма.

3. Два режима (спящий режим/режим возбуждения) и интенсивность 15 уровней - можно регулировать в соответствии с потребностями разных людей.

4. Он очень подходит для людей, которые испытывают стресс, легко тревожатся и подавлены, испытывают трудности с засыпанием и просыпаются посреди ночи.

Размеры: 6,5х4х3,5 см

Материалы: пластик АБС, нерж. сталь

Питание: от аккумулятора

Емкость аккумулятора: 300 мАч

15 уровней интенсивности

2 режима: сна и пробуждения

Мощность: 0,3 Вт

Воздействие - микротоки EMS

Технология - импульсная

Время зарядки: 1-2 ч

Настройка работы: кнопки на корпусе

Дисплей - отображает режим работы"
1306240214,Миостимуляторы,"От сети 220В, Сменная батарея","Ноги, Плечи, Поясница, Руки, Спина, Шея","Миостимулирующий, Оздоровительный, Импульсный, Акупунктурный, Лечебный","Многофункциональный и универсальный инновационный портативный массажёр - это то, что нужно для полного оздоровления вашего тела и достижения идеальной формы! Этот электрический прибор может использоваться для массажа ног, шеи, спины, поясницы, головы, живота, стоп, мышц, ягодиц и даже для антицеллюлитного массажа. Это домашний бытовой аппарат, который поможет вам избавиться от усталости, отеков и боли.

Тренажер подготавливает даже очень слабые и обленившиеся мышцы к регулярным нагрузкам, помогает восстановиться после перенесенных травм, операций и болезней. Вы сможете успешно применять его для лечения невралгии, заболеваний костно-мышечной ткани, да и просто для поддержания прекрасного самочувствия!

Этот медицинский миостимулятор оснащен микротоковым массажем, который эффективно устраняет целлюлит, улучшает тонус кожи, подтягивает мышцы и делает их более упругими. Он также имеет функцию лимфодренажа, которая помогает выводить шлаки и токсины из организма, улучшает кровообращение и общее состояние здоровья.

Массажер имеет несколько насадок, которые позволяют выбрать оптимальный режим массажа для каждой зоны тела. Например, для рук и лица есть специальные перчатки-электроды, которые мягко массируют кожу и улучшают ее цвет и текстуру. Для ног  тапочки-электроды со встроенными магнитами, а также электроды-накладки, которые эффективно устраняют болевой синдром в мышцах и суставах, борются с целлюлитом  подтягивают кожу на бедрах и ягодицах.

Тренажёр работает на электростимуляции, имеет 8  программ и 12 основных функций, которые можно выбрать в зависимости от целей массажа. Например, для похудения и уменьшения объемов можно выбрать программу с высокочастотными импульсами, а для расслабления и устранения усталости - программу с низкочастотными импульсами.

Массажер имеет мощный и точечный массаж, который позволяет достигнуть максимального эффекта в короткие сроки. Он также имеет регулировку мощности, что позволяет подобрать оптимальный уровень для каждой зоны тела.

В комплекте с массажером идет инструкция на русском языке, которая подробно описывает все функции и возможности прибора. Также в набор входят все необходимые принадлежности и насадки для полного и универсального использования массажера.

Этот массажер - идеальный выбор для тех, кто хочет достичь здоровья и красоты без походов в салоны красоты и фитнес-центры. Он удобен в использовании и позволяет получить максимальный эффект в короткие сроки. Не упустите возможность стать здоровым и красивым с помощью этого универсального массажера!"
1678397617,YUNCHI,От сети 220В,"Ноги, Плечи, Поясница, Тело, Шея","Лечебный, Миостимулирующий, Оздоровительный, Расслабляющий, Рефлекторный","Принцип работы: Используя свойство ультразвука хорошо проникать в ткани организма, направлять и накладывать энергию и использовать тепловые эффекты, механические эффекты, физико-химические эффекты и т.д., освобождать спайки, улучшать микросреду локального поражения, улучшать микроциркуляцию, способствовать метаболизму, улучшать питание тканей, широко применяться при травмах мягких тканей и хронических болях в реабилитации.

Перед использованием нанесите на область массажа немного трансмиссионного геля.

При использовании не следует долго находиться на одном и том же участке.

Сенсорное управление, 5 уровней регулировки интенсивности: 0,8, 1,2, 1,6, 2,0, 2,5; таймер на 10/15/20/25/30 минут.

В комплект входит 60 мл трансмиссионного геля.

Предназначен для снятия боли в шее, спине, ногах, ступнях, мышечных спазмов и контрактур суставов."
149585054,MARKETHOT,,,,"Принцип действия пояса основан на вибрации. Обладает уникальной системой вибрации, которая позволяет добиться многочисленного сокращения мышц (до 50 раз в сек.), что, в свою очередь, поможет вам увидеть значительные результаты всего через несколько дней тренировок. Мышцы потребляют очень много энергии, благодаря чему жир начинает активно расщепляться. Во время работы пояса происходит стимуляция кровообращения, насыщение тканей кислородом, восстановление и поддержание нервной системы. У пояса есть автоматический и ручной режимы работы, что позволит подобрать подходящую степень нагрузки.
Подробные характеристики:
Размер : без размера.
Общие характеристики:
Размеры (ДхШ) 130x14 cм.
Застежка липучка.
Область ухода:
бедра и ягодицы, талия и живот, спина.
С массажным эффектом: да.
С антицеллюлитным эффектом: да.
Дополнительная информация:
ручной и автоматический режим работы; пять уровне интенсивности воздействия; работает от сети 220."
1657680570,Meteai,,"Ноги, Плечи, Поясница, Тело, Шея, Ягодицы",Миостимулирующий,"Высококачественные материалы: Наши массажные подушечки для шейки матки изготовлены из полиуретанового материала, который является прочным и долговечным. Массажные подушечки для шейки матки можно использовать в течение длительного времени.

10 массажных подушечек: каждая в индивидуальной упаковке, чистая и гигиеничная, что избавит вас от необходимости беспокоиться о поиске сменного пластыря. Это очень удобно, и я верю, что вы останетесь довольны.

Безопасность и гигиена: Запечатанный отдельно, он может использоваться совместно с семьей или друзьями, не беспокоясь о неудобствах при совместном использовании прокладок.

Широкая применимость: он соответствует большинству типов, представленных на рынке, и широко используется.Пожалуйста, заранее проверьте, совпадают ли размеры.

Удобство в использовании: наши массажные подушечки распределяются более равномерно и на них нет горячих точек，"
1689426769,Meteai,Встроенный аккумулятор,"Ноги, Плечи, Поясница, Тело, Шея, Ягодицы",Миостимулирующий,"Этот электрический массажер с импульсными микротоками проникает глубоко в мышцы, обеспечивая эффективное и приятное ощущение. Создан с учетом всех требований качества и безопасности, миостимулятор предлагает Вам широкий спектр возможностей для массажа.

Способ применения
1. Подключите миостимулятор к проводнику.
2. Отклейте защитную прозрачную пленку с патчей.
3. Прикрепите массажер к той части тела, которую вы хотите массировать.
4. Нажмите кнопку "" M"" и выберете нужный режим программы.
5. Включение стимулятора и повышение интенсивности с помощью кнопки ""+"".
6. Выключение стимулятора и понижение интенсивности с помощью кнопки ""-"".  
7. Через 15 минут срабатывает автоотключение прибора. Рекомендуемая длительность сеанса - по 15 минут 2 раза в день.
8. Если массажёр не заработал - зарядите его в течение 30 минут.

Комплектация
Способ применения
1. Подключите миостимулятор к проводнику.
2. Отклейте защитную прозрачную пленку с патчей.
3. Прикрепите массажер к той части тела, которую вы хотите массировать.
4. Нажмите кнопку "" M"" и выберете нужный режим программы.
5. Включение стимулятора и повышение интенсивности с помощью кнопки ""+"".
6. Выключение стимулятора и понижение интенсивности с помощью кнопки ""-"".  
7. Через 15 минут срабатывает автоотключение прибора. Рекомендуемая длительность сеанса - по 15 минут 2 раза в день.
8. Если массажёр не заработал - зарядите его в течение 30 минут.

Комплектация"
1119579579,GoodStore24,Сменная батарея,"Ноги, Ягодицы",Вибрационный,"Электрический стимулятор мышц- это революционный продукт, который помогает вам разглаживать мышцы без необходимости заниматься физическими упражнениями. Благодаря этому устройству вы сможете обрести уверенность в себе и создать тело собственной мечты. Пока ваши мышцы работают, вы можете заниматься привычными делами по дому. Регулируйте уровни интенсивности. Все остальное сделает за вас миостимулятор."
662686094,kebidu,От порта USB,Шея,"Вибрационный, Миостимулирующий, Расслабляющий, Рефлекторный","Особенность:

1. 【4 массажных головки с подогревом】 Массажер для шеи оснащен 4 массажными головками и горячим компрессом 42 градуса. может уменьшить болезненность шеи, усталость плеч, снять напряжение тела для достижения глубокого расслабления.

2. 【6 режимов, 9 уровней интенсивности】Имитация человеческого массажа с помощью импульса микротока, 6 режимов массажа (иглоукалывание, массаж, надавливание пальцами, разминание, постукивание и комбинированный режим массажа); 9 уровней силы могут удовлетворить ваши различные потребности в массаже в разное время, попробуйте от малого до большого.

3. 【Удобный в использовании и долговечный аккумулятор】Питьевой массажер для шеи с аккумулятором большой емкости (1000 мАч). совместим с зарядкой через USB в течение 2-3 часов и может использоваться в течение 15 минут в день, что может работать в течение 4 дней. Массажер для шеи оснащен функцией автоматического отключения через 15 минут, что обеспечивает безопасный массаж.

4. 【Простота в использовании】Массажер для шеи и спины удобен и прост в управлении с помощью интеллектуальной голосовой подсказки. Это идеальный лучший подарок для папы, мамы, любого члена вашей семьи.

Технические характеристики:

Мощность: 3 Вт Напряжение: DC5V Тепло

Степень：42°C Массаж

режим: 6 режимов массажа

интенсивность: 9 регулируемых уровней

Время массажа: 15 мин/раз

Емкость аккумулятора: 1000 мАч Источник питания: USB-зарядка Время зарядки: 2-3 часа

Время использования: 1 час

Индикатор зарядки: во время зарядки мигает красный индикатор, а при полной зарядке красный индикатор перестает мигать Зарядка

длина кабеля: 47 см ± 2 см

Материал: АБС

Цвет: красный/белый

Способ применения
Вставьте USB-кабель в зарядное отверстие массажера и отключите USB-кабель, когда он будет полностью заряжен.
Наденьте массажер на шею, нажмите и удерживайте кнопку выключателя, чтобы включить его, и массажер начнет вибрировать, чтобы доказать, что он был успешно включен.
Используйте кнопки, чтобы настроить режим, который вас устраивает, и начните наслаждаться массажем с помощью микротока~
Способ применения
Вставьте USB-кабель в зарядное отверстие массажера и отключите USB-кабель, когда он будет полностью заряжен.
Наденьте массажер на шею, нажмите и удерживайте кнопку выключателя, чтобы включить его, и массажер начнет вибрировать, чтобы доказать, что он был успешно включен.
Используйте кнопки, чтобы настроить режим, который вас устраивает, и начните наслаждаться массажем с помощью микротока~"
1828816316,Meteai,Встроенный аккумулятор,"Ноги, Плечи, Поясница, Тело, Шея",Миостимулирующий,"Этот электрический массажер с импульсными микротоками проникает глубоко в мышцы, обеспечивая эффективное и приятное ощущение. Создан с учетом всех требований качества и безопасности, миостимулятор предлагает Вам широкий спектр возможностей для массажа.

Способ применения
1. Подключите миостимулятор к проводнику.
2. Отклейте защитную прозрачную пленку с патчей.
3. Прикрепите массажер к той части тела, которую вы хотите массировать.
4. Нажмите кнопку "" M"" и выберете нужный режим программы.
5. Включение стимулятора и повышение интенсивности с помощью кнопки ""+"".
6. Выключение стимулятора и понижение интенсивности с помощью кнопки ""-"".  
7. Через 15 минут срабатывает автоотключение прибора. Рекомендуемая длительность сеанса - по 15 минут 2 раза в день.
8. Если массажёр не заработал - зарядите его в течение 30 минут.

Комплектация
Способ применения
1. Подключите миостимулятор к проводнику.
2. Отклейте защитную прозрачную пленку с патчей.
3. Прикрепите массажер к той части тела, которую вы хотите массировать.
4. Нажмите кнопку "" M"" и выберете нужный режим программы.
5. Включение стимулятора и повышение интенсивности с помощью кнопки ""+"".
6. Выключение стимулятора и понижение интенсивности с помощью кнопки ""-"".  
7. Через 15 минут срабатывает автоотключение прибора. Рекомендуемая длительность сеанса - по 15 минут 2 раза в день.
8. Если массажёр не заработал - зарядите его в течение 30 минут.

Комплектация"
1680934148,Миостимуляторы,"Сменная батарея, Внешний источник питания","Ноги, Тело, Поясница, Плечи","Антицеллюлитный, Вибрационный, Импульсный, Миостимулирующий","Способ применения
Заряжайте и пользуйтесь
Способ применения
Заряжайте и пользуйтесь"
1499136228,Cosmetology Group,От сети 220В,"Зона декольте, Ноги, Руки, Тело, Ягодицы, Лицо",Миостимулирующий,"Миостимулятор - это инновационное устройство, которое поможет вам улучшить состояние мышц и достичь желаемых физических результатов для тела, лица и для рук. Его принцип действия основан на эффекте искусственного возбуждения мышцы с помощью электрического сигнала.

Когда вы используете миостимулятор, он генерирует электрический сигнал, который передается на мышцы. Этот сигнал проходит через ткани и вызывает двигательную активность в мышце. В результате этого процесса повышается приток крови к сократившейся мышце, что способствует активизации синтеза белков и стимулирует отток венозной крови и лимфоток.

Одной из особенностей этого миостимулятора является его 10 каналов, которые позволяют вам одновременно работать с различными группами мышц. Вы можете выбрать программу, которая наиболее подходит вам и вашим целям. Всего в миостимуляторе доступно 4 основные программы, которые помогут вам достичь различных результатов, включая укрепление мышц, сжигание жира и улучшение общего состояния.

Р1 - восстановление мышц после травм, операции, снятие болевого синдрома, восстановление тургора и цвета кожи, восстановление формы грудной железы.

Р2 - Программа для укрепления мышц , восстановления тонуса, эластичности и массы мышц, для спортсменов потерявших форму.

Р3 - Выведение токсических продуктов из межклеточного пространства и тканей, улучшение обменных процессов, лимфодренаж.

Р4 - Электролиполиз, снижение избыточного веса. Выведение ""шлаков"" из организма, коррекция фигуры. Эта программа предназначена для физически подготовленных лиц.

Пользоваться массажером очень просто. Вам всего лишь нужно выбрать нужную программу и установить уровень интенсивности. Затем просто прикрепите электроды к нужной области тела и включите устройство. Весь процесс миостимуляции будет контролироваться и регулироваться самим аппаратом.

Миостимулятор является эффективным и безопасным способом тренировки мышц. Он идеально подходит для тех, кто хочет укрепить свое тело или достичь определенных физических целей. 

Благодаря своей инновационной технологии и разнообразию программ, этот миостимулятор поможет вам достичь результатов, о которых вы мечтаете. Не упустите возможность улучшить свое физическое состояние с помощью этого удивительного устройства.

Способ применения
Увядающая атоничная кожа
Гравитационный птоз, «бульдожьи щечки» или второй подбородок
Вялая кожа с пониженным тонусом и тургором
Отеки под глазами
Фотостарение кожи
Мимические морщины
Спазм мышц лица и гипертонус.
Способ применения
Увядающая атоничная кожа
Гравитационный птоз, «бульдожьи щечки» или второй подбородок
Вялая кожа с пониженным тонусом и тургором
Отеки под глазами
Фотостарение кожи
Мимические морщины
Спазм мышц лица и гипертонус."
1735604636,Миостимуляторы,"От сети 220В, Сменная батарея","Тело, Плечи, Поясница, Шея, Руки, Ноги",Миостимулирующий,"Миостимулятор импульсный массажер электрический для мышц всего тела представляет собой инновационное устройство, способное обеспечить комплексный уход за телом, объединяя в себе преимущества массажа и электростимуляции.

Принцип действия миостимулятора заключается в следующем: специальные электроды, приложенные к коже, передают электрические импульсы на нервные окончания, вызывая активные сокращения мышц. В результате происходит активизация роста мышечных волокон, улучшение работы лимфатической системы и кровообращения, а также ускорение обмена веществ.

Эффективность миостимулятора проявляется в следующих аспектах:
Восстановление после травм, операций и болезней: Миостимуляция помогает ускорить процесс реабилитации и возвращения к активной жизни.
Укрепление слабых и обленившихся мышц: Устройство стимулирует даже самые труднодоступные мышцы, помогая им вернуться в тонус.
Различные функции: Помимо укрепления мышц, миостимулятор может использоваться для лечения различных заболеваний, похудения, физиотерапии, тренировок и борьбы с целлюлитом.
Таким образом, миостимулятор является незаменимым инструментом для поддержания здоровья и красоты тела, предоставляя возможность достижения множества целей в области фитнеса и оздоровления.

Основные характеристики:
4 вида массажа: Наш миостимулятор предлагает широкий спектр массажных техник, включая вибрацию, удары, шиацу и классический массаж. Это позволяет подобрать оптимальный режим для каждой зоны вашего тела.
8 режимов массажа: Благодаря разнообразию режимов массажа, вы сможете настроить интенсивность и характер воздействия в соответствии с вашими потребностями.
9 уровней мощности массажа: Регулируйте мощность массажа в зависимости от ваших ощущений и предпочтений. Это позволит достичь максимального комфорта и эффективности процедуры.
Применение:

Миостимулятор прост в использовании и подходит для массажа различных зон тела, включая талию, плечи, ноги и стопы.

Сеанс рассчитан на 15 минут, после чего прибор автоматически отключается. Во время сеанса вы можете выбирать четыре режима воздействия:
Поглаживание (кнопка PRESS) — высокочастотное несильное воздействие, от слабого к более сильному, потом сброс и снова от слабого к сильному и т. д.
Растирание (кнопка RUB) — импульсы реже, но сильнее, характер изменения сигналов как при поглаживании.
Вибрация (кнопка VIBRATE) — импульсы ещё реже и ещё сильнее, всё время одной интенсивности.
Постукивание (кнопка THUMP) — импульсы ещё реже, но самые сильные, по очереди ощущается импульс то на одном, то на другом электроде.
Комплектация:
Восстановление после травм, операций и болезней: Миостимуляция помогает ускорить процесс реабилитации и возвращения к активной жизни.
Укрепление слабых и обленившихся мышц: Устройство стимулирует даже самые труднодоступные мышцы, помогая им вернуться в тонус.
Различные функции: Помимо укрепления мышц, миостимулятор может использоваться для лечения различных заболеваний, похудения, физиотерапии, тренировок и борьбы с целлюлитом.
Восстановление после травм, операций и болезней: Миостимуляция помогает ускорить процесс реабилитации и возвращения к активной жизни.
Укрепление слабых и обленившихся мышц: Устройство стимулирует даже самые труднодоступные мышцы, помогая им вернуться в тонус.
Различные функции: Помимо укрепления мышц, миостимулятор может использоваться для лечения различных заболеваний, похудения, физиотерапии, тренировок и борьбы с целлюлитом.
4 вида массажа: Наш миостимулятор предлагает широкий спектр массажных техник, включая вибрацию, удары, шиацу и классический массаж. Это позволяет подобрать оптимальный режим для каждой зоны вашего тела.
8 режимов массажа: Благодаря разнообразию режимов массажа, вы сможете настроить интенсивность и характер воздействия в соответствии с вашими потребностями.
9 уровней мощности массажа: Регулируйте мощность массажа в зависимости от ваших ощущений и предпочтений. Это позволит достичь максимального комфорта и эффективности процедуры.
4 вида массажа: Наш миостимулятор предлагает широкий спектр массажных техник, включая вибрацию, удары, шиацу и классический массаж. Это позволяет подобрать оптимальный режим для каждой зоны вашего тела.
8 режимов массажа: Благодаря разнообразию режимов массажа, вы сможете настроить интенсивность и характер воздействия в соответствии с вашими потребностями.
9 уровней мощности массажа: Регулируйте мощность массажа в зависимости от ваших ощущений и предпочтений. Это позволит достичь максимального комфорта и эффективности процедуры.
Поглаживание (кнопка PRESS) — высокочастотное несильное воздействие, от слабого к более сильному, потом сброс и снова от слабого к сильному и т. д.
Растирание (кнопка RUB) — импульсы реже, но сильнее, характер изменения сигналов как при поглаживании.
Вибрация (кнопка VIBRATE) — импульсы ещё реже и ещё сильнее, всё время одной интенсивности.
Постукивание (кнопка THUMP) — импульсы ещё реже, но самые сильные, по очереди ощущается импульс то на одном, то на другом электроде.
Поглаживание (кнопка PRESS) — высокочастотное несильное воздействие, от слабого к более сильному, потом сброс и снова от слабого к сильному и т. д.
Растирание (кнопка RUB) — импульсы реже, но сильнее, характер изменения сигналов как при поглаживании.
Вибрация (кнопка VIBRATE) — импульсы ещё реже и ещё сильнее, всё время одной интенсивности.
Постукивание (кнопка THUMP) — импульсы ещё реже, но самые сильные, по очереди ощущается импульс то на одном, то на другом электроде.

Способ применения
Миостимулятор прост в использовании и подходит для массажа различных зон тела, включая талию, плечи, ноги и стопы.

Сеанс рассчитан на 15 минут, после чего прибор автоматически отключается. Во время сеанса вы можете выбирать четыре режима воздействия:

Поглаживание (кнопка PRESS) — высокочастотное несильное воздействие, от слабого к более сильному, потом сброс и снова от слабого к сильному и т. д.
Растирание (кнопка RUB) — импульсы реже, но сильнее, характер изменения сигналов как при поглаживании.
Вибрация (кнопка VIBRATE) — импульсы ещё реже и ещё сильнее, всё время одной интенсивности.
Постукивание (кнопка THUMP) — импульсы ещё реже, но самые сильные, по очереди ощущается импульс то на одном, то на другом электроде.
Способ применения
Миостимулятор прост в использовании и подходит для массажа различных зон тела, включая талию, плечи, ноги и стопы.

Сеанс рассчитан на 15 минут, после чего прибор автоматически отключается. Во время сеанса вы можете выбирать четыре режима воздействия:

Поглаживание (кнопка PRESS) — высокочастотное несильное воздействие, от слабого к более сильному, потом сброс и снова от слабого к сильному и т. д.
Растирание (кнопка RUB) — импульсы реже, но сильнее, характер изменения сигналов как при поглаживании.
Вибрация (кнопка VIBRATE) — импульсы ещё реже и ещё сильнее, всё время одной интенсивности.
Постукивание (кнопка THUMP) — импульсы ещё реже, но самые сильные, по очереди ощущается импульс то на одном, то на другом электроде."
1844186713,MishelMax,От сети 220В,"Ноги, Плечи, Руки",Миостимулирующий,
1626870102,Meteai,Встроенный аккумулятор,Ноги,Миостимулирующий,"Массажный коврик для ног с LED-дисплеем автоматически выключается через 15 минут. Заряжается от USB – подключайте к компьютеру, зарядному блоку и другим устройствам (время заряда 40 минут). EMS-токи можно настраивать под себя, регулируя 8 режимов и 19 уровней интенсивности.

Снимает отечность за 15 минут, воздействуя на 70 акупунктурных точек и восстанавливая цикл кровообращения.

Способ применения
1) Расстелить массажный коврик для ног на пол.
2) Подключить к нему аккумулятор (в комплекте).
3) Встать на коврик массажный для ног по разметке.
4) Чтобы включить массажер для ног нажмите кнопку ""+"", выберите программу. Программа выбирается кнопкой ""М"". 
5) Мощность регулируется при помощи кнопок «+» и «–». После выбора программы и мощности, ещё раз нажать кнопку «M».
Наслаждайтесь массажем стоп!
• Выключается массажер электрический автоматически через 15 минут.
• Для досрочного выключения нажмите на правую кнопку.
• Перед первым применением зарядить аккумулятор. Время заряда - 40 минут.
• Массажер для ног электрический противопоказан лицам с заболеваниями сердца, тромбозом глубоких вен, беременным, при открытых ранах стопы, кожных заболеваниях в период обострения.
Способ применения
1) Расстелить массажный коврик для ног на пол.
2) Подключить к нему аккумулятор (в комплекте).
3) Встать на коврик массажный для ног по разметке.
4) Чтобы включить массажер для ног нажмите кнопку ""+"", выберите программу. Программа выбирается кнопкой ""М"". 
5) Мощность регулируется при помощи кнопок «+» и «–». После выбора программы и мощности, ещё раз нажать кнопку «M».
Наслаждайтесь массажем стоп!
• Выключается массажер электрический автоматически через 15 минут.
• Для досрочного выключения нажмите на правую кнопку.
• Перед первым применением зарядить аккумулятор. Время заряда - 40 минут.
• Массажер для ног электрический противопоказан лицам с заболеваниями сердца, тромбозом глубоких вен, беременным, при открытых ранах стопы, кожных заболеваниях в период обострения."
1633524414,Миостимуляторы,"От сети 220В, Сменная батарея","Ноги, Руки, Тело, Поясница, Плечи, Ягодицы","Антицеллюлитный, Импульсный, Миостимулирующий, Шиацу, Классический, Оздоровительный",
1926440375,Миостимуляторы,"Встроенный аккумулятор, От порта USB",Ноги,"Миостимулирующий, Расслабляющий, Оздоровительный, Лечебный, Импульсный, Акупунктурный","Представляем вам массажный коврик для ног – идеальное решение для восстановления и расслабления после долгого рабочего дня! Этот инновационный коврик массажный для ног оснащен 8 уровнями интенсивности и 19 режимами работы, что позволит каждому пользователю подобрать подходящую программу для себя. Массажный коврик электрический – это не просто наслаждение, но и важный элемент заботы о вашем здоровье. Благодаря специальным массажным элементам, он улучшает кровообращение, снимает напряжение и помогает избавиться от боли в стопах и ногах. Каждый уровень интенсивности настроен так, чтобы вы могли начать с легкого массажа, а затем постепенно увеличивать нагрузку по мере привыкания. Не имеет значения, проводите ли вы много времени на ногах или сидите за компьютером – наш коврик для ног массажные подойдет всем. У него 19 режимов работы, включая вибрацию, компрессионный массаж и точечный массаж, что позволяет создать индивидуальный опыт для каждого пользователя. От расслабляющего массажа до интенсивной проработки мышц – наш массажный коврик для ног поможет вам найти именно то, что вам нужно. Массажный коврик для ног электрический идеально подходит для использования в домашних условиях. Вы можете расслабиться в удобном кресле, смотреть телевизор или читать книгу, пока ваш коврик работает. Встроенный таймер автоматически отключает устройство через 15, 30 или 60 минут, что гарантирует безопасность и позволяет не беспокоиться об энергозатратах. Удобный и компактный дизайн делает коврик массажный электрический идеальным для хранения и транспортировки. Вы можете брать его с собой на работу, в поездки или использовать в офисе. Этот универсальный массажный прибор станет вашим надежным спутником в повседневной жизни. Коврик для ног массажные имеет стильный и современный дизайн, который легко впишется в любой интерьер. Выбирайте из различных цветовых решений и наслаждайтесь не только функциональностью, но и эстетической привлекательностью. Заказывая массажный коврик для ног, вы инвестируете в свое здоровье и комфорт! Благодаря мягким и приятным материалам, он заботится о ваших ногах, предотвращает усталость и улучшает общее самочувствие. Не ждите, пока усталость станет хронической – позаботьтесь о себе уже сегодня! У нас вы можете быть уверены в качестве – наш коврик массажный для ног прошел все необходимые испытания и сертификации. Мы гарантируем долговечность и надежность использования, чтобы вы могли наслаждаться процедурами массажа без забот. Не упустите возможность улучшить качество своей жизни. Приобретите массажный коврик и подарите своим ногам заслуженный отдых и заботу. Заказывайте прямо сейчас и почувствуйте, как стресс и напряжение уходят навсегда! Ваши ноги скажут вам спасибо!

Способ применения
1. Перед использованием массажера для ног, нужно зарядить блок управления при помощи USB-кабеля (от удобного для Вас устройства), в течении 40-60 мин.
2. Расстелить массажный коврик электрический на ровную поверхность и подключить к нему блок управления на специальные кнопки. 
3. Поставить обе ноги по разметке на массажный коврик.
4. Кнопка ""+"" включает прибор (появится световая индикация).
5. Нажать кнопку ""М"" и выбрать нужную программу. Каждое нажатие кнопки, приводит к смене программы.
6. Кнопки ""+"" и ""-"" для выбора подходящей интенсивности. 
7. Для выключения массажера нажать на кнопку ""-"".
8. Рекомендуемое время процедуры 15 минут 2-3 раза в день.
Рекомендуется использовать массажный коврик в положении сидя.
Противопоказания: лицам с электрокардиостимулятором, беременность, с тромбозом глубоких вен, онкология.
Способ применения
1. Перед использованием массажера для ног, нужно зарядить блок управления при помощи USB-кабеля (от удобного для Вас устройства), в течении 40-60 мин.
2. Расстелить массажный коврик электрический на ровную поверхность и подключить к нему блок управления на специальные кнопки. 
3. Поставить обе ноги по разметке на массажный коврик.
4. Кнопка ""+"" включает прибор (появится световая индикация).
5. Нажать кнопку ""М"" и выбрать нужную программу. Каждое нажатие кнопки, приводит к смене программы.
6. Кнопки ""+"" и ""-"" для выбора подходящей интенсивности. 
7. Для выключения массажера нажать на кнопку ""-"".
8. Рекомендуемое время процедуры 15 минут 2-3 раза в день.
Рекомендуется использовать массажный коврик в положении сидя.
Противопоказания: лицам с электрокардиостимулятором, беременность, с тромбозом глубоких вен, онкология."
1766772251,Миостимуляторы,Встроенный аккумулятор,"Поясница, Тело","Вибрационный, Импульсный, Перкусионный, Рефлекторный, Антицеллюлитный",
1074797676,Yellow Panda,,"Лицо, Область вокруг глаз","Вибрационный, Классический, Миостимулирующий, Расслабляющий","-Насадка «Рыбка» для логопедического массажера Панда

1. Насадка для логопедического массажера «Рыбка» используется при наружном логопедическом массаже губ, щек, подбородка «приводя» мышцы в расслабленное состояние (при наличии гипертонуса этих  мышц). Внешняя поверхность с текстурой используется для растирания и активизации.При использовании внутренней поверхности насадки для логопедического массажера можно проводить массаж артикуляционного аппарата (язык и внутренняя поверхность щек). В данном случае массаж будет активизировать работу языка и щек (при наличии гипотонуса). Особенность конструкции этой насадки заключается в том что края насадки (плавники Рыбки) представляют собой естественные ограничители, не позволяя вызвать «рвотный рефлекс»,  при использовании насадки в массаже и растирании языка. Эта насадка для логопедического массажера практически универсальна – хвост имеет форму рогатки, что позволяет растягивать подъязычную связку языка («уздечку») менее болезненно, чем при ручном массаже и одновременно производит массаж нижней поверхности языка.

1. После использовголубания промыть в проточной воде

2. Замочить в дез.средстве типа оптимакс, аламинол мин 15-30( читаем инструкцию вашего дезсредства)

3. Промыть проточной водой

4. Теплообработка( сухожар, кипячение , гласперленовый стерилизатор)-15-20 минут( читаем инструкцию вашего оборудование)

5. Уф- стерилизатор, или бокс для хранения , или крафт пакеты"
1634404902,ВсеСемёрки,"Встроенный аккумулятор, От сети 220В","Ноги, Плечи, Тело, Шея, Зона декольте, Руки","Акупунктурный, Антицеллюлитный, Вибрационный, Импульсный, Миостимулирующий, Расслабляющий","Внимание! Перед использованием массажера , нанести на шею гель или просто смочить водой. Устали от постоянных болей в шее и плечах ? Хотите расслабиться и снять напряжение после долгого рабочего дня? Токовый электростимулятор поможет вам всегда. Представляем вашему вниманию массажер , а если быть точнее массажер для шеи – это идеальное решение для вас!  Этот массажёр подарит вам массу эмоций и впечатлений своим массажем . Его действие направлено  как вибромассажер , но степень схожая имеется. Массажор или же по-простому массажор для шеи электрический идеально подходит для использования дома или в офисе. Он поможет вам избавиться от неприятных ощущений, связанных с заболеванием под названием остеохондроз . Наш миостимулятор так же помогает с такими запросами как от холки на шее . Данный массажер для холки отлично справим с недугом. Не можете сами сделать себе массаж от холки на шее человеку ? Тогда вы там, где надо, ведь массажёр для шеи помогает улучшить кровообращение и снять мышечное напряжение, что способствует уменьшению боли и улучшению общего состояния. Кроме-того масажер имеет очень компактный и легкий вес, что позволяет его назвать мини массажер и взять его с собой на работу или на прогулку. Массажер электрический идеально подходит для всех, кто страдает от мышечных напряжений и болей в области шеи и плеч . Эти массажеры – тончайшее искусство. Масажор сделан по новейшей технологии, что бы вы получили идеальный массаж для шеи . Так же его можно использовать и для спины . Все мы устаем на работе, сидя в офисе и ощущаем эту не приятную боль в холке , но надев этот замечательный микротоковый массажер для шеи электрический , вы почувствуете облегчение и легкость. Шейный массажер будет ваша самая лучшая покупка для работы. У данного электромассажера также есть 6 режимов работы и переключатель скоростей, позволяющий выбирать между мягкой и интенсивной вибрацией. Так же есть функция подогрева шейного отдела до 52 градусов. Наш массажео можно приобрести в подарок.

Способ применения
Массажер для шеи от холки
Способ применения
Массажер для шеи от холки"
1930711099,Миостимуляторы,Внешний источник питания,Тело,"Акупунктурный, Миостимулирующий, Разминание, Расслабляющий, Шиацу, Гуаша","Штырьковый преобразователь переходник с pin 2 мм на 2,5 мм для миостимуляторов (пара)"
1831884930,Миостимуляторы,"Встроенный аккумулятор, От автомобильного АКБ","Тело, Поясница, Плечи, Ягодицы","Антицеллюлитный, Вибрационный, Миостимулирующий, Лимфодренажный","Способ применения
Использование для зарядки
Способ применения
Использование для зарядки"
1773620029,Миостимуляторы,"От порта USB, Сменная батарея","Плечи, Поясница, Тело, Шея, Ягодицы, Руки","Вибрационный, Импульсный, Лечебный, Миостимулирующий, Расслабляющий, Рефлекторный",
1403470514,Yellow Panda,,"Голова, Лицо, Шея","Вибрационный, Классический, Комбинированный, Миостимулирующий, Расслабляющий","Длина насадки- 6 см, рабочая часть- 4,5 см

Диаметр насадки - 1 см

Длинна ребер -4,3 см, толщина ребра 1мм

Изготовлена из : пищевого силикона, средней жесткости

1. Мы за то что реабилитация должна строиться вокруг ребенка, к сожалению, не в каждом городе России есть специалисты для занятий. Но это не всегда и нужно. 

Родители  вполне могут справиться с базовыми, но такими необходимыми регулярными занятиями. 

Насадка Панда  Полосатик – это одна из самых новых и скоро будет популярных насадок для логовибромассажера Панда. 

Насадка имеет цилиндрическую конструкцию с длинными гребнями по всему периметру и идеально подходит для имитации «перекатывания».

 Насадкой нужно водить по губам, по языку, по внутренней поверхности щек и т.д. Эта сенсорная стимуляция помогает «разбудить» рот и повысить оральные ощущения у людей с пониженной чувствительностью. 

Кроме того, насадка позволяет уменьшить действие защитных механизмов полости рта и понизить отвращение к пище и/или текстуре у людей с повышенной чувствительностью. 

Насадку также можно использовать для разработки различных навыков речевой моторики, таких как восприятие губ и щек, смыкание губ, поднятие середины языка, всасывание и многое другое. 

2. Насадку можно использовать как Жевательный тренажер  для обучения жеванию.

Сверхдлинная насадка, что позволяет достигать задне-молярной области. Эти насадки нужно использовать для развития стабильных кусательных рефлексов, тренировки кусательных и жевательных навыков, а также для улучшения силы и устойчивости челюсти и разработки навыков речевой моторики. Насадку также можно использовать за пределами ротовой полости, на щеках и губах для обеспечения дополнительной стимуляции.

3.Насадка для логопедического массажера «Полосатик» позволяет приводить в тонус (активизировать) лицевые мышцы при гипотонусе.

Использование этой насадки (массаж языка) позволит поставить звук «Р» в течение нескольких занятий. Для этого используется принцип «искусственного заведения «моторчика» на кончике языка.

Эта насадка также поможет при постановке звуков в которых участвуют круговые мышцы рта - Б, П , В, Ф,  М, тем самым развивая подвижность этих мышц.

Насадка для логопедического массажера хороша в применении как вспомогательное средство для гимнастики после инсульта и против ассиметрии лица.

Хорошо зарекомендовал себя данный инструмент и в случае если имеется неполное смыкание губ рта. При этом использовании насадки происходит массаж (попеременно) нижней и верхней внешней части окологубного пространства рта и формирование навыка удерживания губ в сомкнутой положении.

4. Также эта насадка  хорошо подойдет для массажа десен малышам, у кого режутся зубки.

Рекомендации по обработке насадок :

1. После использования промыть в проточной воде

2. Замочить в дез.средстве типа оптимакс, аламинол мин 15-30( читаем инструкцию вашего дезсредства)

3. Промыть проточной водой

4. Теплообработка( сухожар, кипячение , гласперленовый стерилизатор)-15-20 минут( читаем инструкцию вашего оборудование)

5. Уф- стерилизатор, или бокс для хранения , или крафт пакеты

В комплекте: только насадка на выбор (1шт.) Вибрирующую ручку-основу нужно приобретать отдельно.

 Логопедический массаж дома, логовибромассажер Панда, зивайб, дживайб, инструменты для логопеда, zvibe, ark"
207732373,Beurer,Сменная батарея,Руки,"Миостимулирующий, Лечебный, Оздоровительный","Миостимулятор EM28TENS поможет облегчить боль в запястьях. Манжета с фиксатором может располагаться в области запястья и предплечья и подходит для окружности запястья от 14 см.
Технология чрескожной электронейростимуляцим (TENS) для облегчения боли
Для использования при болях в запястье и предплечье
Два износостойких контактных электрода из проводящего углеродного материала
В приборе используются водоконтактные электроды (контактный гель и сменные электроды не требуются)
Регулируемая манжета для запястья/предплечья с фиксатором
Удобная анатомическая форма
Окружность запястья от 14 см
Четыре стандартные программы
Рабочий блок с ЖК-индикацией и удобным поясным креплением
Регулируемая интенсивность
Таймер обратного отсчета
Функция безопасного выключения
Манжету можно стирать вручную

Индикатор низкого заряда батареек
Технология чрескожной электронейростимуляцим (TENS) для облегчения боли
Для использования при болях в запястье и предплечье
Два износостойких контактных электрода из проводящего углеродного материала
В приборе используются водоконтактные электроды (контактный гель и сменные электроды не требуются)
Регулируемая манжета для запястья/предплечья с фиксатором
Удобная анатомическая форма
Окружность запястья от 14 см
Четыре стандартные программы
Рабочий блок с ЖК-индикацией и удобным поясным креплением
Регулируемая интенсивность
Таймер обратного отсчета
Функция безопасного выключения
Манжету можно стирать вручную

Индикатор низкого заряда батареек
Технология чрескожной электронейростимуляцим (TENS) для облегчения боли
Для использования при болях в запястье и предплечье
Два износостойких контактных электрода из проводящего углеродного материала
В приборе используются водоконтактные электроды (контактный гель и сменные электроды не требуются)
Регулируемая манжета для запястья/предплечья с фиксатором
Удобная анатомическая форма
Окружность запястья от 14 см
Четыре стандартные программы
Рабочий блок с ЖК-индикацией и удобным поясным креплением
Регулируемая интенсивность
Таймер обратного отсчета
Функция безопасного выключения
Манжету можно стирать вручную

Индикатор низкого заряда батареек

Способ применения
Миостимулятор TENS для лечения болей и восстановления для запястий/предплечий

Прибор TENS работает на основе электрической стимуляции нервов (TENS). Под аббревиатурой TENS понимается метод электрической стимуляции нервов через кожу. TENS — это клинически доказанный, эффективный, немедикаментозный, при правильном применении безопасный метод борьбы с болью, вызванной различными факторами, подходит для самотерапии.
Способ применения
Миостимулятор TENS для лечения болей и восстановления для запястий/предплечий

Прибор TENS работает на основе электрической стимуляции нервов (TENS). Под аббревиатурой TENS понимается метод электрической стимуляции нервов через кожу. TENS — это клинически доказанный, эффективный, немедикаментозный, при правильном применении безопасный метод борьбы с болью, вызванной различными факторами, подходит для самотерапии."
1741561465,Миостимуляторы,,"Зона декольте, Ноги, Руки, Тело, Шея, Поясница","Миостимулирующий, Импульсный","Миостимулятор для тела - это отличное решение, когда совсем нет времени и финансов на занятия в тренажерных залах. Массажер предназначен для укрепления мышц и массажа, особенно при дискомфорте шейного отдела и области спины . Во время его работы, вы не испытаете чувства неудобства и можете заниматься важными делами. Результат достигается за счёт электрических импульсов, под воздействием которых происходит сокращение мышц. С зарядкой от USB. Поможет снять напряжение практически с любой зоны, части тела. 8 рабочих режимов и с разным уровнем интенсивности 1-19. Воздействует на зону тела безопасным низкочастотным импульсом. Компактное устройство, доступное применение в любом месте. Можно использовать и во время рабочего дня. Характеристики: В форме бабочки Сделан и АБС прочного пластик и ПУ Низкочастотное воздействие Кол-во рабочих режимов: 8 Кол-во уровней интенсивности: 19 Таймер: можно настроить, на 15 мин 17,5х7 см - такой небольшой и компактный Дисплей ЖК, управление - кнопки"
1183921326,ВсеСемёрки,"Встроенный аккумулятор, От сети 220В","Плечи, Тело, Шея, Зона декольте, Руки, Ноги","Акупунктурный, Антицеллюлитный, Вибрационный, Импульсный, Миостимулирующий, Расслабляющий","Внимание! Перед использованием массажера , нанести на шею гель или просто смочить водой. Устали от постоянных болей в шее и плечах ? Хотите расслабиться и снять напряжение после долгого рабочего дня? Токовый электростимулятор поможет вам всегда. Представляем вашему вниманию массажер , а если быть точнее массажер для шеи – это идеальное решение для вас!  Этот массажёр подарит вам массу эмоций и впечатлений своим массажем . Его действие направлено  как вибромассажер , но степень схожая имеется. Массажор или же по-простому массажор для шеи электрический идеально подходит для использования дома или в офисе. Он поможет вам избавиться от неприятных ощущений, связанных с заболеванием под названием остеохондроз . Наш миостимулятор так же помогает с такими запросами как от холки на шее . Данный массажер для холки отлично справим с недугом. Не можете сами сделать себе массаж от холки на шее человеку ? Тогда вы там, где надо, ведь массажёр для шеи помогает улучшить кровообращение и снять мышечное напряжение, что способствует уменьшению боли и улучшению общего состояния. Кроме-того масажер имеет очень компактный и легкий вес, что позволяет его назвать мини массажер и взять его с собой на работу или на прогулку. Массажер электрический идеально подходит для всех, кто страдает от мышечных напряжений и болей в области шеи и плеч . Эти массажеры – тончайшее искусство. Масажор сделан по новейшей технологии, что бы вы получили идеальный массаж для шеи . Так же его можно использовать и для спины . Все мы устаем на работе, сидя в офисе и ощущаем эту не приятную боль в холке , но надев этот замечательный микротоковый массажер для шеи электрический , вы почувствуете облегчение и легкость. Шейный массажер будет ваша самая лучшая покупка для работы. У данного электромассажера также есть 6 режимов работы и переключатель скоростей, позволяющий выбирать между мягкой и интенсивной вибрацией. Так же есть функция подогрева шейного отдела до 52 градусов. Наш массажео можно приобрести в подарок.

Способ применения
Массажер для шеи от холки 
Способ применения
Массажер для шеи от холки"
1928877543,Миостимуляторы,Внешний источник питания,"Голова, Лицо, Ноги, Поясница, Спина, Тело","Акупунктурный, Оздоровительный, Лечебный","Зажим адаптер к миостимулятору для иглоукалывания подходят для применения с прибором Hwato SDZ-II и к другим аналогичным миостимуляторам.

Соединение с проводом массажера - pin 2мм

Цена указана за 6 штук зажимов адаптеров."
1051863354,kebidu,От порта USB,Поясница,Миостимулирующий,"Для чего его используют?

Это для тренировки тела. Ultimate stimulator может помочь тонизировать, подтянуть и укрепить ваше тело, вы можете улучшить фигуру после последовательного использования этого продукта в течение примерно 2 месяцев.

Гибкий и портативный

Ultimate Stimulator предлагает 8 режимов упражнений на выбор, принимает 19 уровней интенсивности от разминки до заключительного упражнения и, наконец, заминки. В любое время, в любом месте, можно использовать в любое время и в любом месте, потому что он достаточно мал, чтобы поместить его в папку.

перезаряжаемый

Тренажер использует USB-зарядку, обеспечивает более стабильную мощность и работает дольше, а интенсивность упражнений на тренажере увеличивается на 50% по сравнению с аналогичными продуктами. 】 Мощный и эффективный

- Этот универсальный стимулятор предназначен для тренировок по 30 минут 1-2 раза в день в течение 6+ недель. 20 минут использования равны 30 минутам приседаний, бегу на 2000 м, 30 минутам плавания или 2 неделям диеты.

Гарантия качества

Конечный стимулятор по умолчанию составляет 15 минут и автоматически отключает питание после бездействия. Он разработан с функцией автоматического отключения питания в течение 15 минут и автоматически отключает питание после бездействия. Он разработан с функцией проверки мощности. Контроллер начинает работать Только когда вы приклеиваете гелевые подушечки к телу, контроллер начинает работать.

Характеристики:

1. Укрепляет мышцы, тонизирует, укрепляет и подтягивает мышцы

2. Электромагнитные импульсы помогают укрепить и определить ваш кор, усиливая мышечные сокращения.

3. Простое кнопочное управление с 8 режимами.

4. Технология электростимуляции мышц (EMS) Внешние и напряженные мышцы.

5-1 день 1 раз, через каждые 30 минут тренировки, Упражнения и напряженные мышцы.

6. Исходный тренировочный импульс с использованием исходного тренировочного импульса с определенной текущей частотой

7. Разработайте эффективный метод тренировки мышц

Способ применения
Инструкции:

 Приложите инструмент к области, которую нужно массировать.

Нажмите кнопку «+», чтобы включить его.

Нажмите кнопку «M», чтобы выбрать нужный режим.

Отрегулируйте интенсивность массажа, которая вам подходит. Продолжайте нажимать «+», чтобы увеличить интенсивность, и «-», чтобы уменьшить интенсивность.
Способ применения
Инструкции:

 Приложите инструмент к области, которую нужно массировать.

Нажмите кнопку «+», чтобы включить его.

Нажмите кнопку «M», чтобы выбрать нужный режим.

Отрегулируйте интенсивность массажа, которая вам подходит. Продолжайте нажимать «+», чтобы увеличить интенсивность, и «-», чтобы уменьшить интенсивность."
1838512556,Миостимуляторы,Встроенный аккумулятор,Ноги,,"Быстрая помощь рри отечности ног и болях. В комплект входит пульт для удобного управления всеми функциями миостимулятора. Благодаря компактным габаритам, массажер всегда можно взять с собой и воспользоваться им в любом месте и в любое время. Массажный миостимулятор поможет вам избавиться от боли в мышцах и суставах, улучшить кровообращение и снять усталость ног. Также устройство может применяться для профилактики при следующих симптомах и болезнях: боль после интенсивных нагрузок; - утомление ног после хождения на высоких каблуках или длительной ходьбе; - ощущение покалывания, холода в ногах; - склонность к отечности ног; - пожилой возраст, избыточный вес; - болезни суставов ног: артрит, артроз, подагра; - воспаление или растяжка связок, сухожилий; - травмы ног; - заболевания опорно-двигательного аппарата; - сосудистые заболевания с нарушением кровообращения в стопе; - ранняя стадия варикозного расширения вен; - период ремиссии остеопороза мелких суставов стопы и т. д. Массаж стоп является безвредным и эффективным методом лечения и профилактики заболеваний, положительно влияющий на весь организм в целом. Миостимулятор обладает множеством полезных лечебных, тонизирующих и расслабляющих свойств: - стимулирует рефлекторные зоны стопы, облегчая болевые ощущения; - восстанавливает подвижность суставов ног при артритах и артрозах; - воздействует на биологически активные точки; - положительно влияет на нервную, опорно-двигательную и иммунную системы организма; - устраняет застойные явления в кровеносных сосудах нижних конечностей; - восстанавливает функции стоп; - предотвращает развитие плоскостопия у детей; - нормализует сон и давление; - способствует укреплению мышц свода стопы; - снимает мышечное напряжение, отеки, усталость в ногах; - оказывает седативное и антидепрессивное действие; - предотвращает появление мозолей и натоптышей, огрубение кожи и т. д. Массажер обладает компактными габаритами, что позволит вам пользоваться им не только дома, но и брать его с собой в путешествие или на работу. Технические характеристики Количество программ: 6 штук; Количество режимов интенсивности массажа: 10; Частота импульсов: 100 Гц; Выходной ток: не более 9,8 мкА; Максимальное время работы без перерыва: 15 минут;"
1723325491,Миостимуляторы,"От порта USB, Сменная батарея","Плечи, Поясница, Тело, Шея, Ягодицы, Руки","Вибрационный, Импульсный, Лечебный, Миостимулирующий, Расслабляющий, Рефлекторный",
1616171043,Миостимуляторы,Встроенный аккумулятор,Поясница,Миостимулирующий,"Способ применения
Это указано на упаковке
Способ применения
Это указано на упаковке"
285778269,Zohar,Встроенный аккумулятор,"Ноги, Плечи, Поясница, Руки, Тело","Антицеллюлитный, Вибрационный, Импульсный, Миостимулирующий, Оздоровительный, Разминание","Пояс для похудения миостимулятор для пресса и спины фитнес пояс Zohar 819 EMS-trainer - это отличное решение, когда совсем нет времени на занятия в тренажерных залах. Тренажер для пресса предназначен для укрепления мышц и массажа. Во время его работы, вы не испытаете чувства дискомфорта и можете заниматься важными делами. Результат достигается за счёт электрических импульсов, под воздействием которых происходит сокращение мышц. Простой и удобный миостимулятор, который поможет вернуть привести ваши мышцы в тонус.

Пояс для похудения миостимулятор для пресса и спины фитнес пояс Zohar 819 EMS-trainer поможет Вам убрать лишний вес и прийти к нужной физической форме без дополнительных нагрузок и занятий в тренажерном зале. У электрического массажера имеется несколько режимов интенсивности.

Благодаря тому, что миостимулятор легкий и компактный, вы сможете проводить упражнения дома, на прогулке, на работе, не отрываясь от дел, его можно с легкостью спрятать под одеждой и проводить тренировку. Массажер предназначен для работы с несколькими проблемными зонами тела - как женского, так и мужского тела - пресс, спина (поясничный отдел), грудь, мышцы рук и ног и создан с точным учетом анатомии человека, что поможет создать тело мечты. Изготовлен из высококачественных материалов. Абсолютно безопасен и эффективен.

Вместо того, чтобы нагружать мышцы движениями и различными спортивными снарядами, их стимулируют током. Несмотря на то, что такая тренировка может быть напряженной и утомительной, человек чувствует лишь легкое пощипывание. Тщательно обезжирьте кожу и устраните избыточный волосяной покров с того участка тела, на который собираетесь ставить пояс. Прикрепите изделие и убедитесь, что оно плотно зафиксировано на коже. Включите устройство и выберите уровень нагрузки. Используйте пояс около 12 минут, после чего питание автоматически отключается. Если хотите продолжить тренировку нажмите ""+"". После окончания тренировки обработайте пояс антисептическим раствором. Пояс работает от пульта который прикрепляется контактами-заклёпками.

Пояс миостимулятор может быть использован и как дополнение к физическим упражнениям, и как самостоятельный тренажер. С помощью EMS-trainer Вы сможете:
повысить упругость и объем мышц
избавиться от целлюлита
достигнуть результатов без потери времени
промассировать проблемные участки
Пульт со встроенным аккумулятором, который заряжается от microUSB разъёма и блока питания 5V. Для полной зарядки требуется 3-4 часа.

Длина пояса 60 см., ширина средней части пояса 12 см., ширина манжеты пояса 7 см.
повысить упругость и объем мышц
избавиться от целлюлита
достигнуть результатов без потери времени
промассировать проблемные участки
повысить упругость и объем мышц
избавиться от целлюлита
достигнуть результатов без потери времени
промассировать проблемные участки

Способ применения
Зарядите пульт. Прикрепите пульт контактами-заклёпками к поясу. Тщательно обезжирьте кожу и устраните избыточный волосяной покров с того участка тела, на который собираетесь ставить пояс. Отклейте плёнку от контактов на гидрогелевой основе. Прикрепите пояс к тому участку тела, который будете тренировать. Выберите режим тренировки.
*Перед использованием обязательно проконсультируйтесь с врачом.
Способ применения
Зарядите пульт. Прикрепите пульт контактами-заклёпками к поясу. Тщательно обезжирьте кожу и устраните избыточный волосяной покров с того участка тела, на который собираетесь ставить пояс. Отклейте плёнку от контактов на гидрогелевой основе. Прикрепите пояс к тому участку тела, который будете тренировать. Выберите режим тренировки.
*Перед использованием обязательно проконсультируйтесь с врачом."
1613993321,Миостимуляторы,"От порта USB, Сменный аккумулятор (нет в комплекте)","Тело, Шея, Поясница, Плечи, Ягодицы","Вибрационный, Миостимулирующий",
1858039790,Миостимуляторы,От порта USB,"Ноги, Поясница, Спина, Тело, Шея, Ягодицы","Миостимулирующий, Лимфодренажный, Оздоровительный, Комбинированный, Вибрационный","1. Перед использованием массажера, убедитесь, что область массажа тела чистая и не содержит следов пота. 

2. Установите массажер с помощью магнитных присосок на гелевую накладку; 

3. Удалите защитную пленку с накладки; 

4. Зафиксируйте накладку на необходимом участке тела, для лучшей фиксации можно воспользоваться ремешками, продев их между миостимулятором и накладкой; 

5. Нажмите и удерживайте кнопку ""start"", чтобы запустить устройство. Также используйте пульт дистанционного управления для выбора необходимого режима и скорости;

 6. Для выбора режима - короткое нажатие кнопки ""mode"" При выборе скорости постепенно увеличивайте силу тока до тех пор, пока не почувствуете в теле комфорт; 

Интенсивность: можно выбрать от 1 до 19. 

Возможно использование 6 режимов работы: Режим 1. Knock (покалывание) - расслабляет, уменьшает боль в мышцах и придает тонус, улучшает работу нервной системы; Режим 2: Shake (встряска) - тонизирует, укрепляет мышцы, снимает напряжение и усталость, помогает скорректировать фигуру; Режим 3: Press (пресс) - укрепляет мышцы пресса, формирует мышечный корсет; Режим 4: Massage (массаж) - стимулирует лимфо- и кровообращение, помогает при атрофии мышц и тканей; Режим 5: Knead (разминка) - ускоряет обменные процессы; Режим 6: Intensify (укрепление) - укрепляет мышцы и улучшает питание кожи, дает эффект лифтинга кожи и упругость мышц; !!! Дополнительно разогревающий эффект (до 43 C) - физиотерапевтическое действие, расслабление, снятие мышечных спазмов, боли и уменьшение накопления молочной кислоты после тренировок. Внимание!!! - Рекомендуется использовать прибор один раз в течение 12 минут. На одну зону воздействия - раз в 3 дня. - Тайминг одного сеанса 12 минут по умолчанию (в соответствии с рекомендованной продолжительностью EMS-массажа). Если вы прервете сеанс, время следующего сеанса будет пересчитано. ems массажер для ног ; антицеллюлитный массажер ; антицеллюлитный массажер для тела ; аппарат для похудения ; вибромассажер для похудения ; вибромассажер для пресса ; вибромассажер для тела ; все для похудения ; для похудения живота ; для похудения тренажер ; для пресса ; для пресса миостимулятор ; для пресса тренажр ; для спины массажер ; домашний массажер ; домашний тренажер ; для массажа ; для массажа тела ; для шеи тренажер ; лимфодренажный массажер для ног; лимфодренажный массажер для тела ; масажер ; масажор для ног; массаж для ног ; массаж ног ; массаж шеи ; массажр ; массажер антицеллюлитный ; массажер антицеллюлитный для тела ; массажер для живота для похудения ; массажер для ног электрический с подогревом лимфодренажный; массажер для похудения живота ; массажер для ног ; массажер антицеллюлитный ручной ; массажер для всего тела антицеллюлитный ; массажер для пресса ; массажер для спины и шеи электрический ; массажер для тела антицеллюлитный ; массажер для тела ручной ; массажер для тела электрический ; массажер для шеи и спины ; массажер для шеи и спины электрический ; массажер для шеи электрический ; массажер ног электрические ; массажер от целлюлита электрический ; массажер спины ; массажер ручной для тела ; массажер электрический для тела ; массажор для ног ; массажоры для ног спины тела электрические ; микротоковый массажер для тела ; миостимулято-тренажер ; массажоры для шеи ; от целлюлита массажер ; тренажер для дома ; тренажер для живота ног и ягодиц ; тренажер для похудения ; Тренажер для пресса живота ; тренажер для спины ; тренажер для шеи ягодиц ; тренажеры для дома ; тренажеры для похудения ; электрический массажер для ног ; электро массажер для шеи и спины ; электромассажер для ног ; электромассажер для тела ; электромассажер для шеи и спины ; массажер для спины электрический

Название цвета

Черный глянцевый с 2 сменными основаниями

Комплектация

Миостимулятор для пресса , ног, тела, шеи, живота, рук, спины, поясницы (1 шт) с пультом управления (1шт) , сменное основание (2 шт), USB-кабель (адаптер в комплект не входит!)"
1303978906,Yellow Panda,,"Лицо, Область вокруг глаз","Вибрационный, Расслабляющий","-Насадка «Осьминожка» для логопедического массажера Панда

Длина насадки Осьминожка -5 см ;

Диаметр шарика Осьминожьи -8 мм;

расстояние между ножками  -0.4 см;

1. Насадка «Осьминожка» для логопедического массажера Панда

Осьминожка отлично подойдет

1) Для массажа лица:

- для точечного массажа лица

-для массажа по массажными линиям лица

-массаж носогубных складках и тд

2) Для массажа языка:

-точечный массаж сразу всего языка (сверху и снизу )

-растирание языка (растирающие  движения типа штрихования). 

-поглаживающие движения (языка)

-нижнюю часть языка обрабатываем

-расслабляющий массаж языка (язык между ножками)

3)Можно формировать верхний подъем языка .

4) Для постановки звуков: Р, Ш

Например:

нажмите несколько раз на язычок, спокойно погладьте язык от корня к кончику, потом усильте поглаживание до растирания, выполните несколько раз

Можно выполнить вибрацию всей поверхности языка и зоны под языком

Обработка насадки:

1. После использования промыть в проточной воде

2. Замочить в дез.средстве типа оптимакс, аламинол мин 15-30( читаем инструкцию вашего дезсредства)

3. Промыть проточной водой

4. Теплообработка( сухожар, кипячение , гласперленовый стерилизатор)-15-20 минут( читаем инструкцию вашего оборудование)

5. Уф- стерилизатор, или бокс для хранения , или крафт пакеты"
1828785952,Миостимуляторы,От порта USB,"Зона декольте, Ноги, Руки, Тело, Поясница, Плечи","Акупунктурный, Вибрационный, Импульсный, Миостимулирующий","Добро пожаловать в покупк
Добро пожаловать в покупк

Способ применения
5 сменных насадок для электроимпульсного массажера, совместимых с большинством массажеров, представленных на рынке, каждая многоразовая и индивидуально упакована.
Способ применения
5 сменных насадок для электроимпульсного массажера, совместимых с большинством массажеров, представленных на рынке, каждая многоразовая и индивидуально упакована."
1796213000,Миостимуляторы,Встроенный аккумулятор,"Ноги, Поясница, Ягодицы, Спина, Тело","Антицеллюлитный, Вибрационный, Импульсный, Миостимулирующий, Оздоровительный","Способ применения
После распаковки снимаем защитную пленку от нагревательных элементов, одеваем поясом с липучкой на ту часть тела, которую планируете массировать, затем включаем (выбираем режим) и получаем удовольствие)
Способ применения
После распаковки снимаем защитную пленку от нагревательных элементов, одеваем поясом с липучкой на ту часть тела, которую планируете массировать, затем включаем (выбираем режим) и получаем удовольствие)"
1273257919,HANOX,От порта USB,"Зона декольте, Ноги, Руки, Тело, Ягодицы, Плечи","Антицеллюлитный, Вибрационный, Комбинированный, Лимфодренажный, Миостимулирующий, Оздоровительный","Способ применения
1. Нанесите контактный гель на область обработки
2. Включите аппарат долгим нажатием на кнопку
3. Нажмите на кнопку М (MODE) и выберите режим
4. Нажмите на кнопку +/- (LEVEL) для выбора интенсивности (4 режима)
5. Проведите процедуру в течение 15 минут
6. После процедуры удалите остатки геля с кожи
7. Протрите рабочую часть прибора влажной и сухой салфеткой
Способ применения
1. Нанесите контактный гель на область обработки
2. Включите аппарат долгим нажатием на кнопку
3. Нажмите на кнопку М (MODE) и выберите режим
4. Нажмите на кнопку +/- (LEVEL) для выбора интенсивности (4 режима)
5. Проведите процедуру в течение 15 минут
6. После процедуры удалите остатки геля с кожи
7. Протрите рабочую часть прибора влажной и сухой салфеткой"
1773774183,AShop,Сменная батарея,"Зона декольте, Тело",Миостимулирующий,"Массажер миостимулятор для увеличения груди Breast Enhancer — это инновационное устройство, которое помогает улучшить форму груди, увеличить ее размер и стимулировать кровообращение. Его действие основано на использовании микротоков, которые воздействуют на мышцы и ткани молочной железы, способствуя их укреплению и росту.

Миостимуляция также может быть полезна при реабилитации после операций или травм груди. Она способствует устранению застойных явлений и улучшению обмена веществ в тканях, что ускоряет процесс восстановления.

Регулярное использование массажера-миостимулятора помогает поддерживать здоровье груди и улучшать ее внешний вид. Он подходит для взрослых женщин, желающих сохранить красоту и молодость своей груди.

Благодаря компактным размерам и удобному дизайну, тренажер для груди можно использовать в домашних условиях. Это позволяет экономить время и средства на посещение салонов красоты.

Устройство оказывает влияние на ткани груди, благодаря биологическому электрическому току. Внутренние участки груди стимулируются, кровообращение увеличивается, структура клеток молочной железы улучшается, а обмен веществ ускоряется. Такое влияние и уход способствует быстрому устранению растяжек, подтягиванию груди и ее оздоровлению.

Не рекомендуется использовать прибор во время беременности, при наличии онкологических заболеваний или болезней сердечно-сосудистой системы.

Способ применения
Способ применения описан в инструкции на русском языке, входящей в комплектацию.
Способ применения
Способ применения описан в инструкции на русском языке, входящей в комплектацию."
1753331372,Миостимуляторы,,"Ноги, Плечи, Спина, Тело, Шея",,"Сменное основание для миостимулятора – это аксессуар, который позволит вам получить максимальную пользу от вашего массажера. Основание имеет форму бабочки и легко крепится к вашему устройству. Теперь ваши мышцы будут расслаблены не только благодаря массажу, но и приятным теплом.

Основание выполнено из качественного материала, который приятно контактирует с кожей.  Благодаря качественным материалам, вы можете быть уверены, что основание прослужит вам долго и надежно."
1667466502,Миостимуляторы,,"Поясница, Плечи",Миостимулирующий,
1136490299,Kijua,От сети 220В,"Плечи, Руки, Ноги, Поясница, Спина, Шея","Вибрационный, Импульсный, Комбинированный, Миостимулирующий, Оздоровительный, Расслабляющий","Массаж электрическим массажером позволяет сохранить здоровье мышц и кожи, улучшить общее самочувствие и настроение.

ОСОБЕННОСТИ:
Действие массажера обеспечивается благодаря электрическим импульсам;
Электрические импульсы воздействуют на мышцы, мягко сокращая их;
Миостимулятор позволяет снять напряжение с мышц и улучшить кровообращение;
Массажер можно использовать где угодно, он незаметен и не причиняет неудобств;
Количество рабочих режимов - 8 (стандартный, ""кулаками"", разминающий, мягкий, акупунктурный, баночный, активизирующий, контурный);
Количество уровней интенсивности - 19;
Массажер подходит для большинства частей тела - ног, рук, шеи, спины, поясницы, плеч, живота;
Время зарядки электрического массажера - около 30 минут.
В комплект входит кабель для зарядки.
Способ применения:

1. Отклейте защитную пленку с патчей.

2. Прикрепите массажер к области, которую хотите помассировать.

3. Нажмите кнопку "" M"" и выберете режим.

4. Включите стимулятор, нажав кнопку ""+"".

5. Увеличивайте или уменьшайте интенсивность прибора с помощью кнопок ""+"" и ""-"".

6. Прибор отключается автоматически через 15 минут либо кнопкой ""-"".
Действие массажера обеспечивается благодаря электрическим импульсам;
Электрические импульсы воздействуют на мышцы, мягко сокращая их;
Миостимулятор позволяет снять напряжение с мышц и улучшить кровообращение;
Массажер можно использовать где угодно, он незаметен и не причиняет неудобств;
Количество рабочих режимов - 8 (стандартный, ""кулаками"", разминающий, мягкий, акупунктурный, баночный, активизирующий, контурный);
Количество уровней интенсивности - 19;
Массажер подходит для большинства частей тела - ног, рук, шеи, спины, поясницы, плеч, живота;
Время зарядки электрического массажера - около 30 минут.
В комплект входит кабель для зарядки.
Действие массажера обеспечивается благодаря электрическим импульсам;
Электрические импульсы воздействуют на мышцы, мягко сокращая их;
Миостимулятор позволяет снять напряжение с мышц и улучшить кровообращение;
Массажер можно использовать где угодно, он незаметен и не причиняет неудобств;
Количество рабочих режимов - 8 (стандартный, ""кулаками"", разминающий, мягкий, акупунктурный, баночный, активизирующий, контурный);
Количество уровней интенсивности - 19;
Массажер подходит для большинства частей тела - ног, рук, шеи, спины, поясницы, плеч, живота;
Время зарядки электрического массажера - около 30 минут.
В комплект входит кабель для зарядки.

Способ применения
1. Отклейте защитную пленку с патчей.
2. Прикрепите массажер к области, которую хотите помассировать.
3. Нажмите кнопку "" M"" и выберете  режим.
4. Включите стимулятор, нажав кнопку ""+"".
5. Увеличивайте или уменьшайте интенсивность прибора с помощью кнопок ""+"" и ""-"".
6. Прибор отключается автоматически через 15 минут либо кнопкой ""-"".
Способ применения
1. Отклейте защитную пленку с патчей.
2. Прикрепите массажер к области, которую хотите помассировать.
3. Нажмите кнопку "" M"" и выберете  режим.
4. Включите стимулятор, нажав кнопку ""+"".
5. Увеличивайте или уменьшайте интенсивность прибора с помощью кнопок ""+"" и ""-"".
6. Прибор отключается автоматически через 15 минут либо кнопкой ""-""."
1633531076,Миостимуляторы,От порта USB,"Зона декольте, Ноги, Руки, Тело, Поясница, Плечи","Акупунктурный, Вибрационный, Импульсный, Миостимулирующий",
1704574204,Миостимуляторы,,"Ягодицы, Плечи, Поясница, Шея, Тело, Ноги",Миостимулирующий,
1828257216,ТехноЛис,"Встроенный аккумулятор, От сети 220В","Руки, Поясница, Плечи, Ноги, Тело, Шея","Рефлекторный, Лечебный, Импульсный","Представляем вашему вниманию электростимулятор мышц - многофункциональный массажер, созданный для эффективного ухода за телом. Этот портативный миостимулятор идеально подходит для использования в домашних условиях и в поездках, позволяя вам заботиться о своем здоровье и внешности в любое время и в любом месте.
Массажер предлагает несколько режимов работы, что позволяет настроить интенсивность и тип воздействия на ваши мышцы, обеспечивая расслабление и восстановление. Благодаря различным программам, вы сможете легко адаптировать массаж под ваши собственные нужды и предпочтения, будь то расслабляющий сеанс после трудного дня или активная тренировка.
Электростимулятор мышц помогает улучшить кровообращение, снять мышечное напряжение и ускорить восстановление после физических нагрузок. Использование устройства способствует улучшению тонуса кожи и помогает уменьшить проявления целлюлита, что делает его отличным дополнением к вашему уходу за телом.
Компактный дизайн и легкий вес делают его удобным для транспортировки. Вы сможете взять массажер с собой в спортзал, на работу или в путешествия. Простое управление и интуитивно понятный интерфейс делают процесс использования максимально комфортным и доступным для всех.
Этот миостимулятор подходит для любого типа кожи и может использоваться как на разных участках тела, так и локально на проблемных зонах. Наслаждайтесь полной свободой выбора в уходе за собой и внедрите новое устройство в свою повседневную жизнь.
Используя электростимулятор, вы получите видимые результаты и улучшите качество своей жизни. Сделайте шаг к здоровому образу жизни с этим многофункциональным массажером.
Представляем вашему вниманию электростимулятор мышц - многофункциональный массажер, созданный для эффективного ухода за телом. Этот портативный миостимулятор идеально подходит для использования в домашних условиях и в поездках, позволяя вам заботиться о своем здоровье и внешности в любое время и в любом месте.
Массажер предлагает несколько режимов работы, что позволяет настроить интенсивность и тип воздействия на ваши мышцы, обеспечивая расслабление и восстановление. Благодаря различным программам, вы сможете легко адаптировать массаж под ваши собственные нужды и предпочтения, будь то расслабляющий сеанс после трудного дня или активная тренировка.
Электростимулятор мышц помогает улучшить кровообращение, снять мышечное напряжение и ускорить восстановление после физических нагрузок. Использование устройства способствует улучшению тонуса кожи и помогает уменьшить проявления целлюлита, что делает его отличным дополнением к вашему уходу за телом.
Компактный дизайн и легкий вес делают его удобным для транспортировки. Вы сможете взять массажер с собой в спортзал, на работу или в путешествия. Простое управление и интуитивно понятный интерфейс делают процесс использования максимально комфортным и доступным для всех.
Этот миостимулятор подходит для любого типа кожи и может использоваться как на разных участках тела, так и локально на проблемных зонах. Наслаждайтесь полной свободой выбора в уходе за собой и внедрите новое устройство в свою повседневную жизнь.
Используя электростимулятор, вы получите видимые результаты и улучшите качество своей жизни. Сделайте шаг к здоровому образу жизни с этим многофункциональным массажером.

Способ применения
Способ применения миостимулятора для тела:
 1. Подготовка устройства:
 • Убедитесь, что массажер заряжен или подключен к источнику питания, если это необходимо.
 • Ознакомьтесь с инструкцией, чтобы понять функционал и режимы работы устройства.
 2. Подготовка кожи:
 • Очистите и высушите участок кожи, где будете использовать массажер. Убедитесь, что кожа чистая и без кремов или масел, чтобы электроды плотно прилегали.
 3. Установка электродов:
 • Прикрепите электроды к целевому участку тела. Обычно это спина, живот, бедра, руки или ягодицы.
 • Убедитесь, что электроды зафиксированы плотно и равномерно.
 4. Выбор режима:
 • Включите устройство и выберите подходящий режим стимуляции (обычно доступны режимы для расслабления мышц, улучшения кровообращения, снятия боли или тренировки).
 • Настройте интенсивность импульсов, начиная с минимального уровня и постепенно увеличивая до комфортного.
 5. Продолжительность сеанса:
 • Используйте массажер в течение 10–30 минут в зависимости от рекомендаций производителя и ваших ощущений. Не превышайте указанное время.
 6. После использования:
 • Выключите устройство и аккуратно снимите электроды.
 • Очистите кожу и при необходимости нанесите увлажняющий крем.
 • Протрите электроды влажной салфеткой (если это указано в инструкции).
 7. Рекомендации по частоте применения:
 • Используйте массажер 2–3 раза в неделю или в соответствии с инструкцией. Избегайте чрезмерного использования, чтобы не вызвать раздражения кожи или перенапряжения мышц.

Важные предупреждения:
 • Не используйте миостимулятор на поврежденной коже, вблизи сердца или на участках с имплантированными медицинскими устройствами (например, кардиостимулятором).
 • Проконсультируйтесь с врачом, если у вас есть хронические заболевания, беременность или другие противопоказания.
Способ применения
Способ применения миостимулятора для тела:
 1. Подготовка устройства:
 • Убедитесь, что массажер заряжен или подключен к источнику питания, если это необходимо.
 • Ознакомьтесь с инструкцией, чтобы понять функционал и режимы работы устройства.
 2. Подготовка кожи:
 • Очистите и высушите участок кожи, где будете использовать массажер. Убедитесь, что кожа чистая и без кремов или масел, чтобы электроды плотно прилегали.
 3. Установка электродов:
 • Прикрепите электроды к целевому участку тела. Обычно это спина, живот, бедра, руки или ягодицы.
 • Убедитесь, что электроды зафиксированы плотно и равномерно.
 4. Выбор режима:
 • Включите устройство и выберите подходящий режим стимуляции (обычно доступны режимы для расслабления мышц, улучшения кровообращения, снятия боли или тренировки).
 • Настройте интенсивность импульсов, начиная с минимального уровня и постепенно увеличивая до комфортного.
 5. Продолжительность сеанса:
 • Используйте массажер в течение 10–30 минут в зависимости от рекомендаций производителя и ваших ощущений. Не превышайте указанное время.
 6. После использования:
 • Выключите устройство и аккуратно снимите электроды.
 • Очистите кожу и при необходимости нанесите увлажняющий крем.
 • Протрите электроды влажной салфеткой (если это указано в инструкции).
 7. Рекомендации по частоте применения:
 • Используйте массажер 2–3 раза в неделю или в соответствии с инструкцией. Избегайте чрезмерного использования, чтобы не вызвать раздражения кожи или перенапряжения мышц.

Важные предупреждения:
 • Не используйте миостимулятор на поврежденной коже, вблизи сердца или на участках с имплантированными медицинскими устройствами (например, кардиостимулятором).
 • Проконсультируйтесь с врачом, если у вас есть хронические заболевания, беременность или другие противопоказания."
974407960,kebidu,Внешний источник питания,Спина,Рефлекторный,"Особенности продукта:

Низкочастотная терапия - это подталкивание с ритмом и нежностью.

Низкая частота - это регулярный ритмичный или останавливающийся ток, который подается на тело с низкой частотой в соответствии с соответствующей мощностью и скоростью, обеспечивая ритмичную последовательность подталкиваний тела. Мягкость низкой частоты аналогична эффекту массажа с надавливанием, щипками и постукиванием человеческой руки.

Что такое технология EMS?

Электрическая стимуляция мышц (EMS), также известная как нервно-мышечная электростимуляция (NMES), использует электрические импульсы, чтобы заставить мышцы сокращаться. Эти импульсы имитируют потенциалы действия центральной нервной системы, заставляя мышцы сокращаться. EMS доказала свою эффективность в качестве активного средства для укрепления мышц.

[Мягкая и удобная подушка для ног, легкий вес, складывается, легко переносится в любое место, после использования можно просушить влажным полотенцем. Использует технологию EMS для массажа стоп, лодыжек, ахилловых сухожилий и икроножных мышц для улучшения кровообращения и расслабления ног. (Примечание: Не используйте, если у вас кардиостимулятор или высокое кровяное давление; перед использованием снимите носки и положите ноги на подушечку для ног).

6 режимов массажа：М1-режим массажа, М2-режим массажа, М3-режим трения, М4-режим давления на локти, М5-режим акупунктуры, М6-режим связыванияМножество режимов для имитации эффекта настоящего массажа и ощущения радости от массажа ног.

9 уровней интенсивности массажа：Массажер для ног имеет 9 уровней регулируемой интенсивности для прямой стимуляции акупунктурных точек, снижения физической и умственной усталости и улучшения качества сна. 15 минут - это один сеанс, он автоматически отключается по истечении времени. Если вам нужно более длительное время, вам придется повторить сеанс. (Предложение: для первого использования выберите уровень 1)

USB-зарядка] Массажер для ног EMS имеет встроенную перезаряжаемую батарею, которую можно легко зарядить через USB-кабель для зарядки. Длина зарядного кабеля составляет 50 см, и вы можете подключить USB-кабель к USB-порту вашего ноутбука/настольного компьютера/электроблока питания и зарядного устройства мобильного телефона для зарядки. (Примечание: красный свет загорается при зарядке и автоматически выключается при полной зарядке).

【 Широкое применение】Этот циркуляционный массажер для ног тщательно разработан для любителей спорта, пожилых людей и работников, которые сидят/стоят в течение долгих часов (особенно на высоких каблуках), чтобы значительно расслабиться и облегчить боль в ступнях и ногах.

Способ применения
Перед использованием миостимулятор нужно зарядить около 30-40 минут.
Способ применения:
1) Расстелите массажный коврик и подключите к нему миостимулятор.
2) Встаньте на массажный коврик по разметке.
3) Кнопкой «+» включите прибор, должна появиться световая индикация.
4) Нажмите кнопку «М» и выберите нужную вам программу из 6 встроенных. Каждое нажатие кнопки приводит к смене программы.
5) Кнопками «+» и «-» выберите подходящую интенсивность. Каждая программа начинается с минимальной интенсивности стимуляции.
6) Еще раз длительно нажмите кнопку «М» и можете наслаждаться массажем.

Для выключения массажера просто нажмите на правую кнопку.

Противопоказано лицам с электрокардиостимулятором, беременным, с тромбозом глубоких вен, болезнями сердца и гипертонии!
Способ применения
Перед использованием миостимулятор нужно зарядить около 30-40 минут.
Способ применения:
1) Расстелите массажный коврик и подключите к нему миостимулятор.
2) Встаньте на массажный коврик по разметке.
3) Кнопкой «+» включите прибор, должна появиться световая индикация.
4) Нажмите кнопку «М» и выберите нужную вам программу из 6 встроенных. Каждое нажатие кнопки приводит к смене программы.
5) Кнопками «+» и «-» выберите подходящую интенсивность. Каждая программа начинается с минимальной интенсивности стимуляции.
6) Еще раз длительно нажмите кнопку «М» и можете наслаждаться массажем.

Для выключения массажера просто нажмите на правую кнопку.

Противопоказано лицам с электрокардиостимулятором, беременным, с тромбозом глубоких вен, болезнями сердца и гипертонии!"
1827960558,Миостимуляторы,"Встроенный аккумулятор, От порта USB","Поясница, Тело, Спина, Ягодицы","Импульсный, Лимфодренажный, Миостимулирующий, Антицеллюлитный","Пояс массажер размеры: S/M - 92 см, L/XL - 102 см, XXL-XXXL - 110 с антицеллюлитный для тела — это устройство, которое поможет убрать живот и уменьшить размер в талии. Массажер для тела с вибрацией эффективен в борьбе с лишним жиром и целлюлитом. Жиросжигающий пояс способствует похудению мужчинам и женщинам, оказывая воздействие на бока и живот. Вибрационный аппарат улучшает кровообращение, стимулирует мышцы пресса и устраняет целлюлит. Этот электрический стимулятор пресса имеет 8 режимов работы и 15 уровней мощности. Простое управление позволяет выбрать оптимальный режим для каждого пользователя. Регулируемый эластичный пояс обеспечивает удобную фиксацию на животе. Пояс не требует замены силиконовых или гелевых накладок — достаточно сбрызнуть водой поверхности для эффективного массажа. Обратите внимание, что массажный аппарат срабатывает при контакте 2 точек одновременно. Вибромассажер для похудения подходит для электромиостимуляции мужчин и женщин. Массажер от целлюлита электрический, он заряжается от сети через USB, что делает его мобильным и практичным в использовании. Стимулятор для пресса также эффективно помогает похудеть в животе - избавиться от жира в талии и на боках. Этот электростимулятор тела предлагает комплексное решение для похудения мужчинам и женщинам, желающим поддерживать форму. Импульсное влияние способствует укреплению мышц пресса, а также оказывает антицеллюлитный эффект, используя технологию EMS (электрической стимуляции мышц). Микротоковый массажёр обеспечивает глубокую стимуляцию тканей, способствуя их восстановлению после тренировок. Вибромассажер одинаково полезен как для уменьшения жировых отложений на теле, так и для детальной проработки мышц живота при помощи электро миостимуляции. Легко пользоваться: зарядите контролёр, намочите токо-проводящие элементы на внутренней части пояса, установите контролёр на пояс, наденьте пояс, включите +, выберете программу дл массажа тела через кнопку М и подберите интенсивность кнопками - и +.

Способ применения
1. Зарядите контроллер.
2. Закрепите контроллер на ремень.
3. Намочите водой или сбрызните полоски воздействия на мышцы на обратной стороне пояса-тренажера (выделены бежевым цветом).
4. Включите программу кнопкой ""+"".
5. Выберите подходящую из 6 возможных.
6. Переключайте программы кнопкой
Способ применения
1. Зарядите контроллер.
2. Закрепите контроллер на ремень.
3. Намочите водой или сбрызните полоски воздействия на мышцы на обратной стороне пояса-тренажера (выделены бежевым цветом).
4. Включите программу кнопкой ""+"".
5. Выберите подходящую из 6 возможных.
6. Переключайте программы кнопкой"
1694331804,Миостимуляторы,Встроенный аккумулятор,"Ягодицы, Тело","Вибрационный, Миостимулирующий","Для эффективной стимуляции мышц рекомендуем во время массажа использовать токопроводящие контактные гели. А также можно плотнее фиксировать массажный аппарат при помощи эластичного бинта или корсета, чтоб добиться максимального эффекта от процедуры. Миостимулятор для ягодиц против жира это отличный способ привести мышцы ягодиц и бедер в форму и убрать лишний жир в проблемных зонах, избавиться от целлюлита. Этот тренажер для ягодиц электрический работает по принципу электрических импульсов, которые помогают мышцам сокращаться и разгоняют лимфу. Электрический массажер для ягодиц HIP TRAINER заменяет сухой массаж, антицеллюлитный, импульсный и имеет ряд преимуществ. Электро массажер для ягодичных мышц компактный и удобный в использовании. Работает от батареек, беспроводной и поэтому вы можете использовать его в любое время и в любом месте, брать с собой на дачу и в путешествия. Стимулятор для мышц имеет несколько программ для различного типа тренировок, подоходит мужчинам и женщинам. Миостимулятор от целлюлита EMS выполнен из качественных материалов, имеет приятный оранжевый цвет и компактный размер. Для использования электромассажера Бабочка необходимо закрепить его на проблемных зонах, выбрать программу и начать тренировку. Через пару недель вы уже увидите первые результаты на ягодицах и бедрах. Электромиостимулятор тонизирует мышцы, убирает дряблость, целлюлит и неровности на коже. По 15 - 20 минут массажа каждый день и идеальные бёдра и ягодицы всё ближе к вам."
1619307219,Миостимуляторы,От порта USB,"Зона декольте, Ноги, Руки, Тело, Поясница, Плечи","Акупунктурный, Вибрационный, Импульсный, Миостимулирующий",
1809328915,Миостимуляторы,,"Руки, Тело, Шея, Поясница, Плечи, Ягодицы","Вибрационный, Импульсный, Миостимулирующий","Массажер ""Массажер - бабочка""  — это инновационное средство для ухода за вашим телом, разработанное с использованием EMS технологии для усиления вашего физического состояния и поддержания красивой фигуры. Портативный и легкий массажер идеально подходит для тех, кто ищет универсальное решение для расслабления мышц после тренировок или долгого рабочего дня. Массажер стимулирует кровообращение, что способствует уменьшению усталости и улучшению общего самочувствия. Применяя массажер на различные зоны тела, вы можете эффективно тонизировать мышцы живота, рук, ног и спины, добиваясь желаемых результатов без лишних усилий.

EMS миостимулятор ""Массажер - бабочка"" работает за счет специальных электрических импульсов, которые воздействуют на мышцы, имитируя естественные сокращения, подобные тем, что происходят при физических упражнениях.

Эргономичный дизайн в форме бабочки обеспечивает точное прилегание к телу и равномерное распределение импульсов, что делает его использование максимально комфортным и эффективным. 

Этот массажер также является отличным средством поддержания тонуса мышц и общего улучшения состояния организма в домашних условиях. Независимо от вашего уровня физической подготовки, вы оцените его пользу и удобство.

Способ применения
1. Закрепите массажер на пластырь. 2. Снимите прозрачную бумагу с патча. 3. Поместите массажер на участок тела, который необходимо массировать. 4. Включите массажер и выберите подходящий режим массажа и интенсивность массажа регулируя их кнопочками на самом аппарате. Кнопки ""+"" и ""-"" регулируют силу тока. Кнопка ""M"" регулирует режим
Способ применения
1. Закрепите массажер на пластырь. 2. Снимите прозрачную бумагу с патча. 3. Поместите массажер на участок тела, который необходимо массировать. 4. Включите массажер и выберите подходящий режим массажа и интенсивность массажа регулируя их кнопочками на самом аппарате. Кнопки ""+"" и ""-"" регулируют силу тока. Кнопка ""M"" регулирует режим"
1930554651,kebidu,,"Плечи, Поясница, Руки, Ноги, Спина, Тело","Вибрационный, Рефлекторный, Расслабляющий","Избавьтесь от напряжения и напряженности с помощью Ems массажера - универсального миостимулятора, разработанного для массажа различных частей тела. Независимо от того, нужен вам массаж для шеи, плеч, спины, рук, ног, пяток, пресса или живота, этот массажер справится с задачей. К тому же, его антицеллюлитная функция помогает уменьшить появление целлюлита. Удобный USB мини-массажер в форме бабочки позволяет наслаждаться расслабляющими сеансами массажа в любое время и в любом месте

Способ применения
1.
ЗАКРЕПИТЕ МАССАЖЕР НА
СПЕЦИАЛЬНЫХ ОТВЕРСТИЯХ
ПЛАСТЫРЯ, СНИМИТЕ ЗАЩИТНУЮ
плЁНку
2.
ВКЛЮЧИТЕ МАССАЖЁР,
ВЫБЕРИТЕ РЕЖИМ И
ИНТЕНСИВНОСТЬ МАССАЖА
3.
ПОМЕСТИТЕ МАССАЖЁР НА
НЕОБХОДИМЫЙ УЧАСТОК ТЕЛА
Способ применения
1.
ЗАКРЕПИТЕ МАССАЖЕР НА
СПЕЦИАЛЬНЫХ ОТВЕРСТИЯХ
ПЛАСТЫРЯ, СНИМИТЕ ЗАЩИТНУЮ
плЁНку
2.
ВКЛЮЧИТЕ МАССАЖЁР,
ВЫБЕРИТЕ РЕЖИМ И
ИНТЕНСИВНОСТЬ МАССАЖА
3.
ПОМЕСТИТЕ МАССАЖЁР НА
НЕОБХОДИМЫЙ УЧАСТОК ТЕЛА"
1004306257,Миостимуляторы,"Сменная батарея, Внешний источник питания",Тело,,"Способ применения
Включите физиотерапевтическое оборудование, подсоедините провода, прикрепите электроды для стимуляции мышц к частям тела, включите аппарат, отрегулируйте комфортную интенсивность в соответствии с соответствующими каналами и наслаждайтесь массажем. Электронное физиотерапевтическое оборудование может стимулировать стимуляцию мышц и оказывает вспомогательное действие при некоторых хронических заболеваниях; оно оказывает определенный эффект снижения веса; при возникновении дискомфорта, пожалуйста, немедленно отключите его.；
Способ применения
Включите физиотерапевтическое оборудование, подсоедините провода, прикрепите электроды для стимуляции мышц к частям тела, включите аппарат, отрегулируйте комфортную интенсивность в соответствии с соответствующими каналами и наслаждайтесь массажем. Электронное физиотерапевтическое оборудование может стимулировать стимуляцию мышц и оказывает вспомогательное действие при некоторых хронических заболеваниях; оно оказывает определенный эффект снижения веса; при возникновении дискомфорта, пожалуйста, немедленно отключите его.；"
2236043522,Yellow Panda,Сменная батарея,"Голова, Лицо, Область вокруг глаз","Вибрационный, Импульсный, Классический, Комбинированный, Миостимулирующий, Расслабляющий","Набор идет с печатной брошюрой с кратким описанием .

Всю информацию найдете при покупке 

Замечательного оборудования- помощника"
1831371203,Pelvifine,,Тело,"Миостимулирующий, Оздоровительный",
1223577763,Миостимуляторы,,Тело,"Антицеллюлитный, Миостимулирующий","Чтобы помочь вам достичь наилучшей формы вашего тела, предлагаем идеальное тренажерное устройство, которое позволяет вам сжигать жир и тренировать мышцы, не выходя из дома.

Решение простое: 15 минут использования устройства два раза в день, и вы увидите результаты на своем прессе не более чем через 3 месяца.

Продукт позволяет вам тренировать мышцы брюшного пресса и формировать свое тело именно так, как вы этого хотите.

Все, что вам нужно сделать, чтобы получить идеальный пресс - это надеть ремень на пресс, выбрать один из 6 различных режимов тренировки и наслаждаться процессом его работы.

Характеристики:
Материал: ПУ и АБС пластик
Материал: ПУ и АБС пластик
Материал: ПУ и АБС пластик"
1208278375,ВсеСемёрки,"От сети 220В, Встроенный аккумулятор","Плечи, Тело, Шея, Зона декольте, Руки, Ноги","Акупунктурный, Антицеллюлитный, Вибрационный, Импульсный, Миостимулирующий, Расслабляющий","Внимание! Перед использованием массажера , нанести на шею гель или просто смочить водой. Устали от постоянных болей в шее и плечах ? Хотите расслабиться и снять напряжение после долгого рабочего дня? Токовый электростимулятор поможет вам всегда. Представляем вашему вниманию массажер , а если быть точнее массажер для шеи – это идеальное решение для вас!  Этот массажёр подарит вам массу эмоций и впечатлений своим массажем . Его действие направлено  как вибромассажер , но степень схожая имеется. Массажор или же по-простому массажор для шеи электрический идеально подходит для использования дома или в офисе. Он поможет вам избавиться от неприятных ощущений, связанных с заболеванием под названием остеохондроз . Наш миостимулятор так же помогает с такими запросами как от холки на шее . Данный массажер для холки отлично справим с недугом. Не можете сами сделать себе массаж от холки на шее человеку ? Тогда вы там, где надо, ведь массажёр для шеи помогает улучшить кровообращение и снять мышечное напряжение, что способствует уменьшению боли и улучшению общего состояния. Кроме-того масажер имеет очень компактный и легкий вес, что позволяет его назвать мини массажер и взять его с собой на работу или на прогулку. Массажер электрический идеально подходит для всех, кто страдает от мышечных напряжений и болей в области шеи и плеч . Эти массажеры – тончайшее искусство. Масажор сделан по новейшей технологии, что бы вы получили идеальный массаж для шеи . Так же его можно использовать и для спины . Все мы устаем на работе, сидя в офисе и ощущаем эту не приятную боль в холке , но надев этот замечательный микротоковый массажер для шеи электрический , вы почувствуете облегчение и легкость. Шейный массажер будет ваша самая лучшая покупка для работы. У данного электромассажера также есть 6 режимов работы и переключатель скоростей, позволяющий выбирать между мягкой и интенсивной вибрацией. Так же есть функция подогрева шейного отдела до 52 градусов. Наш массажео можно приобрести в подарок.

Способ применения
Массажер для шеи
Способ применения
Массажер для шеи"
1320332916,OEM,"Внешний источник питания, От сети 220В","Тело, Шея, Ягодицы, Поясница, Плечи, Ноги","Вибрационный, Лечебный, Миостимулирующий, Перкусионный, Расслабляющий, Рефлекторный",
1975508096,Миостимуляторы,Встроенный аккумулятор,Ноги,Миостимулирующий,"Массажный коврик для ног с LED-дисплеем автоматически выключается через 15 минут. Заряжается от USB – подключайте к компьютеру, зарядному блоку и другим устройствам (время заряда 40 минут). EMS-токи можно настраивать под себя, регулируя 8 режимов и 19 уровней интенсивности.

Снимает отечность за 15 минут, воздействуя на 70 акупунктурных точек и восстанавливая цикл кровообращения.

Способ применения
1) Расстелить массажный коврик для ног на пол.
2) Подключить к нему аккумулятор (в комплекте).
3) Встать на коврик массажный для ног по разметке.
4) Чтобы включить массажер для ног нажмите кнопку ""+"", выберите программу. Программа выбирается кнопкой ""М"". 
5) Мощность регулируется при помощи кнопок «+» и «–». После выбора программы и мощности, ещё раз нажать кнопку «M».
Наслаждайтесь массажем стоп!
• Выключается массажер электрический автоматически через 15 минут.
• Для досрочного выключения нажмите на правую кнопку.
• Перед первым применением зарядить аккумулятор. Время заряда - 40 минут.
• Массажер для ног электрический противопоказан лицам с заболеваниями сердца, тромбозом глубоких вен, беременным, при открытых ранах стопы, кожных заболеваниях в период обострения.
Способ применения
1) Расстелить массажный коврик для ног на пол.
2) Подключить к нему аккумулятор (в комплекте).
3) Встать на коврик массажный для ног по разметке.
4) Чтобы включить массажер для ног нажмите кнопку ""+"", выберите программу. Программа выбирается кнопкой ""М"". 
5) Мощность регулируется при помощи кнопок «+» и «–». После выбора программы и мощности, ещё раз нажать кнопку «M».
Наслаждайтесь массажем стоп!
• Выключается массажер электрический автоматически через 15 минут.
• Для досрочного выключения нажмите на правую кнопку.
• Перед первым применением зарядить аккумулятор. Время заряда - 40 минут.
• Массажер для ног электрический противопоказан лицам с заболеваниями сердца, тромбозом глубоких вен, беременным, при открытых ранах стопы, кожных заболеваниях в период обострения."
809449784,R&A baby,Сменная батарея,Ягодицы,"Импульсный, Миостимулирующий, Разминание, Вибрационный","Способ применения
1. Установите батарею в корпус миостимулятора
2. Присоедините зонд к проводу электрода
3. Промойте зонд проточной водой 
4. Подключите провода к миостимулятору
5. Поместите зонд во влагалище
6. Включите устройство
7. Выберите соответствующую интенсивность и нажмите +
8. После окончания использования извлеките зонд держа за основание, а не за провода. Очистите и просушите. Храните в чехле

В комплекте посылки вложена инструкция. 
Рекомендуем перед применением ознакомиться с инструкцией.
Способ применения
1. Установите батарею в корпус миостимулятора
2. Присоедините зонд к проводу электрода
3. Промойте зонд проточной водой 
4. Подключите провода к миостимулятору
5. Поместите зонд во влагалище
6. Включите устройство
7. Выберите соответствующую интенсивность и нажмите +
8. После окончания использования извлеките зонд держа за основание, а не за провода. Очистите и просушите. Храните в чехле

В комплекте посылки вложена инструкция. 
Рекомендуем перед применением ознакомиться с инструкцией."
1831371235,TensCare,,Тело,"Миостимулирующий, Оздоровительный",
1519385953,Yellow Panda,,"Лицо, Голова, Область вокруг глаз",,"Набор:

-Логопедический массажер Панда (Мульти)

-Насадка «Рыбка» для логопедического массажера.

-Насадка «Кукуруза» для логопедического массажера.

-Логостимулон-насадка ""Бабочка""для логопедического массажера.

-Насадка «Утконос» для логопедического массажера Панда

-Насадка «Лопатка» для логопедического массажера.

-Насадка «Осьминожка» для логопедического массажера

-Насадка «Полосатик» для логопедического массажера

-4 логобусины

-бокс пластик

1. Логопедический массажер Панда (мульти) многоскоростной - предназначен для проведения массажа лица и подготовки артикуляционного аппарата, мышц рта к последующим занятиям с логопедом. Проведение орально-моторной терапии способствует улучшению оральных движений (сенсорная стимуляция). Логопедический массажер состоит из пластикового корпуса-трубочки с помещенным внутрь вибрирующим механизмом. Вибрирующий механизм приводится в действие элементом питания AA, путем поворота ребристой части в основании

. Скорость вибрации (больше вибрация или меньше) зависит от поворота ребристой части. Основа логопедического массажера – вибрация.

Вибрации массажера воздействуют на язык, губы, внутреннюю и наружную поверхность щек, подбородок.

Вследствие этого воздействия происходит расслабление органов артикуляционного аппарата, приводя мышцы в тонус и активизируя чувствительность. Виды массажа зависят от выбора используемых насадок.

Режим вибрации массажера МНОГОСКОРОСТНОЙ!

Работают от батареек АА

2.Насадка для логопедического массажера «Рыбка» используется при наружном логопедическом массаже губ, щек, подбородка «приводя» мышцы в расслабленное состояние (при наличии гипертонуса этих мышц). Внешняя поверхность с текстурой используется для растирания и активизации. При использовании внутренней поверхности насадки для логопедического массажера можно проводить массаж артикуляционного аппарата (язык и внутренняя поверхность щек).

В данном случае массаж будет активизировать работу языка и щек (при наличии гипотонуса).

3.Логостимулон-насадка «Бабочка» для логопедического массажера

Логостимулон-насадка Бабочка при использовании вызывает расслабление мышц, усиливают микроциркуляцию, активизируют лимфо- и кровообращение артикуляционного аппарата. Во время направленного массажа происходит увеличение кровенаполнения периферийных сосудов раздраженного участка и увеличение кровотока в крупных и мелких сосудах, находящихся в этой области.-Также насадка Бабочка может использоваться как вестибулярная пластинка, помогая контролировать вредные привычки, и станет отличным помощником для облегчения специфической тонизирующей работы губ, щечных мышц, оральных френул.-Насадку можно использовать как подъемник для языка.

4.Насадка «Кукуруза» для логопедического массажера Насадка для логопедического массажера «Кукуруза» позволяет приводить в тонус (активизировать) лицевые мышцы при гипотонусе. Использование этой насадки (массаж языка) позволит поставить звук «Р» в течение нескольких занятий. Для этого используется принцип «искусственного заведения «моторчика» на кончике языка. При этом использовании насадки происходит массаж (попеременно) нижней и верхней внешней части окологубного пространства рта и формирование навыка удерживания губ в сомкнутой положении. Также эта насадка хорошо подойдет для массажа десен малышам, у кого режутся зубки

5.Насадка для логопедического массажера Утконос имеет несколько рабочих поверхностей.Прежде всего это поверхности для массажа - с одной стороны плоская поверхность предназначена для расслабления мышц, с другой стороны игольчатая –для активизации, для обкола (нажатия) с прокачиванием, перетирания, мягкого массажа внутренней поверхности щек, окологубного пространства, нижней поверхности языка.Использование этой насадки по краям (крыльям) языка, активизирует подвижность языка., или расслабляет. Третья рабочая поверхность – это Носик , в виде силиконовой бусины, им можно делать массаж биологически активных точек (БАТ), а можно использовать и для постановки звука, ""Р"", ""С"" и ""Ш""

7.Насадка «Лопатка» для логопедического массажера Насадка выполнена из прозрачного упругого силикона. Все стороны этой насадки являются рабочими: обратная сторона имеет округлую гладкую форму и при массаже расслабляет мышцы лица (поглаживание без вибрации, похлопывание).

Насадка исполнена 2 в 1, то есть подходит и для использования с присоской. Заменив пластиковую воронку на эту прозрачную насадку, получаем более точное оборудование для проведения пассивной гимнастики «для языка». Насадка имеет короткий неровный край для расположенной близко к кончику языка подъязычной связки («уздечки»), а прозрачность насадки позволит увидеть участок захватываемого.

8. Насадка «Осьминожка» для логопедического массажера

Для массажа лица

Для массажа языка

Можно формировать верхний подъем языка

Для постановки звуков: Р, Ш

 

ОБРАБОТКА НАСАДОК СИЛИКОНОВЫХ и ЛОГОБУСИН:

1. После использования насадки промыть в проточной воде

2. Замочить в дез.средстве типа оптимакс, аламинол мин 15-30( читаем инструкцию вашего дезсредства)

3. Промыть проточной водой

4. Теплообработка( сухожар, кипячение , гласперленовый стерилизатор)-15-20 минут( читаем инструкцию вашего оборудование)

5. Уф- стерилизатор, или бокс для хранения , или крафт пакеты

ОБРАБОТКА ВИБРОМАССАЖЕРА ПАНДА и ВОРОНКИ ОТ ПРИСОСКИ :

1. протереть спирт салфеткой , дез.средством.

2. уф- стерилизатор

ЦВЕТ МОЖЕТ ОТЛИЧАТСЯ ОТ ФОТО"
1680932809,Миостимуляторы,"Сменная батарея, Внешний источник питания","Ноги, Тело, Поясница, Плечи","Антицеллюлитный, Вибрационный, Импульсный, Миостимулирующий","Способ применения
Заряжайте и пользуйтесь
Способ применения
Заряжайте и пользуйтесь"
1899677159,AOKO,,"Тело, Поясница, Руки, Ноги, Лицо","Миостимулирующий, Антицеллюлитный, Вибрационный","Способ применения
Как пользоваться?

-Для похудения тела рекомендуется 30-дневный курс лечения, использовать прибор каждые 3 дня, время работы - 35-40 минут на каждый прием.
-Для массажа груди рекомендуется проводить курс лечения в течение одного месяца, использовать инструмент каждые 3 дня, а продолжительность процедуры составляет 20 минут на каждый раз.
-Для ухода за кожей лица рекомендуется проводить курс лечения в течение одного месяца, использовать прибор каждые 5 дней, продолжительность процедуры - 15 минут каждый раз.
Способ применения
Как пользоваться?

-Для похудения тела рекомендуется 30-дневный курс лечения, использовать прибор каждые 3 дня, время работы - 35-40 минут на каждый прием.
-Для массажа груди рекомендуется проводить курс лечения в течение одного месяца, использовать инструмент каждые 3 дня, а продолжительность процедуры составляет 20 минут на каждый раз.
-Для ухода за кожей лица рекомендуется проводить курс лечения в течение одного месяца, использовать прибор каждые 5 дней, продолжительность процедуры - 15 минут каждый раз."
857380813,Миостимуляторы,Сменный аккумулятор (нет в комплекте),Тело,"Вакуумный, Миостимулирующий, Расслабляющий, Оздоровительный, Лечебный, Лимфодренажный",
1906216955,Миостимуляторы,Встроенный аккумулятор,Ноги,Миостимулирующий,"Массажный коврик для ног с LED-дисплеем автоматически выключается через 15 минут. Заряжается от USB – подключайте к компьютеру, зарядному блоку и другим устройствам (время заряда 40 минут). EMS-токи можно настраивать под себя, регулируя 8 режимов и 19 уровней интенсивности.

Снимает отечность за 15 минут, воздействуя на 70 акупунктурных точек и восстанавливая цикл кровообращения.

Способ применения
1) Расстелить массажный коврик для ног на пол.
2) Подключить к нему аккумулятор (в комплекте).
3) Встать на коврик массажный для ног по разметке.
4) Чтобы включить массажер для ног нажмите кнопку ""+"", выберите программу. Программа выбирается кнопкой ""М"". 
5) Мощность регулируется при помощи кнопок «+» и «–». После выбора программы и мощности, ещё раз нажать кнопку «M».
Наслаждайтесь массажем стоп!
• Выключается массажер электрический автоматически через 15 минут.
• Для досрочного выключения нажмите на правую кнопку.
• Перед первым применением зарядить аккумулятор. Время заряда - 40 минут.
• Массажер для ног электрический противопоказан лицам с заболеваниями сердца, тромбозом глубоких вен, беременным, при открытых ранах стопы, кожных заболеваниях в период обострения.
Способ применения
1) Расстелить массажный коврик для ног на пол.
2) Подключить к нему аккумулятор (в комплекте).
3) Встать на коврик массажный для ног по разметке.
4) Чтобы включить массажер для ног нажмите кнопку ""+"", выберите программу. Программа выбирается кнопкой ""М"". 
5) Мощность регулируется при помощи кнопок «+» и «–». После выбора программы и мощности, ещё раз нажать кнопку «M».
Наслаждайтесь массажем стоп!
• Выключается массажер электрический автоматически через 15 минут.
• Для досрочного выключения нажмите на правую кнопку.
• Перед первым применением зарядить аккумулятор. Время заряда - 40 минут.
• Массажер для ног электрический противопоказан лицам с заболеваниями сердца, тромбозом глубоких вен, беременным, при открытых ранах стопы, кожных заболеваниях в период обострения."
1904527534,kebidu,"От порта USB, Встроенный аккумулятор","Тело, Руки, Плечи, Ноги","Рефлекторный, Миостимулирующий","Электрический стимулятор мышц EMS: беспроводной тренажер для ягодиц и бедер, стимулятор живота, фитнес - массажер для похудения тела

Характеристики:

1.Подтягивает, укрепляет и tone мышцы.

2.Электромагнитные импульсы помогают фиксировать и определять сердцевину, увеличивая сокращение мышц.

3.Простое управление кнопками с 8 режимами работы.

4.Технология электрической стимуляции мышц (EMS) подтягивает тренировочный тонус и tone мышцы.

5.Тренируйте тонус и tone мышцы один раз в день, по 30 минут.

6.Используйте необработанные обучающие импульсы с определенной частотой тока.

7.Разработаны эффективные методы тренировки мышц.

Способ применения
Способ применения миостимулятора для пресса следующий:

1. *Подготовка*: Убедитесь, что кожа в области наложения электродов чистая и сухая. Это обеспечит лучшее сцепление и эффективность работы устройства.
2. *Наложение электродов*: Закрепите электроды на целевых участках тела (пресс, руки, ноги) согласно инструкции. Обычно они фиксируются с помощью липучек или гелевых подушечек.
3. *Выбор режима*: Включите устройство и выберите подходящий режим интенсивности, начиная с минимального уровня, чтобы привыкнуть к ощущениям.
4. *Сеанс стимуляции*: Во время работы миостимулятора мышцы будут сокращаться под воздействием электрических импульсов. Вы можете заниматься своими делами, так как активные движения не требуются.
5. *Длительность сеанса*: Обычно сеанс длится 15–30 минут, но точное время зависит от модели устройства и рекомендаций производителя.
6. *Завершение*: После завершения сеанса выключите устройство, снимите электроды и протрите их (если требуется).
7. *Регулярность использования*: Для достижения наилучших результатов используйте миостимулятор регулярно, например, 3–5 раз в неделю.

Важно: перед использованием ознакомьтесь с инструкцией и убедитесь, что у вас нет противопоказаний (например, беременность, кардиостимулятор, хронические заболевания).
Способ применения
Способ применения миостимулятора для пресса следующий:

1. *Подготовка*: Убедитесь, что кожа в области наложения электродов чистая и сухая. Это обеспечит лучшее сцепление и эффективность работы устройства.
2. *Наложение электродов*: Закрепите электроды на целевых участках тела (пресс, руки, ноги) согласно инструкции. Обычно они фиксируются с помощью липучек или гелевых подушечек.
3. *Выбор режима*: Включите устройство и выберите подходящий режим интенсивности, начиная с минимального уровня, чтобы привыкнуть к ощущениям.
4. *Сеанс стимуляции*: Во время работы миостимулятора мышцы будут сокращаться под воздействием электрических импульсов. Вы можете заниматься своими делами, так как активные движения не требуются.
5. *Длительность сеанса*: Обычно сеанс длится 15–30 минут, но точное время зависит от модели устройства и рекомендаций производителя.
6. *Завершение*: После завершения сеанса выключите устройство, снимите электроды и протрите их (если требуется).
7. *Регулярность использования*: Для достижения наилучших результатов используйте миостимулятор регулярно, например, 3–5 раз в неделю.

Важно: перед использованием ознакомьтесь с инструкцией и убедитесь, что у вас нет противопоказаний (например, беременность, кардиостимулятор, хронические заболевания)."
1456651362,Magic Passion,От порта USB,"Поясница, Спина","Импульсный, Миостимулирующий","Пояс электрический жиросжигающий / массажер для похудения / тренажер для пресса - уникальное устройство, которое поможет вам достичь идеальной фигуры без лишних усилий. Он оснащен инновационной технологией миостимуляции, которая активизирует работу мышц и ускоряет обмен веществ.

Пояс имеет несколько режимов работы, которые можно выбрать в зависимости от ваших потребностей. Вы можете настроить его на режим жиросжигания, чтобы активно сжигать жирные отложения и уменьшить объем талии. Или выбрать режим массажа, чтобы расслабить мышцы и улучшить кровообращение в проблемных зонах. Также доступен режим тренировки пресса, который поможет вам укрепить мышцы живота и получить рельефный пресс.

Электрический пояс очень удобен в использовании. Он имеет регулируемую длину и ширину, поэтому идеально подходит для любой фигуры. Его можно надеть на талию, живот или другую проблемную зону и фиксировать с помощью липучек.

ВНИМАНИЕ! Пояс работает только при двух точках контакта с электродами. То есть нужно либо надеть пояс, либо прикоснуться двумя руками. Иначе вы не почувствуете ток! 

Аббревиатура EMS означает «электромиостимуляция», то есть EMS-тренировка – это тренировка, в основе которой лежит работа мышц, спровоцированная электрическими импульсами. Другими словами, вместо того, чтобы нагружать мышцы движениями и различными спортивными снарядами, их стимулируют током с помощью EMS тренажера. Впечатляющее количество исследований однозначно подтверждают эффективность и абсолютную безопасность EMS-тренировок. Миостимулятор ваш лучший друг. Подходит для пресса и для тела в целом. Идеально для похудения живота для женщин Пояс для похудения, поможет смоделировать фигуру и устранить лишние см в области талии, вы похудеете не прилагая особых усилий. Ежедневное использование электрического тренажера для пресса улучшает фигуру, а так же имеет лимфодренажный и лифтинг эффект. Подойдет для использования после родов для восстановления мышц живота. Спортивный миостимулятор также используют для того, чтобы усилить эффект от тренировок. Но в целом, Вы сможете заниматься домашними делами, в тот момент, когда Ваши мышцы приходят в тонус. Микротоковый стимулятор очень прост в использовании: 1. Установите и закрепите контроллер на передней части ремня 2. Протрите влажной тряпочкой/сбрызните токопроводящие элементы на внутренней части пояса 3. Наденьте пояс 4. Включите контроллер нажав на «+», затем, нажимая «+» подберите желаемую интенсивность 5. Нажмите на «M», чтобы выбрать один из 16 режимов работы 6. Контроллер автоматически выключается через 15 минут работы. Для продолжения работы – включите контроллер еще раз 7. Для выключения – снижайте интенсивность, нажимая на клавишу «-» до 0 уровня"
1618376505,Миостимуляторы,От порта USB,"Зона декольте, Ноги, Руки, Тело, Поясница, Плечи","Акупунктурный, Вибрационный, Импульсный, Миостимулирующий",
1202882945,Yellow Panda,Сменная батарея,"Голова, Лицо","Вибрационный, Комбинированный, Миостимулирующий, Расслабляющий","Логопедический вибромассажер Панда с насадкой Утконос идет в КРАФТ-КОРОБКЕ цвет mix

Набор :

-Логопедический массажер Панда (Мульти)

-Насадка для логопедического массажера «Утконос»

Длина насадки Утконос -7 см ;

длина носика Утконоса -3 см;

длина игольчатой части Утконоса -1,8 см;

диаметр шарика Утконоса -6 мм

1. Логопедический массажер Панда (мульти) многоскоростной - предназначен для проведения массажа лица и подготовки артикуляционного аппарата, мышц рта к последующим занятиям с логопедом. Проведение орально-моторной терапии способствует улучшению оральных движений (сенсорная стимуляция). Логопедический массажер состоит из пластикового корпуса-трубочки с помещенным внутрь вибрирующим механизмом. Вибрирующий механизм приводится в действие элементом питания AA, путем поворота ребристой части в основании. Скорость вибрации (больше вибрация или меньше) зависит от поворота ребристой части. Основа логопедического массажера – вибрация. Вибрации массажера воздействуют на язык, губы, внутреннюю и наружную поверхность щек, подбородок. Вследствие этого воздействия происходит расслабление органов артикуляционного аппарата, приводя мышцы в тонус и активизируя чувствительность.

Виды массажа зависят от выбора используемых насадок.

Режим вибрации массажера МНОГОСКОРОСТНОЙ!

Работают от батареек АА

2.Насадка для логопедического массажера Утконос имеет несколько рабочих поверхностей.Прежде всего это поверхности для массажа - с одной стороны плоская поверхность предназначена для расслабления мышц, с другой стороны игольчатая –для активизации, для обкола (нажатия) с прокачиванием, перетирания, мягкого массажа внутренней поверхности щек, окологубного пространства, нижней поверхности языка.Использование этой насадки по краям (крыльям) языка, активизирует подвижность языка., или расслабляет. Третья рабочая поверхность – это Носик , в виде силиконовой бусины, им можно делать массаж биологически активных точек (БАТ), а можно использовать и для постановки звука, ""Р"", ""С"" и ""Ш"".Насадка сконструирована таким образом, что ребенок может носик утконоса (силиконовый шарик на ножке )прикусить зубами и в межзубную щель при выдохе будет проходит воздушная струя – постановка звука «С», а если толкать язычок назад бусиной, то из звука ""С"" получится звук ""Ш"". Силиконовая бусина отлично подойдет для постановки звука «Р».

ОБРАБОТКА НАСАДОК СИЛИКОНОВЫХ:

1. После использования насадки промыть в проточной воде

2. Замочить в дез.средстве типа оптимакс, аламинол мин 15-30( читаем инструкцию вашего дезсредства)

3. Промыть проточной водой

4. Теплообработка( сухожар, кипячение , гласперленовый стерилизатор)-15-20 минут( читаем инструкцию вашего оборудование)

5. Уф- стерилизатор, или бокс для хранения , или крафт пакеты

ОБРАБОТКА ВИБРОМАССАЖЕРА ПАНДА (пластик):

1. протереть спирт салфеткой , дез.средством протереть .

2. уф- стерилизатор"
2019765359,Миостимуляторы,"Встроенный аккумулятор, От порта USB",Ноги,,"Массажер для ног электрический идеально подходит для ухода за телом. Этот массажный аппарат стимулирует мышцы и улучшает кровообращение благодаря перкуссионному воздействию. Особенностью является использование микротоков, что обеспечивает более глубокое воздействие на мышцы стоп. Микротоковый коврик оснащен функцией миостимуляции, которая помогает сохранить релакс и комфорт. Массажер может использоваться как тренажер для ног, а также как аппликатор Кузнецова с микроимпульсами. Электростимулятор обладает функцией автоматического массажа, что позволяет вам достичь максимального расслабления без усилий. Работает от аккумулятора, что делает его беспроводным и удобным в использовании. Этот EMS foot massager эффективно борется с целлюлитом и улучшает общее состояние мышц. Микротоковый стимулятор способствует лимфодренажу и снятию усталости после долгого дня на ногах.

Способ применения
1. Перед использованием контроллер нужно зарядить при помощи USB-кабеля (который идёт в комплекте) в течение 40-60 минут. Зарядить устройство можно от компьютера, ноутбука, powerbank или от сети при помощи сетевого адаптера (в комплект не входит).

2. Расстелите массажный коврик на ровную поверхность и подключите к нему контроллер.

3. В сидячем/стоячем положении поставьте обе ноги на массажный коврик по разметке (коврик работает, только если обе ноги на нем).

4. Кнопкой «+» включите прибор (должна появиться световая индикация).

5. Нажмите кнопку «М» и выберите нужную вам программу из 8 встроенных. Каждое нажатие кнопки приводит к смене программы по очереди.

6. Кнопками «+» и «-» выберите подходящую интенсивность. Каждая программа начинается с минимальной интенсивности. 

7. Для выключения массажера просто нажмите на кнопку «-» (также предусмотрено автоматическое отключение через 15 минут).

8. Рекомендуемое время процедуры - 15 минут 2-3 раза в день.

Противопоказано лицам с электрокардиостимулятором, беременным, с тромбозом глубоких вен.
Способ применения
1. Перед использованием контроллер нужно зарядить при помощи USB-кабеля (который идёт в комплекте) в течение 40-60 минут. Зарядить устройство можно от компьютера, ноутбука, powerbank или от сети при помощи сетевого адаптера (в комплект не входит).

2. Расстелите массажный коврик на ровную поверхность и подключите к нему контроллер.

3. В сидячем/стоячем положении поставьте обе ноги на массажный коврик по разметке (коврик работает, только если обе ноги на нем).

4. Кнопкой «+» включите прибор (должна появиться световая индикация).

5. Нажмите кнопку «М» и выберите нужную вам программу из 8 встроенных. Каждое нажатие кнопки приводит к смене программы по очереди.

6. Кнопками «+» и «-» выберите подходящую интенсивность. Каждая программа начинается с минимальной интенсивности. 

7. Для выключения массажера просто нажмите на кнопку «-» (также предусмотрено автоматическое отключение через 15 минут).

8. Рекомендуемое время процедуры - 15 минут 2-3 раза в день.

Противопоказано лицам с электрокардиостимулятором, беременным, с тромбозом глубоких вен."
1598071572,YUNCHI,Внешний источник питания,"Тело, Плечи, Руки","Миостимулирующий, Расслабляющий","Ультразвуковой физиотерапевтический прибор

Принцип: высокочастотный вибрационный массаж с частотой 500 кГц-2,5 МГц производит механическое действие, нагревание и кавитацию, смягчает ткани, улучшает проницаемость тканей и клеток, стимулирует нервную систему, ускоряет кровообращение, увеличивает скорость метаболизма и ускоряет восстановление дома, улучшает способность к регенерации. и облегчить боль.

Функция:

1. Снимите мышечную боль и снимите боль.

2. Улучшите способность регенерации тканей и ускорьте заживление ран.

Функции:

1. Три уровня регулировки интенсивности: эффективная интенсивность звука: 1,7/3,5/5,3 Вт/см², длительность импульса: 2/4/6 мс.

2. Время третьей передачи 10 20 30мин.

3. Сенсорный + светодиодный дисплей.

параметр:

Частота: максимум 1 МГц

Мощность: 25 Вт

Напряжение: 15 В постоянного тока/2 А

Размер: 240*240*110 мм"
1877688743,Meteai,Встроенный аккумулятор,"Тело, Спина, Зона декольте",Миостимулирующий,"В этом тренажере для пресса используется передовая технология EMS, стимулирующая сокращение мышц живота и способствующая сжиганию жира.

Благодаря 6 режимам и 15 уровням интенсивности этот стимулятор мышц живота отвечает самым разным требованиям. 15 минут работы с прибором дважды в день - и вы обретете гораздо более совершенную фигуру не более чем за 3 месяца.

Этот стимулятор живота перезаряжается через USB, обеспечивая быструю и длительную зарядку. Безопасный и удобный, легкий, портативный, экологичный и суперэффективный!

Вы можете использовать его где угодно - в офисе, дома или на природе. Он очень легкий, ультратонкий, удобный для ношения. Идеально подходит для занятых людей, которые ищут решение для легкой тренировки."
907907517,Миостимуляторы,Внешний источник питания,"Лицо, Ноги, Плечи, Поясница, Руки, Тело","Антицеллюлитный, Импульсный, Лимфодренажный, Миостимулирующий","Способ применения
Миостимулятор В-333 — инновационное устройство для тренировки и восстановления мышц.  

Основные программы:  

Р1 — восстановление после травм, снятие боли и расслабление.

Р2 — реабилитация спортсменов, восстановление тонуса, массы и упругости мышц.

Р3 — лимфодренаж, улучшение обмена веществ, повышение тургора кожи.

Р4 — коррекция фигуры, сжигание жира, выведение токсинов и борьба с целлюлитом.

Каждая программа предлагает три режима работы, регулируя длительность сокращений и расслаблений. Это позволяет адаптировать процедуру в зависимости от состояния мышц.  
Способ применения
Миостимулятор В-333 — инновационное устройство для тренировки и восстановления мышц.  

Основные программы:  

Р1 — восстановление после травм, снятие боли и расслабление.

Р2 — реабилитация спортсменов, восстановление тонуса, массы и упругости мышц.

Р3 — лимфодренаж, улучшение обмена веществ, повышение тургора кожи.

Р4 — коррекция фигуры, сжигание жира, выведение токсинов и борьба с целлюлитом.

Каждая программа предлагает три режима работы, регулируя длительность сокращений и расслаблений. Это позволяет адаптировать процедуру в зависимости от состояния мышц."
1029488371,Миостимуляторы,От порта USB,Тело,Миостимулирующий,"Наука о мышцах тазового дна:

1. Мышца тазового дна - это ""мышечное ложе"" в нижней части таза, которое плотно удерживает мочеиспускательный канал, мочевой пузырь, влагалище, матку, прямую кишку и другие органы, поддерживая их нормальное положение для выполнения своих функций.

2. Основные симптомы дисфункции мышц тазового дна

Важной причиной дисфункции женского тазового дна является повреждение тканей тазового дна, вызванное беременностью и родами, его основными симптомами являются: дизурия, недержание мочи, тазовая боль, выпадение, нарушения дефекации и сексуальная дисфункция.

3. Дисфункция проявляется следующим образом:

Провисание тазовых органов: выпадение, выпячивание мочевого пузыря.

Сексуальная дисфункция: холодный секс, болезненный половой акт

Недержание мочи: кашель, чихание, подтекание мочи, частое мочеиспускание, ургентное мочеиспускание, никтурия

Домашняя версия прибора для терапии мышц тазового дна, а в больнице используется та же технология электростимуляции EMS. С помощью зонда для терапии тазового дна мягко стимулируется мышца тазового дна, чтобы улучшить силу и автономность поврежденной мышцы тазового дна.

Шесть режимов и шесть интенсивностей.

1. Вагинальный зонд: увеличьте эластичность мышц тазового дна.

2. Люмбоабдоминальный пластырь: восстановление матки

3. Пластырь для прямой мышцы живота: Придание формы

4. Пластырь на груди: послеродовой пролактин"
286015676,Миостимуляторы,,"Грудь, Ноги, Плечи, Руки, Тело, Ягодицы",Миостимулирующий,"Привести свое тело в идеальную форму, не прибегая к тренажерам, можно! Со стимулятором мышц Smart Fitness это намного проще, чем вы могли представить. EMS trainer (электрический стимулятор мышц) изготовлен из высококачественных материалов. Абсолютно безопасен и эффективен. Стимулятор мышц поможет вам создать тело вашей мечты, даже не изнуряя себя тренировками. Просто закрепите его на теле - миотренажер будет работать без вашей помощи. Простой дизайн. Легкий в управлении, компактный и портативный миостимулятор (миотренажер) можно с легкостью взять с собой. Он оснащен 15 уровнями интенсивности."
1251070124,Kijua,От сети 220В,"Плечи, Руки, Ноги, Поясница, Спина, Шея","Вибрационный, Импульсный, Комбинированный, Миостимулирующий, Оздоровительный, Расслабляющий","Массаж электрическим массажером позволяет сохранить здоровье мышц и кожи, улучшить общее самочувствие и настроение.

ОСОБЕННОСТИ:
Действие массажера обеспечивается благодаря электрическим импульсам;
Электрические импульсы воздействуют на мышцы, мягко сокращая их;
Миостимулятор позволяет снять напряжение с мышц и улучшить кровообращение;
Массажер можно использовать где угодно, он незаметен и не причиняет неудобств;
Количество рабочих режимов - 8 (стандартный, ""кулаками"", разминающий, мягкий, акупунктурный, баночный, активизирующий, контурный);
Количество уровней интенсивности - 19;
Массажер подходит для большинства частей тела - ног, рук, шеи, спины, поясницы, плеч, живота;
Время зарядки электрического массажера - около 30 минут.
В комплект входит кабель для зарядки.
Способ применения:

1. Отклейте защитную пленку с патчей.

2. Прикрепите массажер к области, которую хотите помассировать.

3. Нажмите кнопку "" M"" и выберете режим.

4. Включите стимулятор, нажав кнопку ""+"".

5. Увеличивайте или уменьшайте интенсивность прибора с помощью кнопок ""+"" и ""-"".

6. Прибор отключается автоматически через 15 минут либо кнопкой ""-"".
Действие массажера обеспечивается благодаря электрическим импульсам;
Электрические импульсы воздействуют на мышцы, мягко сокращая их;
Миостимулятор позволяет снять напряжение с мышц и улучшить кровообращение;
Массажер можно использовать где угодно, он незаметен и не причиняет неудобств;
Количество рабочих режимов - 8 (стандартный, ""кулаками"", разминающий, мягкий, акупунктурный, баночный, активизирующий, контурный);
Количество уровней интенсивности - 19;
Массажер подходит для большинства частей тела - ног, рук, шеи, спины, поясницы, плеч, живота;
Время зарядки электрического массажера - около 30 минут.
В комплект входит кабель для зарядки.
Действие массажера обеспечивается благодаря электрическим импульсам;
Электрические импульсы воздействуют на мышцы, мягко сокращая их;
Миостимулятор позволяет снять напряжение с мышц и улучшить кровообращение;
Массажер можно использовать где угодно, он незаметен и не причиняет неудобств;
Количество рабочих режимов - 8 (стандартный, ""кулаками"", разминающий, мягкий, акупунктурный, баночный, активизирующий, контурный);
Количество уровней интенсивности - 19;
Массажер подходит для большинства частей тела - ног, рук, шеи, спины, поясницы, плеч, живота;
Время зарядки электрического массажера - около 30 минут.
В комплект входит кабель для зарядки.

Способ применения
1. Отклейте защитную пленку с патчей.
2. Прикрепите массажер к области, которую хотите помассировать.
3. Нажмите кнопку "" M"" и выберете  режим.
4. Включите стимулятор, нажав кнопку ""+"".
5. Увеличивайте или уменьшайте интенсивность прибора с помощью кнопок ""+"" и ""-"".
6. Прибор отключается автоматически через 15 минут либо кнопкой ""-"".
Способ применения
1. Отклейте защитную пленку с патчей.
2. Прикрепите массажер к области, которую хотите помассировать.
3. Нажмите кнопку "" M"" и выберете  режим.
4. Включите стимулятор, нажав кнопку ""+"".
5. Увеличивайте или уменьшайте интенсивность прибора с помощью кнопок ""+"" и ""-"".
6. Прибор отключается автоматически через 15 минут либо кнопкой ""-""."
1632590844,Миостимуляторы,От сети 220В,"Лицо, Тело, Поясница, Ноги, Ягодицы",,"Модель биоэнергетического массажера (БЭМ) для тела  воплотила в себе лучшие характеристики предшествующих моделей

Способ хранения: Избегайте попадания на поверхность биоэнергетического массажера прямых солнечных лучей. Категорически не рекомендуется взаимодействие воды или коррозийных веществ с прибором. Храните прибор в чистом месте, избегайте попадания пыли.

Один сеанс массажа равен: 10 сеансов обычного массажа, пробег на 6 км, 500 повторений жима от груди лежа.

Рекомендуется: Перед и после приема сеанса биомассажа, употребить эликсир Феникс или выпить стакан тёплой воды, после окончания сеанса растереть спину энергетическим бальзамом и накрыть пленкой.

Показания и характеристики БЭМ 2.0

Показания к применению: - Заболевания нервной системы:
Бессонница, нервное истощение, головокружения и шум в ушах
- Заболевания желудочно-кишечного тракта:
Нарушения работы желудка и кишечника, гастрит, отсутствие аппетита, запор, геморрой, хроническая диарея, колит
- Заболевания шейного и поясничного отделов позвоночника, заболевания суставов:
Периартрит плеча, шейный спондилез, боли в пояснице и бедрах, гиперостоз, ушибы, повреждения мягких тканей, вывихи, переломы, ревматизм ног и др.
- Гинекологические и урологические заболевания:
Хронический простатит, гиперплазия предстательной железы, гипертрофия простаты, менструальные боли, аменорея, воспаление тазовых органов, воспаление придатков, климактерический синдром
- Заболевания сосудов сердца и головного мозга:
Гипертония, гиперлипимия, сахарный диабет, последствия сотрясения мозга, малокровие, различные ишемические болезни. А также: зуд кожи, хроническое переутомление.
Угроза тромбозов, варикозном расширении вен.
В случае возникновения реакций обострения и болевых ощущений:
Если вы здоровы, во время процедуры вы не испытываете дискомфорта и организм не отзывается неприятными реакциями, смело используйте прибор. Незначительные симптомы обострения уйдут через несколько сеансов.
Если симптомы обострения сравнительно тяжелые, необходимо значительно сократить время процедуры, после исчезновения симптомов обострения постепенно увеличивайте время сеанса до нормы. Если реакции обострения протекают очень тяжело (особенно у пожилых людей), рекомендуется выдержать перерыв 1-2 дня.
Одна процедура на биоэнергомассажере  равнозначна:
Бессонница, нервное истощение, головокружения и шум в ушах
Бессонница, нервное истощение, головокружения и шум в ушах
Нарушения работы желудка и кишечника, гастрит, отсутствие аппетита, запор, геморрой, хроническая диарея, колит
Нарушения работы желудка и кишечника, гастрит, отсутствие аппетита, запор, геморрой, хроническая диарея, колит
Периартрит плеча, шейный спондилез, боли в пояснице и бедрах, гиперостоз, ушибы, повреждения мягких тканей, вывихи, переломы, ревматизм ног и др.
Периартрит плеча, шейный спондилез, боли в пояснице и бедрах, гиперостоз, ушибы, повреждения мягких тканей, вывихи, переломы, ревматизм ног и др.
Хронический простатит, гиперплазия предстательной железы, гипертрофия простаты, менструальные боли, аменорея, воспаление тазовых органов, воспаление придатков, климактерический синдром
Хронический простатит, гиперплазия предстательной железы, гипертрофия простаты, менструальные боли, аменорея, воспаление тазовых органов, воспаление придатков, климактерический синдром
Гипертония, гиперлипимия, сахарный диабет, последствия сотрясения мозга, малокровие, различные ишемические болезни. А также: зуд кожи, хроническое переутомление.
Угроза тромбозов, варикозном расширении вен.
Гипертония, гиперлипимия, сахарный диабет, последствия сотрясения мозга, малокровие, различные ишемические болезни. А также: зуд кожи, хроническое переутомление.
Угроза тромбозов, варикозном расширении вен.
Если вы здоровы, во время процедуры вы не испытываете дискомфорта и организм не отзывается неприятными реакциями, смело используйте прибор. Незначительные симптомы обострения уйдут через несколько сеансов.
Если симптомы обострения сравнительно тяжелые, необходимо значительно сократить время процедуры, после исчезновения симптомов обострения постепенно увеличивайте время сеанса до нормы. Если реакции обострения протекают очень тяжело (особенно у пожилых людей), рекомендуется выдержать перерыв 1-2 дня.
Если вы здоровы, во время процедуры вы не испытываете дискомфорта и организм не отзывается неприятными реакциями, смело используйте прибор. Незначительные симптомы обострения уйдут через несколько сеансов.
Если симптомы обострения сравнительно тяжелые, необходимо значительно сократить время процедуры, после исчезновения симптомов обострения постепенно увеличивайте время сеанса до нормы. Если реакции обострения протекают очень тяжело (особенно у пожилых людей), рекомендуется выдержать перерыв 1-2 дня."
1632613931,Миостимуляторы,От порта USB,Тело,Миостимулирующий,
1358043635,Миостимуляторы,Встроенный аккумулятор,Шея,"Вибрационный, Расслабляющий",
1711881832,Миостимуляторы,,Ноги,,
1396613771,Warwolf,Сменный аккумулятор (нет в комплекте),"Плечи, Поясница, Ноги, Руки, Тело, Шея","Вакуумный, Миостимулирующий, Расслабляющий, Оздоровительный, Лечебный, Лимфодренажный",
279427089,Nobles,Сменная батарея,"Тело, Ноги, Ягодицы, Плечи, Руки, Спина","Вибрационный, Антицеллюлитный, Миостимулирующий, Оздоровительный, Расслабляющий, Импульсный","Миостимулятор – это массажер для тела, который предназначен для поднятия мышечного тонуса, улучшения циркуляции крови, снятия мышечных болей, а также помогает в борьбе с целлюлитом и лишним весом. Микротоковый массажер является хорошим дополнением к занятию фитнесом или аэробикой, при этом организм не испытывает больших нагрузок. Тренажер для пресса имеет 6 режимов работы и помогает не только укрепить мышцы, но и стимулирует организм благодаря точечным ударам тока в местах соприкосновения с устройством. Массажер для похудения подходит для всех групп мышц, поэтому его можно использовать на руках, ногах, спине, шее, животе, бедрах. Он подходит как женщинам, так и мужчинам, независимо от возраста. Продуманный дизайн и беспроводной пульт управления облегчают использование вибромассажера. Ремешки, которые идут в комплекте, обеспечивают лучшее прилегание к телу. Миостимулятор для тела имеет несколько режимов интенсивности, что позволяет выбрать оптимальный, ориентируясь на свои индивидуальные потребности. Данный аппарат помогает убрать живот, корректировать фигуру и борется с целлюлитом. Благодаря массажу с микротоками в сочетании с физическими упражнениями, он становится эффективным тренажером для пресса и поясом для похудения. Кроме того, он обеспечивает антицеллюлитный эффект и снимает отеки, восстанавливая лимфоток. Механический массажер для тела оказывает более глубокое воздействие на кожу и может использоваться в любое время дня, становясь незаменимым спортивным инвентарем дома, в спортзале или в дороге. Компактный и легкий, он незаметен под одеждой, что позволяет носить его в любом месте, тем самым поддерживая форму и заботясь о здоровье. Импульсный массажер обеспечивает качественный и интенсивный массаж, который улучшает состояние мышц, снимает стресс и усталость, способствуя повышению качества сна и общего самочувствия."
1709458839,Миостимуляторы,,Поясница,,"Массажный пояс для похудения

и подтяжки живота представляет собой эффективное средство для достижения желаемой фигуры и снижения веса. Сочетая инновационные технологии с простотой использования, этот пояс является незаменимым помощником в борьбе с лишними килограммами и проблемами, связанными с жировыми отложениями в области живота.

Функция:

1. Усиление вибрации

2,6 большой двигатель

Способ применения

Подключите устройство к power bank, или мобильный телефон

Нажмите кнопку переключения для 1s, машина может начать вибрировать

Выберите режим интенсивности нажмите ""+""-""

Машина автоматически остановится через 15 минут, если необходимо остановить на полпути Пожалуйста, Changan, чтобы открыть ключ в течение 1 секунды.

Комплектация

Массажный пояс для похудения, USB шнур, инструкция – 1 уп"
1831371581,Pelvifine,,Тело,"Миостимулирующий, Оздоровительный",
532430050,Миостимуляторы,"От порта USB, От сети 220В","Ноги, Поясница, Тело, Ягодицы","Антицеллюлитный, Вибрационный, Импульсный, Комбинированный, Миостимулирующий, Оздоровительный","Электрический вибрационный массажер – отличный тренажер для всего тела (ног, ягодиц, поясницы, плеч, бедер, позвоночника).даёт возможность подтянуть тело, помогает усилить эффект от тренировок, делая их более продуктивными и насыщенными.

Электрический пояс для похудения после тренировок улучшает работу мышц и быстрее сжигает жировую прослойку.

массажер для тела способствует избавлению от нежелательного целлюлита без соблюдения режима питания и тренировок, облегчает усталость.

Антицеллюлитный, электрический для живота и ног с подогревом стимулирует работу внутренних органов, улучшает процесс кровообращения, мышечную активность и обменные процессы в организме.

Пояс для похудения является многофункциональным прибором, он оснащён встроенным таймером и имеет несколько настраиваемых массажных программ.

имеет компактный универсальный размер на эластичной резинке с липучкой, 3 встроенных режима регулировки скорости вибрации, 23 уровня интенсивности.

Пояс электрический для массажа с импульсным током работает на аккумуляторе, заряжается USB-кабелем от сети 220В, время зарядки 30 мин, хватает на неделю.

Вибромассаж можно делать ежедневно, совмещать с работой по дому, прогулкой. Такая полезная для здоровья вещь станет отличным подарком коллеге, начальнику, подруге, сестре, маме, бабушке, любимой девушке или жене, другу, брату, папе, дедушке, парню или мужу.

Желаем Вам приятных покупок!

Способ применения
Верхняя кнопка 4 режима работы,
Посередине - включить и выключить, 
Нижняя - увеличение мощности. 

Пользуйтесь электромассажером на комфортной мощности. 

Рекомендуем Вам начинать использовать на самом маленьком режиме, постепенно увеличивая мощность. На 4 максимальном режиме работы Вы можете ощущать покалывание тока - это функция Миостимулирования, воздействует на мышцы тела с помощью электрических импульсов, заставляет мышцы сокращаться. 

Массажёр для тела использовать 2 раза в день (днем и вечером) по 15 минут.

Миостимулятор работает 15 минут и сам автоматически отключается!

Желаем Вам достичь желаемых результатов и иметь красивое, здоровое и спортивное тело!
Способ применения
Верхняя кнопка 4 режима работы,
Посередине - включить и выключить, 
Нижняя - увеличение мощности. 

Пользуйтесь электромассажером на комфортной мощности. 

Рекомендуем Вам начинать использовать на самом маленьком режиме, постепенно увеличивая мощность. На 4 максимальном режиме работы Вы можете ощущать покалывание тока - это функция Миостимулирования, воздействует на мышцы тела с помощью электрических импульсов, заставляет мышцы сокращаться. 

Массажёр для тела использовать 2 раза в день (днем и вечером) по 15 минут.

Миостимулятор работает 15 минут и сам автоматически отключается!

Желаем Вам достичь желаемых результатов и иметь красивое, здоровое и спортивное тело!"
1213642780,Миостимуляторы,Встроенный аккумулятор,Ноги,"Перкусионный, Акупунктурный, Импульсный, Комбинированный, Миостимулирующий, Оздоровительный","Хотите улучшить здоровье ног и рук, убрать усталость после тяжелой работы или тренировки? Тогда наш электрический коврик - массажер премиум - качества - это то, что вам нужно! Тонкий и эластичный коврик изготовлен из полирезины. Благодаря этому вибромассажер можно складывать или сворачивать. Это упрощает хранение и транспортировку изделия. Так что вы сможете использовать прибор в домашних условиях, а также брать в путешествия. Резина обладает защитой от неприятного запаха, не впитывает его. Массажер имеет 6 режимов работы и 19 уровней интенсивности воздействия. Вы сможете выбрать режим, который будет для вас комфортным и поможет быстрее достичь поставленных целей. Коврик управляется с помощью маленького пульта дистанционного управления с кнопками и дисплеем. Электрический бытовой прибор универсальный. Медицинский электростимулятор поможет вам избавиться от боли и отечности, будет способствовать мышечному релаксу. Техника будет особенно полезна водителям и спортсменам. С помощью этого плоского компактного девайса вы сможете избавиться от отеков после сидячей офисной работы. Черный коврик для ухода за ногами и руками будет способствовать снятию мышечного напряжения после спортивных тренировок в зале, окажет расслабляющее действие и избавит от судорог икроножных мышц. Ваши ноги и руки получат долгожданный отдых, а вы испытаете настоящее блаженство и избавитесь от тревоги в процессе расслабляющего массажа. Также миниатюрная массажка поможет вам в борьбе с остеохондрозом. Гаджет также имеет лимфодренажный эффект, который помогает очистить организм от токсинов и улучшить кровообращение. А еще микротоки и импульсы помогают укрепить мышцы ног и улучшить состояние кожи. Резиновый аксессуар обеспечить вам точечный массаж. На ступнях, пальцах и пятках расположены акупунктурные триггерные точки, их миостимуляция очень полезна. Оно поспособствует общему оздоровлению организма, а также поможет в похудении и коррекции фигуры. Чтобы получить максимальный эффект, лучше всего сочетать акупунктурный массаж с фитнесом или занятиями на тренажерах. Также воздействие на особые точки с помощью мощных микротоков будет иметь косметический эффект, поможет омоложению. Коврик могут использовать как взрослые мужчины и женщины, так и подростки. Наш электрический коврик - массажер - прекрасный мужской или женский подарочный вариант для людей, которые заботятся о своем здоровье и красоте. Подарите физиотерапевтический аппарат родителям (маме, папе, бабушке, дедушке), девушке, парню и другим близким вам людям на День рождения, юбилей, годовщину, новоселье или другой праздник."
1144816587,МИОТОК,"Встроенный аккумулятор, От порта USB","Ноги, Поясница, Руки, Спина, Тело, Ягодицы","Миостимулирующий, Оздоровительный, Акупунктурный","Миостимулятор Миоток является универсальным устройством для массажного воздействия низкочастотными импульсными токами. Массажер для тела имеет возможность одновременно воздействовать на два процедурных поля - каналы А/В. 

В приборе предусмотрен режим акупунктуры, что позволяет воздействовать на биологически активные точки.  Это незаменимый инструмент для терапии и поддержания тонуса организма. Безопасный и надежный прибор легкий и удобный, портативный, широкого применения, который удобно носить с собой. Для людей, ведущих малоподвижный образ жизни восстанавливающих здоровье после перенесённых травм или тяжёлых заболеваний. Можно использовать для похудения и снижение веса спортсменам и после фитнеса. Как он работает: липучки фиксируются на специальных точках на коже, в результате чего устройство посылает электрические импульсы, мышцы начинают сокращаться, имитируя физическую нагрузку. 

В миостимуляторе Миоток предусмотрено 6 видов массажа по 4 программы каждый, 20 уровней интенсивности, что позволяет установить именно то воздействие, которое необходимо Вам. 2 независимых канала А/В позволят использовать максимальное кол-во электродов одновременно в различных конфигурациях с дополнительными аксессуарами."
1844318249,Миостимуляторы,,"Ноги, Поясница, Спина, Ягодицы",Вибрационный,"Миостимулятор тренажер для мышц, который помогает вам держать в тонусе и разглаживать мышцы живота, ног, рук не занимаясь физическими упражнениями. Массажеры косметические идеальны для коррекции фигуры в том числе для похудения живота и боков. И как спортивный пояс для спины ягодиц бедер и ног. Наш пояс для похудения мужской - это шикарная замена салонной процедуры EMS. Миостимулятор для пресса помогает усилить эффект от пояса для тренировок делая их более продуктивными. Вибромассажер стимулирует их работу и быстрее сжигает жировую прослойку. Со стимулятором мышц - это намного проще, чем вы могли представить. Тренажер - стимулятор изготовлен из высококачественных материалов. Микротоковый аппарат для похудения электрическими импульсами через накладку стимулирует мышцы (т.е. сокращает их, как при физической работе). Абсолютно безопасен и эффективен. Миостимулятор для тела поможет убрать живот целлюлит и приведет кожу в тонус совместно с Вашим здоровым образом жизни. Жиросжигающий пояс улучшает процесс кровообращения и обменные процессы в организме. Вибрационный Массажер от целлюлита дает ощущение покалывания это режим миостимуляции. Пояс для похудения мужской универсального размера одежда подходит для талии до 90 см. Массажер с подогревом для спины регулируется с помощью эластичного ремня на липучке. Массажер импульсный для живота похудения убирает боль в мышцах в зоне поясницы. Массажный пояс утягивающий позволяет за короткое время избавиться от лишних килограммов массажер антицеллюлитный можно использовать каждый день и создавать Вашу фигуру стройной и привлекательной. Стимулятор мышц поможет создать тело вашей мечты. С ним вы сможете похудеть и прийти в форму не используя тренажеры. Носите его, когда выполняете ежедневные задачи, просто расслабляетесь и лежите. Электрическая стимуляция мышц, является клинически доказанным эффективным методом для тренировки мышц тела посредством целенаправленного направления электронных импульсов. Легкий в управлении, компактный и портативный миостимулятор можно взять с собой. Выполняя тренировки с поясом для похудения ежедневно, и вы достигните желаемого результата! Массажёр косметический избавит Вас от целлюлита и дряблости кожи, смоделирует фигуру и сожгет жир, похудеете не прилагая особых усилий. Массажер и тренажёр для лица, ног и пресса помогает для похудения и против целлюлита. для снижения веса снимает мышечную боль, дает лимфодренажный эффект. Портативное устройство стимулятор мышц поможет создать тело вашей мечты. Просто закрепите его на теле - миостимулятор будет работать без вашей помощи. Легкий в управлении, компактный и портативный миостимулятор электрический можно взять с собой. Дает антицеллюлитный эффект, заменит поход в зал или на фитнес. это мощный сжигатель жира и прибор для пресса электрический в одном лице. Пояс удобен тем, что его применение не вызывает дискомфорта, поэтому процесс похудения и накачивания мышц может происходить в любое удобное время:1.

Зарядите контроллер.

2.

Закрепите контроллер на ремень.

3.

Намочите водой или сбрызните полоски воздействия на мышцы на обратной стороне пояса-тренажера (выделены бежевым цветом).

4.

Включите программу кнопкой ""+"".

5.

Выберите подходящую из 6 возможных.

6.

Переключайте программы кнопкой ""+"""
2082007362,RedPower,Встроенный аккумулятор,"Спина, Шея, Ягодицы, Ноги, Поясница, Руки","Лечебный, Лимфодренажный, Миостимулирующий, Расслабляющий, Антицеллюлитный, Комбинированный","Способ применения
Наклеить насадку на тело, Подключить датчик. Долгое удерживание кнопки Power включит аппарат. Выберите силу режима нажатием на кнопку ВОЛНА. Отрегулируйте силу + или - Миостимулятор автоматически выключится через 20 минут работы.
Способ применения
Наклеить насадку на тело, Подключить датчик. Долгое удерживание кнопки Power включит аппарат. Выберите силу режима нажатием на кнопку ВОЛНА. Отрегулируйте силу + или - Миостимулятор автоматически выключится через 20 минут работы."
1613993578,Миостимуляторы,"От порта USB, Сменный аккумулятор (нет в комплекте)","Тело, Шея, Поясница, Плечи, Ягодицы","Вибрационный, Миостимулирующий",
1766772270,Миостимуляторы,Встроенный аккумулятор,"Поясница, Тело","Вибрационный, Импульсный, Перкусионный, Рефлекторный, Антицеллюлитный",
1749640637,Миостимуляторы,"От порта USB, Сменная батарея","Плечи, Поясница, Тело, Шея, Ягодицы, Руки","Вибрационный, Импульсный, Лечебный, Миостимулирующий, Расслабляющий, Рефлекторный",
1653522090,Миостимуляторы,Встроенный аккумулятор,"Ноги, Руки, Тело","Импульсный, Оздоровительный","Теплые советы
1. Перед использованием, пожалуйста, распылите небольшое количество воды на подушечку или увлажните кожу небольшим количеством воды.
2. Если ваша кожа чувствует легкое покалывание во время использования, это потому, что ваша кожа слишком сухая, что нормально. Пожалуйста, распылите небольшое количество воды на электродную площадку.
3. Чтобы обеспечить нормальную работу продукта, убедитесь, что электродная площадка находится близко к чистой коже, пока она не будет полностью связана перед использованием для активации нормальной работы устройства!
Примечание
Пояс премиум -класса！ Не нуждаются в замене гели！
Описание
1) Материал хорошего качества: он мягкий на ощупь, используя очень гибкий мягкий материал. Здоровый ремень EMS, изготовленный из проводящей ткани, который не обременяет кожу.
2) Сильная модель и простая в эксплуатации: мышечный пояс живота имеет 10 типов режимов и 39 векселей силы. Мышечный ремень брюшной массы EMS оснащен ЖК -экраном, который отображает режим и прочность. Интенсивность и режим могут быть выбраны, просто касаясь экрана. Вы можете четко наслаждаться тренировками.
3) Сенсорная панель и ЖК -экран: контроллер новой улучшенной модели оснащен ЖК -экраном. Режим и интенсивность отображаются на ЖК -экране. Когда вы носите его на своем теле и используете его, вы можете четко проверить рабочее состояние (тип режима, прочность на массаж).
4) USB -зарядка и отсутствие необходимости гелевой лист: экономично использовать неоднократно. Он использует USB -аккуратный тип и не требует замены аккумулятора. Он может быть заряжен с помощью ноутбука, мобильной батареи, зарядного устройства смартфона, блок питания в автомобиле и т. Д. С помощью простого соединения.
5) Тренировка по эффективности. Использование мышечного пояса брюшной полости в течение 20 минут эквивалентно бегущему 1500 м, тренировке брюшной мышцы 30 минут и плаванием 30 минут.
Технические характеристики
Название элемента: EMS мышечный стимулятор Длина ремня ремня: 115 см / Длина ремня руки: 39 см Использование для: похудеть, тонкая, тонкая талия, здорово
В коплект входит
Как показано на картинке параметров"
1017635337,kebidu,Внешний источник питания,"Ноги, Ягодицы, Тело, Плечи, Шея",Рефлекторный,"Технические характеристики:

Состояние: 100% абсолютно новый

Тип продукта: EMS массажер для ног + подушка для массажа шеи

Количество: 1шт

Цвет: Как показано на картинке

Доступный тип: Тип батареи, перезаряжаемый тип

Размер: около 32,5 * 29,5 см / 12,7 * 11,6 дюймов

Особенности продукта:

Низкочастотная терапия - это нежная ласка с ритмом и нежностью.

Низкая частота - это непрерывное ритмичное ласкание тела низкочастотным регулярным ритмом или останавливающимся током, воздействующим на тело в соответствии с соответствующей мощностью и скоростью. Мягкость низкой частоты похожа на эффект массажа, когда человеческая рука надавливает, щиплет или похлопывает.

Что такое технология EMS?

Электрическая стимуляция мышц (EMS), также известная как нервно-мышечная электростимуляция (NMES), использует электрические импульсы, чтобы заставить мышцы сокращаться. Эти импульсы имитируют потенциалы действия центральной нервной системы, заставляя мышцы сокращаться. Было доказано, что EMS является положительным средством для укрепления мышц.

[Мягкая и удобная подушечка для ног, которая легкая, складная, ее легко носить с собой куда угодно, а после использования можно просушить влажным полотенцем. Технология EMS используется для массажа стоп, лодыжек, ахилловых сухожилий и икроножных мышц для улучшения кровообращения и расслабления ног. (Примечание: не используйте, если у вас кардиостимулятор или высокое кровяное давление, перед использованием снимите носки и положите ноги на подушечку для ног).

6 режимов массажа: M1 режим массажа, M2 режим массажа, M3 режим разминания, M4 режим давления на локти, M5 режим акупунктуры, M6 режим связывания множество режимов для имитации реального массажного эффекта, почувствуйте удовольствие от массажа ног.

9 уровней интенсивности массажа: Прибор для массажа ног имеет 9 уровней регулируемой интенсивности для прямой стимуляции акупунктурных точек, снижения физической и умственной усталости и улучшения качества сна. 15 минут - это один сеанс, и он автоматически отключается по истечении времени. Если вам нужно больше времени, вам придется повторить сеанс. (Предложение: для первого использования выберите уровень 1)

USB-зарядка] Массажер для ног EMS имеет встроенную перезаряжаемую батарею, которую можно легко зарядить через USB-кабель для зарядки. Длина зарядного кабеля составляет 50 см, и вы можете заряжать его, подключив USB-кабель к USB-порту вашего ноутбука/настольного компьютера/электропитания и зарядного устройства для мобильного телефона. (Примечание: красный свет загорается при зарядке и автоматически гаснет при полной зарядке).

[Универсальный] Этот круговой массажер для ног тщательно разработан для любителей спорта, пожилых людей и работников, которые сидят/стоят в течение длительного времени (особенно тех, кто носит высокие каблуки), чтобы заметно расслабить и облегчить боль в ступнях и ногах.

Способ применения
Перед использованием миостимулятор нужно зарядить около 30-40 минут.
Способ применения:
1) Расстелите массажный коврик и подключите к нему миостимулятор.
2) Встаньте на массажный коврик по разметке.
3) Кнопкой «+» включите прибор, должна появиться световая индикация.
4) Нажмите кнопку «М» и выберите нужную вам программу из 6 встроенных. Каждое нажатие кнопки приводит к смене программы.
5) Кнопками «+» и «-» выберите подходящую интенсивность. Каждая программа начинается с минимальной интенсивности стимуляции.
6) Еще раз длительно нажмите кнопку «М» и можете наслаждаться массажем.

Для выключения массажера просто нажмите на правую кнопку.

Противопоказано лицам с электрокардиостимулятором, беременным, с тромбозом глубоких вен, болезнями сердца и гипертонии!



Современная наука и технология от 4 новых и современных брендов.
Адаптационная акупунктурная технология, простое управление

6 чудесных комбинаций различных импульсных сигналов заставят вас испытать настоящее чувство акупунктуры, поглаживания, манипуляции, купероза, массажа и скребков.

Электронные импульсы стимулируют акупунктурные точки давления и улучшают кровоток

Облегчает боль в спине, плече, мышцах и т.д.

9 Он помогает расслабиться от стресса, снять мышечное напряжение и усталость 9 Он помогает расслабиться от стресса, снять мышечное напряжение и усталость

Офисное использование и очень легкий, подходит для дома, путешествий и офисного использования

Хорошо в качестве подарка для членов вашей семьи и друзей





Диапазон применения: жесткое плечо, конец нервного паралича, невралгия, боль стержня, усталость всего тела, боль в животе, сильный холод, шейные позвонки боли в шее, периартрит, зубная боль, высокое кровяное давление, низкое кровяное давление, энергетическая недостаточность, слабая сексуальная способность, острые нерегулярные менструации, различные острые хронические заболевания
Способ применения
Перед использованием миостимулятор нужно зарядить около 30-40 минут.
Способ применения:
1) Расстелите массажный коврик и подключите к нему миостимулятор.
2) Встаньте на массажный коврик по разметке.
3) Кнопкой «+» включите прибор, должна появиться световая индикация.
4) Нажмите кнопку «М» и выберите нужную вам программу из 6 встроенных. Каждое нажатие кнопки приводит к смене программы.
5) Кнопками «+» и «-» выберите подходящую интенсивность. Каждая программа начинается с минимальной интенсивности стимуляции.
6) Еще раз длительно нажмите кнопку «М» и можете наслаждаться массажем.

Для выключения массажера просто нажмите на правую кнопку.

Противопоказано лицам с электрокардиостимулятором, беременным, с тромбозом глубоких вен, болезнями сердца и гипертонии!



Современная наука и технология от 4 новых и современных брендов.
Адаптационная акупунктурная технология, простое управление

6 чудесных комбинаций различных импульсных сигналов заставят вас испытать настоящее чувство акупунктуры, поглаживания, манипуляции, купероза, массажа и скребков.

Электронные импульсы стимулируют акупунктурные точки давления и улучшают кровоток

Облегчает боль в спине, плече, мышцах и т.д.

9 Он помогает расслабиться от стресса, снять мышечное напряжение и усталость 9 Он помогает расслабиться от стресса, снять мышечное напряжение и усталость

Офисное использование и очень легкий, подходит для дома, путешествий и офисного использования

Хорошо в качестве подарка для членов вашей семьи и друзей





Диапазон применения: жесткое плечо, конец нервного паралича, невралгия, боль стержня, усталость всего тела, боль в животе, сильный холод, шейные позвонки боли в шее, периартрит, зубная боль, высокое кровяное давление, низкое кровяное давление, энергетическая недостаточность, слабая сексуальная способность, острые нерегулярные менструации, различные острые хронические заболевания"
1570568092,Миостимуляторы,"От сети 220В, Сменная батарея","Ноги, Плечи, Поясница, Руки, Спина, Тело","Антицеллюлитный, Импульсный, Лечебный, Миостимулирующий, Расслабляющий, Оздоровительный","Набор электро-контактов для миостимулятора (20 шт.) - это необходимый комплект для эффективного использования вашего устройства. Эти контакты обеспечивают безопасную и стабильную работу миостимулятора, что делает процедуры максимально комфортными. Они изготовлены из высококачественных материалов, обеспечивая надежность и долгий срок службы. Данный набор совместим с большинством моделей миостимуляторов. Важно помнить о замене контактов по мере необходимости, чтобы избежать болевых ощущений и обеспечить оптимальное воздействие во время процедур.

Способ применения
Устройство для воздействия на мышцы тела с помощью электрических импульсов. К телу прикладываются электроды в непосредственной близости к стимулируемым мышцам. Посылаемые от устройства электрические импульсы похожи на импульсы нервной системы, которые заставляют мышцы сокращаться.

Миостимулятор эффективен для лечения и восстановления естественной работы мышц, внутренних органов, коррекции фигуры, лечения целлюлита, укрепления мускулатуры, увеличения мышечной массы. В медицине — для восстановления сократительной способности мышц нижних конечностей, профилактики судорог, а также с целью лечения разрывов, растяжений и межмышечных гематом
Способ применения
Устройство для воздействия на мышцы тела с помощью электрических импульсов. К телу прикладываются электроды в непосредственной близости к стимулируемым мышцам. Посылаемые от устройства электрические импульсы похожи на импульсы нервной системы, которые заставляют мышцы сокращаться.

Миостимулятор эффективен для лечения и восстановления естественной работы мышц, внутренних органов, коррекции фигуры, лечения целлюлита, укрепления мускулатуры, увеличения мышечной массы. В медицине — для восстановления сократительной способности мышц нижних конечностей, профилактики судорог, а также с целью лечения разрывов, растяжений и межмышечных гематом"
801382772,Миостимуляторы,,Тело,,"Характеристики:
Изготовлен из высококачественного гидрогеля.
Простота в использовании, просто придерживайтесь размещения ремня для пресса.
Каждая прокладка может служить 20-30 раз, если ее тщательно защищать. с хорошо запечатанной упаковке.
Очистите кожу перед использованием гелевых подушечек, пот и грязь повлияют на адгезию и срок службы.
Пожалуйста, промойте или нанесите немного воды, чтобы очистить гелевые подушечки, и дайте им высохнуть на воздухе, затем прикрепите их к пластиковой доске для следующего использования, что может восстановить сцепление и срок службы.
Держите их в тени и прохладном месте от прикосновения детей.
Цвет: прозрачный
Материал: гель
Размер: 6*4 см
Упаковка: в каждом запаянном пакете по две штуки
Посылка включает:
6/12/18 шт. (3/6/9 пакетов) в комплекте"
1388849077,Yellow Panda,,"Лицо, Область вокруг глаз, Шея","Классический, Комбинированный, Миостимулирующий, Расслабляющий, Вибрационный","Набор:

-Логопедический массажер Панда (Мульти)

-Насадка «Рыбка» для логопедического массажера.

-Насадка «Кукуруза» для логопедического массажера.

-Логостимулон-насадка ""Бабочка""для логопедического массажера.

-Насадка «Утконос» для логопедического массажера Панда

-Насадка «Лопатка» для логопедического массажера.

-Насадка «Осьминожка» для логопедического массажера

-бокс пластик

1. Логопедический массажер Панда (мульти) многоскоростной - предназначен для проведения массажа лица и подготовки артикуляционного аппарата, мышц рта к последующим занятиям с логопедом. Проведение орально-моторной терапии способствует улучшению оральных движений (сенсорная стимуляция). Логопедический массажер состоит из пластикового корпуса-трубочки с помещенным внутрь вибрирующим механизмом. Вибрирующий механизм приводится в действие элементом питания AA, путем поворота ребристой части в основании

. Скорость вибрации (больше вибрация или меньше) зависит от поворота ребристой части. Основа логопедического массажера – вибрация.

Вибрации массажера воздействуют на язык, губы, внутреннюю и наружную поверхность щек, подбородок.

Вследствие этого воздействия происходит расслабление органов артикуляционного аппарата, приводя мышцы в тонус и активизируя чувствительность. Виды массажа зависят от выбора используемых насадок.

Режим вибрации массажера МНОГОСКОРОСТНОЙ!

Работают от батареек АА

2.Насадка для логопедического массажера «Рыбка» используется при наружном логопедическом массаже губ, щек, подбородка «приводя» мышцы в расслабленное состояние (при наличии гипертонуса этих мышц). Внешняя поверхность с текстурой используется для растирания и активизации. При использовании внутренней поверхности насадки для логопедического массажера можно проводить массаж артикуляционного аппарата (язык и внутренняя поверхность щек).

В данном случае массаж будет активизировать работу языка и щек (при наличии гипотонуса).

3.Логостимулон-насадка «Бабочка» для логопедического массажера

Логостимулон-насадка Бабочка при использовании вызывает расслабление мышц, усиливают микроциркуляцию, активизируют лимфо- и кровообращение артикуляционного аппарата. Во время направленного массажа происходит увеличение кровенаполнения периферийных сосудов раздраженного участка и увеличение кровотока в крупных и мелких сосудах, находящихся в этой области.-Также насадка Бабочка может использоваться как вестибулярная пластинка, помогая контролировать вредные привычки, и станет отличным помощником для облегчения специфической тонизирующей работы губ, щечных мышц, оральных френул.-Насадку можно использовать как подъемник для языка.

4.Насадка «Кукуруза» для логопедического массажера Насадка для логопедического массажера «Кукуруза» позволяет приводить в тонус (активизировать) лицевые мышцы при гипотонусе. Использование этой насадки (массаж языка) позволит поставить звук «Р» в течение нескольких занятий. Для этого используется принцип «искусственного заведения «моторчика» на кончике языка. При этом использовании насадки происходит массаж (попеременно) нижней и верхней внешней части окологубного пространства рта и формирование навыка удерживания губ в сомкнутой положении. Также эта насадка хорошо подойдет для массажа десен малышам, у кого режутся зубки

5.Насадка для логопедического массажера Утконос имеет несколько рабочих поверхностей.Прежде всего это поверхности для массажа - с одной стороны плоская поверхность предназначена для расслабления мышц, с другой стороны игольчатая –для активизации, для обкола (нажатия) с прокачиванием, перетирания, мягкого массажа внутренней поверхности щек, окологубного пространства, нижней поверхности языка.Использование этой насадки по краям (крыльям) языка, активизирует подвижность языка., или расслабляет. Третья рабочая поверхность – это Носик , в виде силиконовой бусины, им можно делать массаж биологически активных точек (БАТ), а можно использовать и для постановки звука, ""Р"", ""С"" и ""Ш""

7.Насадка «Лопатка» для логопедического массажера Насадка выполнена из прозрачного упругого силикона. Все стороны этой насадки являются рабочими: обратная сторона имеет округлую гладкую форму и при массаже расслабляет мышцы лица (поглаживание без вибрации, похлопывание).

Насадка исполнена 2 в 1, то есть подходит и для использования с присоской. Заменив пластиковую воронку на эту прозрачную насадку, получаем более точное оборудование для проведения пассивной гимнастики «для языка». Насадка имеет короткий неровный край для расположенной близко к кончику языка подъязычной связки («уздечки»), а прозрачность насадки позволит увидеть участок захватываемого.

8. Насадка «Осьминожка» для логопедического массажера

Для массажа лица

Для массажа языка

Можно формировать верхний подъем языка

Для постановки звуков: Р, Ш

 

ОБРАБОТКА НАСАДОК СИЛИКОНОВЫХ и ЛОГОБУСИН:

1. После использования насадки промыть в проточной воде

2. Замочить в дез.средстве типа оптимакс, аламинол мин 15-30( читаем инструкцию вашего дезсредства)

3. Промыть проточной водой

4. Теплообработка( сухожар, кипячение , гласперленовый стерилизатор)-15-20 минут( читаем инструкцию вашего оборудование)

5. Уф- стерилизатор, или бокс для хранения , или крафт пакеты

ОБРАБОТКА ВИБРОМАССАЖЕРА ПАНДА и ВОРОНКИ ОТ ПРИСОСКИ :

1. протереть спирт салфеткой , дез.средством.

2. уф- стерилизатор

ЦВЕТ МОЖЕТ ОТЛИЧАТСЯ ОТ ФОТО"
1664834128,Миостимуляторы,От порта USB,"Зона декольте, Ноги, Плечи, Поясница, Руки, Тело","Акупунктурный, Вибрационный, Импульсный, Миостимулирующий","Высококачественные материалы: Наши массажные подушечки для шейки матки изготовлены из полиуретанового материала, который является прочным и долговечным. Массажные подушечки для шейки матки можно использовать в течение длительного времени.

5 массажных подушечек: каждая в индивидуальной упаковке, чистая и гигиеничная, что избавит вас от необходимости беспокоиться о поиске сменного пластыря. Это очень удобно, и я верю, что вы останетесь довольны.

Безопасность и гигиена: Запечатанный отдельно, он может использоваться совместно с семьей или друзьями, не беспокоясь о неудобствах при совместном использовании прокладок.

Широкая применимость: он соответствует большинству типов, представленных на рынке, и широко используется.Пожалуйста, заранее проверьте, совпадают ли размеры.

Удобство в использовании: наши массажные подушечки распределяются более равномерно и на них нет горячих точек，

Способ применения
5 сменных насадок для электроимпульсного массажера, совместимых с большинством массажеров, представленных на рынке, каждая многоразовая и индивидуально упакована.
Способ применения
5 сменных насадок для электроимпульсного массажера, совместимых с большинством массажеров, представленных на рынке, каждая многоразовая и индивидуально упакована."
1620351961,Миостимуляторы,"От порта USB, Сменный аккумулятор (нет в комплекте)","Тело, Шея, Поясница, Плечи, Ягодицы","Вибрационный, Миостимулирующий",
1603269474,Meteai,Встроенный аккумулятор,"Ноги, Плечи, Поясница, Тело, Шея, Ягодицы",Миостимулирующий,"Этот электрический массажер с импульсными микротоками проникает глубоко в мышцы, обеспечивая эффективное и приятное ощущение. Создан с учетом всех требований качества и безопасности, миостимулятор предлагает Вам широкий спектр возможностей для массажа.

Способ применения
1. Подключите миостимулятор к проводнику.
2. Отклейте защитную прозрачную пленку с патчей.
3. Прикрепите массажер к той части тела, которую вы хотите массировать.
4. Нажмите кнопку "" M"" и выберете нужный режим программы.
5. Включение стимулятора и повышение интенсивности с помощью кнопки ""+"".
6. Выключение стимулятора и понижение интенсивности с помощью кнопки ""-"".  
7. Через 15 минут срабатывает автоотключение прибора. Рекомендуемая длительность сеанса - по 15 минут 2 раза в день.
8. Если массажёр не заработал - зарядите его в течение 30 минут.

Комплектация
Способ применения
1. Подключите миостимулятор к проводнику.
2. Отклейте защитную прозрачную пленку с патчей.
3. Прикрепите массажер к той части тела, которую вы хотите массировать.
4. Нажмите кнопку "" M"" и выберете нужный режим программы.
5. Включение стимулятора и повышение интенсивности с помощью кнопки ""+"".
6. Выключение стимулятора и понижение интенсивности с помощью кнопки ""-"".  
7. Через 15 минут срабатывает автоотключение прибора. Рекомендуемая длительность сеанса - по 15 минут 2 раза в день.
8. Если массажёр не заработал - зарядите его в течение 30 минут.

Комплектация"
1163677749,Kiboer,,"Спина, Поясница","Антицеллюлитный, Вибрационный, Лимфодренажный, Миостимулирующий","Способ применения
Учет потребностей различных людей и моделирование приемов ручного массажа. Выберите режим в соответствии с личными предпочтениями и наслаждайтесь массажем
Способ применения
Учет потребностей различных людей и моделирование приемов ручного массажа. Выберите режим в соответствии с личными предпочтениями и наслаждайтесь массажем"
1717864822,Yukimayu,Встроенный аккумулятор,Шея,"Импульсный, Вибрационный, Миостимулирующий, Расслабляющий",
1644651496,Миостимуляторы,Встроенный аккумулятор,"Тело, Поясница, Руки, Ноги",Вибрационный,
1680934200,Миостимуляторы,"Сменная батарея, Внешний источник питания","Ноги, Тело, Поясница, Плечи","Антицеллюлитный, Вибрационный, Импульсный, Миостимулирующий","Способ применения
Заряжайте и пользуйтесь
Способ применения
Заряжайте и пользуйтесь"
1687659608,Миостимуляторы,"Встроенный аккумулятор, От порта USB","Ноги, Шея, Поясница, Ягодицы, Спина","Импульсный, Миостимулирующий, Расслабляющий, Комбинированный, Оздоровительный",
1007788124,kebidu,От порта USB,"Плечи, Поясница, Руки, Ноги, Тело, Шея","Вибрационный, Рефлекторный, Расслабляющий","Напряжение: 3,7 В

Как использовать: A-F (8 режимов) 19 передач

Частота: 1-100HZ

Время работы: 15 минут

Выход: 35 мА максимум

Емкость батареи: 200mAH

Частота: 1 ~ 100 Гц

Вес: 31 г

Цвет: синий, черный

Размер: Как показано на картинке

Особенности:

* 100% абсолютно новый и качественный.

* Массажная часть: шея / спина / талия / бедро / ноги и другие части.

* 8 режимов & 19 уровней: Есть различные уровни интенсивности для каждого режима (постукивание, массаж, массаж, выжимание, постукивание, разминание, тренировка, формирование) Пользователи могут выбирать различную интенсивность в соответствии с индивидуальными потребностями.

* Помогает снять усталость, расслабить мышцы, улучшить кровообращение и сжечь жир.

*, В отличие от существующих общих массажных устройств, которые только растирают внешнюю часть мышц, массажер стимулирует и внутреннюю часть сил, чтобы усилить кровообращение эффективно для быстрого восстановления после усталости.

* Небольшой размер, легкий, легко носить и хранить.

Добро пожаловать! Мы рады представить вам электрический массажер, который не только расслабит ваше тело, но и укрепит мышцы. Наш массажер производит стимуляцию на разных участках тела, таких как шея, ноги и спина, отправляя микротоки и импульсы прямо в центральную нервную систему. Это позволяет сократить мышцы и повысить их тонус.Наш продукт идеально подойдет как для мужчин, так и для женщин, которые ищут эффективный способ улучшить свое здоровье и физическую форму. Этот массажер поможет вам справиться с мышечной усталостью после долгой работы или тренировок, а также снять стресс и расслабиться.Электрический массажер для тела идеально подходит для путешествий или восстановления после тяжелых рабочих дней и тренировок. EMS foot massager также поможет при восстановлении после травм или операций, благодаря микротоковой терапии.Виброплатформа электромиостимулятор является отличным антицеллюлитным средством и практична в использовании. С контроллером заряжается за 1 час, а с комплектным массажным ковриком для ступней поставляется USB кабель для зарядки.

Способ применения
1. Подключите миостимулятор к проводнику. 2. Отклейте защитную пленку с патчей. 3. Прикрепите массажер к необходимому участку тела с помощью гелевых патчей. 4. Включите массажер и выберите нужный режим.  Включение стимулятора и повышение интенсивности - кнопка ""+""; Выбор программы - кнопка ""M""; Выключение стимулятора и понижение интенсивности - кнопка ""-"".   Через 15 минут срабатывает автоотключение прибора. Рекомендуемая длительность сеанса - по 15 минут 2 раза в день.
Способ применения
1. Подключите миостимулятор к проводнику. 2. Отклейте защитную пленку с патчей. 3. Прикрепите массажер к необходимому участку тела с помощью гелевых патчей. 4. Включите массажер и выберите нужный режим.  Включение стимулятора и повышение интенсивности - кнопка ""+""; Выбор программы - кнопка ""M""; Выключение стимулятора и понижение интенсивности - кнопка ""-"".   Через 15 минут срабатывает автоотключение прибора. Рекомендуемая длительность сеанса - по 15 минут 2 раза в день."
1759321160,Миостимуляторы,"От порта USB, Сменная батарея","Плечи, Поясница, Тело, Шея, Ягодицы, Руки","Вибрационный, Импульсный, Лечебный, Миостимулирующий, Расслабляющий, Рефлекторный",
1769993467,Миостимуляторы,От порта USB,"Зона декольте, Область вокруг глаз, Тело, Поясница, Плечи","Акупунктурный, Вибрационный, Импульсный, Миостимулирующий",
1916582645,Миостимуляторы,"Встроенный аккумулятор, От порта USB",Область вокруг глаз,"Акупрессурный, Акупунктурный, Антицеллюлитный, Вибрационный, Перкусионный",
1693735105,Миостимуляторы,"От порта USB, Встроенный аккумулятор","Ноги, Плечи, Поясница, Руки, Спина, Тело","Лечебный, Оздоровительный, Расслабляющий, Импульсный","Массажер для тела бабочка мини миостимулятор импульсный , USB пластырь 8 режимов массажа Миостимулятор электрический компактный низкочастотный портативный массажер, который воздействует на мышцы тела с помощью электрических импульсов. Стимулятор мышц Данный прибор укрепит и приведет в тонус ваши мышцы, снимет боль в мышцах, уменьшит количество избыточного подкожного жира, улучшит рельеф тела, снимет усталость, поспособствует улучшению циркуляции крови, сделает кожу эластичнее, а также массажер окажет расслабляющее действие на мускулатуру. Миостимулятор выполнен из качественных материалов. На ЖК дисплее, при помощи кнопок Вы сможете выбрать необходимый для Вас режим массажа, а также уровень интенсивности. Всего 8 режимов массажа и 19 уровней интенсивности. 

Способ применения: Прикрепляете массажный прибор на тот участок, который вы хотите сделать более привлекательным, установите режим воздействия и уже через 15 дней вы увидите и почувствуете результат!

Этот массажер - настоящее спасение для тех, кто хочет оставаться в форме и улучшать своё самочувствие. Он имеет восемь режимов работы, которые помогут развивать мышцы в различных зонах тела: пресса, ног, рук, ягодиц, шеи и спины.

Массажер оснащён электрическим стимулятором, который поддерживает нормальное кровообращение и способствует выработке эндорфинов.

EMS-технология микротока позволяет улучшить состояние мышц, снять напряжение и болевые ощущения.

Кроме того, данный прибор может использоваться как тренажёр, помогающий бороться с целлюлитом и иным отложением жировых клеток.

Получите здоровое, крепкое и упругое тело с помощью данного миостимулятора!

Способ применения

Перед использованием протрите кожу массажируемого места влажным полотенцем.

Подключите миостимулятор к проводнику.

Отклейте защитную прозрачную пленку с патчей.

Прикрепите массажер к той части тела, которую вы хотите массировать.

Описание режимов на дисплее прописано на английском языке, для этого в карточку товара добавили инструкцию, с которой рекомендуется ознакомиться.

Нажмите кнопку "" M"" и выберете нужный режим программы.

Включение стимулятора и повышение интенсивности с помощью кнопки ""+"".

Выключение стимулятора и понижение интенсивности с помощью кнопки ""-"".  

Способ применения
1. Его можно использовать около 160 минут после одного часа зарядки. Чем больше сила, тем больше потребляемая мощность.
2. Кнопка хоста застегивается на мат как пуговица, и приклеивается к коже.  1 нажмите+дважды нажмите при запуске /увеличить усилие-уменьшить усилие/выключить машину.
Через 15 минут срабатывает автоотключение прибора. Рекомендуемая длительность сеанса - по 15 минут 2 раза в день.
Если массажёр не заработал - зарядите его в течение 30 минут.
Патчи рекомендуется менять после 30 применений. 
Способ применения
1. Его можно использовать около 160 минут после одного часа зарядки. Чем больше сила, тем больше потребляемая мощность.
2. Кнопка хоста застегивается на мат как пуговица, и приклеивается к коже.  1 нажмите+дважды нажмите при запуске /увеличить усилие-уменьшить усилие/выключить машину.
Через 15 минут срабатывает автоотключение прибора. Рекомендуемая длительность сеанса - по 15 минут 2 раза в день.
Если массажёр не заработал - зарядите его в течение 30 минут.
Патчи рекомендуется менять после 30 применений."
1776446721,Миостимуляторы,"От порта USB, Сменная батарея","Плечи, Поясница, Тело, Шея, Ягодицы, Руки","Вибрационный, Импульсный, Лечебный, Миостимулирующий, Расслабляющий, Рефлекторный",
1633530902,Миостимуляторы,От порта USB,"Зона декольте, Ноги, Руки, Тело, Поясница, Плечи","Акупунктурный, Вибрационный, Импульсный, Миостимулирующий",
1624353107,Wiccala,,"Ноги, Руки, Тело",,"В этом тренажере для пресса используется передовая технология EMS, стимулирующая сокращение мышц живота и способствующая сжиганию жира.

Благодаря 6 режимам и 18 уровням интенсивности этот стимулятор мышц живота отвечает самым разным требованиям. 15 минут работы с прибором дважды в день - и вы обретете гораздо более совершенную фигуру не более чем за 3 месяца.

Этот стимулятор живота перезаряжается через USB, обеспечивая быструю и длительную зарядку. Безопасный и удобный, легкий, портативный, экологичный и суперэффективный!

Вы можете использовать его где угодно - в офисе, дома или на природе. Он очень легкий, ультратонкий, удобный для ношения. Идеально подходит для занятых людей, которые ищут решение для легкой тренировки."
1887627708,Beurer,"Встроенный аккумулятор, От порта USB","Тело, Поясница, Спина, Ягодицы","Вибрационный, Миостимулирующий, Расслабляющий, Антицеллюлитный, Импульсный, Лимфодренажный","Способ применения
1. Установите и зафиксируйте контролер выбора режима и интенсивности на передней части пояса, как это показано на рисунке. (Инструкция находится внутри коробки)
2. Распылите немного воды на силиконовую прокладку. Поддерживайте ее влажной на протяжении всей тренировки, для того чтобы пояс мог плотно прилегать к Вашему телу.
3. Закрепите пояс для похудения на Вашей талии.
4. Нажмите клавишу «+» для того чтобы включить массажер. С помощью клавиши «М» выберете 1 из 6 режимов работы. Затем снова нажмите на клавишу «+» для того чтобы отрегулировать интенсивность работы. Наш контролер имеет 9 уровней интенсивности. РЕКОМЕНДУЕТСЯ начинать тренировки с минимальной интенсивностью. В конце тренировки нажимайте клавишу «- » до тех пор, пока индикатор интенсивности не покажет значение «0». Затем снова нажмите клавишу «-» и массажер выключится.
5. После завершения тренировки протрите массажер влажным полотенцем и положите в чистое место. Ни в коем случае не мойте водой!
6. Рекомендовано использовать миостумулятор для пресса 2 раза в день с продолжительностью тренировки в 15 – 30 минут
7. Массажер автоматически выключится в течение 15 минут, если Вы не будете его использовать. Если же Вы хотите продолжить тренировку, то нажмите клавишу «+».
Способ применения
1. Установите и зафиксируйте контролер выбора режима и интенсивности на передней части пояса, как это показано на рисунке. (Инструкция находится внутри коробки)
2. Распылите немного воды на силиконовую прокладку. Поддерживайте ее влажной на протяжении всей тренировки, для того чтобы пояс мог плотно прилегать к Вашему телу.
3. Закрепите пояс для похудения на Вашей талии.
4. Нажмите клавишу «+» для того чтобы включить массажер. С помощью клавиши «М» выберете 1 из 6 режимов работы. Затем снова нажмите на клавишу «+» для того чтобы отрегулировать интенсивность работы. Наш контролер имеет 9 уровней интенсивности. РЕКОМЕНДУЕТСЯ начинать тренировки с минимальной интенсивностью. В конце тренировки нажимайте клавишу «- » до тех пор, пока индикатор интенсивности не покажет значение «0». Затем снова нажмите клавишу «-» и массажер выключится.
5. После завершения тренировки протрите массажер влажным полотенцем и положите в чистое место. Ни в коем случае не мойте водой!
6. Рекомендовано использовать миостумулятор для пресса 2 раза в день с продолжительностью тренировки в 15 – 30 минут
7. Массажер автоматически выключится в течение 15 минут, если Вы не будете его использовать. Если же Вы хотите продолжить тренировку, то нажмите клавишу «+»."
438583992,Миостимуляторы,,"Лицо, Голова, Плечи, Поясница, Тело, Шея",,"В аппарате используются вращающиеся ролики, которые массажируют напряженные мышцы в определенной зоне. Движения роликов можно изменять с помощью кнопки. Массажер прорабатывает все группы мышц и по своим свойствам не уступает ручному массажу. Для более эффективного воздействия предусмотрен режим прогрева.

Преимущества массажной подушки с прогревом:
Различные режимы работы роликов;
Управление с помощью одной кнопки;
Встроенный аккумулятор, есть возможность наслаждаться массажем, как дома; так и в поездках, на работе или в офисе;
Съёмный чехол, который можно легко снять и постирать в стиральной машинке.
Результаты использования:
Избавление от болей в голове;
Мышечное снятие усталости;
Избавление от стресса и расслабление.
Различные режимы работы роликов;
Управление с помощью одной кнопки;
Встроенный аккумулятор, есть возможность наслаждаться массажем, как дома; так и в поездках, на работе или в офисе;
Съёмный чехол, который можно легко снять и постирать в стиральной машинке.
Различные режимы работы роликов;
Управление с помощью одной кнопки;
Встроенный аккумулятор, есть возможность наслаждаться массажем, как дома; так и в поездках, на работе или в офисе;
Съёмный чехол, который можно легко снять и постирать в стиральной машинке.
Избавление от болей в голове;
Мышечное снятие усталости;
Избавление от стресса и расслабление.
Избавление от болей в голове;
Мышечное снятие усталости;
Избавление от стресса и расслабление.

Способ применения
Подробно указан в инструкции 
Способ применения
Подробно указан в инструкции"
1412672885,GoodStore24,Сменная батарея,"Ноги, Ягодицы",Вибрационный,"Электрический стимулятор мышц- это революционный продукт, который помогает вам разглаживать мышцы без необходимости заниматься физическими упражнениями. Благодаря этому устройству вы сможете обрести уверенность в себе и создать тело собственной мечты. Пока ваши мышцы работают, вы можете заниматься привычными делами по дому. Регулируйте уровни интенсивности. Все остальное сделает за вас миостимулятор."
1256772639,Миостимуляторы,"Внешний источник питания, Сменный аккумулятор (нет в комплекте)",Тело,Акупрессурный,
1163639789,Kiboer,,"Поясница, Спина","Антицеллюлитный, Вибрационный, Миостимулирующий, Лимфодренажный","Способ применения
Учет потребностей различных людей и моделирование приемов ручного массажа. Выберите режим в соответствии с личными предпочтениями и наслаждайтесь массажем
Способ применения
Учет потребностей различных людей и моделирование приемов ручного массажа. Выберите режим в соответствии с личными предпочтениями и наслаждайтесь массажем"
1698210874,Миостимуляторы,"От сети 220В, Сменная батарея","Ноги, Плечи, Поясница, Руки, Спина, Тело","Антицеллюлитный, Импульсный, Лечебный, Миостимулирующий, Расслабляющий, Оздоровительный","Набор электро-контактов для миостимулятора (20 шт.) - это необходимый комплект для эффективного использования вашего устройства. Эти контакты обеспечивают безопасную и стабильную работу миостимулятора, что делает процедуры максимально комфортными. Они изготовлены из высококачественных материалов, обеспечивая надежность и долгий срок службы. Данный набор совместим с большинством моделей миостимуляторов. Важно помнить о замене контактов по мере необходимости, чтобы избежать болевых ощущений и обеспечить оптимальное воздействие во время процедур.

Способ применения
Устройство для воздействия на мышцы тела с помощью электрических импульсов. К телу прикладываются электроды в непосредственной близости к стимулируемым мышцам. Посылаемые от устройства электрические импульсы похожи на импульсы нервной системы, которые заставляют мышцы сокращаться.

Миостимулятор эффективен для лечения и восстановления естественной работы мышц, внутренних органов, коррекции фигуры, лечения целлюлита, укрепления мускулатуры, увеличения мышечной массы. В медицине — для восстановления сократительной способности мышц нижних конечностей, профилактики судорог, а также с целью лечения разрывов, растяжений и межмышечных гематом
Способ применения
Устройство для воздействия на мышцы тела с помощью электрических импульсов. К телу прикладываются электроды в непосредственной близости к стимулируемым мышцам. Посылаемые от устройства электрические импульсы похожи на импульсы нервной системы, которые заставляют мышцы сокращаться.

Миостимулятор эффективен для лечения и восстановления естественной работы мышц, внутренних органов, коррекции фигуры, лечения целлюлита, укрепления мускулатуры, увеличения мышечной массы. В медицине — для восстановления сократительной способности мышц нижних конечностей, профилактики судорог, а также с целью лечения разрывов, растяжений и межмышечных гематом"
1593643937,Миостимуляторы,От сети 220В,"Поясница, Тело","Антицеллюлитный, Вибрационный","С помощью пояса Вибратон Вы сделаете расслабляющий самомассаж спины, ног и рук, а также восстановите общее состояние организма после нервных потрясений и тяжелого трудового дня. Вечером после работы, пока вы отдыхаете в своем любимом кресле или готовите ужин, он работает над вашим телом и проблемными зонами.
Вы можете применять этот чудо-тренажер, находясь в любом положении (сидя, лежа или стоя) и месте (будь это дом или офис), можете взять его с собой в путешествие (в комплект входит серебристая сумочка с ручками для переноски
Также можете использовать его после занятий спортом, чтобы расслабить напряженные мышцы.
Пояс-массажер укрепляет брюшной пресс, помогает при остеохондрозе, сколиозе, устраняет боли в спине, улучшает кровообращение и обмен веществ, тонус мышц и структуру кожи, позволяет эффективно бороться с целлюлитом и избыточной массой тела.
Вибратон (Vibra tone) может применяться при онемении конечностей, снижении тонуса кишечника (запорах), работоспособности и головных болях.
Противопоказания, предостережения, советы
Не используйте вибромассажный пояс во время беременности, при тромбозе, острых заболеваниях, а также в течение получаса до или после приема пищи.
Храните Вибратон (Vibra tone) в недоступном для детей месте.
Рекомендуемое время сеанса массажа – 10 - 15 мин. для женщин и 20 - 25 - для мужчин (2 раза в день).
Внимание! Организм каждого человека индивидуален, поэтому продолжительность массажа может варьироваться в зависимости от вашего пола, комплекции и возраста.
После 30 мин. непрерывного использования вибромассажный пояс Вибратон (Vibra tone) автоматически отключается.
В сочетании с фитнес-упражнениями и белковой диетой, эффективность применения Вибратона (Vibra tone) увеличивается на 30-50 процентов.
С вибромассажным поясом Вибратон (Vibra tone) вы приобретете красивое, подтянутое тело. Он станет прекрасным подарком, как для женщины, так и для мужчины.

Технические характеристики Vibra Tone:
Автоматический и ручной режимы
5 видов вибрации
Пульт дистанционного управления
Регулируемая застежка-липучка
Питание от сети: 220-240 В
Частота тока: 50-60 Гц
Сила тока: 0,35 А
Длина шнура (с пультом): 81 см
Вы можете применять этот чудо-тренажер, находясь в любом положении (сидя, лежа или стоя) и месте (будь это дом или офис), можете взять его с собой в путешествие (в комплект входит серебристая сумочка с ручками для переноски
Также можете использовать его после занятий спортом, чтобы расслабить напряженные мышцы.
Пояс-массажер укрепляет брюшной пресс, помогает при остеохондрозе, сколиозе, устраняет боли в спине, улучшает кровообращение и обмен веществ, тонус мышц и структуру кожи, позволяет эффективно бороться с целлюлитом и избыточной массой тела.
Вибратон (Vibra tone) может применяться при онемении конечностей, снижении тонуса кишечника (запорах), работоспособности и головных болях.
Вы можете применять этот чудо-тренажер, находясь в любом положении (сидя, лежа или стоя) и месте (будь это дом или офис), можете взять его с собой в путешествие (в комплект входит серебристая сумочка с ручками для переноски
Также можете использовать его после занятий спортом, чтобы расслабить напряженные мышцы.
Пояс-массажер укрепляет брюшной пресс, помогает при остеохондрозе, сколиозе, устраняет боли в спине, улучшает кровообращение и обмен веществ, тонус мышц и структуру кожи, позволяет эффективно бороться с целлюлитом и избыточной массой тела.
Вибратон (Vibra tone) может применяться при онемении конечностей, снижении тонуса кишечника (запорах), работоспособности и головных болях.
Не используйте вибромассажный пояс во время беременности, при тромбозе, острых заболеваниях, а также в течение получаса до или после приема пищи.
Храните Вибратон (Vibra tone) в недоступном для детей месте.
Рекомендуемое время сеанса массажа – 10 - 15 мин. для женщин и 20 - 25 - для мужчин (2 раза в день).
Внимание! Организм каждого человека индивидуален, поэтому продолжительность массажа может варьироваться в зависимости от вашего пола, комплекции и возраста.
После 30 мин. непрерывного использования вибромассажный пояс Вибратон (Vibra tone) автоматически отключается.
В сочетании с фитнес-упражнениями и белковой диетой, эффективность применения Вибратона (Vibra tone) увеличивается на 30-50 процентов.
Не используйте вибромассажный пояс во время беременности, при тромбозе, острых заболеваниях, а также в течение получаса до или после приема пищи.
Храните Вибратон (Vibra tone) в недоступном для детей месте.
Рекомендуемое время сеанса массажа – 10 - 15 мин. для женщин и 20 - 25 - для мужчин (2 раза в день).
Внимание! Организм каждого человека индивидуален, поэтому продолжительность массажа может варьироваться в зависимости от вашего пола, комплекции и возраста.
После 30 мин. непрерывного использования вибромассажный пояс Вибратон (Vibra tone) автоматически отключается.
В сочетании с фитнес-упражнениями и белковой диетой, эффективность применения Вибратона (Vibra tone) увеличивается на 30-50 процентов.
Автоматический и ручной режимы
5 видов вибрации
Пульт дистанционного управления
Регулируемая застежка-липучка
Питание от сети: 220-240 В
Частота тока: 50-60 Гц
Сила тока: 0,35 А
Длина шнура (с пультом): 81 см
Автоматический и ручной режимы
5 видов вибрации
Пульт дистанционного управления
Регулируемая застежка-липучка
Питание от сети: 220-240 В
Частота тока: 50-60 Гц
Сила тока: 0,35 А
Длина шнура (с пультом): 81 см

Способ применения
Вибромассажный пояс Вибратон (Vibra tone) имеет 2 режима работы: «Автоматический» и «Ручной». Автоматический режим сочетает в себе 5 разных видов вибрации, чередование которых превращает процедуру массажа в приятный и в то же время эффективный процесс. Уникальная система вибрации пояса заставляет сокращаться мышцы вашего тела до 30-50 раз в секунду.Как пользоваться

Наденьте пояс на себя, подсоедините его к адаптеру, а тот в свою очередь к электросети.

Нажмите кнопку «Вкл./Выкл.» («On/Off») на пульте управления. Вы услышите звуковой сигнал, а на пульте ДУ загорится красная лампочка, подтверждающая готовность Вибратона (Vibra tone) к использованию.

Затем, с помощью кнопки «Режим» («Mode») выберите необходимый режим, пояс начнет работать.

Нажимая кнопки «+» и «-», вы можете регулировать скорость и силу вибрации пояса, а используя кнопку «Режим» («Mode»), в любой момент изменить режим его работы.

По окончании курса вибромассажа выключите Вибратон (Vibra tone), нажав кнопку «Вкл./Выкл.» («On/Off»), и отсоедините пояс от электросети.
Способ применения
Вибромассажный пояс Вибратон (Vibra tone) имеет 2 режима работы: «Автоматический» и «Ручной». Автоматический режим сочетает в себе 5 разных видов вибрации, чередование которых превращает процедуру массажа в приятный и в то же время эффективный процесс. Уникальная система вибрации пояса заставляет сокращаться мышцы вашего тела до 30-50 раз в секунду.Как пользоваться

Наденьте пояс на себя, подсоедините его к адаптеру, а тот в свою очередь к электросети.

Нажмите кнопку «Вкл./Выкл.» («On/Off») на пульте управления. Вы услышите звуковой сигнал, а на пульте ДУ загорится красная лампочка, подтверждающая готовность Вибратона (Vibra tone) к использованию.

Затем, с помощью кнопки «Режим» («Mode») выберите необходимый режим, пояс начнет работать.

Нажимая кнопки «+» и «-», вы можете регулировать скорость и силу вибрации пояса, а используя кнопку «Режим» («Mode»), в любой момент изменить режим его работы.

По окончании курса вибромассажа выключите Вибратон (Vibra tone), нажав кнопку «Вкл./Выкл.» («On/Off»), и отсоедините пояс от электросети."
1618376530,Миостимуляторы,От порта USB,"Зона декольте, Ноги, Руки, Тело, Поясница, Плечи","Акупунктурный, Вибрационный, Импульсный, Миостимулирующий",
1698204530,Миостимуляторы,От порта USB,"Тело, Ноги, Плечи, Поясница, Спина, Шея","Импульсный, Комбинированный, Лечебный, Лимфодренажный, Миостимулирующий, Оздоровительный","Способ применения
ИНСТРУКЦИЯ ПО ИСПОЛЬЗОВАНИЮ: На электронном табло ""Health Herald"" названия режимов указаны на английском языке. 1. Нажмите кнопку «ON/OFF». Включится ЖК - дисплей, на нем отобразится стрелка, с помощью которой нужно будет выбрать программу стимуляции: режим, силу и время воздействия. 2. Кнопкой «CHIEN/ENGLISH» нужно выбрать язык, на котором ЖК-дисплей будет отображать данные. 3.Выбор режимов стимуляции: нажмите кнопку «MODE» для выбора режимов. 4. Выбор силы воздействия: нажмите кнопку «WEAK»/ «STRONG» для выбора интенсивности тока. 5. Выбор временного интервала: нажмите кнопку «TIME» для выбора времени стимуляции. Вы можете выбрать от 5 до 15 минут стимуляции, каждое нажатие = 5 минут работы.
Режимы: 1) Strokе-Во время него оказываются совместные или интенсивные воздействия. Они полезны для стимуляции мышечной ткани и точек акупунктуры. 2) Weight Reducing-Уменьшение массы тела 3)Acupuncture-акупунктура-Действие данного режима похоже на действие акупунктурной иглы. 4) Manipulation — манипуляция. Воздействие этого режима похоже на точечный массаж. 5) Cupping — баночный массаж. 6) Massage — массаж. По действию похож на классический ручной массаж.
Способ применения
ИНСТРУКЦИЯ ПО ИСПОЛЬЗОВАНИЮ: На электронном табло ""Health Herald"" названия режимов указаны на английском языке. 1. Нажмите кнопку «ON/OFF». Включится ЖК - дисплей, на нем отобразится стрелка, с помощью которой нужно будет выбрать программу стимуляции: режим, силу и время воздействия. 2. Кнопкой «CHIEN/ENGLISH» нужно выбрать язык, на котором ЖК-дисплей будет отображать данные. 3.Выбор режимов стимуляции: нажмите кнопку «MODE» для выбора режимов. 4. Выбор силы воздействия: нажмите кнопку «WEAK»/ «STRONG» для выбора интенсивности тока. 5. Выбор временного интервала: нажмите кнопку «TIME» для выбора времени стимуляции. Вы можете выбрать от 5 до 15 минут стимуляции, каждое нажатие = 5 минут работы.
Режимы: 1) Strokе-Во время него оказываются совместные или интенсивные воздействия. Они полезны для стимуляции мышечной ткани и точек акупунктуры. 2) Weight Reducing-Уменьшение массы тела 3)Acupuncture-акупунктура-Действие данного режима похоже на действие акупунктурной иглы. 4) Manipulation — манипуляция. Воздействие этого режима похоже на точечный массаж. 5) Cupping — баночный массаж. 6) Massage — массаж. По действию похож на классический ручной массаж."
1686766129,Миостимуляторы,"Встроенный аккумулятор, От порта USB","Ноги, Шея, Поясница, Ягодицы, Спина","Импульсный, Миостимулирующий, Расслабляющий, Комбинированный, Оздоровительный",
1749816432,Миостимуляторы,"От порта USB, Сменная батарея","Плечи, Поясница, Тело, Шея, Ягодицы, Руки","Вибрационный, Импульсный, Лечебный, Миостимулирующий, Расслабляющий, Рефлекторный",
1704406046,Миостимуляторы,,Тело,"Акупрессурный, Антицеллюлитный, Вибрационный, Импульсный, Миостимулирующий",
1256728174,SALORIE,,"Ноги, Руки, Тело, Поясница, Плечи","Вибрационный, Миостимулирующий, Расслабляющий, Оздоровительный",
977841101,kebidu,От порта USB,"Плечи, Поясница, Руки, Ноги, Спина, Тело","Вибрационный, Рефлекторный, Расслабляющий","Напряжение: 3,7 В

Как использовать: A-F (8 режимов) 19 передач

Частота: 1-100HZ

Время работы: 15 минут

Выход: 35 мА максимум

Емкость батареи: 200mAH

Частота: 1 ~ 100 Гц

Вес: 31 г

Цвет: синий, черный

Размер: Как показано на картинке

Особенности:

* 100% абсолютно новый и качественный.

* Массажная часть: шея / спина / талия / бедро / ноги и другие части.

* 8 режимов & 19 уровней: Есть различные уровни интенсивности для каждого режима (постукивание, массаж, массаж, выжимание, постукивание, разминание, тренировка, формирование) Пользователи могут выбирать различную интенсивность в соответствии с индивидуальными потребностями.

* Помогает снять усталость, расслабить мышцы, улучшить кровообращение и сжечь жир.

*, В отличие от существующих общих массажных устройств, которые только растирают внешнюю часть мышц, массажер стимулирует и внутреннюю часть сил, чтобы усилить кровообращение эффективно для быстрого восстановления после усталости.

* Небольшой размер, легкий, легко носить и хранить.

Добро пожаловать! Мы рады представить вам электрический массажер, который не только расслабит ваше тело, но и укрепит мышцы. Наш массажер производит стимуляцию на разных участках тела, таких как шея, ноги и спина, отправляя микротоки и импульсы прямо в центральную нервную систему. Это позволяет сократить мышцы и повысить их тонус.Наш продукт идеально подойдет как для мужчин, так и для женщин, которые ищут эффективный способ улучшить свое здоровье и физическую форму. Этот массажер поможет вам справиться с мышечной усталостью после долгой работы или тренировок, а также снять стресс и расслабиться.Электрический массажер для тела идеально подходит для путешествий или восстановления после тяжелых рабочих дней и тренировок. EMS foot massager также поможет при восстановлении после травм или операций, благодаря микротоковой терапии.Виброплатформа электромиостимулятор является отличным антицеллюлитным средством и практична в использовании. С контроллером заряжается за 1 час, а с комплектным массажным ковриком для ступней поставляется USB кабель для зарядки.

Способ применения
1. Подключите миостимулятор к проводнику. 2. Отклейте защитную пленку с патчей. 3. Прикрепите массажер к необходимому участку тела с помощью гелевых патчей. 4. Включите массажер и выберите нужный режим.  Включение стимулятора и повышение интенсивности - кнопка ""+""; Выбор программы - кнопка ""M""; Выключение стимулятора и понижение интенсивности - кнопка ""-"".   Через 15 минут срабатывает автоотключение прибора. Рекомендуемая длительность сеанса - по 15 минут 2 раза в день.
Способ применения
1. Подключите миостимулятор к проводнику. 2. Отклейте защитную пленку с патчей. 3. Прикрепите массажер к необходимому участку тела с помощью гелевых патчей. 4. Включите массажер и выберите нужный режим.  Включение стимулятора и повышение интенсивности - кнопка ""+""; Выбор программы - кнопка ""M""; Выключение стимулятора и понижение интенсивности - кнопка ""-"".   Через 15 минут срабатывает автоотключение прибора. Рекомендуемая длительность сеанса - по 15 минут 2 раза в день."
1613993574,Миостимуляторы,"От порта USB, Сменный аккумулятор (нет в комплекте)","Тело, Шея, Поясница, Плечи, Ягодицы","Вибрационный, Миостимулирующий",
1412672882,GoodStore24,,,,"HIP Trainer – тренажер для ягодиц, который подтягивает попу и делает «булочки» круглыми и упругими. Если вы мечтали обрести шикарную форму без длительных тренировок, без занятий в зале, без постоянных физических нагрузок, просто попробуйте. Устройство закрепляется на бедрах, включается. Дальше вы можете заниматься своими делами: смотреть телевизор, читать книги, готовить ужин, убираться в доме. В это время микростимуляторы будут воздействовать на мышцы и «подтягивать» их."
1619483117,Миостимуляторы,"Встроенный аккумулятор, От порта USB",Ноги,"Миостимулирующий, Расслабляющий, Оздоровительный, Лечебный, Импульсный, Акупунктурный",
1712794654,Миостимуляторы,,,,
981495985,Миостимуляторы,От порта USB,Тело,Миостимулирующий,"Наука о мышцах тазового дна:

1. Мышца тазового дна - это ""мышечное ложе"" в нижней части таза, которое плотно удерживает мочеиспускательный канал, мочевой пузырь, влагалище, матку, прямую кишку и другие органы, поддерживая их нормальное положение для выполнения своих функций.

2. Основные симптомы дисфункции мышц тазового дна

Важной причиной дисфункции женского тазового дна является повреждение тканей тазового дна, вызванное беременностью и родами, его основными симптомами являются: дизурия, недержание мочи, тазовая боль, выпадение, нарушения дефекации и сексуальная дисфункция.

3. Дисфункция проявляется следующим образом:

Провисание тазовых органов: выпадение, выпячивание мочевого пузыря.

Сексуальная дисфункция: холодный секс, болезненный половой акт

Недержание мочи: кашель, чихание, подтекание мочи, частое мочеиспускание, ургентное мочеиспускание, никтурия

Домашняя версия прибора для терапии мышц тазового дна, а в больнице используется та же технология электростимуляции EMS. С помощью зонда для терапии тазового дна мягко стимулируется мышца тазового дна, чтобы улучшить силу и автономность поврежденной мышцы тазового дна.

Шесть режимов и шесть интенсивностей.

1. Вагинальный зонд: увеличьте эластичность мышц тазового дна.

2. Люмбоабдоминальный пластырь: восстановление матки

3. Пластырь для прямой мышцы живота: Придание формы

4. Пластырь на груди: послеродовой пролактин"
1916583100,Миостимуляторы,"Встроенный аккумулятор, От порта USB",Область вокруг глаз,"Акупрессурный, Акупунктурный, Антицеллюлитный, Вибрационный, Перкусионный",
1906471066,Meteai,Встроенный аккумулятор,Ноги,Миостимулирующий,"3D Массажер для ног – идеальное решение для расслабления и релаксации

Этот инновационный 3D массажер для ног станет вашим надежным помощником в борьбе с усталостью и стрессом. Благодаря уникальной технологии обработки поверхности, массажер идеально повторяет изгибы стопы, обеспечивая равномерное воздействие на все участки стопы.

Основные особенности:

8 техник массажа, имитирующих ручной массаж: Разнообразие техник позволяет выбрать наиболее подходящий вариант для расслабления, снятия усталости после работы или восстановления после тренировок.

8 режимов массажа и 29 уровней интенсивности: Вы можете настроить массажер в соответствии с вашими предпочтениями и потребностями, обеспечивая максимальный комфорт и эффективность.

Беспроводное управление: Удобный пульт дистанционного управления позволяет легко настраивать параметры массажа без необходимости наклоняться.

Технология EMS (микротоки): Помимо массажа стоп, устройство помогает улучшить тонус мышц ног, способствуя формированию красивого рельефа.

Двухслойная структура материала: Внутренняя часть массажера выполнена из высококачественных материалов, которые обеспечивают долговечность и комфорт во время использования.

Преимущества:

Универсальность: Массажер подходит для всей семьи. Это отличный подарок для пожилых людей, которые ценят заботу о здоровье, а также для тех, кто хочет расслабиться после напряженного дня.

Компактность и удобство: Массажер легко использовать дома или в офисе, он не занимает много места.

Эффективность: Регулярное использование массажера помогает улучшить кровообращение, снять напряжение в мышцах и улучшить общее самочувствие.

Подарите себе и своим близким здоровье и комфорт с 3D массажером для ног!

Этот массажер станет идеальным подарком для тех, кто заботится о своем здоровье и хочет наслаждаться жизнью без усталости и стресса. Закажите прямо сейчас и ощутите все преимущества профессионального массажа в домашних условиях!

Способ применения
1) Расстелить массажный коврик для ног на пол.
2) Подключить к нему аккумулятор (в комплекте).
3) Встать на коврик массажный для ног по разметке.
4) Чтобы включить массажер для ног нажмите кнопку ""+"", выберите программу. Программа выбирается кнопкой ""М"". 
5) Мощность регулируется при помощи кнопок «+» и «–». После выбора программы и мощности, ещё раз нажать кнопку «M».
Наслаждайтесь массажем стоп!
• Выключается массажер электрический автоматически через 15 минут.
• Для досрочного выключения нажмите на правую кнопку.
• Перед первым применением зарядить аккумулятор. Время заряда - 40 минут.
• Массажер для ног электрический противопоказан лицам с заболеваниями сердца, тромбозом глубоких вен, беременным, при открытых ранах стопы, кожных заболеваниях в период обострения.
Способ применения
1) Расстелить массажный коврик для ног на пол.
2) Подключить к нему аккумулятор (в комплекте).
3) Встать на коврик массажный для ног по разметке.
4) Чтобы включить массажер для ног нажмите кнопку ""+"", выберите программу. Программа выбирается кнопкой ""М"". 
5) Мощность регулируется при помощи кнопок «+» и «–». После выбора программы и мощности, ещё раз нажать кнопку «M».
Наслаждайтесь массажем стоп!
• Выключается массажер электрический автоматически через 15 минут.
• Для досрочного выключения нажмите на правую кнопку.
• Перед первым применением зарядить аккумулятор. Время заряда - 40 минут.
• Массажер для ног электрический противопоказан лицам с заболеваниями сердца, тромбозом глубоких вен, беременным, при открытых ранах стопы, кожных заболеваниях в период обострения."
1621585401,Миостимуляторы,Сменный аккумулятор (нет в комплекте),Тело,"Вакуумный, Миостимулирующий, Расслабляющий, Оздоровительный, Лечебный, Лимфодренажный",
1670546020,Миостимуляторы,,,,
1672864320,Миостимуляторы,"Встроенный аккумулятор, От порта USB","Ноги, Шея, Поясница, Плечи","Вибрационный, Миостимулирующий","Способ применения
Использование после зарядки
Способ применения
Использование после зарядки"
1698734060,Миостимуляторы,"Встроенный аккумулятор, От порта USB",Руки,"Акупунктурный, Импульсный, Миостимулирующий, Оздоровительный, Расслабляющий","Микротоковый прибор для глубокого сна на запястье - это инновационный гаджет, который поможет вам расслабиться и уснуть быстрее. Антистресс для рук EMS одевается на запястье и надежно фиксируется благодаря силиконовому ремешку со стальной застежкой. Прибор имеет три режима работы: слабый, средний и сильный, а также таймер на 10, 20 или 30 минут.

Прибор стимулирует аккупунктурные точки на руке микротоком, что помогает снять стресс, депрессию и бессонницу. Он также способствует легкому засыпанию и глубокому сну, а во время бодрствования может использоваться как антистресс или для придания бодрости.

Микротоковый прибор для глубокого сна EMS идеально подходит для тех, кто испытывает стресс в жизни и склонен к тревоге, депрессии и трудностям со сном. Материал ABS + сталь и встроенный аккумулятор емкостью 150 мАч делают прибор легким и удобным в использовании. Вход USB-C и вес всего 39 грамм позволяют заряжать прибор от любого устройства с выходом USB.

Размеры микротокового прибора на запястье составляют 276 х 36 х 15,5 мм, что делает его компактным и портативным. Цвет прибора - черный, что позволяет использовать его как дома, так и на работе.

Преимущества микротокового прибора для глубокого сна:

- Стимулирует аккупунктурные точки и помогает снять стресс и депрессию.

- Способствует легкому засыпанию, глубокому сну и бодрствованию.

- Подходит для людей с трудностями со сном и стрессом в жизни.

- Легкий, компактный и портативный.

- Заряжается от USB-C.

- Имеет три режима работы и таймер.

Закажите микротоковый прибор EMS на запястье уже сегодня и наслаждайтесь глубоким сном и спокойствием в любое время!

Способ применения
Одевается на руку. Стимулирует аккупунктурные точки микротоком.
Таймер включает прибор на 10/20/30 мин.
Переключатель режима работы слабый/средний/сильный регулирует силу тока.
Снимает депрессию, помогает от бессоницы, способствует легкому засыпанию и глубокому сну.
Во время бодрствования применяется как антистресс и придания бодрости.
Способ применения
Одевается на руку. Стимулирует аккупунктурные точки микротоком.
Таймер включает прибор на 10/20/30 мин.
Переключатель режима работы слабый/средний/сильный регулирует силу тока.
Снимает депрессию, помогает от бессоницы, способствует легкому засыпанию и глубокому сну.
Во время бодрствования применяется как антистресс и придания бодрости."
1865485987,SIXPAD,,"Поясница, Тело",Миостимулирующий,"Способ применения
1. Смочить электроды небольшим количеством воды
2. Оберните пояс Sixpad Power Suit Core Belt вокруг живота и запустите на тренировку
Способ применения
1. Смочить электроды небольшим количеством воды
2. Оберните пояс Sixpad Power Suit Core Belt вокруг живота и запустите на тренировку"
1402676301,Миостимуляторы,"От сети 220В, Сменная батарея","Ноги, Плечи, Поясница, Руки, Спина, Тело","Антицеллюлитный, Импульсный, Лечебный, Миостимулирующий, Расслабляющий, Оздоровительный","Миостимулятор тела - это устройство, которое поможет вам поддерживать свое тело в тонусе и улучшить общее состояние здоровья. Он оснащен комплектом принадлежностей, в который входит 8 пар электродов-липучек, тапочки и перчатки, что позволяет использовать его для различных частей тела. Таким образом, он пригоден для массажа рук, ног, спины, живота и других частей тела. Устройство имеет удобную форму и легкий вес, что делает его комфортным в использовании.

Благодаря широкому спектру применения, удобству использования и возможности регулировки интенсивности, миостимулятор станет незаменимым помощником в вашем стремлении к здоровью и красоте.

Способ применения
Устройство для воздействия на мышцы тела с помощью электрических импульсов. К телу прикладываются электроды в непосредственной близости к стимулируемым мышцам. Посылаемые от устройства электрические импульсы похожи на импульсы нервной системы, которые заставляют мышцы сокращаться.

Миостимулятор эффективен для лечения и восстановления естественной работы мышц, внутренних органов, коррекции фигуры, лечения целлюлита, укрепления мускулатуры, увеличения мышечной массы. В медицине — для восстановления сократительной способности мышц нижних конечностей, профилактики судорог, а также с целью лечения разрывов, растяжений и межмышечных гематом
Способ применения
Устройство для воздействия на мышцы тела с помощью электрических импульсов. К телу прикладываются электроды в непосредственной близости к стимулируемым мышцам. Посылаемые от устройства электрические импульсы похожи на импульсы нервной системы, которые заставляют мышцы сокращаться.

Миостимулятор эффективен для лечения и восстановления естественной работы мышц, внутренних органов, коррекции фигуры, лечения целлюлита, укрепления мускулатуры, увеличения мышечной массы. В медицине — для восстановления сократительной способности мышц нижних конечностей, профилактики судорог, а также с целью лечения разрывов, растяжений и межмышечных гематом"
1619307230,Миостимуляторы,От порта USB,"Зона декольте, Ноги, Руки, Тело, Поясница, Плечи","Акупунктурный, Вибрационный, Импульсный, Миостимулирующий",
1620286431,Миостимуляторы,Сменный аккумулятор (нет в комплекте),"Поясница, Ягодицы","Вибрационный, Миостимулирующий","Способ применения
Установите батарею для использования
Способ применения
Установите батарею для использования"
899876619,Gess,Встроенный аккумулятор,Руки,Миостимулирующий,"Массажер для рук TWINS поможет восстановить тонус мышц, подтянуть дряблую и обвисшую кожу, убрать излишки жира и восстановить силу рук и кистей без мощных силовых нагрузок и изнурительных тренировок. Всего за 15 минут в день вы можете добиться заметных результатов без необходимости ходить в спортзал или работать с большими весами. EMS-тренажер работает за счет электрических импульсов, которые имитируют естественные электрические импульсы мозга и сокращают мышцы. Массажер предотвращает перенапряжение и повреждения суставов, его можно применять в период восстановления после травм. Миостимулятор для мышц рук работает в 7 режимах с 15 уровнями интенсивности, которые соответствуют разным типам тренировок: кардио, силовая, направленная на сжигание жира и так далее. В отличие от подобных тренажеров с EMS спортивный миостимулятор TWINS прост и безопасен в применении: он не требует гелевых подушечек и дополнительных деталей. Его необходимо просто держать руками, руки должны располагаться на небольшом расстоянии друг от друга. Тренируйтесь в любое время и в любом месте – зарядки аккумулятора хватает на 5 часов работы.

✔️ КРАСИВАЯ ФОРМА РУК БЕЗ СИЛОВЫХ НАГРУЗОК

Прибор генерирует низкочастотные электрические импульсы, похожие на естественные электрические импульсы мозга и сокращают мышцы. Массажер поможет восстановить силу рук и кистей, скорректировать проблемные зоны, убрать излишек подкожного жира, уменьшить дряблость кожи и восстановить мышцы, потерявшие тонус.

✔️ ПРЕДОТВРАЩАЕТ ПЕРЕНАПРЯЖЕНИЕ И ТРАВМЫ

EMS-тренажер укрепляет и наращивает мышцы без перенапряжения и чрезмерных усилий. Он не требует работы с большими весами, но не менее эффективен. Также миостимулятор можно использовать в период восстановления после травм.

✔️ ПОДТЯГИВАЕТ ОБВИСШУЮ КОЖУ НА РУКАХ

Электромиостимулятор поможет убрать излишки жира и подтянуть кожу в верхней части рук – наиболее проблемной особенно в зрелом возрасте зоне.

✔️ БЫСТРО НАРАЩИВАЕТ СИЛУ РУК

Достаточно 15 минут в день, чтобы добиться заметного и устойчивого результата. Массажер для мышц можно использовать как для самостоятельных тренировок, так и для усиления тренировок в зале. Тренируйтесь в любое время и в любом месте.

✔️ 7 РЕЖИМОВ РАБОТЫ

Спортивный миостимулятор подходит как новичкам, так и продвинутым пользователям. 7 режимов работы и 15 уровней интенсивности соответствуют разным типам тренировок: кардио-, силовая, направленная на сжигание жира, выносливость. Тренажер для рук также подходит спортсменам, так как EMS-стимуляция в режиме «расслабление» помогает снять мышечную боль и усталость после интенсивных нагрузок.

✔️ ПОЛНОЦЕННАЯ ТРЕНИРОВКА БЕЗ ДОПОЛНИТЕЛЬНОГО ИНВЕНТАРЯ

Миостимулятор для мышц прост и безопасен в применении: в отличие от подобных EMS-тренажеров он не требует гелевых подушечек и дополнительных деталей. Его используют на голой коже.

✔️ РАБОТАЕТ БЕЗ ПОДЗАРЯДКИ ДО 5 ЧАСОВ

Прибор легок и мобилен, его можно брать с собой в поездки и путешествия. Зарядите массажер с помощью USB-провода и рассчитывайте на 5 часов работы без подзарядки.

Способ применения
Управление и функции:
Световые индикаторы на дисплее показывают выбранный режим и уровень интенсивности.
• Режимы EMS от 1 до 7
• Уровни интенсивности EMS от 1 до 15.

1. Нажмите и удерживайте кнопку ВКЛ/ВЫКЛ в течение 2 секунд. Прибор начнет работу на 1 режиме и 1 уровне интенсивности.
2. Чтобы выбрать нужный режим, последовательно нажимайте кнопку ВКЛ/ВЫКЛ.
3. Чтобы настроить нужную интенсивность выбранного режима, используйте кнопки +/- (см. схему в инсрукции) до необходимого уровня.
4. В случае переключения режима во время работы прибора будет автоматически установлен 1‑й уровень интенсивности.
5. Если отпустить одну из рукояток во время работы тренажера, примерно через 3 секунды будет установлен 1‑й уровень интенсивности, а затем, примерно через 30 секунд, дважды прозвучит звуковой сигнал, и устройство автоматически отключится.
6. Чтобы выключить прибор, нажмите и удерживайте кнопку ВКЛ/ВЫКЛ в течение 2 секунд
Способ применения
Управление и функции:
Световые индикаторы на дисплее показывают выбранный режим и уровень интенсивности.
• Режимы EMS от 1 до 7
• Уровни интенсивности EMS от 1 до 15.

1. Нажмите и удерживайте кнопку ВКЛ/ВЫКЛ в течение 2 секунд. Прибор начнет работу на 1 режиме и 1 уровне интенсивности.
2. Чтобы выбрать нужный режим, последовательно нажимайте кнопку ВКЛ/ВЫКЛ.
3. Чтобы настроить нужную интенсивность выбранного режима, используйте кнопки +/- (см. схему в инсрукции) до необходимого уровня.
4. В случае переключения режима во время работы прибора будет автоматически установлен 1‑й уровень интенсивности.
5. Если отпустить одну из рукояток во время работы тренажера, примерно через 3 секунды будет установлен 1‑й уровень интенсивности, а затем, примерно через 30 секунд, дважды прозвучит звуковой сигнал, и устройство автоматически отключится.
6. Чтобы выключить прибор, нажмите и удерживайте кнопку ВКЛ/ВЫКЛ в течение 2 секунд"
1620352493,Миостимуляторы,"От порта USB, Сменный аккумулятор (нет в комплекте)","Тело, Шея, Поясница, Плечи, Ягодицы","Вибрационный, Миостимулирующий",
1433270744,Миостимуляторы,,"Тело, Ноги, Поясница, Ягодицы","Вибрационный, Антицеллюлитный, Миостимулирующий, Оздоровительный, Разминание, Расслабляющий","Миостимулятор для пресса - это отличное решение, когда совсем нет времени и финансов на занятия в тренажерных залах. Тренажер для пресса предназначен для укрепления мышц и массажа. Во время работы тренажера для пресса, вы не испытаете чувства дискомфорта и можете заниматься важными делами. Результат достигается за счёт электрических импульсов, под воздействием которых происходит сокращение мышц.

Комплект из трех миостимуляторов позволяет одновременно тренировать пресс и мышцы обеих рук и ног, также у электрического массажера имеется несколько режимов интенсивности. Абсолютно безопасен и эффективен.

Пояс миостимулятор может быть использован и как дополнение к физическим упражнениям, и как самостоятельный тренажер.

С помощью EMS-Trainer Вы сможете:

- повысить упругость и объем мышц;

- избавиться от целлюлита;

- достигнуть результатов без потери времени;

- промассировать проблемные участки.

Благодаря многофункциональности данного массажера, вы легко усовершенствуете свою программу тренировок и отлично прокачаете тело. Вибромассажер  / Электростимулятор для пресса"
519875964,Perselezo,Сменная батарея,"Шея, Поясница, Плечи, Ноги","Акупунктурный, Импульсный, Миостимулирующий, Оздоровительный, Расслабляющий","Neck Relax мини-массажер в виде обруча, используемый для массажа шеи, а также других частей тела. Выполняет расслабляющий массаж, способный усилить циркуляцию крови в тканях, тем самым улучшив самочувствие.

Использование низкочастотной электротерапии, магнитотерапии. В сочетании с современными электронными научными и технологическими исследованиями новое поколение профилактики цервикальных заболеваний и контроля над высокотехнологичной продукцией.

Особенности:
Изделие с гибкими растягивающимися крыльями имеет U-образную форму, благодаря чему может меняться по ширине и настраиваться под любую шею.
Вибрацию, напоминающую иглоукалывание, обеспечивают полярные элементы, расположенные внутри конструкции.
В комплекте предусмотрены два электрода, которые можно использовать для импульсного массажа других частей тела, например, плеч и верхней части спины.
На корпусе массажера расположены четыре кнопки: кнопка включения, кнопка выбора режима и две кнопки для настройки интенсивности.
Изделие выполнено из качественных и безопасных материалов.
Компактные габариты и вес позволят Вам взять массажер на работу, в командировку или в путешествие.
Работает от двух батареек типа ААА - 2шт. (в комплекте)
Изделие с гибкими растягивающимися крыльями имеет U-образную форму, благодаря чему может меняться по ширине и настраиваться под любую шею.
Вибрацию, напоминающую иглоукалывание, обеспечивают полярные элементы, расположенные внутри конструкции.
В комплекте предусмотрены два электрода, которые можно использовать для импульсного массажа других частей тела, например, плеч и верхней части спины.
На корпусе массажера расположены четыре кнопки: кнопка включения, кнопка выбора режима и две кнопки для настройки интенсивности.
Изделие выполнено из качественных и безопасных материалов.
Компактные габариты и вес позволят Вам взять массажер на работу, в командировку или в путешествие.
Работает от двух батареек типа ААА - 2шт. (в комплекте)
Изделие с гибкими растягивающимися крыльями имеет U-образную форму, благодаря чему может меняться по ширине и настраиваться под любую шею.
Вибрацию, напоминающую иглоукалывание, обеспечивают полярные элементы, расположенные внутри конструкции.
В комплекте предусмотрены два электрода, которые можно использовать для импульсного массажа других частей тела, например, плеч и верхней части спины.
На корпусе массажера расположены четыре кнопки: кнопка включения, кнопка выбора режима и две кнопки для настройки интенсивности.
Изделие выполнено из качественных и безопасных материалов.
Компактные габариты и вес позволят Вам взять массажер на работу, в командировку или в путешествие.
Работает от двух батареек типа ААА - 2шт. (в комплекте)"
577855609,Миостимуляторы,От сети 220В,"Ноги, Плечи, Руки","Импульсный, Вибрационный","Электрический нагревательный массажер для лечения колена, инфракрасная поддержка суставов, вибратор, массажер для плеч, локтей. Теплотерапия, магнитная терапия, вибрационный массаж. Первый помощник при болях в суставах, связок, оттеках и забитых мышцах. Грелка обеспечивает мягкое тепло при температуре 50С, а 100% медный двигатель, работающий до 3350 импульсов в минуту, помогает получить комплексную реабилитацию. Аппарат имеет 3 автоматических программы (10-15-20 минут). Эластичный неопреновый материал и регулируемые лямки подходят для разных размеров. Литий-ионная батарея позволяет использовать аппарат портативно. 

Функционал массажера: 

1. Помогает при артрите и хронических болях в суставах. 

2. Снимает болевой синдром на длительное время.

3. Восстанавливает мышцы и связки после тренировок, полученных травм, операций. 

4. Улучшает циркуляцию крови, что способствует скорейшей реабилитации. 

5. Облегчение мышечной боли при растяжениях, вывихах. 

6. Увеличивает подвижность суставов."
1887627664,Beurer,"Встроенный аккумулятор, От порта USB","Тело, Поясница, Спина, Ягодицы","Вибрационный, Миостимулирующий, Антицеллюлитный, Лечебный, Разминание, Импульсный","Способ применения
1. Установите и зафиксируйте контролер выбора режима и интенсивности на передней части пояса для похудения, как это показано на рисунке. (Инструкция находится внутри коробки)
2. Распылите немного воды на силиконовую прокладку тренажера для пресса. Поддерживайте ее влажной на протяжении всей тренировки, для того чтобы пояс мог плотно прилегать к Вашему телу.
3. Закрепите миостимулятор для похудения на Вашей талии.
4. Нажмите клавишу «+» для того чтобы включить массажер. С помощью клавиши «М» выберете 1 из 6 режимов работы. Затем снова нажмите на клавишу «+» для того чтобы отрегулировать интенсивность работы. Наш контролер имеет 9 уровней интенсивности. РЕКОМЕНДУЕТСЯ начинать тренировки с минимальной интенсивностью. В конце тренировки нажимайте клавишу «- » до тех пор, пока индикатор интенсивности не покажет значение «0». Затем снова нажмите клавишу «-» и массажер выключится.
5. После завершения тренировки протрите электрический массажер влажным полотенцем и положите в чистое место. Ни в коем случае не мойте водой!
6. Рекомендовано использовать миостумулятор для пресса 2 раза в день с продолжительностью тренировки в 15 – 30 минут
7. Массажер автоматически выключится в течение 15 минут, если Вы не будете его использовать. Если же Вы хотите продолжить тренировку, то нажмите клавишу «+».
Способ применения
1. Установите и зафиксируйте контролер выбора режима и интенсивности на передней части пояса для похудения, как это показано на рисунке. (Инструкция находится внутри коробки)
2. Распылите немного воды на силиконовую прокладку тренажера для пресса. Поддерживайте ее влажной на протяжении всей тренировки, для того чтобы пояс мог плотно прилегать к Вашему телу.
3. Закрепите миостимулятор для похудения на Вашей талии.
4. Нажмите клавишу «+» для того чтобы включить массажер. С помощью клавиши «М» выберете 1 из 6 режимов работы. Затем снова нажмите на клавишу «+» для того чтобы отрегулировать интенсивность работы. Наш контролер имеет 9 уровней интенсивности. РЕКОМЕНДУЕТСЯ начинать тренировки с минимальной интенсивностью. В конце тренировки нажимайте клавишу «- » до тех пор, пока индикатор интенсивности не покажет значение «0». Затем снова нажмите клавишу «-» и массажер выключится.
5. После завершения тренировки протрите электрический массажер влажным полотенцем и положите в чистое место. Ни в коем случае не мойте водой!
6. Рекомендовано использовать миостумулятор для пресса 2 раза в день с продолжительностью тренировки в 15 – 30 минут
7. Массажер автоматически выключится в течение 15 минут, если Вы не будете его использовать. Если же Вы хотите продолжить тренировку, то нажмите клавишу «+»."
1654397809,Миостимуляторы,,Поясница,,"Технические характеристики：

Изготовлен из высококачественного гидрогеля. 
Прост в использовании, просто приклейте к ленте из абс-пластика. 
При тщательной защите каждая прокладка может прослужить 20-30 раз. в хорошо запечатанной упаковке. 
Перед использованием гелевых прокладок очистите кожу, так как пот и загрязнение могут повлиять на адгезию и срок службы. 
Пожалуйста, промойте гелевые прокладки или нанесите немного воды, чтобы очистить их, и дайте им высохнуть на воздухе, затем прикрепите их к пластиковой доске для следующего использования, что может восстановить сцепление и срок службы. 
Храните их в тени и прохладном месте, недоступном для детей. 

Цвет: Прозрачный

Материал: гель

Размер: 6 * 4 см

Упаковка: в каждом запечатанном пакете по две штуки

В комплект входит: 

2/6/12/18 штук (1/3/6/9 пакетиков) в комплекте

Записи:
Из-за разницы в освещении и настройках экрана цвет изделия может немного отличаться от представленного на фотографиях.
Пожалуйста, учитывайте небольшую разницу в размерах из-за различных ручных измерений."
801383554,Миостимуляторы,,Тело,,"Характеристики:
Изготовлен из высококачественного гидрогеля.
Простота в использовании, просто придерживайтесь размещения ремня для пресса.
Каждая прокладка может служить 20-30 раз, если ее тщательно защищать. с хорошо запечатанной упаковке.
Очистите кожу перед использованием гелевых подушечек, пот и грязь повлияют на адгезию и срок службы.
Пожалуйста, промойте или нанесите немного воды, чтобы очистить гелевые подушечки, и дайте им высохнуть на воздухе, затем прикрепите их к пластиковой доске для следующего использования, что может восстановить сцепление и срок службы.
Держите их в тени и прохладном месте от прикосновения детей.
Цвет: прозрачный
Материал: гель
Размер: 6*4 см
Упаковка: в каждом запаянном пакете по две штуки
Посылка включает:
6/12/18 шт. (3/6/9 пакетов) в комплекте"
1679940081,OEM,"От сети 220В, Внешний источник питания","Поясница, Плечи, Ягодицы, Тело, Ноги, Руки","Рефлекторный, Расслабляющий, Миостимулирующий, Лимфодренажный, Лечебный, Импульсный",
,,,,,
1671479921,Миостимуляторы,"От сети 220В, Сменная батарея","Ноги, Плечи, Поясница, Руки, Спина, Тело","Антицеллюлитный, Импульсный, Лечебный, Миостимулирующий, Расслабляющий, Оздоровительный","Набор электро-контактов для миостимулятора (20 шт.) - это необходимый комплект для эффективного использования вашего устройства. Эти контакты обеспечивают безопасную и стабильную работу миостимулятора, что делает процедуры максимально комфортными. Они изготовлены из высококачественных материалов, обеспечивая надежность и долгий срок службы. Данный набор совместим с большинством моделей миостимуляторов. Важно помнить о замене контактов по мере необходимости, чтобы избежать болевых ощущений и обеспечить оптимальное воздействие во время процедур.

Способ применения
Устройство для воздействия на мышцы тела с помощью электрических импульсов. К телу прикладываются электроды в непосредственной близости к стимулируемым мышцам. Посылаемые от устройства электрические импульсы похожи на импульсы нервной системы, которые заставляют мышцы сокращаться.

Миостимулятор эффективен для лечения и восстановления естественной работы мышц, внутренних органов, коррекции фигуры, лечения целлюлита, укрепления мускулатуры, увеличения мышечной массы. В медицине — для восстановления сократительной способности мышц нижних конечностей, профилактики судорог, а также с целью лечения разрывов, растяжений и межмышечных гематом
Способ применения
Устройство для воздействия на мышцы тела с помощью электрических импульсов. К телу прикладываются электроды в непосредственной близости к стимулируемым мышцам. Посылаемые от устройства электрические импульсы похожи на импульсы нервной системы, которые заставляют мышцы сокращаться.

Миостимулятор эффективен для лечения и восстановления естественной работы мышц, внутренних органов, коррекции фигуры, лечения целлюлита, укрепления мускулатуры, увеличения мышечной массы. В медицине — для восстановления сократительной способности мышц нижних конечностей, профилактики судорог, а также с целью лечения разрывов, растяжений и межмышечных гематом"
1916419490,YUNCHI,Встроенный аккумулятор,"Руки, Плечи, Тело, Шея, Ноги",Миостимулирующий,
1633531038,Миостимуляторы,От порта USB,"Зона декольте, Ноги, Руки, Тело, Поясница, Плечи","Акупунктурный, Вибрационный, Импульсный, Миостимулирующий",
1680933099,Миостимуляторы,"Сменная батарея, Внешний источник питания","Ноги, Тело, Поясница, Плечи","Антицеллюлитный, Вибрационный, Импульсный, Миостимулирующий","Способ применения
Заряжайте и пользуйтесь
Способ применения
Заряжайте и пользуйтесь"
1619307147,Миостимуляторы,От порта USB,"Зона декольте, Ноги, Руки, Тело, Поясница, Плечи","Акупунктурный, Вибрационный, Импульсный, Миостимулирующий",
1765478943,Миостимуляторы,От порта USB,Плечи,,
1663857543,Миостимуляторы,"От порта USB, Сменная батарея","Плечи, Поясница, Тело, Шея, Ягодицы, Руки","Вибрационный, Импульсный, Лечебный, Миостимулирующий, Расслабляющий, Рефлекторный",
1620352472,Миостимуляторы,"От порта USB, Сменный аккумулятор (нет в комплекте)","Тело, Шея, Поясница, Плечи, Ягодицы","Вибрационный, Миостимулирующий",
530183845,IZITOPER,От сети 220В,"Тело, Ноги, Руки, Поясница, Плечи, Лицо",Миостимулирующий,"Миостимулятор IZITOPER AS-305C – многофункциональный прибор предназначен для массажа разных частей тела. Он воздействует на боли в суставах, поддерживает в тонусе мышцы, в некоторых случаях заменяет фитнес-тренировки. Для проведения вышеперечисленных процедур данный электромиостимулятор укомплектован набором электродов на разные части тела. Электростимулятор соответствует классу защиты №2 (Протокол испытаний № 190404-008-05/ИР от 29.04.2019г.)

Массажёр для тела «IZITOPER» имеет в своем арсенале серьезный набор регулируемых и автоматических программ для качественного и приятного массажа, способного удовлетворить запросы даже самых требовательных клиентов:

 Режимы, программы, время, интенсивность, девайсы.

Режим «СЛИММИНГ»Предназначен для уменьшения жировых отложений при использовании пластин.

Режим «ФИТНЕС»Предназначен для тренировки мышц и повышения их силы и упругости. Идеален при использовании пластин, а также специализированных аксессуаров, которые можно приобрести дополнительно

МЕТОД-1 Режим «ВЫЖИМАНИЕ» Благодаря своему эффективному воздействию на мышцы, выжимание широко применяется в гигиеническом и спортивном массаже.

МЕТОД-2 Режим «МАССИРОВАНИЕ» Массирование состоит в сдвигании и растяжении тканей в различных направлениях. При этом кожа активно стимулируется. Массирование оказывает более глубокое воздействие на мышцы.

МЕТОД-3 Режим «ПУЛЬСИРОВАНИЕ» Это такой прием массажа, при котором массируемому участку придают различные колебания с различной скоростью и амплитудой. Так как ткани обладают природной упругостью, механические колебания, возникающие от массажа на их поверхности в виде волн распространяются не только по поверхности, но и приятно проникают вглубь.

МЕТОД-4 Режим «ПОСТУКИВАНИЕ» Постукивание нужно выполнять на предельно расслабленных мышцах. Ударные приемы выполняются на крупных мышцах (на ягодицах, спине, бедрах и т. п.).

Программа «ЛИЦО» Данная программа в 2 раза нежнее по мощности, чем остальные программы и режимы. Благодаря чему имеет самое мягкое воздействие на кожу и предназначена специально для использования аксессуара - импульсной лицевой маски.

Программа «СТОПЫ» Используется при работе с джок-электродами, и представляет собой эффект, сравнимый с симбиозом электронной миостимуляции расслабляющего массажа стоп.

Программа «ПЛЕЧИ»Специфика плечевой зоны заключается в близости к сердцу и головному мозгу - эта особенность учтена специалистами при разработке данной программы.

Программа «СПИНА» В пояснично-крестцовой зоне сосредоточено наименьшее количество жировых клеток, что повышает эффективность воздействия электрическими импульсами. Программа адаптирована таким образом, чтобы проводить массаж в максимально щадящем режиме прохождения сигналов.

Программы «НОГИ» и «РУКИ » Данные программы разработаны с поправкой на физиологические особенности строения конечностей.

 «ВРЕМЯ» Электронный таймер для регулирования продолжительности сеанса массажа.

«КАНАЛ-1» «КАНАЛ-2» Аналоговые регуляторы интенсивности прохождения импульсов через каждый канал. Другими словами - это регуляторы мощности непосредственно процедуры массажа.

Светодиодная гарнитура «ЛАЗЕР ДЛЯ НОСА» Данная гарнитура используется при стимуляции ноздрей. Для приведения в рабочее положение её нужно подключить к выходу для «лазера». Во время сеанса мощностные параметры не регулируются. По окончанию сеанса штекер гарнитуры-лазер нужно извлечь из гнезда.

«ЗАЖИМ-КЛИПСА» Применяется для массажа мочек ушей. Данный вид массажа идеально подходит для успокоения и снятия стресса. Обычно 15-ти минутного массажа достаточно для крепкого и здорового ночного сна.

«МАСКА ДЛЯ ЛИЦА» Высокотехнологичный девайс для разглаживания морщин вокруг глаз. Обладает ярко выраженным косметологическим эффектом. 

Основные технические характеристики

Напряжение питающей сети переменного отока,В................................20 +/- 20

Дополнительный источник питания.....................................элемента питания, тип АА

Материал корпуса....................................................................АБС-пластик

Количество каналов.......................................................................................3 канала

Длительность импульса................................................................................30-350 мкс

Частота повторения импульсов......................................................................1-290 Гц

Интенсивность...................................................регулируемая от 0 до 90 мА (1000 Ом)

Срок эксплуатации..........................................................................................до 10 лет

Способ применения
Режимы, программы, время, интенсивность, девайсы.

Режим «СЛИММИНГ»Предназначен для уменьшения жировых отложений при использовании пластин.

Режим «ФИТНЕС»Предназначен для тренировки мышц и повышения их силы и упругости. Идеален при использовании пластин, а также специализированных аксессуаров, которые можно приобрести дополнительно

МЕТОД-1 Режим «ВЫЖИМАНИЕ» Благодаря своему эффективному воздействию на мышцы, выжимание широко применяется в гигиеническом и спортивном массаже.

МЕТОД-2 Режим «МАССИРОВАНИЕ» Массирование состоит в сдвигании и растяжении тканей в различных направлениях. При этом кожа активно стимулируется. Массирование оказывает более глубокое воздействие на мышцы.

МЕТОД-3 Режим «ПУЛЬСИРОВАНИЕ» Это такой прием массажа, при котором массируемому участку придают различные колебания с различной скоростью и амплитудой. Так как ткани обладают природной упругостью, механические колебания, возникающие от массажа на их поверхности в виде волн распространяются не только по поверхности, но и приятно проникают вглубь.

МЕТОД-4 Режим «ПОСТУКИВАНИЕ» Постукивание нужно выполнять на предельно расслабленных мышцах. Ударные приемы выполняются на крупных мышцах (на ягодицах, спине, бедрах и т. п.).

Программа «ЛИЦО» Данная программа в 2 раза нежнее по мощности, чем остальные программы и режимы. Благодаря чему имеет самое мягкое воздействие на кожу и предназначена специально для использования аксессуара - импульсной лицевой маски.

Программа «СТОПЫ» Используется при работе с джок-электродами, и представляет собой эффект, сравнимый с симбиозом электронной миостимуляции расслабляющего массажа стоп.

Программа «ПЛЕЧИ»Специфика плечевой зоны заключается в близости к сердцу и головному мозгу - эта особенность учтена специалистами при разработке данной программы.

Программа «СПИНА» В пояснично-крестцовой зоне сосредоточено наименьшее количество жировых клеток, что повышает эффективность воздействия электрическими импульсами. Программа адаптирована таким образом, чтобы проводить массаж в максимально щадящем режиме прохождения сигналов.

Программы «НОГИ» и «РУКИ » Данные программы разработаны с поправкой на физиологические особенности строения конечностей.

 «ВРЕМЯ» Электронный таймер для регулирования продолжительности сеанса массажа.

«КАНАЛ-1» «КАНАЛ-2» Аналоговые регуляторы интенсивности прохождения импульсов через каждый канал. Другими словами - это регуляторы мощности непосредственно процедуры массажа.

Светодиодная гарнитура «ЛАЗЕР ДЛЯ НОСА» Данная гарнитура используется при стимуляции ноздрей. Для приведения в рабочее положение её нужно подключить к выходу для «лазера». Во время сеанса мощностные параметры не регулируются. По окончанию сеанса штекер гарнитуры-лазер нужно извлечь из гнезда.

«ЗАЖИМ-КЛИПСА» Применяется для массажа мочек ушей. Данный вид массажа идеально подходит для успокоения и снятия стресса. Обычно 15-ти минутного массажа достаточно для крепкого и здорового ночного сна.

«МАСКА ДЛЯ ЛИЦА» Высокотехнологичный девайс для разглаживания морщин вокруг глаз. Обладает ярко выраженным косметологическим эффектом. 
Способ применения
Режимы, программы, время, интенсивность, девайсы.

Режим «СЛИММИНГ»Предназначен для уменьшения жировых отложений при использовании пластин.

Режим «ФИТНЕС»Предназначен для тренировки мышц и повышения их силы и упругости. Идеален при использовании пластин, а также специализированных аксессуаров, которые можно приобрести дополнительно

МЕТОД-1 Режим «ВЫЖИМАНИЕ» Благодаря своему эффективному воздействию на мышцы, выжимание широко применяется в гигиеническом и спортивном массаже.

МЕТОД-2 Режим «МАССИРОВАНИЕ» Массирование состоит в сдвигании и растяжении тканей в различных направлениях. При этом кожа активно стимулируется. Массирование оказывает более глубокое воздействие на мышцы.

МЕТОД-3 Режим «ПУЛЬСИРОВАНИЕ» Это такой прием массажа, при котором массируемому участку придают различные колебания с различной скоростью и амплитудой. Так как ткани обладают природной упругостью, механические колебания, возникающие от массажа на их поверхности в виде волн распространяются не только по поверхности, но и приятно проникают вглубь.

МЕТОД-4 Режим «ПОСТУКИВАНИЕ» Постукивание нужно выполнять на предельно расслабленных мышцах. Ударные приемы выполняются на крупных мышцах (на ягодицах, спине, бедрах и т. п.).

Программа «ЛИЦО» Данная программа в 2 раза нежнее по мощности, чем остальные программы и режимы. Благодаря чему имеет самое мягкое воздействие на кожу и предназначена специально для использования аксессуара - импульсной лицевой маски.

Программа «СТОПЫ» Используется при работе с джок-электродами, и представляет собой эффект, сравнимый с симбиозом электронной миостимуляции расслабляющего массажа стоп.

Программа «ПЛЕЧИ»Специфика плечевой зоны заключается в близости к сердцу и головному мозгу - эта особенность учтена специалистами при разработке данной программы.

Программа «СПИНА» В пояснично-крестцовой зоне сосредоточено наименьшее количество жировых клеток, что повышает эффективность воздействия электрическими импульсами. Программа адаптирована таким образом, чтобы проводить массаж в максимально щадящем режиме прохождения сигналов.

Программы «НОГИ» и «РУКИ » Данные программы разработаны с поправкой на физиологические особенности строения конечностей.

 «ВРЕМЯ» Электронный таймер для регулирования продолжительности сеанса массажа.

«КАНАЛ-1» «КАНАЛ-2» Аналоговые регуляторы интенсивности прохождения импульсов через каждый канал. Другими словами - это регуляторы мощности непосредственно процедуры массажа.

Светодиодная гарнитура «ЛАЗЕР ДЛЯ НОСА» Данная гарнитура используется при стимуляции ноздрей. Для приведения в рабочее положение её нужно подключить к выходу для «лазера». Во время сеанса мощностные параметры не регулируются. По окончанию сеанса штекер гарнитуры-лазер нужно извлечь из гнезда.

«ЗАЖИМ-КЛИПСА» Применяется для массажа мочек ушей. Данный вид массажа идеально подходит для успокоения и снятия стресса. Обычно 15-ти минутного массажа достаточно для крепкого и здорового ночного сна.

«МАСКА ДЛЯ ЛИЦА» Высокотехнологичный девайс для разглаживания морщин вокруг глаз. Обладает ярко выраженным косметологическим эффектом."
1225948742,Миостимуляторы,Встроенный аккумулятор,"Тело, Шея, Ноги",Миостимулирующий,"Электрический массажер используется для массажа шеи, плеч, лица, поясницы, живота, позвоночника, пресса, груди, рук, ягодиц, икр, под коленом, бедер (бедра), ступней, ног, спины и других частей тела с применением технологии миостимуляции. Поможет снять напряжение практически с любой зоны, части тела. 8 рабочих режимов и с разным уровнем интенсивности 1-19. Воздействует на зону тела безопасным низкочастотным импульсом. Прибор позволит поддерживать здоровье человека в тонусе, красоту кожи, убирать целлюлит и обеспечивает релакс во время процедуры. Девайс подходит для мужчин, женщин, подростков и девочек. Устройство выполнено из ABS смолы и PU кожи. Для зарядки массажера предусматривается USB разъем. Емкость встроенной аккумуляторной батареи составляет 150 мАч. Особенности и преимущества массажера Ручной бытовой вибромассажер может задействоваться как антицеллюлитное устройство.

Способ применения
Перед использованием протрите кожу массажируемого места влажным полотенцем. Подключите миостимулятор к проводнику. Отклейте защитную прозрачную пленку с патчей. Прикрепите массажер к той части тела, которую вы хотите массировать. Описание режимов на дисплее прописано на английском языке, для этого в карточку товара добавили инструкцию, с которой рекомендуется ознакомиться. Нажмите кнопку "" M"" и выберете нужный режим программы. Включение стимулятора и повышение интенсивности с помощью кнопки ""+"". Выключение стимулятора и понижение интенсивности с помощью кнопки ""-"". Через 15 минут срабатывает автоотключение прибора. Рекомендуемая длительность сеанса - по 15 минут 2 раза в день. Если массажёр не заработал - зарядите его в течение 30 минут.
Способ применения
Перед использованием протрите кожу массажируемого места влажным полотенцем. Подключите миостимулятор к проводнику. Отклейте защитную прозрачную пленку с патчей. Прикрепите массажер к той части тела, которую вы хотите массировать. Описание режимов на дисплее прописано на английском языке, для этого в карточку товара добавили инструкцию, с которой рекомендуется ознакомиться. Нажмите кнопку "" M"" и выберете нужный режим программы. Включение стимулятора и повышение интенсивности с помощью кнопки ""+"". Выключение стимулятора и понижение интенсивности с помощью кнопки ""-"". Через 15 минут срабатывает автоотключение прибора. Рекомендуемая длительность сеанса - по 15 минут 2 раза в день. Если массажёр не заработал - зарядите его в течение 30 минут."
1717046434,ANYSMART,Встроенный аккумулятор,Лицо,Акупунктурный,"Аппарат для улучшения сна — это инновационное устройство, созданное для того, чтобы помочь вам улучшить качество сна и избавиться от бессонницы, тревоги и стресса. Оно работает на основе метода CES (cranial electrotherapy stimulation), который использует магнитные импульсы для стимуляции коры головного мозга. Это стимулирует выработку эндорфинов и других нейромедиаторов, которые помогают улучшить настроение и общее самочувствие.

Как работает аппарат для улучшения сна?

Устройство создаёт ток низкой амплитуды, который стимулирует нейроны в коре головного мозга. Это имитирует естественные электрические сигналы, которые помогают регулировать сон, бодрствование и другие функции организма.

Преимущества аппарата для улучшения сна:
Эффективно борется с бессонницей, тревогой и стрессом.
Не имеет побочных эффектов и не вызывает привыкания.
Простое в использовании и может применяться в любом месте.
Инструкция по применению:
Прижмите ушные зажимы к акупунктурным точкам Чуй Цянь с каждой стороны мочек ушей.
Нажмите и удерживайте кнопку питания, чтобы включить устройство.
Нажмите кнопку интенсивности, чтобы отрегулировать желаемую интенсивность.
Очистите и смочите мочки ушей водой, спиртом или мыльной водой, чтобы повысить проводимость, если у вас нет ощущений.
Используйте устройство 1–2 раза в день, один раз утром и один раз ранним вечером перед сном, по 15 минут каждый раз. Вы можете повторить процедуру, если вам нужно больше времени.
Аппарат для улучшения сна — это отличный выбор для тех, кто хочет улучшить качество своего сна и избавиться от бессонницы, тревоги и стресса. Это научно обоснованный метод, который поможет вам жить лучше без стресса и беспокойства.
Эффективно борется с бессонницей, тревогой и стрессом.
Не имеет побочных эффектов и не вызывает привыкания.
Простое в использовании и может применяться в любом месте.
Эффективно борется с бессонницей, тревогой и стрессом.
Не имеет побочных эффектов и не вызывает привыкания.
Простое в использовании и может применяться в любом месте.
Прижмите ушные зажимы к акупунктурным точкам Чуй Цянь с каждой стороны мочек ушей.
Нажмите и удерживайте кнопку питания, чтобы включить устройство.
Нажмите кнопку интенсивности, чтобы отрегулировать желаемую интенсивность.
Очистите и смочите мочки ушей водой, спиртом или мыльной водой, чтобы повысить проводимость, если у вас нет ощущений.
Используйте устройство 1–2 раза в день, один раз утром и один раз ранним вечером перед сном, по 15 минут каждый раз. Вы можете повторить процедуру, если вам нужно больше времени.
Прижмите ушные зажимы к акупунктурным точкам Чуй Цянь с каждой стороны мочек ушей.
Нажмите и удерживайте кнопку питания, чтобы включить устройство.
Нажмите кнопку интенсивности, чтобы отрегулировать желаемую интенсивность.
Очистите и смочите мочки ушей водой, спиртом или мыльной водой, чтобы повысить проводимость, если у вас нет ощущений.
Используйте устройство 1–2 раза в день, один раз утром и один раз ранним вечером перед сном, по 15 минут каждый раз. Вы можете повторить процедуру, если вам нужно больше времени."
2219719516,TensCare,,Тело,"Миостимулирующий, Оздоровительный",
1570679461,Миостимуляторы,"От сети 220В, Сменная батарея","Ноги, Плечи, Поясница, Руки, Спина, Тело","Антицеллюлитный, Импульсный, Лечебный, Миостимулирующий, Расслабляющий, Оздоровительный","Набор электро-контактов для миостимулятора (20 шт.) - это необходимый комплект для эффективного использования вашего устройства. Эти контакты обеспечивают безопасную и стабильную работу миостимулятора, что делает процедуры максимально комфортными. Они изготовлены из высококачественных материалов, обеспечивая надежность и долгий срок службы. Данный набор совместим с большинством моделей миостимуляторов. Важно помнить о замене контактов по мере необходимости, чтобы избежать болевых ощущений и обеспечить оптимальное воздействие во время процедур.

Способ применения
Устройство для воздействия на мышцы тела с помощью электрических импульсов. К телу прикладываются электроды в непосредственной близости к стимулируемым мышцам. Посылаемые от устройства электрические импульсы похожи на импульсы нервной системы, которые заставляют мышцы сокращаться.

Миостимулятор эффективен для лечения и восстановления естественной работы мышц, внутренних органов, коррекции фигуры, лечения целлюлита, укрепления мускулатуры, увеличения мышечной массы. В медицине — для восстановления сократительной способности мышц нижних конечностей, профилактики судорог, а также с целью лечения разрывов, растяжений и межмышечных гематом
Способ применения
Устройство для воздействия на мышцы тела с помощью электрических импульсов. К телу прикладываются электроды в непосредственной близости к стимулируемым мышцам. Посылаемые от устройства электрические импульсы похожи на импульсы нервной системы, которые заставляют мышцы сокращаться.

Миостимулятор эффективен для лечения и восстановления естественной работы мышц, внутренних органов, коррекции фигуры, лечения целлюлита, укрепления мускулатуры, увеличения мышечной массы. В медицине — для восстановления сократительной способности мышц нижних конечностей, профилактики судорог, а также с целью лечения разрывов, растяжений и межмышечных гематом"
1401836118,Миостимуляторы,"От сети 220В, Сменная батарея","Ноги, Плечи, Поясница, Руки, Спина, Тело","Антицеллюлитный, Импульсный, Лечебный, Миостимулирующий, Расслабляющий, Оздоровительный","Миостимулятор тела - это устройство, которое поможет вам поддерживать свое тело в тонусе и улучшить общее состояние здоровья. Он оснащен комплектом принадлежностей, в который входит 8 пар электродов-липучек, тапочки и перчатки, что позволяет использовать его для различных частей тела. Таким образом, он пригоден для массажа рук, ног, спины, живота и других частей тела. Устройство имеет удобную форму и легкий вес, что делает его комфортным в использовании.

Благодаря широкому спектру применения, удобству использования и возможности регулировки интенсивности, миостимулятор станет незаменимым помощником в вашем стремлении к здоровью и красоте.

Способ применения
Устройство для воздействия на мышцы тела с помощью электрических импульсов. К телу прикладываются электроды в непосредственной близости к стимулируемым мышцам. Посылаемые от устройства электрические импульсы похожи на импульсы нервной системы, которые заставляют мышцы сокращаться.

Миостимулятор эффективен для лечения и восстановления естественной работы мышц, внутренних органов, коррекции фигуры, лечения целлюлита, укрепления мускулатуры, увеличения мышечной массы. В медицине — для восстановления сократительной способности мышц нижних конечностей, профилактики судорог, а также с целью лечения разрывов, растяжений и межмышечных гематом
Способ применения
Устройство для воздействия на мышцы тела с помощью электрических импульсов. К телу прикладываются электроды в непосредственной близости к стимулируемым мышцам. Посылаемые от устройства электрические импульсы похожи на импульсы нервной системы, которые заставляют мышцы сокращаться.

Миостимулятор эффективен для лечения и восстановления естественной работы мышц, внутренних органов, коррекции фигуры, лечения целлюлита, укрепления мускулатуры, увеличения мышечной массы. В медицине — для восстановления сократительной способности мышц нижних конечностей, профилактики судорог, а также с целью лечения разрывов, растяжений и межмышечных гематом"
1865486783,SIXPAD,,"Тело, Поясница",Миостимулирующий,"Способ применения
1. Смочить электроды небольшим количеством воды
2. Оберните пояс Sixpad Power Suit Core Belt вокруг живота и запустите на тренировку
Способ применения
1. Смочить электроды небольшим количеством воды
2. Оберните пояс Sixpad Power Suit Core Belt вокруг живота и запустите на тренировку"
1672864291,Миостимуляторы,"Встроенный аккумулятор, От порта USB","Ноги, Шея, Поясница, Плечи","Вибрационный, Миостимулирующий","Способ применения
Использование после зарядки
Способ применения
Использование после зарядки"
801383592,Миостимуляторы,,Тело,,"Характеристики:
Изготовлен из высококачественного гидрогеля.
Простота в использовании, просто придерживайтесь размещения ремня для пресса.
Каждая прокладка может служить 20-30 раз, если ее тщательно защищать. с хорошо запечатанной упаковке.
Очистите кожу перед использованием гелевых подушечек, пот и грязь повлияют на адгезию и срок службы.
Пожалуйста, промойте или нанесите немного воды, чтобы очистить гелевые подушечки, и дайте им высохнуть на воздухе, затем прикрепите их к пластиковой доске для следующего использования, что может восстановить сцепление и срок службы.
Держите их в тени и прохладном месте от прикосновения детей.
Цвет: прозрачный
Материал: гель
Размер: 6*4 см
Упаковка: в каждом запаянном пакете по две штуки
Посылка включает:
6/12/18 шт. (3/6/9 пакетов) в комплекте"
1760944998,OEM,От сети 220В,"Тело, Шея, Ягодицы, Поясница, Плечи, Ноги","Миостимулирующий, Расслабляющий, Рефлекторный, Перкусионный, Лечебный",
1422596613,OEM,,"Ноги, Плечи, Поясница, Тело, Шея, Ягодицы",,"Ударно-волновая терапия — метод, при котором на соединительную и костную ткань оказывается физическое воздействие при помощи акустических импульсов. Глубина воздействия волн - до 6 см, площадь – больше 17 см, а частота импульсов – 1-23 имп/сек.Принцип действия аппаратов УВТПрибор воздействует акустическими волнами на солевые плотные образования, появляющиеся в костях и суставах, разрушая их. Ускоряется восстановление пораженных тканей, расслабляется скелетная мускулатура, снимается напряжение с мышечной ткан, нагрузка суставов. Метод обладает локомоторно-корригирующим, расслабляющим, репаративно-регенераторным, гипоалгезивным, дефиброзирующим лечебными эффектами.Терапия широко используется в ортопедии при тендопатии — патологии, возникающей при повреждении сухожилия в месте его соединения с костью. Процесс сопровождается болью, воспалением, отечностью. Тендопатии возникают из-за спортивных нагрузок, возрастных изменений, развития плоскостопия, неправильной обуви, инфекции.Показаниея к УВТ: хронические воспалительные (дегенеративно-дистрофические) заболевания опорно-двигательного аппарата – артрозы, стилоидиты, тендинозы, эпикондилиты, тендиниты, кальцинозы, пяточная шпора, синдром Дюпюитрена, фасциит, стресс-переломы, плоскостопие, бурситы; дегенеративно-дистрофические хронические заболевания позвоночника – грыжи, остеохондроз, протрузии дисков, лигаментиты таза, миофасциты;переломы, повреждения мышц, сухожилий, связок.Аппарат воздействия импульсами — это косметическая я и медицинская техника, высокая цена которой окупается множественными эстетическими и лечебными эффектами. Оборудование позволяет решить следующие проблемы:ухудшение микроциркуляции,пяточная шпора,травма тканей,мышечные спазмы.Прибор эффективен также в борьбе с целлюлитом. Он создает сфокусированные волны диапазона высокой частоты, разрушающие оболочки жировых клеток. Этот способ борьбы с проблемами фигуры не потребует периода реабилитации — сразу после сеанса можно вести обычный образ жизни, заниматься спортом. Воздействие аппаратов для омоложения увеличивает выработку коллагена.Технические характеристикиЧастота от 1 до 25 ГерцМощность от 0 до 175 мДжРесурс наконечника 10мл. импульсов

Действие Оздоровительный; Медицинский; Ударно-Волновая терапия

Вес товара с упаковкой (г) 5000 г

Высота предмета 10 см

Длина предмета 40 см

Зона массажа тело; спина; интимная зона

Страна производства：Китай

Ширина предмета 32 см

Длина упаковки 42 см

Высота упаковки 12 см

Ширина упаковки 35 см

Комплектация Основной блок управления-1шт; Массажные головки разного диаметра-7шт; Силиконовые крышки-4шт; Ручка с приводом-1шт; Кейс портативный-1шт，3 мягкие резиновые головки

Материалы

Материал изделия abs-пластик

внимание

2-3 раза в неделю, по 3-8 минут за раз, максимум не более 15 минут

Способ применения
Массаж всего тела, расслабление
Способ применения
Массаж всего тела, расслабление"
1654397898,Миостимуляторы,,Поясница,,"Технические характеристики：

Изготовлен из высококачественного гидрогеля. 
Прост в использовании, просто приклейте к ленте из абс-пластика. 
При тщательной защите каждая прокладка может прослужить 20-30 раз. в хорошо запечатанной упаковке. 
Перед использованием гелевых прокладок очистите кожу, так как пот и загрязнение могут повлиять на адгезию и срок службы. 
Пожалуйста, промойте гелевые прокладки или нанесите немного воды, чтобы очистить их, и дайте им высохнуть на воздухе, затем прикрепите их к пластиковой доске для следующего использования, что может восстановить сцепление и срок службы. 
Храните их в тени и прохладном месте, недоступном для детей. 

Цвет: Прозрачный

Материал: гель

Размер: 6 * 4 см

Упаковка: в каждом запечатанном пакете по две штуки

В комплект входит: 

2/6/12/18 штук (1/3/6/9 пакетиков) в комплекте

Записи:
Из-за разницы в освещении и настройках экрана цвет изделия может немного отличаться от представленного на фотографиях.
Пожалуйста, учитывайте небольшую разницу в размерах из-за различных ручных измерений."
1332788873,Ergonova,Сменный аккумулятор,"Ноги, Поясница, Руки, Спина, Тело, Ягодицы","Рефлекторный, Миостимулирующий, Импульсный",
1715515660,Миостимуляторы,Встроенный аккумулятор,"Плечи, Руки, Тело, Поясница, Шея, Ягодицы","Миостимулирующий, Импульсный, Вибрационный","Массажер ""Массажер - бабочка""  — это инновационное средство для ухода за вашим телом, разработанное с использованием EMS технологии для усиления вашего физического состояния и поддержания красивой фигуры. Портативный и легкий массажер идеально подходит для тех, кто ищет универсальное решение для расслабления мышц после тренировок или долгого рабочего дня. Массажер стимулирует кровообращение, что способствует уменьшению усталости и улучшению общего самочувствия. Применяя массажер на различные зоны тела, вы можете эффективно тонизировать мышцы живота, рук, ног и спины, добиваясь желаемых результатов без лишних усилий.

EMS миостимулятор ""Массажер - бабочка"" работает за счет специальных электрических импульсов, которые воздействуют на мышцы, имитируя естественные сокращения, подобные тем, что происходят при физических упражнениях.

Эргономичный дизайн в форме бабочки обеспечивает точное прилегание к телу и равномерное распределение импульсов, что делает его использование максимально комфортным и эффективным. 

Этот массажер также является отличным средством поддержания тонуса мышц и общего улучшения состояния организма в домашних условиях. Независимо от вашего уровня физической подготовки, вы оцените его пользу и удобство.

Способ применения
1. Закрепите массажер на пластырь. 
2. Снимите прозрачную бумагу с патча. 
3. Поместите массажер на участок тела, который необходимо массировать. 
4. Включите массажер и выберите подходящий режим массажа и интенсивность массажа регулируя их кнопочками на самом аппарате. 
Кнопки ""+"" и ""-"" регулируют силу тока. 
Кнопка ""M"" регулирует режим
Способ применения
1. Закрепите массажер на пластырь. 
2. Снимите прозрачную бумагу с патча. 
3. Поместите массажер на участок тела, который необходимо массировать. 
4. Включите массажер и выберите подходящий режим массажа и интенсивность массажа регулируя их кнопочками на самом аппарате. 
Кнопки ""+"" и ""-"" регулируют силу тока. 
Кнопка ""M"" регулирует режим"
1910746783,Meteai,Встроенный аккумулятор,Ноги,Миостимулирующий,"3D Массажер для ног – идеальное решение для расслабления и релаксации

Этот инновационный 3D массажер для ног станет вашим надежным помощником в борьбе с усталостью и стрессом. Благодаря уникальной технологии обработки поверхности, массажер идеально повторяет изгибы стопы, обеспечивая равномерное воздействие на все участки стопы.

Основные особенности:

8 техник массажа, имитирующих ручной массаж: Разнообразие техник позволяет выбрать наиболее подходящий вариант для расслабления, снятия усталости после работы или восстановления после тренировок.

8 режимов массажа и 29 уровней интенсивности: Вы можете настроить массажер в соответствии с вашими предпочтениями и потребностями, обеспечивая максимальный комфорт и эффективность.

Беспроводное управление: Удобный пульт дистанционного управления позволяет легко настраивать параметры массажа без необходимости наклоняться.

Технология EMS (микротоки): Помимо массажа стоп, устройство помогает улучшить тонус мышц ног, способствуя формированию красивого рельефа.

Двухслойная структура материала: Внутренняя часть массажера выполнена из высококачественных материалов, которые обеспечивают долговечность и комфорт во время использования.

Преимущества:

Универсальность: Массажер подходит для всей семьи. Это отличный подарок для пожилых людей, которые ценят заботу о здоровье, а также для тех, кто хочет расслабиться после напряженного дня.

Компактность и удобство: Массажер легко использовать дома или в офисе, он не занимает много места.

Эффективность: Регулярное использование массажера помогает улучшить кровообращение, снять напряжение в мышцах и улучшить общее самочувствие.

Подарите себе и своим близким здоровье и комфорт с 3D массажером для ног!

Этот массажер станет идеальным подарком для тех, кто заботится о своем здоровье и хочет наслаждаться жизнью без усталости и стресса. Закажите прямо сейчас и ощутите все преимущества профессионального массажа в домашних условиях!

Способ применения
1) Расстелить массажный коврик для ног на пол.
2) Подключить к нему аккумулятор (в комплекте).
3) Встать на коврик массажный для ног по разметке.
4) Чтобы включить массажер для ног нажмите кнопку ""+"", выберите программу. Программа выбирается кнопкой ""М"". 
5) Мощность регулируется при помощи кнопок «+» и «–». После выбора программы и мощности, ещё раз нажать кнопку «M».
Наслаждайтесь массажем стоп!
• Выключается массажер электрический автоматически через 15 минут.
• Для досрочного выключения нажмите на правую кнопку.
• Перед первым применением зарядить аккумулятор. Время заряда - 40 минут.
• Массажер для ног электрический противопоказан лицам с заболеваниями сердца, тромбозом глубоких вен, беременным, при открытых ранах стопы, кожных заболеваниях в период обострения.
Способ применения
1) Расстелить массажный коврик для ног на пол.
2) Подключить к нему аккумулятор (в комплекте).
3) Встать на коврик массажный для ног по разметке.
4) Чтобы включить массажер для ног нажмите кнопку ""+"", выберите программу. Программа выбирается кнопкой ""М"". 
5) Мощность регулируется при помощи кнопок «+» и «–». После выбора программы и мощности, ещё раз нажать кнопку «M».
Наслаждайтесь массажем стоп!
• Выключается массажер электрический автоматически через 15 минут.
• Для досрочного выключения нажмите на правую кнопку.
• Перед первым применением зарядить аккумулятор. Время заряда - 40 минут.
• Массажер для ног электрический противопоказан лицам с заболеваниями сердца, тромбозом глубоких вен, беременным, при открытых ранах стопы, кожных заболеваниях в период обострения."
1620540247,OEM,"Внешний источник питания, От сети 220В","Ноги, Плечи, Поясница, Руки, Шея, Ягодицы","Рефлекторный, Расслабляющий, Оздоровительный, Миостимулирующий, Лимфодренажный, Лечебный",
1760959293,OEM,"От сети 220В, Внешний источник питания","Ноги, Плечи, Поясница, Руки, Тело, Ягодицы","Вибрационный, Перкусионный, Рефлекторный, Расслабляющий, Лечебный",
1771874596,Миостимуляторы,,"Шея, Ноги, Поясница, Тело",,"Последовательность применения:

1. Перед использованием массажера, убедитесь, что область массажа тела чистая и не содержит следов пота. 

2. Установите массажер с помощью магнитных присосок на гелевую накладку;

3. Удалите защитную пленку с накладки;

4. Зафиксируйте накладку на необходимом участке тела, для лучшей фиксации можно воспользоваться ремешками, продев их между миостимулятором и накладкой;

При выборе скорости постепенно увеличивайте силу тока до тех пор, пока не почувствуете в теле комфорт;

 

 

1. Knock (покалывание) - уменьшает боль в мышцах и придает тонус, улучшает работу нервной системы;

Shake (встряска) - укрепляет мышцы, снимает напряжение и усталость, помогает скорректировать фигуру;

Press (пресс) - уменьшает объем талии и укрепляет мышцы пресса, формирует рельеф мышечного пояса;

Massage (массаж) - укрепляет сосуды и стимулирует лимфо- и кровообращение, помогает при атрофии мышц и тканей;

Intensify (укрепление) - укрепляет мышцы и улучшает питание кожи, добиваясь эффекта лифтинга кожи и упругости мышц;

+ Дополнительный режим (разогревающий эффект до 43 °C) - физиотерапевтическое действие, расслабление, снятие мышечных спазмов, боли и уменьшение накопления молочной кислоты.

 

Рекомендации специалистов:

• Оптимальная длительность процедуры миостимуляции 30 минут. 

• Проводить процедуру желательно раз в 2-3 дня по 30 минут, либо раз в 1-2 дня по 15-20 

минут. 

• Тренировка проводится примерно через 1-1,5 часа после приема пищи и не менее чем за 1,5-2 часа до сна.

 

Внимание:

Не используйте миостимулятор одновременно с другими медицинскими аппаратами, это может привести к серьезным повреждениям тела.

 

 

Название цвета

черный

 

Комплектация

Миостимулятор для пресса, ног, тела, шеи, живота, рук, спины, поясницы (1 шт) 

Миостимулятор Тела(1шт) , 

гелевое основание (1 шт),"
1976166729,Миостимуляторы,Встроенный аккумулятор,"Ягодицы, Зона декольте","Вакуумный, Рефлекторный, Вибрационный",
1655493326,YONGJIN,Встроенный аккумулятор,"Ноги, Плечи, Поясница, Руки, Спина, Тело","Вибрационный, Импульсный, Лимфодренажный, Перкусионный","Способ применения
1) Возьмите перкуссионный массажер и вращательным движением установите массажную насадку до упора. Насадку выберите в зависимости от обрабатываемого участка тела. 
2) Включите прибор переведя переключатель ""on/off"" в положение ""on"". 
3) Нажмите кнопку ""Старт/Стоп"" для включения первого режима скорости. 
4) Выберите для себя необходимый режим путем нажатия на кнопку ""Старт/Стоп"". Процедуру массажа выполняйте аккуратно и плавно, избегайте резких движений. 
5) После окончания массажных процедур остановите работу устройства удерживайте кнопку ""Старт/Стоп"" в течении 1-2 сек.
 6) Для полного выключения массажера переведите переключатель ""on/off"" в положение ""off"".
 7) Положите перкуссионный массажер в кейс для переноски и хранения.
Способ применения
1) Возьмите перкуссионный массажер и вращательным движением установите массажную насадку до упора. Насадку выберите в зависимости от обрабатываемого участка тела. 
2) Включите прибор переведя переключатель ""on/off"" в положение ""on"". 
3) Нажмите кнопку ""Старт/Стоп"" для включения первого режима скорости. 
4) Выберите для себя необходимый режим путем нажатия на кнопку ""Старт/Стоп"". Процедуру массажа выполняйте аккуратно и плавно, избегайте резких движений. 
5) После окончания массажных процедур остановите работу устройства удерживайте кнопку ""Старт/Стоп"" в течении 1-2 сек.
 6) Для полного выключения массажера переведите переключатель ""on/off"" в положение ""off"".
 7) Положите перкуссионный массажер в кейс для переноски и хранения."
1416990601,EMS FOOT MASSAGER,Встроенный аккумулятор,Ноги,"Акупунктурный, Импульсный, Миостимулирующий, Оздоровительный, Расслабляющий","Миостимулятор для ног Ems foot massager – это инновационный массажный коврик, способный справиться с болями в мышцах и суставах. Устройство действует на стопы с помощью коротких электрических импульсов и обеспечивает эффективный и безболезненный массаж. В комплекте с миостимулятором есть пульт управления, что делает его использование еще более удобным. Благодаря компактным размерам, этот массажер всегда можно брать с собой в любое место и использовать по необходимости. Миостимулятор поможет вам избавиться от болей в мышцах и суставах, улучшить кровообращение и освободить ноги от усталости. Кроме того, это устройство может быть использовано в качестве профилактического средства при боли в ногах после интенсивных физических нагрузок.

·         утомление ног после хождения на высоких каблуках или длительной ходьбе;

·         ощущение покалывания, холода в ногах;

·         склонность к отечности ног;

·         пожилой возраст, избыточный вес;

·         болезни суставов ног: артрит, артроз, подагра;

·         воспаление или растяжка связок, сухожилий;

·         травмы ног;

·         заболевания опорно-двигательного аппарата;

·         сосудистые заболевания с нарушением кровообращения в стопе;

·         ранняя стадия варикозного расширения вен;

·         период ремиссии остеопороза мелких суставов стопы и т.д.

Массаж стоп является эффективным и безопасным способом лечения и профилактики различных заболеваний, оказывая положительное воздействие на организм в целом. Миостимулятор обладает огромным количеством полезных лечебных, тонизирующих и расслабляющих свойств, способствующих улучшению общего состояния организма.

— стимулирует рефлекторные зоны стопы, облегчая болевые ощущения;

— восстанавливает подвижность суставов ног при артритах и артрозах;

— воздействует на биологически активные точки;

— положительно влияет на нервную, опорно-двигательную и иммунную системы организма;

— устраняет застойные явления в кровеносных сосудах нижних конечностей;

— восстанавливает функции стоп;

— предотвращает развитие плоскостопия у детей;

— нормализует сон и давление;

— способствует укреплению мышц свода стопы;

— снимает мышечное напряжение, отеки, усталость в ногах;

— оказывает седативное и антидепрессивное действие;

— предотвращает появление мозолей и натоптышей, огрубение кожи и т.д.

Способ применения
• Зарядите контроллер от любого USB
• Подключите контроллер к коврику для ног.
• Встаньте босыми ногами на коврик для ног.
• Нажмите кнопку + , чтобы включить устройство.
• Нажмите кнопку М , чтобы изменить режим работы массажера.
• Нажмите кнопку + или кнопку -  чтобы увеличить или уменьшить интенсивность электроимпульса.
• Наслаждайтесь использованием миостимулятора EMS Foot Massager.
• Если во время работы ощущается недостаточная стимуляция, поможет перемещение стоп вверх или вниз на 1-2 см. Выключите питание перед тем, как сменить положение стоп.
• При появлении дискомфорта или проявлении аллергических реакций на силикон при неправильном использовании, немедленно прекратите использование.
• Небольшое покраснение и зуд кожи после использования является нормальным.
Способ применения
• Зарядите контроллер от любого USB
• Подключите контроллер к коврику для ног.
• Встаньте босыми ногами на коврик для ног.
• Нажмите кнопку + , чтобы включить устройство.
• Нажмите кнопку М , чтобы изменить режим работы массажера.
• Нажмите кнопку + или кнопку -  чтобы увеличить или уменьшить интенсивность электроимпульса.
• Наслаждайтесь использованием миостимулятора EMS Foot Massager.
• Если во время работы ощущается недостаточная стимуляция, поможет перемещение стоп вверх или вниз на 1-2 см. Выключите питание перед тем, как сменить положение стоп.
• При появлении дискомфорта или проявлении аллергических реакций на силикон при неправильном использовании, немедленно прекратите использование.
• Небольшое покраснение и зуд кожи после использования является нормальным."
491270294,Luazon Home,,Ноги,,
1837400685,Миостимуляторы,"От порта USB, Встроенный аккумулятор",Ноги,"Импульсный, Лечебный, Миостимулирующий","Подарите ногам заботу и комфорт с массажным ковриком с пультом управления! Инновационный коврик станет Вашим верным помощником в борьбе с усталостью и стрессом, поможет отдохнуть после рабочего дня и расслабиться. Он не только эффективно стимулирует мышцы, но и значительно улучшает кровообращение благодаря перкуссионному воздействию. Уникальная функция микротоков обеспечивает более глубокое восстановление стоп, расслабляя их. Этот массажер можно использовать как тренажер для ног, так и в качестве аппликатора Кузнецова с микроимпульсами, что делает его универсальным инструментом для ухода за телом."
1758966661,YUNCHI,От сети 220В,"Плечи, Шея, Поясница, Ноги, Тело, Руки","Оздоровительный, Вибрационный, Расслабляющий, Лечебный, Лимфодренажный, Миостимулирующий","Способ применения
Массаж плеч, талии, шеи, запястий, ног и рук
Способ применения
Массаж плеч, талии, шеи, запястий, ног и рук"
1109272906,XPX,От порта USB,Ноги,Миостимулирующий,"Микротоки – это эффективное лечение и профилактика дисфункций и переутомления. Как часто бывает, что приходя домой, чувствуем утомление, особенно после неудобной узкой обуви или каблуков. Особенно в летний период, когда мы совершаем длительные прогулки. Электромассажер для ног в этом случае восстановит кровообращение и придаст бодрости и сил. Массажер для стоп - устройство, которое использует электромиостимуляцию, посылая микротоки и импульсы для стимуляции и улучшения кровообращения. Идет общее оздоровление человека, ведь на стопе находится более 70 тысяч нервных окончаний, которые связаны с внутренними органами человека. Такой лимфодренажный массажер поможет от усталости, боли и напряжения. Электростимуляция - это метод физиотерапии, при котором электрические импульсы, поступающие через электроды на коже, стимулируют сокращение мышц, что способствует улучшению циркуляции крови в организме и снижению отеков. Основано на принципах электрической акупунктуры. Электрический коврик помогает расслабиться, снять боль, уменьшить усталость, и улучшает сон. Это многонаправленный массаж ног, хорошая физиотерапия у вас дома. Также массажер для ног коврик используется для укрепления мускулатуры при недостаточной физической активности или ограниченной подвижности. Это хорошая поддержка и восстановление. Каждый раз, включая EMC коврик массаж, Вы повышаете уровень своего здоровья. Позаботьтесь о себе и подарите себе источник здоровья, который взбодрит Вас лучше кофе, когда Вы устали. Такой тренажер для стоп легко моется и переносится. Удобно включать, когда смотрите телевизор или читаете книгу или сидите за компьютером. Включил и он массажирует. Аппарат микротоки удобно также брать с собой в офис и в путешествия. Есть 9 уровней интенсивности и 6 режимов. Миостимулятор для мышц упакован в крепкую коробку, отлично подойдет в качестве подарка родителям, знакомым, бабушкам и дедушкам. Массаж стоп может усилить кровообращение стопы, а процесс массажа стоп посылает другим частям тела информацию о необходимости расслабиться. Правильный и целенаправленный массаж стоп может снять напряжение во всем теле, особенно в ногах и талии. Ноги получают пользу от общего массажа, который снимает мышечное напряжение и усталость. Что такое технология EMS? Электрическая стимуляция мышц (EMS), также известная как нервно-мышечная электростимуляция (NMES) - это вызывание сокращения мышц с помощью электрических импульсов. Импульсы имитируют потенциал действия, исходящий из центральной нервной системы, вызывая сокращение мышц. МС доказала свою эффективность в качестве проактивного средства для укрепления/расслабления мышц. Биоэлектрическая технология: Укрепление мышц и подтяжка кожи. С помощью биоэлектрической технологии коврик-массажер EMS Bioelectric Acupoints Massager Mat работает не только для снятия ежедневного стресса, но и для улучшения физического здоровья. Процедура работает путем посылки электронных импульсов в мышцу, нуждающуюся в лечении, что заставляет мышцу пассивно тренироваться. Используя коврик для ног, можно подтянуть и укрепить мышцы, одновременно уменьшая видимость целлюлита. Придавая ногам стройность и тонус. Насколько эффективен массаж акупунктурных точек? Считается, что массаж акупунктурных точек стимулирует центральную нервную систему. Некоторые исследования показывают, что акупрессура высвобождает эндорфины и способствует противовоспалительному эффекту, помогая при некоторых видах проблем с ногами. Депрессия и беспокойство. Более чем одно исследование предполагает, что усталость и настроение могут улучшиться от использования акупрессуры. Для полной уверенности необходимы более тщательные исследования. Что делает биоэлектрический массажер точек акупунктуры EMS СПЕЦИАЛЬНЫМ? Мгновенная релаксация - Обеспечивает приятное расслабление после тяжелого рабочего дня. Улучшение циркуляции крови - Посылает небольшие импульсы через ступни и голени, стимулируя мышцы для улучшения циркуляции крови, устраняя отечность ног и ступней. Неинвазивное снятие боли - Снимает напряжение, боль и длительную усталость в ногах, воздействуя на естественные акупрессурные точки. Общая польза для здоровья - улучшает обмен веществ, что помогает в потере веса, стимулирует выделение пота, снижает усталость, помогает заснуть и улучшает осанку. Портативный и удобный - компактный и удобный, его можно носить с собой куда угодно, чтобы обеспечить мгновенное облегчение. Безопасен в использовании - В нем используется мягкий и удобный материал подушечки для ног с ионной схемой печати, которая безопасна для кожи и не причиняет вреда пользователю. Удобство для всех - Подходит для людей, которые работают на ногах весь день, офисных работников, спортсменов, пожилых людей или всех, кто испытывает какую-либо боль в ногах.

Способ применения
1. Установите устройство на подушечку для ног. 2. Поместите обе ноги на подушечку для ног. 3. Настройте режимы и интенсивность массажа.
Способ применения
1. Установите устройство на подушечку для ног. 2. Поместите обе ноги на подушечку для ног. 3. Настройте режимы и интенсивность массажа."
1433270599,Миостимуляторы,Сменная батарея,"Ягодицы, Поясница, Тело, Ноги, Руки","Антицеллюлитный, Вибрационный, Миостимулирующий, Разминание, Оздоровительный","Миостимулятор для пресса - это отличное решение, когда совсем нет времени и финансов на занятия в тренажерных залах. Тренажер для пресса предназначен для укрепления мышц и массажа. Во время его работы, вы не испытаете чувства дискомфорта и можете заниматься важными делами. Результат достигается за счёт электрических импульсов, под воздействием которых происходит сокращение мышц.

Комплект из трех миостимуляторов позволяет одновременно тренировать пресс и мышцы обеих рук и ног, также у электрического массажера имеется несколько режимов интенсивности. Абсолютно безопасен и эффективен.

Пояс миостимулятор может быть использован и как дополнение к физическим упражнениям, и как самостоятельный тренажер.

С помощью EMS-Trainer Вы сможете:

- повысить упругость и объем мышц;

- избавиться от целлюлита;

- достигнуть результатов без потери времени;

- промассировать проблемные участки.

Благодаря многофункциональности данного массажера, вы легко усовершенствуете свою программу тренировок и отлично прокачаете тело."
2024372646,YUNCHI,Встроенный аккумулятор,"Плечи, Руки, Ноги, Тело","Миостимулирующий, Разминание, Расслабляющий",
515985557,Миостимуляторы,,"Ноги, Поясница, Тело, Ягодицы","Вибрационный, Расслабляющий, Антицеллюлитный","Самый простой способ сбросить лишний вес пояс Vibra Tone.

Если раньше вам приходилось изнурять себя тренировками в спортивном зале, сильно ограничивать себя в еде и пить вредные для печени и почек таблетки, то теперь добиться значительного результата в борьбе с лишними сантиметрами можно во время отдыха.

Просто надевайте пояс несколько раз в день и занимайтесь своими делами. Подкожные жировые отложения и целлюлит исчезнут без следа.

В чем принцип работы пояса Vibra Tone?

Благодаря вибрации, мышцы постоянно работают и сокращаются до 50 раз в секунду. Если сочетать этот метод с гимнастическими упражнениями, можно добиться ошеломительных результатов в короткие сроки.

Большего эффекта можно достичь в сочетании с физической нагрузкой.

характеристики

5 режимов вибрации и авто-режим; питание от сети 220-240 В; рабочее напряжение 12 В; частота тока 50-60 Гц; сила тока 0,35 А

Способ применения
Принцип действия пояс для похудения Vibroaction заключается в усилении и тонизации мускул в то время, когда вы отдыхаете. Благодаря особой системе вибрации, мускулы сжимаются от 30 до 50 раз в секунду. Ваша задача – просто зафиксировать устройство на проблемной зоне, включить автоматический режим или выбрать один из пяти режимов настройки интенсивности. Достаточно 15-20 минутной тренировки в день и Ваше тело преобразится. Также пояс имеет функцию расслабляющего массажа.
Способ применения
Принцип действия пояс для похудения Vibroaction заключается в усилении и тонизации мускул в то время, когда вы отдыхаете. Благодаря особой системе вибрации, мускулы сжимаются от 30 до 50 раз в секунду. Ваша задача – просто зафиксировать устройство на проблемной зоне, включить автоматический режим или выбрать один из пяти режимов настройки интенсивности. Достаточно 15-20 минутной тренировки в день и Ваше тело преобразится. Также пояс имеет функцию расслабляющего массажа."
1866614671,Миостимуляторы,Встроенный аккумулятор,Руки,Импульсный,"1. Этот прибор для сна использует микротоки EMS, он поможет вам легко и быстро заснуть, уменьшить стресс и улучшить качество сна.

2. Обеспечивает физическое улучшение качества сна, без лекарств, без химикатов, без побочных эффектов, без зависимости, без вреда для организма.

3. Два режима (спящий режим/режим возбуждения) и интенсивность 15 уровней - можно регулировать в соответствии с потребностями разных людей.

4. Он очень подходит для людей, которые испытывают стресс, легко тревожатся и подавлены, испытывают трудности с засыпанием и просыпаются посреди ночи.

Размеры: 6,5х4х3,5 см

Материалы: пластик АБС, нерж. сталь

Питание: от аккумулятора

Емкость аккумулятора: 300 мАч

15 уровней интенсивности

2 режима: сна и пробуждения

Мощность: 0,3 Вт

Воздействие - микротоки EMS

Технология - импульсная

Время зарядки: 1-2 ч

Настройка работы: кнопки на корпусе

Дисплей - отображает режим работы"
979821849,Gellil,,"Тело, Ноги, Поясница, Ягодицы","Вибрационный, Антицеллюлитный, Миостимулирующий, Оздоровительный, Разминание, Расслабляющий","Миостимулятор для пресса - это отличное решение, когда совсем нет времени и финансов на занятия в тренажерных залах. Тренажер для пресса предназначен для укрепления мышц и массажа. Во время работы тренажера для пресса, вы не испытаете чувства дискомфорта и можете заниматься важными делами. Результат достигается за счёт электрических импульсов, под воздействием которых происходит сокращение мышц.

Комплект из трех миостимуляторов позволяет одновременно тренировать пресс и мышцы обеих рук и ног, также у электрического массажера имеется несколько режимов интенсивности. Абсолютно безопасен и эффективен.

Пояс миостимулятор может быть использован и как дополнение к физическим упражнениям, и как самостоятельный тренажер.

С помощью EMS-Trainer Вы сможете:

- повысить упругость и объем мышц;

- избавиться от целлюлита;

- достигнуть результатов без потери времени;

- промассировать проблемные участки.

Благодаря многофункциональности данного массажера, вы легко усовершенствуете свою программу тренировок и отлично прокачаете тело."
1489515907,Миостимуляторы,"Встроенный аккумулятор, От порта USB",Тело,Миостимулирующий,"Способ применения
Способ 1.Промойте участок чистой водой.2.Подсоедините зонд к электродной проволоке.3.Убедитесь, что датчик включен, и подключите его к устройству.4.Вставляйте зонд в область обработки до тех пор, пока фланец в нижней части зонда не окажется снаружи (лягте или сядьте и поднимите колени).5.Нажмите кнопку питания на главном устройстве (пульте дистанционного управления), чтобы включить устройство.6.Нажмите ""MODE"", чтобы включить этот режим.7.Нажмите ""+“ или ”-"", чтобы отрегулировать интенсивность.
Способ применения
Способ 1.Промойте участок чистой водой.2.Подсоедините зонд к электродной проволоке.3.Убедитесь, что датчик включен, и подключите его к устройству.4.Вставляйте зонд в область обработки до тех пор, пока фланец в нижней части зонда не окажется снаружи (лягте или сядьте и поднимите колени).5.Нажмите кнопку питания на главном устройстве (пульте дистанционного управления), чтобы включить устройство.6.Нажмите ""MODE"", чтобы включить этот режим.7.Нажмите ""+“ или ”-"", чтобы отрегулировать интенсивность."
480706908,Миостимуляторы,"От порта USB, От сети 220В через адаптер","Зона декольте, Ноги, Плечи, Поясница, Руки, Тело","Акупунктурный, Импульсный, Миостимулирующий, Оздоровительный, Расслабляющий","Предлагаем вашему вниманию очень популярный продукт для общего укрепления организма.

Прибор ""Цифровой меридиан"" - идеальное сочетание современных технологий и традиционной китайской медицины. Электронные импульсы стимулируют акупунктурные точки давления и улучшают кровоток. Инфракрасные электродные накладки охватывают большую площадь и имеют лучший терапевтический эффект. Используется при головных болях, болях в ногах, животе, усталости в мышцах, бессоннице. Имеет 10 различных функций, вплоть до эмунотерапии и иглотерапии. Комбинированный аппарат выполняет различные варианты массажа: постукивание, растирание, давление, разминание, вибрацию. Не нужно обладать специальной технической подготовкой, чтобы им пользоваться. Работает от любого из 3-х источников питания: USB, розетка 220V или 3 батарейки ААА. 

Способ применения
Прибор прост в применении. На сухую кожу прикрепить миостимулятор , расстояние между накладками около 20-35см. Выбрать нужный режим исходя из инструкции и прилечь минут на 10-15. За раз можно проработать от 1 до 3 участков тела.Не применять при беременности и кожных заболеваниях.
Способ применения
Прибор прост в применении. На сухую кожу прикрепить миостимулятор , расстояние между накладками около 20-35см. Выбрать нужный режим исходя из инструкции и прилечь минут на 10-15. За раз можно проработать от 1 до 3 участков тела.Не применять при беременности и кожных заболеваниях."
2024386264,YUNCHI,Встроенный аккумулятор,"Руки, Плечи, Тело, Шея, Ноги",Миостимулирующий,
1915377443,YUNCHI,Встроенный аккумулятор,"Плечи, Руки, Ноги, Тело",Миостимулирующий,
375232409,IkoloL,,"Ноги, Плечи, Поясница, Тело, Шея, Ягодицы","Акупунктурный, Импульсный, Миостимулирующий, Расслабляющий","Прибор ""Цифровой меридиан"" - идеальное сочетание современных технологий и традиционной китайской медицины. Электронные импульсы стимулируют акупунктурные точки давления и улучшают кровоток. Инфракрасные электродные накладки охватывают большую площадь и имеют лучший терапевтический эффект. Используется при головных болях, болях в ногах, животе, усталости в мышцах, бессоннице. Имеет 10 различных функций, вплоть до эмунотерапии и иглотерапии. Комбинированный аппарат выполняет различные варианты массажа: постукивание, растирание, давление, разминание, вибрацию. Не нужно обладать специальной технической подготовкой, чтобы им пользоваться. Работает от любого из 3-х источников питания: USB, розетка 220V или 3 батарейки ААА. В комплект входит: прибор для терапии, 2 насадки, провод для насадок, адаптер для розетки, провод USB-адаптер, 3 батарейки ААА. ЖК-интерфейс. Меню полностью на русском языке.

Способ применения
Прибор прост в применении. На сухую кожу прикрепить миостимулятор , расстояние между накладками около 20-35см. Выбрать нужный режим исходя из инструкции и прилечь минут на 10-15. За раз можно проработать от 1 до 3 участков тела.Не применять при беременности и кожных заболеваниях.
Способ применения
Прибор прост в применении. На сухую кожу прикрепить миостимулятор , расстояние между накладками около 20-35см. Выбрать нужный режим исходя из инструкции и прилечь минут на 10-15. За раз можно проработать от 1 до 3 участков тела.Не применять при беременности и кожных заболеваниях."
1689476510,Миостимуляторы,,"Поясница, Тело","Миостимулирующий, Вибрационный, Комбинированный",
816758934,Миостимуляторы,Встроенный аккумулятор,Тело,"Рефлекторный, Расслабляющий, Миостимулирующий","Особенности

1. Маленький и портативный, идеально подходит для использования дома и в офисе

2. Контроллер с светодиодный светильник, простой в эксплуатации

3. Контроллер использует высокотехнологичный чип и низкое напряжение питания (6 в), который masafe, надежный и долговечный

4. С 12 режимами массажа (нажмите, разминайте, вибрируйте, палец, рука сустава, уровень интенсивности для вашего варианта,

5. С автоматическим таймером 0 ~ 30 минут, одна остановка на одну минуту

6. Большая поверхность подушечек делает процесс массажа комфортным

Функции

1. Очищающий Меридиан

2. Расслабляющие мышцы и суставы

3. Помощь в здоровом похудении

4. Улучшенная система циркуляции тела

5. Устранение физической усталости и боли, вызванные длительной работой

Способ применения
Что такое TENS?
TENS выступает за «трансцензионную стимуляцию электрического нерва»-безопасный, неинвазивный, безлекарственный метод облегчения боли, используемый физиотерапевтами и назначенный врачами в течение более 30 лет. Отзывы большинства пользователей показывают, что это действительно эффективный инструмент для управления болью. Выбираются страдальцами боли в шее, боли в спине, натяжения плеч, теннисного локтя, синдрома кистевого туннеля, артрита, бурсита, тендонита, подошвенного фасциита, радикула, фибромиалгии, шин, нейропатия и многие другие травмы и инвалидность. TENS выступает за ""трансцензионную стимуляцию электрического нерва""-безопасное, неинвазивное, Безлекарственный метод облегчения боли, используемый физиотерапевтами и назначенный врачами в течение более 30 лет. Отзывы большинства пользователей показывают, что это действительно эффективный инструмент для управления болью. Выбираются страдальцами боли в шее, боли в спине, натяжения плеч, теннисного локтя, синдрома кистевого туннеля, артрита, бурсита, тендонита, подошвенного фасциита, радикула, фибромиалгии, шин, нейропатия и многие другие травмы и инвалидность. Руководство пользователя 1 шт.
Способ применения
Что такое TENS?
TENS выступает за «трансцензионную стимуляцию электрического нерва»-безопасный, неинвазивный, безлекарственный метод облегчения боли, используемый физиотерапевтами и назначенный врачами в течение более 30 лет. Отзывы большинства пользователей показывают, что это действительно эффективный инструмент для управления болью. Выбираются страдальцами боли в шее, боли в спине, натяжения плеч, теннисного локтя, синдрома кистевого туннеля, артрита, бурсита, тендонита, подошвенного фасциита, радикула, фибромиалгии, шин, нейропатия и многие другие травмы и инвалидность. TENS выступает за ""трансцензионную стимуляцию электрического нерва""-безопасное, неинвазивное, Безлекарственный метод облегчения боли, используемый физиотерапевтами и назначенный врачами в течение более 30 лет. Отзывы большинства пользователей показывают, что это действительно эффективный инструмент для управления болью. Выбираются страдальцами боли в шее, боли в спине, натяжения плеч, теннисного локтя, синдрома кистевого туннеля, артрита, бурсита, тендонита, подошвенного фасциита, радикула, фибромиалгии, шин, нейропатия и многие другие травмы и инвалидность. Руководство пользователя 1 шт."
1585431059,Beurer,Сменная батарея,"Ноги, Плечи, Руки","Импульсный, Лечебный, Миостимулирующий, Оздоровительный, Перкусионный, Разминание","Способ применения
Благодаря электростимулятору можно:
значительно повысить выносливость, мышечный тонус, нарастить мышечную массу,
ускорить лимфоток и улучшить процессы кровообращения,
активизировать процессы расщепления жиров,
улучшить работу эндокриной и центральной нервной системы,
улучшить рельеф мускулатуры,
вывести из организма токсины, шлаки, продукты обмена веществ.

Особенности:
электростимуляция  для снятия болей, тренировки и расслабления мышц всего тела (технологии TENS/EMS + массаж),
15 программ TENS,
35 программ EMS,
20 программ массажа,
регулируемая интенсивность (50 уровней),
регулировка импульсов (2 канала),
4 электрода (самоклеящиеся гелевые),
двухфазные прямоугольные импульсы, длительность импульса 50 - 450 мск,
выходное напряжение 100 В,
выходная частота 1 - 150 Гц,
максимальный выходной ток 200 мА.

Дополнительные возможности:
можно прикреплять на любом участке тела (миостимулятор-бабочка),
6 программ можно настроить индивидуально в соответствии с вашими потребностями,
функция Doctor’s Function,
ручной  элемент управления с ЖК-дисплеем (полноэкранное изображение),
индикатор расположения электродов,
таймер с обратным отсчетом,
функция паузы для моментальной остановки работы прибора и последующего возобновления,
блокировка кнопок для избежания случайного повышения интенсивности, 
при отсутствии контакта электрода с телом интенсивность сразу становится нулевой,
аварийное отключение,
автоматическое отключение если прибор не используется в течении 1 мин,
питание элемента управления от батарейки (сменная),
индикатор уровня заряда батареи.

Запрещено применение для лиц с установленными медицинскими имплантами (например, кардиостимуляторами), людям с эпилепсией, беременным, лицам с нарушениями сердечного ритма.
Способ применения
Благодаря электростимулятору можно:
значительно повысить выносливость, мышечный тонус, нарастить мышечную массу,
ускорить лимфоток и улучшить процессы кровообращения,
активизировать процессы расщепления жиров,
улучшить работу эндокриной и центральной нервной системы,
улучшить рельеф мускулатуры,
вывести из организма токсины, шлаки, продукты обмена веществ.

Особенности:
электростимуляция  для снятия болей, тренировки и расслабления мышц всего тела (технологии TENS/EMS + массаж),
15 программ TENS,
35 программ EMS,
20 программ массажа,
регулируемая интенсивность (50 уровней),
регулировка импульсов (2 канала),
4 электрода (самоклеящиеся гелевые),
двухфазные прямоугольные импульсы, длительность импульса 50 - 450 мск,
выходное напряжение 100 В,
выходная частота 1 - 150 Гц,
максимальный выходной ток 200 мА.

Дополнительные возможности:
можно прикреплять на любом участке тела (миостимулятор-бабочка),
6 программ можно настроить индивидуально в соответствии с вашими потребностями,
функция Doctor’s Function,
ручной  элемент управления с ЖК-дисплеем (полноэкранное изображение),
индикатор расположения электродов,
таймер с обратным отсчетом,
функция паузы для моментальной остановки работы прибора и последующего возобновления,
блокировка кнопок для избежания случайного повышения интенсивности, 
при отсутствии контакта электрода с телом интенсивность сразу становится нулевой,
аварийное отключение,
автоматическое отключение если прибор не используется в течении 1 мин,
питание элемента управления от батарейки (сменная),
индикатор уровня заряда батареи.

Запрещено применение для лиц с установленными медицинскими имплантами (например, кардиостимуляторами), людям с эпилепсией, беременным, лицам с нарушениями сердечного ритма."
1633531061,Миостимуляторы,От порта USB,"Зона декольте, Ноги, Руки, Тело, Поясница, Плечи","Акупунктурный, Вибрационный, Импульсный, Миостимулирующий",
1769993183,Миостимуляторы,От порта USB,"Зона декольте, Область вокруг глаз, Тело, Поясница, Плечи","Акупунктурный, Вибрационный, Импульсный, Миостимулирующий",
826204422,MYCHWAY,Внешний источник питания,"Зона декольте, Голова, Лицо, Ноги, Область вокруг глаз","Антицеллюлитный, Вакуумный, Вибрационный, Комбинированный, Лечебный, Расслабляющий","Данный аппарат представляет собой компактный и удобный прибор для проведения косметических процедур таких как, кавитация (ультразвуковая липосакция) и радиолифтинг в домашних условиях на профессиональном уровне. Аппарат позволяет избавиться от целлюлита на любой стадии, уменьшить излишние жировые отложения, сократить объемы в талии и на бедрах, тем самым способствуя похудению и коррекции фигуры. Этот косметический прибор помогает бороться с дряблостью кожи, возрастными изменениями, растяжками на животе, ногах, руках и ягодицах.

Данный аппарат оснащен 3 насадками/манипулами со следующими функциями: ультразвуковая кавитация по телу, радиолифтинг по телу (мультиполярная манипула) и радиолифтинг по лицу (триполярная манипула)

Сеансы кавитации безопасны и безболезненны. Кожа после сеанса станет подтянутой и упругой. Эффект воздействия специальной насадкой аппарата заключается в разрушении мембран жировых клеток при помощи ультразвуковых волн. Ультразвук вызывает колебательные движения молекул, из-за чего они нагреваются и начинается процесс кавитации, то есть образования микропузырьков. Кавитационные микропузырьки лопаются, словно воздушные шарики, и жир превращается в жидкость. В свою очередь высвободившийся из клеток жир легко выводится из организма с лимфотоком. Процедура обязательно проводится курсами, с индивидуальной периодичностью. она позволяет добиться заметного улучшения и омоложения кожи ее эластичности и тонуса, создание четкого контура (овала лица), устранения второго подбородка, разглаживания морщин, устранение недостатков у проблемной кожи, требующей лечения, изменения структуры кожного покрова, с устранением последствий угревой сыпи, уменьшения количества, величины рубцов и растяжек, излечения целлюлита и очищение кожи от локализированных жировых отложений.

С помощью вакуумного массажного воздействия эффективно избавляются от целлюлита и увеличивают тонус кожи. Лифтинг (RF lifting) в аппарате представлен двумя насадками – подтяжка и лифтинг достигается благодаря действию радиоволн, которые прогревают поверхностные слои кожи и вызывают термолиз, который и запускает процесс обновления кожи. В течение 6 месяцев происходит выработка нового коллагена, повышается эластичность кожи и визуально разглаживаются морщины.

Аппарат зарекомендовал себя как один из лучших в сфере индустрии красоты и эффективно помогает вернуть молодость или удержать ее как можно дольше. Благодаря данному аппарату, Вы справитесь со многими эстетическими проблемами, сделаете кожу более подтянутой, добьетесь омолаживающего эффекта, а значит Вы всегда будете выглядеть молодой, красивой и желанной женщиной.

Способ применения
1. Сначала очистите кожу, затем используйте специальный гель или эфирные масла.
2. Снимите все металлические украшения при использовании массажера.
3. Избегайте слишком долгого массажирования в одном месте. Избегайте использования на костях.
4. После использования массажера непрерывно в течение 1 часа, пожалуйста, позвольте машине
отдыхать около 10-15 минут.
5. Не используйте дезинфекционные средства для очистки насадок, рекомендуется использовать влажное полотенце или хлопковую ткань.
Способ применения
1. Сначала очистите кожу, затем используйте специальный гель или эфирные масла.
2. Снимите все металлические украшения при использовании массажера.
3. Избегайте слишком долгого массажирования в одном месте. Избегайте использования на костях.
4. После использования массажера непрерывно в течение 1 часа, пожалуйста, позвольте машине
отдыхать около 10-15 минут.
5. Не используйте дезинфекционные средства для очистки насадок, рекомендуется использовать влажное полотенце или хлопковую ткань."
1685955373,Миостимуляторы,"Встроенный аккумулятор, От порта USB","Ноги, Шея, Поясница, Плечи, Ягодицы, Спина","Импульсный, Миостимулирующий, Расслабляющий, Комбинированный, Оздоровительный, Лимфодренажный",
1396605006,Warwolf,Сменный аккумулятор (нет в комплекте),Тело,"Вакуумный, Миостимулирующий, Расслабляющий, Оздоровительный, Лечебный, Лимфодренажный",
1686765905,Миостимуляторы,"Встроенный аккумулятор, От порта USB","Ноги, Шея, Поясница, Ягодицы, Спина","Импульсный, Миостимулирующий, Расслабляющий, Комбинированный, Оздоровительный",
1774648957,Миостимуляторы,"Встроенный аккумулятор, От порта USB","Тело, Поясница, Ягодицы, Спина","Антицеллюлитный, Вибрационный, Импульсный, Миостимулирующий, Расслабляющий, Лимфодренажный","Способ применения
1. Установите и зафиксируйте контролер выбора режима и интенсивности на передней части пояса, как это показано на рисунке. (Инструкция находится внутри коробки)
2. Распылите немного воды на силиконовую прокладку. Поддерживайте ее влажной на протяжении всей тренировки, для того чтобы пояс мог плотно прилегать к Вашему телу.
3. Закрепите пояс для похудения на Вашей талии.
4. Нажмите клавишу «+» для того чтобы включить массажер. С помощью клавиши «М» выберете 1 из 6 режимов работы. Затем снова нажмите на клавишу «+» для того чтобы отрегулировать интенсивность работы. Наш контролер имеет 9 уровней интенсивности. РЕКОМЕНДУЕТСЯ начинать тренировки с минимальной интенсивностью. В конце тренировки нажимайте клавишу «- » до тех пор, пока индикатор интенсивности не покажет значение «0». Затем снова нажмите клавишу «-» и массажер выключится.
5. После завершения тренировки протрите массажер влажным полотенцем и положите в чистое место. Ни в коем случае не мойте водой!
6. Рекомендовано использовать миостумулятор для пресса 2 раза в день с продолжительностью тренировки в 15 – 30 минут
7. Массажер автоматически выключится в течение 15 минут, если Вы не будете его использовать. Если же Вы хотите продолжить тренировку, то нажмите клавишу «+».
Способ применения
1. Установите и зафиксируйте контролер выбора режима и интенсивности на передней части пояса, как это показано на рисунке. (Инструкция находится внутри коробки)
2. Распылите немного воды на силиконовую прокладку. Поддерживайте ее влажной на протяжении всей тренировки, для того чтобы пояс мог плотно прилегать к Вашему телу.
3. Закрепите пояс для похудения на Вашей талии.
4. Нажмите клавишу «+» для того чтобы включить массажер. С помощью клавиши «М» выберете 1 из 6 режимов работы. Затем снова нажмите на клавишу «+» для того чтобы отрегулировать интенсивность работы. Наш контролер имеет 9 уровней интенсивности. РЕКОМЕНДУЕТСЯ начинать тренировки с минимальной интенсивностью. В конце тренировки нажимайте клавишу «- » до тех пор, пока индикатор интенсивности не покажет значение «0». Затем снова нажмите клавишу «-» и массажер выключится.
5. После завершения тренировки протрите массажер влажным полотенцем и положите в чистое место. Ни в коем случае не мойте водой!
6. Рекомендовано использовать миостумулятор для пресса 2 раза в день с продолжительностью тренировки в 15 – 30 минут
7. Массажер автоматически выключится в течение 15 минут, если Вы не будете его использовать. Если же Вы хотите продолжить тренировку, то нажмите клавишу «+»."
1620286355,Миостимуляторы,Сменный аккумулятор (нет в комплекте),"Поясница, Ягодицы","Вибрационный, Миостимулирующий","Способ применения
Установите батарею для использования
Способ применения
Установите батарею для использования"
1619307156,Миостимуляторы,От порта USB,"Зона декольте, Ноги, Руки, Тело, Поясница, Плечи","Акупунктурный, Вибрационный, Импульсный, Миостимулирующий",
1619306933,Миостимуляторы,От порта USB,"Зона декольте, Ноги, Руки, Тело, Поясница, Плечи","Акупунктурный, Вибрационный, Импульсный, Миостимулирующий",
1620286295,Миостимуляторы,Сменный аккумулятор (нет в комплекте),"Поясница, Ягодицы","Вибрационный, Миостимулирующий","Способ применения
Установите батарею для использования
Способ применения
Установите батарею для использования"
1095290547,Миостимуляторы,От сети 220В,"Тело, Шея, Ягодицы, Руки, Поясница, Плечи",,"Способ применения
Принцип действия аппарата В-333, основан на эффекте искусственного возбуждения мышцы с помощью электрического сигнала, генерируемого аппаратом и передающегося на мышцы, он проходит по тканям и вызывает двигательную активность в мышце. Не является медицинским аппаратом .
Способ применения
Принцип действия аппарата В-333, основан на эффекте искусственного возбуждения мышцы с помощью электрического сигнала, генерируемого аппаратом и передающегося на мышцы, он проходит по тканям и вызывает двигательную активность в мышце. Не является медицинским аппаратом ."
1634346038,Миостимуляторы,Сменная батарея,"Руки, Тело, Поясница, Плечи","Импульсный, Миостимулирующий","Способ применения
Установите батарею для использования
Способ применения
Установите батарею для использования"
