good_id,name,value
1099137205,Артикул,1099137205
1099137205,Тип,Миостимулятор
1099137205,Цвет,Черный
1099137205,Вид массажа,"Акупунктурный, Гуаша, Перкусионный, Расслабляющий, Шиацу"
1099137205,Зоны массажа,"Поясница, Руки, Спина, Шея, Ягодицы"
1099137205,Особенности массажного аппарата,"Работает в автомобиле, Ручные программы, Таймер"
1099137205,"Максимальный рост пользователя, см",220
1099137205,Материал корпуса,Пластик
1099137205,Количество программ/режимов,24
1099137205,Вид питания,"Встроенный аккумулятор, От порта USB"
1099137205,"Мощность массажера, Вт",240
1099137205,"Напряжение, В",4.3
1099137205,"Фактический размер товара, см",12.8*6.3*1.3
1099137205,Упаковка,"Картонная коробка, Подарочная коробка"
1099137205,Страна-изготовитель,Китай
1099137205,Гарантийный срок,10 лет
1099137205,Комплектация,Основной блок - 1 шт. Электроды 50*50 мм - 6 пар 3) Электроды 50*100 мм - 1 пара Соединительный провод - 4 шт. USB-кабель - 1 шт. Адаптер питания - 1 шт. Мешочек для хранения - 1 шт. Руководство пользователя - 1 шт. Гарантийный талон - 1 шт.
1027287506,Артикул,1027287506
1027287506,Тип,Миостимулятор
1027287506,Цвет,Черный
1027287506,Зоны массажа,"Ноги, Поясница, Руки, Спина, Шея, Ягодицы"
1027287506,"Максимальный рост пользователя, см",210
1027287506,Материал корпуса,ABS пластик
1027287506,Количество программ/режимов,6
1027287506,Вид питания,"От сети 220В, Встроенный аккумулятор"
1027287506,"Мощность массажера, Вт",5
1027287506,"Напряжение, В",120
1027287506,"Фактический размер товара, см",23х16х6
1027287506,Упаковка,"Картонная коробка, Конверт"
1027287506,Страна-изготовитель,Китай
1027287506,Гарантийный срок,180 дней
1027287506,"Вид массажа
","Вибрационный, Импульсный, Миостимулирующий, Лимфодренажный, Расслабляющий, Антицеллюлитный"
1027287506,Особенности массажного аппарата,"Подогрев, Пульт ДУ, Ручные программы, Таймер, Работает в автомобиле"
1027287506,Комплектация,"Миостимулятор для пресса, ног, тела, шеи, живота, рук, спины, поясницы (1 шт) с пультом управления (1шт) , гелевое основание (1 шт), USB-кабель (адаптер в комплект не входит!), ремни в подарок (2 шт)"
1964207726,Артикул,1964207726
1964207726,Тип,Миостимулятор
1964207726,Цвет,L/XL (талия 98 см)
1964207726,Зоны массажа,"Тело, Поясница, Спина, Ягодицы"
1964207726,"Максимальный рост пользователя, см",215
1964207726,Материал корпуса,"ABS пластик, Текстиль"
1964207726,Количество программ/режимов,6
1964207726,Вид питания,"Встроенный аккумулятор, От порта USB"
1964207726,"Мощность массажера, Вт",30
1964207726,"Фактический размер товара, см",98
1964207726,Упаковка,Картонная коробка
1964207726,Страна-изготовитель,Китай (Тайвань)
1964207726,Гарантийный срок,1 год
1964207726,"Вид массажа
","Вибрационный, Миостимулирующий, Расслабляющий, Антицеллюлитный, Импульсный, Лимфодренажный"
1964207726,Особенности массажного аппарата,"Регулировка по размеру, Работает в автомобиле, Таймер, Ручные программы, Русификация, Съемные части"
1964207726,Комплектация,EMS - тренажер для пресса (пояс) - 1шт; Рацион питания для похудения на 2000 ккал; Инструкция на русском языке; Индикатор - 1 шт; Зарядное устройство (USB - Charging кабель) - 1 шт; Опрыскиватель массажера (распылитель) - 1шт;
2176102014,Артикул,2176102014
2176102014,Тип,Миостимулятор
2176102014,Цвет,Черный глянцевый с 2 сменными основаниями
2176102014,Зоны массажа,"Ноги, Плечи, Поясница, Спина, Тело, Ягодицы"
2176102014,Материал корпуса,ABS пластик
2176102014,Количество программ/режимов,6
2176102014,Вид питания,От порта USB
2176102014,"Мощность массажера, Вт",5
2176102014,"Напряжение, В",120
2176102014,"Фактический размер товара, см",23*16*6
2176102014,Упаковка,"Картонная коробка, Конверт"
2176102014,Страна-изготовитель,Китай
2176102014,Гарантийный срок,6 месяцев
2176102014,"Вид массажа
","Вибрационный, Импульсный, Комбинированный, Миостимулирующий, Разминание, Расслабляющий"
2176102014,Особенности массажного аппарата,"Подогрев, Пульт ДУ, Регулировка по размеру, Русификация, Работает в автомобиле, Ручные программы"
2176102014,Комплектация,"Миостимулятор для пресса , ног, тела, шеи, живота, рук, спины, поясницы (1 шт) с пультом управления (1шт) , сменное основание (2 шт), USB-кабель (адаптер в комплект не входит!), ремни в подарок (2 шт)"
1680423616,Артикул,1680423616
1680423616,Тип,Миостимулятор
1680423616,Цвет,16 режимов
1680423616,Вид массажа,"Импульсный, Миостимулирующий"
1680423616,Зоны массажа,"Спина, Тело, Руки, Поясница, Ноги, Плечи"
1680423616,Особенности массажного аппарата,"Ручные программы, Таймер"
1680423616,Материал корпуса,ABS пластик
1680423616,Количество программ/режимов,16
1680423616,Вид питания,"Встроенный аккумулятор, От порта USB"
1680423616,"Мощность массажера, Вт",0.075
1680423616,"Фактический размер товара, см",10х5
1680423616,Упаковка,"Воздушно-пузырчатая пленка, Картонная коробка"
1680423616,Страна-изготовитель,Китай
1680423616,Гарантийный срок,180 дней
1680423616,Комплектация,Универсальный импульсный миостимулятор с током; Инструкция на русском языке; 8 электродов; провод USB; коробка;
1474493240,Артикул,1474493240
1474493240,Тип,Миостимулятор
1474493240,Цвет,24 режима
1474493240,Вид массажа,Миостимулирующий
1474493240,Зоны массажа,"Тело, Плечи"
1474493240,Особенности массажного аппарата,Таймер
1474493240,Материал корпуса,ABS пластик
1474493240,Количество программ/режимов,24
1474493240,Вид питания,Встроенный аккумулятор
1474493240,"Мощность массажера, Вт",0.025
1474493240,"Фактический размер товара, см",12х6
1474493240,Упаковка,"Easy pack, Картонная коробка"
1474493240,Страна-изготовитель,Китай
1474493240,Гарантийный срок,180 дней
1474493240,Комплектация,Миостимулятор-1шт; инструкция на русском языке-1шт; провод USB-1шт; шнур для электродов-2шт; мягкие подушечки-электроды- 20 шт.
945844796,Артикул,945844796
945844796,Тип,Миостимулятор
945844796,Цвет,Белый
945844796,Зоны массажа,"Плечи, Поясница, Руки, Спина, Тело"
945844796,Особенности массажного аппарата,"Таймер, Ручные программы, Съемные части"
945844796,Материал корпуса,ABS пластик
945844796,Количество программ/режимов,24
945844796,Вид питания,"Сменная батарея, От сети 220В"
945844796,"Мощность массажера, Вт",6
945844796,"Фактический размер товара, см",15
945844796,Упаковка,Картонная коробка
945844796,Страна-изготовитель,Китай
945844796,Гарантийный срок,12 месяцев
945844796,"Вид массажа
","Импульсный, Лечебный, Миостимулирующий, Оздоровительный, Расслабляющий, Лимфодренажный"
945844796,Комплектация,"Электронный блок управления (ЭБУ) - 1 шт. Гелиевые пластины - 4 шт. Провод к гелиевым пластинам - 2 шт. Сетевой адаптер - 1 шт. Инфракрасный излучатель - 1 шт. Элемент питания 1,5 V типа ААА - 3 шт."
262066450,Артикул,262066450
262066450,Тип,Миостимулятор
262066450,Цвет,EMS-350
262066450,Зоны массажа,"Поясница, Ягодицы, Тело, Ноги, Плечи, Руки"
262066450,Особенности массажного аппарата,"Ручные программы, Таймер"
262066450,Материал корпуса,ABS пластик
262066450,Количество программ/режимов,12
262066450,Вид питания,От сети 220В
262066450,"Мощность массажера, Вт",0.2
262066450,"Напряжение, В",80
262066450,"Фактический размер товара, см","12,2 х 6,5 х 1,2"
262066450,Упаковка,Картонная коробка
262066450,Страна-изготовитель,Китай
262066450,Гарантийный срок,3 года
262066450,"Вид массажа
","Миостимулирующий, Акупунктурный, Антицеллюлитный, Гуаша, Классический, Комбинированный"
262066450,Комплектация,"Массажер, самоклеящиеся электроды (8 шт.), соединительные провода (4 шт.), блок питания, USB-кабель, инструкция"
150341662,Артикул,150341662
150341662,Тип,Миостимулятор
150341662,Цвет,Белый
150341662,Зоны массажа,Лицо
150341662,Материал корпуса,ABS пластик
150341662,Количество программ/режимов,4
150341662,Вид питания,"От сети 220В, Сменная батарея"
150341662,Страна-изготовитель,Китай
150341662,Гарантийный срок,1 год
150341662,Комплектация,"миостимулятор, сетевой адаптер, 2 пары электродов, 1 провод для подключения электродов, инструкция на русском языке, батарейка 9В, лоток для размещения электродов, гарантийный талон, гарантия - 1 год."
1567457720,Артикул,1567457720
1567457720,Тип,Миостимулятор
1567457720,Цвет,В обуви
1567457720,Вид массажа,Миостимулирующий
1567457720,Зоны массажа,"Ноги, Поясница, Руки, Ягодицы, Тело"
1567457720,Особенности массажного аппарата,"Работает в автомобиле, Ручные программы"
1567457720,Материал корпуса,ABS пластик
1567457720,Количество программ/режимов,9
1567457720,Вид питания,Сменный аккумулятор
1567457720,"Напряжение, В",5
1567457720,Упаковка,Картонная коробка
1567457720,Страна-изготовитель,Китай
1567457720,Гарантийный срок,30 дней
1567457720,Комплектация,Массажер*1/ Блок питания*1/ Пластырь*8/ Руководство*1/Обувь*1/ Перчатки*1
478107761,Артикул,478107761
478107761,Тип,Миостимулятор
478107761,Цвет,Красный Duo
478107761,Вид массажа,Миостимулирующий
478107761,Зоны массажа,"Ноги, Плечи, Поясница, Руки, Спина, Ягодицы"
478107761,Особенности массажного аппарата,"Съемные части, Русификация"
478107761,Материал корпуса,ABS пластик
478107761,Вид питания,"Внешний источник питания, От сети 220В"
478107761,Упаковка,Кейс пластиковый
478107761,Страна-изготовитель,Китай
478107761,Гарантийный срок,1 год
478107761,"Фактический размер товара, см","- Размер устройства 60,4 мм х 43,5 мм х 13,6 мм - Размер прямоугольного электрода 9 см х 5см - Размер круглого электрода 5,5 см (2,1 дюйм) - Вес устройства 25 г"
478107761,Комплектация,- 2 модуля PowerDot - 2 комплекта электродов - 2 комплекта соединительных кабелей для электродов - 2 зарядных кабеля Micro USB - Защитный чехол для переноски - Мобильное приложение PowerDot на русском языке
2199342107,Артикул,2199342107
2199342107,Тип,Миостимулятор
2199342107,Цвет,Черно-синий
2199342107,Зоны массажа,"Ноги, Поясница, Руки, Спина"
2199342107,Особенности массажного аппарата,Ручные программы
2199342107,Материал корпуса,ABS пластик
2199342107,Количество программ/режимов,8
2199342107,Вид питания,Встроенный аккумулятор
2199342107,"Мощность массажера, Вт",0.6
2199342107,"Фактический размер товара, см","13х5,5х3"
2199342107,Упаковка,Картонная коробка
2199342107,Страна-изготовитель,Китай
2199342107,Гарантийный срок,30 дней
2199342107,"Вид массажа
","Акупунктурный, Импульсный, Лимфодренажный, Миостимулирующий, Расслабляющий"
2199342107,Комплектация,"Миостимулятор 2шт, гидрогелевая пластина бабочка 4 шт, зарядный кабель"
1653727368,Артикул,1653727368
1653727368,Тип,Миостимулятор
1653727368,Цвет,Черный
1653727368,Зоны массажа,"Ноги, Поясница, Руки, Спина, Тело, Ягодицы"
1653727368,Особенности массажного аппарата,"Таймер, Ручные программы"
1653727368,Материал корпуса,ABS пластик
1653727368,Количество программ/режимов,36
1653727368,Вид питания,Встроенный аккумулятор
1653727368,"Мощность массажера, Вт",0.075
1653727368,"Фактический размер товара, см",12
1653727368,Упаковка,Коробка
1653727368,Страна-изготовитель,Китай
1653727368,Гарантийный срок,180 дней
1653727368,"Вид массажа
","Антицеллюлитный, Импульсный, Лимфодренажный, Миостимулирующий"
1653727368,Комплектация,"массажер миостимулятор - 1 шт, насадки аппликаторы электроды - 10 шт, кабель для электрода - 2 шт, зарядный кабель - 1 шт, блок питания - 1 шт, инструкция - 1 шт, коробка - 1 шт."
227792910,Артикул,227792910
227792910,Тип,Миостимулятор
227792910,Цвет,Черно-серый
227792910,Зоны массажа,"Тело, Ноги, Плечи, Шея, Поясница, Руки"
227792910,Особенности массажного аппарата,"Работает в автомобиле, Ручные программы, Таймер"
227792910,Материал корпуса,Алюминий
227792910,Количество программ/режимов,24
227792910,Вид питания,Встроенный аккумулятор
227792910,"Напряжение, В",9
227792910,"Фактический размер товара, см",12х6х1
227792910,Упаковка,Картонная коробка
227792910,Страна-изготовитель,Китай
227792910,Гарантийный срок,12
227792910,"Вид массажа
","Миостимулирующий, Акупунктурный, Антицеллюлитный, Импульсный, Оздоровительный, Перкусионный"
227792910,Комплектация,массажер ОРИОН- 1 шт электронный блок/модуль управления - 1 шт электродный шнур - 3 шт электродные пластины - 6 шт зарядное устройство - 1 шт стилус - 1 шт клипсы-электроды - 1 шт
2149287655,Артикул,2149287655
2149287655,Тип,Миостимулятор
2149287655,Цвет,Светло-синий
2149287655,Зоны массажа,"Спина, Поясница, Руки, Плечи"
1790456472,Артикул,1790456472
1790456472,Тип,Миостимулятор
1790456472,Цвет,Черный
1790456472,Зоны массажа,"Голова, Руки, Тело, Шея, Ноги, Плечи"
1790456472,Особенности массажного аппарата,"Ручные программы, Таймер, Съемные части"
1790456472,Материал корпуса,"Металл, ABS пластик"
1790456472,Количество программ/режимов,36
1790456472,Вид питания,"От порта USB, Встроенный аккумулятор"
1790456472,"Напряжение, В",5
1790456472,"Фактический размер товара, см",5.3X9.5
1790456472,Упаковка,Картонная коробка
1790456472,Страна-изготовитель,Китай
1790456472,"Вид массажа
","Миостимулирующий, Рефлекторный, Акупрессурный, Вибрационный, Лечебный"
1790456472,Комплектация,1 * Электротерапевтический массажер (хозяин) 4 пар* электродных накладок 2 * 2 электродных провода 1 * USB-кабель 1 * Крепежная пластина вкладыша 1 * Руководство пользователя 1 * Карта акупунктурных точек 1 * Цветная коробка 1*инструкция на русском языке
1756744167,Артикул,1756744167
1756744167,Тип,Миостимулятор
1756744167,Цвет,Оригинальный медицинский прибор
1756744167,Зоны массажа,"Ноги, Плечи, Поясница, Руки, Тело, Шея"
1756744167,Особенности массажного аппарата,"Работает в автомобиле, Ручные программы, Таймер"
1756744167,Материал корпуса,Металл
1756744167,Количество программ/режимов,24
1756744167,Вид питания,Встроенный аккумулятор
1756744167,"Напряжение, В",9
1756744167,"Фактический размер товара, см",12х6х1
1756744167,Упаковка,Картонная коробка
1756744167,Страна-изготовитель,Китай
1756744167,Гарантийный срок,12 месяцев
1756744167,"Вид массажа
","Миостимулирующий, Акупунктурный, Антицеллюлитный, Импульсный, Оздоровительный"
1756744167,Комплектация,Аппарат -1 шт Электроды тип 1 (силиконовая основа) – 4 шт Электроды тип 2 (хлопковая основа) – 4 шт. Шнур-кабель для подключения электродов – 4 шт. Провод USB – 1шт. Адаптер – 1 шт. Чехол для хранения и транспортировки – 1шт. Руководство по эксплуатации – 1 шт.
2028564403,Артикул,2028564403
2028564403,Тип,Миостимулятор
2028564403,Цвет,Синий
2028564403,Зоны массажа,Плечи
2028564403,Особенности массажного аппарата,Пульт ДУ
2028564403,Материал корпуса,ABS пластик
2028564403,Количество программ/режимов,8
2028564403,Вид питания,От порта USB
2028564403,"Напряжение, В",3.3
2028564403,Упаковка,Slim Case
2028564403,Страна-изготовитель,Китай
2028564403,Гарантийный срок,6 месяцев
1970004131,Артикул,1970004131
1970004131,Тип,Миостимулятор
1970004131,Цвет,Черный
1970004131,Зоны массажа,"Поясница, Спина, Ягодицы, Тело"
1970004131,Особенности массажного аппарата,Регулировка по размеру
1970004131,"Максимальный рост пользователя, см",190
1970004131,Материал корпуса,"ABS пластик, Текстиль"
1970004131,Количество программ/режимов,19
1970004131,Вид питания,"Встроенный аккумулятор, От порта USB"
1970004131,"Мощность массажера, Вт",30
1970004131,"Напряжение, В",3.3
1970004131,"Фактический размер товара, см",26 х 16 х 5
1970004131,Упаковка,Картонная коробка
1970004131,Страна-изготовитель,Китай
1970004131,"Вид массажа
","Вибрационный, Антицеллюлитный, Лимфодренажный, Импульсный, Миостимулирующий, Разминание"
1970004131,Комплектация,EMS - тренажер для пресса (пояс) - 1шт; Инструкция на английском языке - 1 шт; Индикатор - 1 шт; Шнур USB - 1 шт.
2154018755,Артикул,2154018755
2154018755,Тип,Миостимулятор
2154018755,Цвет,Черный
2154018755,Вид массажа,Миостимулирующий
2154018755,Зоны массажа,"Ягодицы, Тело, Спина, Руки, Поясница, Плечи"
2154018755,Особенности массажного аппарата,Таймер
2154018755,Материал корпуса,ABS пластик
2154018755,Количество программ/режимов,36
2154018755,Вид питания,Встроенный аккумулятор
2154018755,"Мощность массажера, Вт",0.025
2154018755,"Фактический размер товара, см",12x6
2154018755,Упаковка,"Easy pack, Картонная коробка"
2154018755,Страна-изготовитель,Китай
2154018755,Гарантийный срок,1
1710459333,Артикул,1710459333
1710459333,Тип,Миостимулятор
1710459333,Цвет,Пластырь
1710459333,Вид массажа,"Импульсный, Миостимулирующий, Оздоровительный, Расслабляющий"
1710459333,Зоны массажа,"Шея, Тело, Спина, Руки, Ноги"
1710459333,Материал корпуса,Полирезин
1710459333,Упаковка,Пакет
1710459333,Комплектация,Пластырь*1
1710459333,Страна-изготовитель,Китай
1710459333,Гарантийный срок,30 дней
2052046798,Артикул,2052046798
2052046798,Тип,Миостимулятор
2052046798,Цвет,Черно-синий
2052046798,Зоны массажа,"Поясница, Тело, Руки, Спина, Ягодицы"
2196585793,Артикул,2196585793
2196585793,Тип,Миостимулятор
2196585793,Цвет,2XL (обхват талии до 125 см)
2196585793,Зоны массажа,"Поясница, Спина"
2196585793,"Максимальный рост пользователя, см",190
2196585793,Материал корпуса,"ABS пластик, Текстиль"
2196585793,Количество программ/режимов,19
2196585793,Вид питания,"Встроенный аккумулятор, От порта USB"
2196585793,"Мощность массажера, Вт",30
2196585793,"Напряжение, В",3.3
2196585793,"Фактический размер товара, см",26*16*5
2196585793,Упаковка,"Картонная коробка, Зип-пакет"
2196585793,Страна-изготовитель,Китай
2196585793,Гарантийный срок,14
2196585793,"Вид массажа
","Вибрационный, Миостимулирующий, Антицеллюлитный, Импульсный, Лимфодренажный, Разминание"
2196585793,Особенности массажного аппарата,"Регулировка по размеру, Работает в автомобиле, Съемные части, Таймер, Ручные программы"
2196585793,Комплектация,EMS - тренажер для пресса (пояс) - 1шт; Инструкция на английском языке; Индикатор - 1 шт; Зарядное устройство (USB - Charging кабель) - 1 шт; Картонная коробка; Зип пакет;
1621633247,Артикул,1621633247
1621633247,Тип,Миостимулятор
1621633247,Цвет,36 режимов
1621633247,Вид массажа,Миостимулирующий
1621633247,Зоны массажа,"Руки, Тело"
1621633247,Особенности массажного аппарата,Русификация
1621633247,Материал корпуса,ABS пластик
1621633247,Количество программ/режимов,36
1621633247,Вид питания,"Встроенный аккумулятор, От порта USB"
1621633247,"Мощность массажера, Вт",0.075
1621633247,"Фактический размер товара, см",12х6
1621633247,Страна-изготовитель,Китай
1621633247,Гарантийный срок,365 дней
1621633247,Комплектация,Миостимулятор-1шт; инструкция на русском языке-1шт; провод USB-1шт; шнур для электродов-2шт; мягкие подушечки-электроды-20шт.
232248055,Артикул,232248055
232248055,Тип,Миостимулятор
232248055,Цвет,EMS-200
232248055,Зоны массажа,"Поясница, Ягодицы, Тело, Зона декольте, Плечи, Руки"
232248055,Особенности массажного аппарата,"Работает в автомобиле, Ручные программы, Таймер"
232248055,"Максимальный рост пользователя, см",195
232248055,Материал корпуса,ABS пластик
232248055,Количество программ/режимов,10
232248055,Вид питания,"От порта USB, Сменная батарея"
232248055,"Мощность массажера, Вт",50
232248055,"Напряжение, В",5
232248055,"Фактический размер товара, см","20 х 6 х 1,5"
232248055,Страна-изготовитель,Китай
232248055,Гарантийный срок,3 года
232248055,"Вид массажа
","Миостимулирующий, Акупунктурный, Антицеллюлитный, Гуаша, Классический, Комбинированный"
232248055,Комплектация,"миостимулятор, 8 электродов, 4 соединительных провода, USB-кабель, инструкция"
944909943,Артикул,944909943
944909943,Тип,Миостимулятор
944909943,Цвет,Миостимулятор JR-309A
944909943,Зоны массажа,"Руки, Тело, Ноги, Плечи, Ягодицы, Поясница"
944909943,Особенности массажного аппарата,"Русификация, Ручные программы, Таймер"
944909943,Материал корпуса,Пластик
944909943,Количество программ/режимов,8
944909943,Вид питания,"От сети 220В, Сменная батарея"
944909943,"Напряжение, В",4.5
944909943,Упаковка,Картонная коробка
944909943,Страна-изготовитель,Китай
944909943,Гарантийный срок,12
944909943,"Вид массажа
","Антицеллюлитный, Импульсный, Оздоровительный, Миостимулирующий, Шиацу, Классический"
944909943,Комплектация,Терапевтические тапочки - 1 шт.; Электроды (патчи) - 4 шт.; Подставка для патчей - 2 шт.; Шнуры электоды - 2 шт (на 2 и 4 контакта).; Блок питания; Шнур питания; Инструкция на русском языке; Схема биологически активных точек на теле (на Английском языке); Аппарат (Русифицированный);
2059797161,Артикул,2059797161
2059797161,Тип,Миостимулятор
2059797161,Цвет,Серый металлик
2059797161,Зоны массажа,"Ягодицы, Спина, Руки, Плечи, Поясница, Ноги"
2059797161,Особенности массажного аппарата,"Ручные программы, Таймер, Работает в автомобиле"
2059797161,Материал корпуса,"ABS пластик, Металл"
2059797161,Количество программ/режимов,24
2059797161,Вид питания,"Встроенный аккумулятор, От порта USB"
2059797161,"Мощность массажера, Вт",240
2059797161,"Напряжение, В",4.3
2059797161,"Фактический размер товара, см","12,5 см*6,5см*1,1см"
2059797161,Упаковка,"Подарочная коробка, Картонная коробка"
2059797161,Страна-изготовитель,Китай
2059797161,Гарантийный срок,1 год
2059797161,"Вид массажа
","Акупунктурный, Лимфодренажный, Расслабляющий, Перкусионный, Шиацу"
2059797161,Комплектация,"Основной блок - 1 шт. Стилус, Электроды 50*50 мм - 6 пар, Электроды 50*100 мм - 2 пары, Соединительный провод - 4 шт. USB-кабель - 1 шт. Адаптер питания - 1 шт. Мешочек для хранения - 1 шт. Руководство пользователя - 1 шт."
2037254366,Артикул,2037254366
2037254366,Тип,Миостимулятор
2037254366,Бренд,FAFY
2037254366,Цвет,"Черный, серебристый"
2037254366,Вид массажа,Лечебный
2037254366,Зоны массажа,"Зона декольте, Лицо, Ноги, Плечи, Поясница, Руки"
2037254366,Особенности массажного аппарата,"Ручные программы, Русификация"
2037254366,Материал корпуса,ABS пластик
2037254366,Количество программ/режимов,36
2037254366,Вид питания,"Встроенный аккумулятор, От порта USB"
2037254366,"Мощность массажера, Вт",0.075
2037254366,"Фактический размер товара, см",12х6
2037254366,Упаковка,Easy pack
2037254366,Страна-изготовитель,Беларусь
2037254366,Гарантийный срок,60
2037254366,Комплектация,Миостимулятор-1шт; зарядный блок-1шт; провод USB-1шт; шнур для электродов-2шт; мягкие подушечки-электроды-8шт.
1928422336,Артикул,1928422336
1928422336,Тип,Миостимулятор
1928422336,Цвет,Мио-ЛОР
1928422336,Зоны массажа,"Ноги, Плечи, Руки, Тело, Спина, Ягодицы"
1928422336,Особенности массажного аппарата,"Ручные программы, Таймер, Съемные части"
1928422336,Материал корпуса,ABS пластик
1928422336,Количество программ/режимов,30
1928422336,Вид питания,Встроенный аккумулятор
1928422336,"Напряжение, В",5
1928422336,"Фактический размер товара, см","2,1*9,5*1,3"
1928422336,Упаковка,Картонная коробка
1928422336,Страна-изготовитель,Китай
1928422336,Гарантийный срок,1 год
1928422336,"Вид массажа
","Антицеллюлитный, Импульсный, Миостимулирующий, Расслабляющий, Оздоровительный"
1928422336,Комплектация,Миостимулятор - 1 шт. Кабель ЛОР - 1 шт. Электроды - 12 шт. Провод для электродов - 2 шт. Кабель для зарядки - 1 шт. Инструкция
1732509816,Артикул,1732509816
1732509816,Тип,Миостимулятор
1732509816,Цвет,Белый
1732509816,Вид массажа,Миостимулирующий
1732509816,Зоны массажа,Тело
1732509816,Особенности массажного аппарата,Ручные программы
1732509816,Материал корпуса,Силикон
1732509816,Количество программ/режимов,3
1732509816,Вид питания,Встроенный аккумулятор
1732509816,"Мощность массажера, Вт",5
1732509816,"Напряжение, В",3.7
1732509816,Упаковка,Картонная коробка
1732509816,Страна-изготовитель,Китай
1732509816,Комплектация,1 * Упаковочная коробка 1 * Руководство пользователя 1*Хост 1 * Кабель для зарядки
1970486550,Артикул,1970486550
1970486550,Тип,Миостимулятор
1970486550,Цвет,Бронза
1970486550,Вид массажа,"Акупунктурный, Вибрационный, Импульсный, Миостимулирующий"
1970486550,Зоны массажа,"Зона декольте, Ноги, Плечи, Поясница, Руки, Тело"
1970486550,Особенности массажного аппарата,Ручные программы
1970486550,Материал корпуса,ABS пластик
1970486550,Количество программ/режимов,8
1970486550,Вид питания,От порта USB
1970486550,"Напряжение, В",5
1970486550,"Фактический размер товара, см",6
1970486550,Упаковка,Easy pack
1970486550,Комплектация,10 массажных пластыря
1970486550,Страна-изготовитель,Китай
2179948680,Артикул,2179948680
2179948680,Тип,Миостимулятор
2179948680,Цвет,Пояс-миостимулятор для пресса
2179948680,Вид массажа,Импульсный
2179948680,Зоны массажа,"Тело, Поясница"
2179948680,Особенности массажного аппарата,Регулировка по размеру
2179948680,Материал корпуса,ABS пластик
2179948680,Количество программ/режимов,6
2179948680,Вид питания,От порта USB
2179948680,"Напряжение, В",5
2179948680,"Фактический размер товара, см",108
2179948680,Упаковка,Картонная коробка
2179948680,Страна-изготовитель,Китай
2179948680,Гарантийный срок,6 месяцев
2179948680,Комплектация,"Пояс размер 108*12см, удлинитель 40см, миостимулятор, провод для USB-зарядки, инструкция, картонная коробка"
2167501113,Артикул,2167501113
2167501113,Тип,Миостимулятор
2167501113,Цвет,Черный матовый
2167501113,Вид массажа,"Лимфодренажный, Миостимулирующий"
2167501113,Зоны массажа,"Плечи, Шея, Поясница, Ноги, Ягодицы, Тело"
2167501113,Особенности массажного аппарата,Съемные части
2167501113,"Максимальный рост пользователя, см",250
2167501113,Материал корпуса,ABS пластик
2167501113,Количество программ/режимов,4
2167501113,Вид питания,Встроенный аккумулятор
2167501113,"Напряжение, В",3.7
2167501113,"Фактический размер товара, см",5.3*3.6*2
2167501113,Комплектация,"Часы, массажный шнур, руководство по эксплуатации"
2167501113,Страна-изготовитель,Китай
1423369110,Артикул,1423369110
1423369110,Тип,Миостимулятор
1423369110,Бренд,Beurer
1423369110,Цвет,"Черный, серый"
1423369110,Вид массажа,Миостимулирующий
1423369110,Зоны массажа,"Поясница, Ноги, Руки"
1423369110,Материал корпуса,ABS пластик
1423369110,Количество программ/режимов,40
1423369110,Комплектация,Миостимулятор Beurer EM 95
1423369110,Страна-изготовитель,Германия
1423369110,Гарантийный срок,12
170838627,Артикул,170838627
170838627,Тип,Миостимулятор
170838627,Зоны массажа,"Ноги, Тело, Ягодицы"
170838627,Особенности массажного аппарата,"Работает в автомобиле, Таймер"
170838627,"Максимальный рост пользователя, см",220
170838627,Материал корпуса,ABS пластик
170838627,Количество программ/режимов,4
170838627,Вид питания,Встроенный аккумулятор
170838627,"Напряжение, В",5
170838627,"Фактический размер товара, см",9 х 10
170838627,Страна-изготовитель,Китай (Тайвань)
170838627,Гарантийный срок,2 года
170838627,"Вид массажа
","Антицеллюлитный, Вибрационный, Комбинированный, Лимфодренажный, Миостимулирующий"
170838627,Комплектация,Прибор для ухода и массажа тела BioSonic 1140 Поставка для зарядки и хранения Защитные очки Зарядное устройство со шнуром питания Руководство по эксплуатации
324680866,Артикул,324680866
324680866,Тип,Миостимулятор
324680866,Цвет,Серый
324680866,Зоны массажа,"Тело, Ноги, Плечи, Поясница, Спина, Шея"
324680866,Особенности массажного аппарата,"Пульт ДУ, Ручные программы, Русификация, Таймер"
324680866,"Максимальный рост пользователя, см",220
324680866,Материал корпуса,ABS пластик
324680866,Количество программ/режимов,8
324680866,Вид питания,"Сменная батарея, От сети 220В"
324680866,"Мощность массажера, Вт",4.5
324680866,"Напряжение, В",5
324680866,"Фактический размер товара, см","15,5"
324680866,Упаковка,Коробка
324680866,Страна-изготовитель,Китай
324680866,Гарантийный срок,6 месяцев
324680866,"Вид массажа
","Импульсный, Лимфодренажный, Миостимулирующий, Оздоровительный, Вибрационный, Антицеллюлитный"
324680866,Комплектация,"Массажёр миостимулятор Меридиан , клейкие электроды 4шт, USB кабель, инструкция, 3 батарейки, кабели для электродов, инструкция"
1195170258,Артикул,1195170258
1195170258,Тип,Миостимулятор
1195170258,Цвет,Серебро
1195170258,Зоны массажа,"Тело, Ноги, Плечи, Поясница, Шея, Руки"
1195170258,Особенности массажного аппарата,"Ручные программы, Таймер"
1195170258,Материал корпуса,"ABS пластик, Алюминий"
1195170258,Количество программ/режимов,10
1195170258,Вид питания,Встроенный аккумулятор
1195170258,"Напряжение, В",5
1195170258,Упаковка,Пенал
1195170258,Страна-изготовитель,Китай
1195170258,Гарантийный срок,2 года
1195170258,"Вид массажа
","Импульсный, Акупунктурный, Миостимулирующий, Расслабляющий, Гуаша, Оздоровительный"
1195170258,Комплектация,"• миостимулятор • сетевой адаптер • USB-кабель • 2 пары электродов (стандартные) • 1 пара электродов (косметологические) • 2 провода для подключения электродов • инструкция на русском языке • лоток для размещения электродов • гарантийный талон, гарантия - 1 год."
1903410374,Артикул,1903410374
1903410374,Тип,Миостимулятор
1903410374,Цвет,Белый
1903410374,Зоны массажа,"Тело, Руки, Плечи, Поясница, Ноги, Ягодицы"
1903410374,Особенности массажного аппарата,"Русификация, Таймер, Ручные программы"
1903410374,Материал корпуса,Пластик
1903410374,Количество программ/режимов,8
1903410374,"Напряжение, В",4.5
1903410374,Страна-изготовитель,Китай
1307446461,Артикул,1307446461
1307446461,Тип,Миостимулятор
1307446461,Цвет,Белый
1307446461,Вид массажа,"Акупунктурный, Антицеллюлитный, Вибрационный, Импульсный"
1307446461,Зоны массажа,"Ноги, Плечи, Поясница, Руки, Спина, Шея"
1307446461,Особенности массажного аппарата,Ручные программы
1307446461,"Максимальный рост пользователя, см",200
1307446461,Материал корпуса,ABS пластик
1307446461,Количество программ/режимов,15
1307446461,Вид питания,"Встроенный аккумулятор, Сменная батарея"
1307446461,"Мощность массажера, Вт",54
1307446461,"Напряжение, В",1.5
1307446461,"Фактический размер товара, см",7*2*15
1307446461,Упаковка,Картонная коробка
1307446461,Страна-изготовитель,Китай
1307446461,Гарантийный срок,30 дней
1307446461,Комплектация,"Прибор для терапии, 2 насадки, провод для насадок, адаптер для розетки, провод USB-адаптер, 3 батарейки ААА. Инструкция на русском языке."
1233585465,Артикул,1233585465
1233585465,Тип,Миостимулятор
1233585465,Бренд,Beurer
1233585465,Цвет,"Белый, черный"
1233585465,Вид массажа,Миостимулирующий
1233585465,Зоны массажа,Тело
1233585465,Материал корпуса,Пластик
1233585465,Вид питания,Сменная батарея
1233585465,Страна-изготовитель,Германия
1233585465,Комплектация,"Миостимулятор Beurer EM49 Соединительный кабель, самоклеющиеся электроды, инструкция"
1610933092,Артикул,1610933092
1610933092,Тип,Миостимулятор
1610933092,Цвет,Синий с черным
1610933092,Вид массажа,"Миостимулирующий, Импульсный, Вибрационный"
1610933092,Зоны массажа,"Плечи, Руки, Тело, Поясница, Шея, Ягодицы"
1610933092,Особенности массажного аппарата,Таймер
1610933092,"Максимальный рост пользователя, см",200
1610933092,Материал корпуса,ABS пластик
1610933092,Количество программ/режимов,8
1610933092,Вид питания,Встроенный аккумулятор
1610933092,"Мощность массажера, Вт",3.7
1610933092,"Напряжение, В",4
1610933092,"Фактический размер товара, см",15
1610933092,Упаковка,Картонная коробка
1610933092,Комплектация,массажер-1 шт кабель зарядки-1 шт инструкция- 1 шт
1610933092,Страна-изготовитель,Китай
2199420716,Артикул,2199420716
2199420716,Тип,Миостимулятор
2199420716,Цвет,Черно-серый
2199420716,Вид массажа,"Акупунктурный, Импульсный, Миостимулирующий, Расслабляющий"
2199420716,Зоны массажа,"Ноги, Поясница, Руки, Спина, Тело, Ягодицы"
2199420716,Особенности массажного аппарата,Пульт ДУ
2199420716,Материал корпуса,"ABS пластик, Пластик"
2199420716,Количество программ/режимов,8
2199420716,Вид питания,Встроенный аккумулятор
2199420716,"Мощность массажера, Вт",0.56
2199420716,"Фактический размер товара, см","13х5,5х3"
2199420716,Упаковка,Картонная коробка
2199420716,Страна-изготовитель,Китай
2199420716,Гарантийный срок,30 дней
2199420716,Комплектация,"Миостимулятор 1шт, гидрогелевая пластина бабочка 2 шт, зарядный кабель, пульт управления"
1833345061,Артикул,1833345061
1833345061,Тип,Миостимулятор
1833345061,Цвет,Желтый
1833345061,Вид массажа,"Акупрессурный, Импульсный, Миостимулирующий, Расслабляющий"
1833345061,Зоны массажа,"Тело, Ноги, Поясница, Спина, Шея, Ягодицы"
1833345061,Особенности массажного аппарата,"Ручные программы, Съемные части, Таймер"
1833345061,"Максимальный рост пользователя, см",250
1833345061,Материал корпуса,ABS пластик
1833345061,Количество программ/режимов,16
1833345061,Вид питания,"Встроенный аккумулятор, От сети 220В"
1833345061,"Напряжение, В",5
1833345061,"Фактический размер товара, см",12х6
1833345061,Упаковка,Картонная коробка
1833345061,Страна-изготовитель,Китай
1833345061,Комплектация,Импульсный массажер - 1 шт; Инструкция - 1 шт; Электроды - 4 шт; Провод USB - 1 шт.
2176102061,Артикул,2176102061
2176102061,Тип,Миостимулятор
2176102061,Цвет,Сменное основание для миостимулятора
2176102061,Вид массажа,"Вибрационный, Импульсный, Лимфодренажный, Миостимулирующий"
2176102061,Зоны массажа,"Ноги, Плечи, Поясница, Руки, Спина, Ягодицы"
2176102061,Упаковка,Пакет с клапаном
2176102061,Комплектация,"Сменное основание - 1 штука, пакет"
2176102061,Страна-изготовитель,Китай
2009151929,Артикул,2009151929
2009151929,Тип,Миостимулятор
2009151929,Цвет,Белое
2009151929,Вид массажа,"Импульсный, Перкусионный, Вибрационный"
2009151929,Зоны массажа,"Плечи, Шея, Поясница, Ноги, Ягодицы, Тело"
2009151929,Особенности массажного аппарата,"Ручные программы, Пульт ДУ"
2009151929,"Максимальный рост пользователя, см",250
2009151929,Материал корпуса,ABS пластик
2009151929,Количество программ/режимов,6
2009151929,Вид питания,"Сменная батарея, От порта USB"
2009151929,"Мощность массажера, Вт",3.7
2009151929,"Напряжение, В",4
2009151929,"Фактический размер товара, см",15*7
2009151929,Упаковка,Bag-in-Box
2009151929,Страна-изготовитель,Китай
2009151929,Комплектация,массажер для шеи;миостимулятор;миостимулятор для тела;массажер для похудения;микротоковый массажер
1891748809,Артикул,1891748809
1891748809,Тип,Миостимулятор
1891748809,Цвет,36 режимов
1891748809,Вид массажа,Миостимулирующий
1891748809,Зоны массажа,Тело
1891748809,Особенности массажного аппарата,"Ручные программы, Таймер"
1891748809,Материал корпуса,ABS пластик
1891748809,Количество программ/режимов,36
1891748809,"Фактический размер товара, см","35х46,5х2"
1891748809,Страна-изготовитель,Китай
1891748809,Гарантийный срок,180
1891748809,Комплектация,миостимулятор 1 шт; инструкция на русском языке 1 шт; 8 электродов; 2 провода для электродов.
1412088852,Артикул,1412088852
1412088852,Тип,Миостимулятор
1412088852,Цвет,"Черный, синий"
1412088852,Вид массажа,"Миостимулирующий, Оздоровительный, Расслабляющий"
1412088852,Зоны массажа,"Шея, Ягодицы, Ноги, Руки"
1412088852,Особенности массажного аппарата,Ручные программы
1412088852,Материал корпуса,Пластик
1412088852,Количество программ/режимов,8
1412088852,Вид питания,"От порта USB, Встроенный аккумулятор"
1412088852,Страна-изготовитель,Китай
1412088852,Комплектация,Массажер - 1шт. Блок управления - 1шт. USB-кабель зарядки - 1шт.
1766425459,Артикул,1766425459
1766425459,Тип,Миостимулятор
1766425459,Цвет,Серый
1766425459,Зоны массажа,"Тело, Ноги, Плечи, Поясница, Спина, Шея"
1766425459,Особенности массажного аппарата,"Пульт ДУ, Ручные программы, Подогрев"
1766425459,"Максимальный рост пользователя, см",220
1766425459,Материал корпуса,ABS пластик
1766425459,Количество программ/режимов,6
1766425459,Вид питания,От порта USB
1766425459,"Мощность массажера, Вт",4.5
1766425459,"Напряжение, В",5
1766425459,"Фактический размер товара, см","15,5"
1766425459,Упаковка,Коробка
1766425459,"Вид массажа
","Импульсный, Комбинированный, Лечебный, Лимфодренажный, Миостимулирующий, Оздоровительный"
1818607140,Артикул,1818607140
1818607140,Тип,Миостимулятор
1818607140,Цвет,Ӕвзистхуыз-урс
1818607140,Вид массажа,"Лечебный, Миостимулирующий, Оздоровительный"
1818607140,Зоны массажа,"Голова, Руки, Шея, Плечи, Тело, Ноги"
1818607140,Особенности массажного аппарата,"Ручные программы, Таймер"
1818607140,Материал корпуса,ABS пластик
1818607140,Упаковка,Картонный бокс + DigiPak
1818607140,Страна-изготовитель,Китай
1818607140,Гарантийный срок,3 месяца
1818607140,Комплектация,1 * Электротерапевтический массажер (хозяин) 6 пар * электродных накладок (две пары запасных выдаются бесплатно) 4*2 электродная проволока 1 * USB-кабель 1 * Руководство пользователя 1 * Цветная коробка
1562270649,Артикул,1562270649
1562270649,Тип,Миостимулятор
1562270649,Цвет,Белый
1562270649,Вид массажа,"Расслабляющий, Лечебный"
1562270649,Зоны массажа,"Зона декольте, Ноги, Плечи, Руки, Спина, Тело"
1562270649,Особенности массажного аппарата,"Съемные части, Ручные программы"
1562270649,"Максимальный рост пользователя, см",200
1562270649,Материал корпуса,Пластик
1562270649,Количество программ/режимов,8
1562270649,Вид питания,От порта USB
1562270649,"Мощность массажера, Вт",4.5
1562270649,"Фактический размер товара, см",25x20x5
1562270649,Упаковка,Картонная коробка
1562270649,Страна-изготовитель,Китай
1562270649,Гарантийный срок,360 дней
1562270649,Комплектация,1 * устройство цифровой терапии 8 * электродных накладок (4 пары) 2*4-ходовой электродный провод 1 * USB-кабель для зарядки 1 * Руководство пользователя на английском языке
1510547214,Артикул,1510547214
1510547214,Тип,Миостимулятор
1510547214,Цвет,Серебро матовый
1510547214,Зоны массажа,"Ноги, Плечи, Поясница, Руки, Тело, Шея"
1510547214,Особенности массажного аппарата,"Съемные части, Таймер, Пульт ДУ"
1510547214,"Максимальный рост пользователя, см",200
1510547214,Материал корпуса,ABS пластик
1510547214,Количество программ/режимов,36
1510547214,Вид питания,"От порта USB, Встроенный аккумулятор"
1510547214,"Мощность массажера, Вт",5
1510547214,"Напряжение, В",4
1510547214,"Фактический размер товара, см",7
1510547214,Упаковка,Картонная коробка
1510547214,Страна-изготовитель,Китай
1510547214,Гарантийный срок,6 месяцев
1510547214,"Вид массажа
","Антицеллюлитный, Вибрационный, Импульсный, Лимфодренажный, Миостимулирующий, Оздоровительный"
1510547214,Комплектация,пульт управления - 1шт. провод для одного канала с двумя контактами - 1 шт. самоклеящиеся электроды - 5 пар разных размеров и форм провод для зарядки USB (без вилки блока питания) - 1шт. таблица точек воздействия на русском языке - 1шт. инструкция на русском языке - 1 шт.
1103014791,Артикул,1103014791
1103014791,Тип,Миостимулятор
1103014791,Цвет,Серебристый
1103014791,Вид массажа,Миостимулирующий
1103014791,Зоны массажа,Тело
1103014791,Материал корпуса,ABS пластик
1103014791,Страна-изготовитель,Германия
1103014791,Гарантийный срок,1 год
1813707802,Артикул,1813707802
1813707802,Тип,Миостимулятор
1813707802,Цвет,Белое
1813707802,Зоны массажа,"Ноги, Тело, Руки, Поясница, Ягодицы, Плечи"
1813707802,Особенности массажного аппарата,"Русификация, Ручные программы, Таймер"
1813707802,Материал корпуса,ABS пластик
1813707802,Страна-изготовитель,Китай
914899343,Артикул,914899343
914899343,Тип,Миостимулятор
914899343,Цвет,Черный
914899343,Зоны массажа,Руки
914899343,Особенности массажного аппарата,"Работает в автомобиле, Ручные программы, Таймер"
914899343,Материал корпуса,"ABS пластик, Металл"
914899343,Количество программ/режимов,6
914899343,Вид питания,"Встроенный аккумулятор, От порта USB"
914899343,"Напряжение, В",5
914899343,Упаковка,Коробка
914899343,Комплектация,антистресс EMS провод для зарядки USB-C коробка
914899343,Страна-изготовитель,Китай
914899343,Гарантийный срок,12 мес
914899343,"Вид массажа
","Акупунктурный, Импульсный, Миостимулирующий, Оздоровительный, Расслабляющий"
2240897060,Артикул,2240897060
2240897060,Тип,Миостимулятор
2240897060,Бренд,Yamaguchi
2240897060,Цвет,Белый Серый Красный
2240897060,Зоны массажа,Тело
2240897060,Особенности массажного аппарата,"Работает в автомобиле, Ручные программы, Таймер, Русификация"
2240897060,"Максимальный рост пользователя, см",230
2240897060,Материал корпуса,ABS пластик
2240897060,Количество программ/режимов,2
2240897060,Вид питания,Встроенный аккумулятор
2240897060,"Фактический размер товара, см","19×15,5×0,2"
2240897060,Упаковка,Картонная коробка
2240897060,Страна-изготовитель,Китай
2240897060,Гарантийный срок,1 год
2240897060,"Вид массажа
","Миостимулирующий, Антицеллюлитный, Импульсный, Лимфодренажный, Вибрационный, Расслабляющий"
2240897060,Комплектация,Миостимулятор для мужчин и женщин Yamaguchi ABS Trainer MIO USB шнур Руководство пользователя
1695277972,Артикул,1695277972
1695277972,Тип,Миостимулятор
1695277972,Цвет,Белый
1695277972,Вид массажа,"Акупунктурный, Антицеллюлитный, Вибрационный, Импульсный"
1695277972,Зоны массажа,"Ноги, Плечи, Поясница, Руки, Спина, Шея"
1695277972,Особенности массажного аппарата,Ручные программы
1695277972,"Максимальный рост пользователя, см",185
1695277972,Материал корпуса,ABS пластик
1695277972,Количество программ/режимов,15
1695277972,Вид питания,"Встроенный аккумулятор, Сменная батарея"
1695277972,"Мощность массажера, Вт",60
1695277972,"Напряжение, В",1.5
1695277972,"Фактический размер товара, см",7*2*15
1695277972,Упаковка,Картонная коробка
1695277972,Страна-изготовитель,Китай
1695277972,Гарантийный срок,30 дней
1695277972,Комплектация,"Прибор для терапии, 2 насадки, провод для насадок, адаптер для розетки, провод USB-адаптер, 3 батарейки ААА. Инструкция на русском языке."
1692186571,Артикул,1692186571
1692186571,Тип,Миостимулятор
1692186571,Цвет,Красный
1692186571,Зоны массажа,"Лицо, Плечи, Шея"
1692186571,Особенности массажного аппарата,"Подогрев, Ручные программы"
1692186571,"Максимальный рост пользователя, см",230
1692186571,Материал корпуса,ABS пластик
1692186571,Количество программ/режимов,7
1692186571,Вид питания,От порта USB
1692186571,"Мощность массажера, Вт",5
1692186571,"Напряжение, В",3
1692186571,"Фактический размер товара, см",15х6
1692186571,Упаковка,Картонная коробка
1692186571,Комплектация,миостимулятор-подвеска USB зарядка
1692186571,Страна-изготовитель,Китай
1692186571,Гарантийный срок,14 дней
1692186571,"Вид массажа
","Импульсный, Комбинированный, Лимфодренажный, Миостимулирующий"
1754158461,Артикул,1754158461
1754158461,Тип,Миостимулятор
1754158461,Цвет,Белый
1754158461,Зоны массажа,"Ноги, Поясница, Руки, Спина, Шея, Ягодицы"
1754158461,Материал корпуса,ABS пластик
1754158461,Количество программ/режимов,6
1754158461,Вид питания,"От сети 220В, Встроенный аккумулятор"
1754158461,Упаковка,"Картонная коробка, Конверт"
1754158461,Страна-изготовитель,Китай
1754158461,Гарантийный срок,180 дней
1754158461,"Вид массажа
","Вибрационный, Импульсный, Миостимулирующий, Разминание, Лимфодренажный, Расслабляющий"
1754158461,Особенности массажного аппарата,"Подогрев, Работает в автомобиле, Встроенные динамики, Ручные программы, Таймер"
1754158461,Комплектация,"Миостимулятор для пресса, ног, тела, шеи, живота, рук, спины, поясницы (1 шт) с пультом управления (1шт) , гелевое основание (1 шт), USB-кабель (адаптер в комплект не входит!), инструкция на русском языке, ремни в подарок (2 шт)"
1650901135,Артикул,1650901135
1650901135,Тип,Миостимулятор
1650901135,Цвет,Черный
1650901135,Зоны массажа,"Голова, Руки, Тело, Шея, Ноги, Плечи"
1650901135,Особенности массажного аппарата,"Ручные программы, Таймер, Съемные части"
1650901135,Материал корпуса,"Металл, ABS пластик"
1650901135,Количество программ/режимов,36
1650901135,Вид питания,"От порта USB, Встроенный аккумулятор"
1650901135,"Напряжение, В",5
1650901135,"Фактический размер товара, см",5.3X9.5
1650901135,Упаковка,Картонная коробка
1650901135,Страна-изготовитель,Китай
1650901135,"Вид массажа
","Миостимулирующий, Рефлекторный, Акупрессурный, Вибрационный, Лечебный"
1650901135,Комплектация,1 * Электротерапевтический массажер (хозяин) 4 пар* электродных накладок 2 * 2 электродных провода 1 * USB-кабель 1 * Крепежная пластина вкладыша 1 * Руководство пользователя 1 * Карта акупунктурных точек 1 * Цветная коробка 1*инструкция на русском языке
1804765416,Артикул,1804765416
1804765416,Тип,Миостимулятор
1804765416,Цвет,Серебро матовый
1804765416,Зоны массажа,"Ноги, Плечи, Поясница, Руки, Тело, Шея"
1804765416,Особенности массажного аппарата,"Съемные части, Таймер, Пульт ДУ"
1804765416,"Максимальный рост пользователя, см",200
1804765416,Материал корпуса,ABS пластик
1804765416,Количество программ/режимов,36
1804765416,Вид питания,"От порта USB, Встроенный аккумулятор"
1804765416,"Мощность массажера, Вт",5
1804765416,"Напряжение, В",4
1804765416,"Фактический размер товара, см",7
1804765416,Упаковка,Картонная коробка
1804765416,Страна-изготовитель,Китай
1804765416,"Вид массажа
","Антицеллюлитный, Вибрационный, Импульсный, Лимфодренажный, Миостимулирующий, Оздоровительный"
1804765416,Комплектация,пульт управления - 1шт. провод для одного канала с двумя контактами - 1 шт. самоклеящиеся электроды - 5 пар разных размеров и форм провод для зарядки USB (без вилки блока питания) - 1шт. таблица точек воздействия на русском языке - 1шт. инструкция на русском языке - 1 шт.
1164398076,Артикул,1164398076
1164398076,Тип,Миостимулятор
1164398076,Бренд,TAYMLUX
1164398076,Цвет,Розовый
1164398076,Вид массажа,"Миостимулирующий, Антицеллюлитный, Оздоровительный"
1164398076,Зоны массажа,"Лицо, Голова"
1164398076,Особенности массажного аппарата,"Регулировка по размеру, Ручные программы"
1164398076,Материал корпуса,Силикон
1164398076,Количество программ/режимов,3
1164398076,Вид питания,Встроенный аккумулятор
1164398076,"Мощность массажера, Вт",2.5
1164398076,"Напряжение, В",5
1164398076,Упаковка,Картонная коробка
1164398076,Страна-изготовитель,Китай
1164398076,Гарантийный срок,3 года
1164398076,Комплектация,Силиконовая маска-массажер Контроллер USB шнур (1м) Инструкция по эксплуатации
1630856340,Артикул,1630856340
1630856340,Тип,Миостимулятор
1630856340,Цвет,"Черный, серебристый"
1630856340,Зоны массажа,Тело
1938396282,Артикул,1938396282
1938396282,Тип,Миостимулятор
1938396282,Цвет,Темный
1938396282,Вид массажа,"Вибрационный, Рефлекторный, Миостимулирующий"
1938396282,Зоны массажа,"Шея, Тело, Плечи, Ноги, Поясница, Ягодицы"
1938396282,Особенности массажного аппарата,Ручные программы
1938396282,Материал корпуса,ABS пластик
1938396282,Количество программ/режимов,6
1938396282,Вид питания,От порта USB
1938396282,"Мощность массажера, Вт",3.7
1938396282,"Напряжение, В",4
1938396282,"Фактический размер товара, см",15
1938396282,Упаковка,"Картонный бокс + DigiPak, Bag-in-Box"
1938396282,Страна-изготовитель,Китай
1938396282,Комплектация,"Проводник ""Бабочка"" с гелевыми патчами - 2 шт. Массажер миостимулятор - 1 шт. USB шнур - 1 шт."
1917747060,Артикул,1917747060
1917747060,Тип,Миостимулятор
1917747060,Цвет,9 режимов
1917747060,Вид массажа,Миостимулирующий
1917747060,Зоны массажа,Тело
1917747060,Особенности массажного аппарата,"Ручные программы, Таймер"
1917747060,Материал корпуса,ABS пластик
1917747060,Количество программ/режимов,9
1917747060,Вид питания,Встроенный аккумулятор
1917747060,"Фактический размер товара, см",150х70х20
1917747060,Комплектация,миостимулятор 1 шт; 8 электродов;
1917747060,Страна-изготовитель,Китай
1917747060,Гарантийный срок,180
1740721010,Артикул,1740721010
1740721010,Тип,Миостимулятор
1740721010,Цвет,XL (обхват талии до 110 см)
1740721010,Зоны массажа,"Поясница, Тело, Спина"
1740721010,"Максимальный рост пользователя, см",190
1740721010,Материал корпуса,"ABS пластик, Текстиль"
1740721010,Количество программ/режимов,19
1740721010,Вид питания,"Встроенный аккумулятор, От порта USB"
1740721010,"Мощность массажера, Вт",30
1740721010,"Напряжение, В",3.3
1740721010,"Фактический размер товара, см",26*16*5
1740721010,Упаковка,"Картонная коробка, Зип-пакет"
1740721010,Страна-изготовитель,Китай
1740721010,Гарантийный срок,14
1740721010,"Вид массажа
","Вибрационный, Миостимулирующий, Антицеллюлитный, Импульсный, Лимфодренажный, Разминание"
1740721010,Особенности массажного аппарата,"Регулировка по размеру, Работает в автомобиле, Съемные части, Таймер, Ручные программы"
1740721010,Комплектация,EMS - тренажер для пресса (пояс) - 1шт; Инструкция на английском языке; Индикатор - 1 шт; Зарядное устройство (USB - Charging кабель) - 1 шт; Картонная коробка; Зип пакет;
2122028870,Артикул,2122028870
2122028870,Тип,Миостимулятор
2122028870,Цвет,Желтый
2122028870,Вид массажа,"Импульсный, Миостимулирующий"
2122028870,Зоны массажа,"Ноги, Руки, Тело, Поясница, Плечи, Спина"
2122028870,Особенности массажного аппарата,"Ручные программы, Таймер"
2122028870,Материал корпуса,ABS пластик
2122028870,Количество программ/режимов,16
2122028870,Вид питания,"Встроенный аккумулятор, От порта USB"
2122028870,"Мощность массажера, Вт",0.075
2122028870,"Фактический размер товара, см",10х5
2122028870,Упаковка,"Картонная коробка, Воздушно-пузырчатая пленка"
2122028870,Страна-изготовитель,Китай
2122028870,Комплектация,Универсальный импульсный миостимулятор с током; Инструкция на русском языке; 8 электродов; провод USB; коробка;
1368441002,Артикул,1368441002
1368441002,Тип,Миостимулятор
1368441002,Зоны массажа,"Ноги, Руки, Тело"
1368441002,Страна-изготовитель,Китай
1937951811,Артикул,1937951811
1937951811,Тип,Миостимулятор
1937951811,Цвет,Голубой
1937951811,Зоны массажа,"Руки, Ягодицы, Тело, Ноги, Поясница"
1937951811,Особенности массажного аппарата,"Пульт ДУ, Регулировка по размеру"
1937951811,Количество программ/режимов,6
1937951811,Вид питания,"От сети 220В, От порта USB"
1937951811,"Мощность массажера, Вт",5
1937951811,"Напряжение, В",5
1937951811,"Фактический размер товара, см",←38→ * 7↨
1937951811,Комплектация,"Пульт управления, основной блок, USB-провод"
1937951811,"Вид массажа
","Вибрационный, Антицеллюлитный, Миостимулирующий, Импульсный, Разминание, Оздоровительный"
1653901033,Артикул,1653901033
1653901033,Тип,Миостимулятор
1653901033,Цвет,Серебристо-черный
1653901033,Зоны массажа,"Лицо, Ноги, Поясница, Спина, Тело, Ягодицы"
1653901033,Материал корпуса,ABS пластик
1653901033,Количество программ/режимов,8
1653901033,Вид питания,"От сети 220В, Сменная батарея"
1653901033,Упаковка,"Картонная коробка, Пластиковый пакет"
1653901033,Страна-изготовитель,Китай
1653901033,Гарантийный срок,2 год
1653901033,"Вид массажа
","Акупрессурный, Акупунктурный, Вибрационный, Миостимулирующий, Оздоровительный, Расслабляющий"
1653901033,Комплектация,"миостимулятор, сетевой адаптер, 2 пары электродов, 1 провод для подключения электродов, инструкция на русском языке, батарейка 9В, лоток для размещения электродов, гарантийный талон, гарантия - 1 год."
891898550,Артикул,891898550
891898550,Тип,Миостимулятор
891898550,Цвет,Белоснежный
891898550,Вид массажа,"Миостимулирующий, Расслабляющий, Импульсный"
891898550,Зоны массажа,"Тело, Шея, Ягодицы, Зона декольте, Ноги, Спина"
891898550,"Максимальный рост пользователя, см",220
891898550,Материал корпуса,ABS пластик
891898550,Количество программ/режимов,8
891898550,Вид питания,От порта USB
891898550,"Фактический размер товара, см","15,3 * 7 * 1,8"
891898550,Упаковка,Коробка
891898550,Страна-изготовитель,Китай
891898550,Гарантийный срок,6 месяцев
891898550,Комплектация,Миостимулятор - 1 шт.; 10 насадок для миостимулятора - 1 шт; батарейки типа ААА.
1083248756,Артикул,1083248756
1083248756,Тип,Миостимулятор
1083248756,Цвет,Белый
1083248756,Зоны массажа,"Ноги, Плечи, Поясница, Спина, Тело, Шея"
1083248756,Материал корпуса,ABS пластик
1083248756,Количество программ/режимов,4
1083248756,Вид питания,"От сети 220В, Сменная батарея"
1083248756,"Фактический размер товара, см","15x6,3x2,7 мм"
1083248756,Упаковка,"Картонная коробка, Пластиковый пакет"
1083248756,Страна-изготовитель,Китай
1083248756,Гарантийный срок,1 год
1083248756,"Вид массажа
","Акупрессурный, Акупунктурный, Вибрационный, Миостимулирующий, Оздоровительный, Расслабляющий"
1083248756,Комплектация,"миостимулятор, сетевой адаптер, 2 пары электродов, 1 провод для подключения электродов, инструкция на русском языке, батарейка 9В, лоток для размещения электродов, гарантийный талон, гарантия - 1 год."
1827067477,Артикул,1827067477
1827067477,Тип,Миостимулятор
1827067477,Цвет,Черный
1827067477,Зоны массажа,"Ноги, Поясница, Руки, Шея, Ягодицы, Тело"
1827067477,"Максимальный рост пользователя, см",220
1827067477,Материал корпуса,"ABS пластик, Силикон"
1827067477,Количество программ/режимов,6
1827067477,Вид питания,"Встроенный аккумулятор, От сети 220В"
1827067477,"Мощность массажера, Вт",5
1827067477,"Напряжение, В",120
1827067477,"Фактический размер товара, см",25х15х5
1827067477,Упаковка,"Подарочная упаковка, Коробка"
1827067477,Страна-изготовитель,Китай (Гонконг)
1827067477,Гарантийный срок,гарантия OZON
1827067477,"Вид массажа
","Антицеллюлитный, Миостимулирующий, Импульсный, Расслабляющий, Лимфодренажный, Классический"
1827067477,Особенности массажного аппарата,"Подогрев, Пульт ДУ, Ручные программы, Таймер, Работает в автомобиле, Съемные части, Регулировка по размеру, Русификация"
1827067477,Комплектация,пульт дистанционного управления - 1 шт гелевая накладка - 1 шт USB кабель для зарядки - 1 шт ремешки - 2 шт инструкция на русском языке - 1 шт
1068338838,Артикул,1068338838
1068338838,Тип,Миостимулятор
1068338838,Цвет,Черный
1068338838,Зоны массажа,"Плечи, Поясница, Руки, Спина, Тело, Шея"
1068338838,Особенности массажного аппарата,"Работает в автомобиле, Ручные программы"
1068338838,"Максимальный рост пользователя, см",230
1068338838,Материал корпуса,ABS пластик
1068338838,Количество программ/режимов,18
1068338838,Вид питания,От порта USB
1068338838,"Мощность массажера, Вт",5
1068338838,"Напряжение, В",3
1068338838,"Фактический размер товара, см",15х6
1068338838,Упаковка,Картонная коробка
1068338838,Страна-изготовитель,Китай
1068338838,Гарантийный срок,14 дней
1068338838,"Вид массажа
","Антицеллюлитный, Вибрационный, Импульсный, Комбинированный, Лимфодренажный, Миостимулирующий"
1068338838,Комплектация,1 х Массажер 1 х пластырь 1 х кабель для зарядки 1 х инструкция
1438957014,Артикул,1438957014
1438957014,Тип,Миостимулятор
1438957014,Цвет,Черный
1438957014,Вид массажа,"Импульсный, Миостимулирующий"
1438957014,Зоны массажа,Тело
1438957014,Материал корпуса,ABS пластик
1438957014,Количество программ/режимов,18
1438957014,Вид питания,Сменная батарея
1438957014,Упаковка,Картонная коробка
1438957014,Комплектация,3 функциональных датчиков; 3 коврика наклеиваемых ;
1438957014,Страна-изготовитель,Китай
904224384,Артикул,904224384
904224384,Тип,Миостимулятор
904224384,Цвет,Синий
904224384,Вид массажа,Миостимулирующий
904224384,Зоны массажа,"Плечи, Поясница, Руки, Тело, Шея, Ягодицы"
904224384,Особенности массажного аппарата,Работает в автомобиле
904224384,Материал корпуса,Пластик
904224384,Упаковка,Картонная коробка
904224384,Комплектация,1 х Массажер 1 х пластырь 1 х кабель для зарядки
904224384,Страна-изготовитель,Китай
904224384,Гарантийный срок,14 дней с сохранением товарного вида
1740752504,Артикул,1740752504
1740752504,Тип,Миостимулятор
1740752504,Цвет,Черный матовый
1740752504,Зоны массажа,"Поясница, Спина, Тело"
1740752504,Особенности массажного аппарата,"Таймер, Регулировка по размеру"
1740752504,Материал корпуса,"ABS пластик, Текстиль"
1740752504,Количество программ/режимов,8
1740752504,Вид питания,Встроенный аккумулятор
1740752504,"Фактический размер товара, см","110*16,5 см"
1740752504,Упаковка,Картонная коробка
1740752504,Страна-изготовитель,Китай
1740752504,Гарантийный срок,2 года
1740752504,"Вид массажа
","Вакуумный, Вибрационный, Миостимулирующий, Шиацу, Перкусионный, Разминание"
1740752504,Комплектация,Миостимулятор – 1 шт. Контроллер – 1 шт. Кабель micro usb – 1 шт. Пульверизатор – 1 шт. Удлинитель для пояса – 1 шт. Инструкция – 1 шт. Гарантийный талон – 1 шт
1738377495,Артикул,1738377495
1738377495,Тип,Миостимулятор
1738377495,Цвет,Белый
1738377495,Вид массажа,Миостимулирующий
1738377495,Зоны массажа,Тело
1738377495,Особенности массажного аппарата,Ручные программы
1738377495,Материал корпуса,Силикон
1738377495,Количество программ/режимов,3
1738377495,Вид питания,От порта USB
1738377495,"Мощность массажера, Вт",5
1738377495,"Напряжение, В",5
1738377495,Упаковка,Картонная коробка
1738377495,Страна-изготовитель,Китай
1738377495,Комплектация,1 * Упаковочная коробка 1 * Руководство пользователя 1*Хост 1 * Кабель для зарядки
1708522373,Артикул,1708522373
1708522373,Тип,Миостимулятор
1708522373,Бренд,Beurer
1708522373,Цвет,"Красный, серый, черный"
1708522373,Вид массажа,Миостимулирующий
1708522373,Зоны массажа,Тело
1708522373,Материал корпуса,Пластик
1708522373,Страна-изготовитель,Китай
1740740511,Артикул,1740740511
1740740511,Тип,Миостимулятор
1740740511,Цвет,Черный
1740740511,Зоны массажа,"Руки, Ноги, Тело, Поясница"
1740740511,Особенности массажного аппарата,"Таймер, Регулировка по размеру"
1740740511,Материал корпуса,"ABS пластик, Текстиль"
1740740511,Количество программ/режимов,8
1740740511,Вид питания,Встроенный аккумулятор
1740740511,"Напряжение, В",5
1740740511,"Фактический размер товара, см","110*16,5 см"
1740740511,Упаковка,Картонная коробка
1740740511,Страна-изготовитель,Китай
1740740511,Гарантийный срок,2 года
1740740511,"Вид массажа
","Вакуумный, Шиацу, Вибрационный, Миостимулирующий, Перкусионный, Разминание"
1740740511,Комплектация,Миостимулятор – 1 шт. Миостимулятор для рук/ ног – 2 шт. Контроллер – 3 шт. Кабель micro usb – 1 шт. Пульверизатор – 1 шт. Удлинитель для пояса – 1 шт. Инструкция – 1 шт. Гарантийный талон – 1 шт
1235275075,Артикул,1235275075
1235275075,Тип,Миостимулятор
1235275075,Цвет,Черный
1235275075,Зоны массажа,"Руки, Спина, Плечи, Шея, Ягодицы, Тело"
1235275075,Особенности массажного аппарата,Пульт ДУ
1235275075,Материал корпуса,ABS пластик
1235275075,Количество программ/режимов,6
1235275075,Вид питания,Сменная батарея
1235275075,Упаковка,Картонная коробка
1235275075,Страна-изготовитель,Китай
1235275075,"Вид массажа
","Антицеллюлитный, Вибрационный, Импульсный, Лимфодренажный, Миостимулирующий, Оздоровительный"
1235275075,Комплектация,Массажер - 3 шт + пульт управления 3 шт + инструкция + упаковка
1536972510,Артикул,1536972510
1536972510,Тип,Миостимулятор
1536972510,Цвет,Черный
1536972510,Вид массажа,Миостимулирующий
1536972510,Зоны массажа,"Плечи, Ноги, Спина, Руки, Тело, Шея"
1536972510,Особенности массажного аппарата,Таймер
1536972510,Материал корпуса,Пластик
1536972510,Количество программ/режимов,9
1536972510,Вид питания,Встроенный аккумулятор
1536972510,"Напряжение, В",3.7
1536972510,Комплектация,"Массажер, 4 электрода, 2 провода для электродов"
1536972510,Страна-изготовитель,Китай
1643790267,Артикул,1643790267
1643790267,Тип,Миостимулятор
1643790267,Цвет,Черно-серый
1643790267,Вид массажа,"Миостимулирующий, Импульсный, Вибрационный, Акупунктурный"
1643790267,Зоны массажа,"Спина, Руки, Ноги, Ягодицы, Плечи"
1643790267,Особенности массажного аппарата,"Ручные программы, Съемные части, Таймер"
1643790267,Материал корпуса,ABS пластик
1643790267,Количество программ/режимов,9
1643790267,Вид питания,"От сети 220В, Сменная батарея"
1643790267,"Фактический размер товара, см",15*10*5
1643790267,Упаковка,Картонная коробка
1643790267,Страна-изготовитель,Китай
1643790267,Комплектация,миостимулятор-1шт; электродные пластины-16шт; адаптер питания-1шт; кабель USB-1шт; электродный шнур-2шт
2190747083,Артикул,2190747083
2190747083,Тип,Миостимулятор
2190747083,Цвет,"Черный, синий, белый"
2190747083,Вид массажа,"Импульсный, Миостимулирующий, Расслабляющий"
2190747083,Зоны массажа,"Поясница, Спина, Тело"
838926635,Артикул,838926635
838926635,Тип,Миостимулятор
838926635,Цвет,Электромиостимулятор
838926635,Особенности массажного аппарата,"Работает в автомобиле, Ручные программы"
838926635,Материал корпуса,ABS пластик
838926635,Количество программ/режимов,4
838926635,Вид питания,"От порта USB, От сети 220В"
838926635,Упаковка,Картонная коробка
838926635,Страна-изготовитель,Китай
838926635,Гарантийный срок,30
838926635,"Вид массажа
","Антицеллюлитный, Импульсный, Лечебный, Миостимулирующий, Оздоровительный, Расслабляющий"
838926635,"Зоны массажа
","Голова, Зона декольте, Лицо, Ноги, Область вокруг глаз, Плечи"
838926635,Комплектация,Блок-монитор - 1шт. Тапочки-электроды со встроенными магнитами - 1 пара Электродные лапки Healthy-Pad - 4шт. Электродный провод на 4 лапки - 1шт. Электродный провод на 2 лапки - 1шт. Адаптер к массажеру - 1шт. USB шнур (для работы от сети или USB) - 1шт. Инструкция (на английском языке). Батарейки в комплект не входят!!!
1640358753,Артикул,1640358753
1640358753,Тип,Миостимулятор
1640358753,Цвет,Миостимулятор
1640358753,Зоны массажа,"Ягодицы, Поясница, Тело, Ноги"
1640358753,Особенности массажного аппарата,"Ручные программы, Пульт ДУ, Регулировка по размеру"
1640358753,Количество программ/режимов,10
1640358753,Вид питания,"От порта USB, Встроенный аккумулятор"
1640358753,Упаковка,Картонная коробка
1640358753,Страна-изготовитель,Китай (Гонконг)
1640358753,Гарантийный срок,6 мес.
1640358753,"Вид массажа
","Миостимулирующий, Импульсный, Антицеллюлитный, Вибрационный, Лимфодренажный, Расслабляющий"
1640358753,Комплектация,Набедренный бандаж 1шт;удлиняющий пояс 1шт;контроллер 1шт;пульт 1шт;USB зарядка; бутылка для воды 1шт; инструкция на русском языке по куар-коду на упаковке.
1899393257,Артикул,1899393257
1899393257,Тип,Миостимулятор
1899393257,Цвет,Черный
1899393257,Зоны массажа,"Тело, Поясница, Спина, Руки, Плечи, Шея"
1899393257,Особенности массажного аппарата,"Съемные части, Таймер, Ручные программы"
1899393257,"Максимальный рост пользователя, см",200
1899393257,Материал корпуса,ABS пластик
1899393257,Количество программ/режимов,30
1899393257,Вид питания,"Сменная батарея, От порта USB"
1899393257,"Мощность массажера, Вт",1.5
1899393257,"Напряжение, В",3.7
1899393257,"Фактический размер товара, см","13х6,5х2"
1899393257,Упаковка,Box Set
1899393257,Страна-изготовитель,Китай
1899393257,Гарантийный срок,14 дней
1899393257,"Вид массажа
","Миостимулирующий, Разминание, Комбинированный, Расслабляющий, Импульсный"
1899393257,Комплектация,Миостимулятор - 1 шт.; инструкция по применению; Кабель питания; Провод для насадок - 2 шт.; Электроды - 8 шт.
1597803087,Артикул,1597803087
1597803087,Тип,Миостимулятор
1597803087,Цвет,Голубой
1597803087,Зоны массажа,"Плечи, Поясница, Спина, Тело, Шея, Ноги"
1597803087,Особенности массажного аппарата,"Пульт ДУ, Ручные программы"
1597803087,"Максимальный рост пользователя, см",220
1597803087,Материал корпуса,"Пластик, Силикон"
1597803087,Количество программ/режимов,8
1597803087,Вид питания,"От порта USB, От сети 220В"
1597803087,"Мощность массажера, Вт",5
1597803087,"Напряжение, В",110
1597803087,"Фактический размер товара, см",13х16х2
1597803087,Упаковка,Картонная коробка
1597803087,Страна-изготовитель,Китай
1597803087,Гарантийный срок,6 мес
1597803087,"Вид массажа
","Импульсный, Лимфодренажный, Миостимулирующий, Антицеллюлитный, Вибрационный, Оздоровительный"
1597803087,Комплектация,"миостимулятор Meridian, 4 электрода, USB-кабель для питания, инструкция, картонная коробка"
1629074211,Артикул,1629074211
1629074211,Тип,Миостимулятор
1629074211,Цвет,Black
1629074211,Зоны массажа,"Зона декольте, Ноги, Плечи, Поясница, Тело, Шея"
1629074211,Количество программ/режимов,36
1629074211,Вид питания,"От сети 220В, От порта USB"
1629074211,"Мощность массажера, Вт",0.025
1629074211,"Фактический размер товара, см",12*6
1629074211,Упаковка,Box Set
1629074211,Гарантийный срок,1 месяц
1629074211,"Вид массажа
","Миостимулирующий, Лимфодренажный, Импульсный, Вибрационный, Акупунктурный"
1629074211,Комплектация,Миостимулятор-массажер-1шт;зарядный блок-1шт; провод USB-1шт; шнур для электродов-4шт; мягкие подушечки-электроды-8шт.
1710418980,Артикул,1710418980
1710418980,Тип,Миостимулятор
1710418980,Цвет,Массажер с пультом
1710418980,Вид массажа,"Импульсный, Миостимулирующий, Оздоровительный, Расслабляющий"
1710418980,Зоны массажа,"Шея, Тело, Спина, Руки, Ноги"
1710418980,Особенности массажного аппарата,Пульт ДУ
1710418980,Материал корпуса,Пластик
1710418980,Количество программ/режимов,9
1710418980,Вид питания,Встроенный аккумулятор
1710418980,"Напряжение, В",5
1710418980,Упаковка,Коробка
1710418980,Комплектация,Массажер*1/Пластырь*1/ Провод для зарядки*1/Пульт ДУ*1
1710418980,Страна-изготовитель,Китай
1710418980,Гарантийный срок,30 дней
2016685380,Артикул,2016685380
2016685380,Тип,Миостимулятор
2016685380,Цвет,Серебристый
2016685380,Вид массажа,"Акупрессурный, Импульсный, Миостимулирующий, Расслабляющий"
2016685380,Зоны массажа,"Тело, Ноги, Поясница, Спина, Шея, Ягодицы"
2016685380,Особенности массажного аппарата,"Ручные программы, Съемные части, Таймер"
2016685380,"Максимальный рост пользователя, см",250
2016685380,Материал корпуса,ABS пластик
2016685380,Количество программ/режимов,36
2016685380,Вид питания,"Встроенный аккумулятор, От сети 220В"
2016685380,"Мощность массажера, Вт",0.075
2016685380,"Напряжение, В",5
2016685380,"Фактический размер товара, см",12х6
2016685380,Упаковка,Картонная коробка
2016685380,Страна-изготовитель,Китай
2016685380,Гарантийный срок,OZON
2016685380,Комплектация,Импульсный массажер - 1 шт; Инструкция на русском языке - 1 шт; Электроды - 10 шт; Провод USB - 1 шт.; Шнур для электродов-2шт.
1630269016,Артикул,1630269016
1630269016,Тип,Миостимулятор
1630269016,Цвет,Черный
1630269016,Вид массажа,"Расслабляющий, Шиацу, Миостимулирующий"
1630269016,Зоны массажа,"Руки, Плечи, Ноги, Голова, Тело, Спина"
1630269016,Материал корпуса,Пластик
1630269016,Страна-изготовитель,Китай
2229892691,Артикул,2229892691
2229892691,Тип,Миостимулятор
2229892691,Бренд,Yamaguchi
2229892691,Цвет,Серый Красный Черный Белый
2229892691,Зоны массажа,"Шея, Поясница, Ноги, Тело"
2229892691,Особенности массажного аппарата,"Работает в автомобиле, Ручные программы, Таймер, Русификация"
2229892691,"Максимальный рост пользователя, см",230
2229892691,Материал корпуса,ABS пластик
2229892691,Количество программ/режимов,2
2229892691,Вид питания,Встроенный аккумулятор
2229892691,"Фактический размер товара, см","23×10,7×0,2"
2229892691,Упаковка,Картонная коробка
2229892691,Страна-изготовитель,Китай
2229892691,Гарантийный срок,1 год
2229892691,"Вид массажа
","Миостимулирующий, Расслабляющий, Антицеллюлитный, Импульсный, Лимфодренажный, Вибрационный"
2229892691,Комплектация,Комплектация: - миостимулятор для шеи и поясницы Yamaguchi Neck Trainer MIO ; - USB-кабель; - батарейка; - документация.
1916773075,Артикул,1916773075
1916773075,Тип,Миостимулятор
1916773075,Цвет,Белый
1916773075,Зоны массажа,"Ноги, Плечи, Руки, Поясница, Спина, Тело"
1916773075,Материал корпуса,ABS пластик
1916773075,Количество программ/режимов,16
1916773075,Вид питания,"Встроенный аккумулятор, От порта USB"
1916773075,"Мощность массажера, Вт",0.075
1916773075,"Фактический размер товара, см",10х5
1916773075,Упаковка,Картонная коробка
1916773075,Страна-изготовитель,Китай
1916773075,"Вид массажа
","Акупрессурный, Гуаша, Импульсный, Расслабляющий, Миостимулирующий, Шиацу"
1916773075,Особенности массажного аппарата,"Ручные программы, Съемные части, Таймер, Работает в автомобиле"
1916773075,Комплектация,Универсальный импульсный массажер с током; Инструкция на русском языке; 4 электрода; провод USB; коробка;
324745697,Артикул,324745697
324745697,Тип,Миостимулятор
324745697,Цвет,Голубой
324745697,Зоны массажа,"Ноги, Плечи, Поясница, Руки, Тело"
324745697,Упаковка,Пластиковый пакет
324745697,Комплектация,6 шт сменных подушечек 3 набора по 2шт
324745697,Страна-изготовитель,Китай
2133692381,Артикул,2133692381
2133692381,Тип,Миостимулятор
2133692381,Цвет,Белый
2133692381,Зоны массажа,"Голова, Ноги, Шея, Тело, Плечи, Поясница"
2133692381,Особенности массажного аппарата,"Таймер, Съемные части"
2133692381,"Максимальный рост пользователя, см",220
2133692381,Материал корпуса,ABS пластик
2133692381,Количество программ/режимов,16
2133692381,Вид питания,"От сети 220В, Сменная батарея"
2133692381,"Мощность массажера, Вт",220
2133692381,"Напряжение, В",220
2133692381,"Фактический размер товара, см",16х7х2
2133692381,Упаковка,Воздушно-пузырчатая пленка
2133692381,Страна-изготовитель,Китай
2133692381,Гарантийный срок,14 дней
2133692381,"Вид массажа
","Антицеллюлитный, Акупунктурный, Вибрационный, Импульсный, Лимфодренажный, Миостимулирующий"
2133692381,Комплектация,миостимулятор; линия от ринита - 2 шт; тапочки - 1 пара; носки - 1 пара; 16 электродов: зарядное устройство; сумка для хранения; инструкция
1741074914,Артикул,1741074914
1741074914,Тип,Миостимулятор
1741074914,Цвет,Белоснежный
1741074914,Вид массажа,"Миостимулирующий, Расслабляющий, Импульсный"
1741074914,Зоны массажа,"Тело, Шея, Ягодицы, Зона декольте, Ноги, Спина"
1741074914,Особенности массажного аппарата,"Работает в автомобиле, Встроенные динамики"
1741074914,"Максимальный рост пользователя, см",220
1741074914,Материал корпуса,ABS пластик
1741074914,Вид питания,От порта USB
1741074914,"Фактический размер товара, см","15,3 * 7 * 1,8"
1741074914,Упаковка,Коробка
1741074914,Страна-изготовитель,Китай
1741074914,Гарантийный срок,6 месяцев
1741074914,Комплектация,Массажер электрический для тела - 1 шт.; 8 насадок для массажера - 1 шт; батарейки типа ААА.
1635404945,Артикул,1635404945
1635404945,Тип,Миостимулятор
1635404945,Цвет,Белый
1635404945,Вид массажа,Импульсный
1635404945,Зоны массажа,"Поясница, Спина, Ягодицы, Тело"
1635404945,Количество программ/режимов,20
1635404945,Комплектация,"Пояс, USB"
1635404945,Страна-изготовитель,Китай
2027076988,Артикул,2027076988
2027076988,Тип,Миостимулятор
2027076988,Цвет,Черный
2027076988,Зоны массажа,"Ноги, Руки, Тело, Поясница, Ягодицы"
2027076988,Особенности массажного аппарата,"Ручные программы, Съемные части"
2027076988,Материал корпуса,"Пластик, Силикон"
2027076988,Количество программ/режимов,6
2027076988,Вид питания,Сменная батарея
2027076988,"Фактический размер товара, см",215\200
2027076988,Упаковка,Картонная коробка
2027076988,Страна-изготовитель,Китай
2027076988,"Вид массажа
","Миостимулирующий, Расслабляющий, Разминание, Антицеллюлитный, Импульсный, Вибрационный"
2027076988,Комплектация,Массажер для живота - 1шт; Массажер для рук - 1шт; Массажер для бедер - 1шт; Пульт - 3 шт; Инструкция.
1235629536,Артикул,1235629536
1235629536,Тип,Миостимулятор
1235629536,Цвет,FOOT MASSAGER
1235629536,Вид массажа,"Вибрационный, Импульсный, Лечебный"
1235629536,Зоны массажа,"Ноги, Руки"
1235629536,Особенности массажного аппарата,"Таймер, Ручные программы"
1235629536,"Максимальный рост пользователя, см",240
1235629536,Материал корпуса,"ABS пластик, Биопластик"
1235629536,Количество программ/режимов,8
1235629536,Вид питания,От порта USB
1235629536,"Мощность массажера, Вт",3
1235629536,"Напряжение, В",3.7
1235629536,"Фактический размер товара, см",27x29x3
1235629536,Упаковка,Картонная коробка
1235629536,Страна-изготовитель,Китай
1235629536,Гарантийный срок,14 дней
1235629536,Комплектация,Массажный коврик для ног - 1 шт USB кабель - 1 шт Контроллер - 1 шт Инструкция
1637799989,Артикул,1637799989
1637799989,Тип,Миостимулятор
1637799989,Цвет,Темно-серый
1637799989,Вид массажа,"Антицеллюлитный, Вибрационный, Импульсный, Миостимулирующий"
1637799989,Зоны массажа,"Тело, Поясница, Спина"
1637799989,Особенности массажного аппарата,Регулировка по размеру
1637799989,Материал корпуса,ABS пластик
1637799989,Количество программ/режимов,8
1637799989,Вид питания,"От сети 220В, От порта USB"
1637799989,"Мощность массажера, Вт",9
1637799989,"Напряжение, В",3
1637799989,"Фактический размер товара, см",115х14х2
1637799989,Упаковка,Картонная коробка
1637799989,Страна-изготовитель,Китай
1637799989,Гарантийный срок,6 мес
1637799989,Комплектация,"пояс миостулятор, контролёр, USB кабель, инструкция к применению"
1639172053,Артикул,1639172053
1639172053,Тип,Миостимулятор
1639172053,Цвет,L/XL (талия 98 см)
1639172053,Зоны массажа,"Тело, Поясница, Спина, Ягодицы"
1639172053,"Максимальный рост пользователя, см",215
1639172053,Материал корпуса,"ABS пластик, Текстиль"
1639172053,Количество программ/режимов,6
1639172053,Вид питания,"Встроенный аккумулятор, От порта USB"
1639172053,"Мощность массажера, Вт",30
1639172053,"Фактический размер товара, см",98
1639172053,Упаковка,Картонная коробка
1639172053,Страна-изготовитель,Китай (Тайвань)
1639172053,Гарантийный срок,1 год
1639172053,"Вид массажа
","Вибрационный, Миостимулирующий, Расслабляющий, Антицеллюлитный, Импульсный, Лимфодренажный"
1639172053,Особенности массажного аппарата,"Регулировка по размеру, Работает в автомобиле, Таймер, Ручные программы, Русификация, Съемные части"
1639172053,Комплектация,EMS - тренажер для пресса (пояс) - 1шт; Индикатор - 1 шт; Зарядное устройство (USB - Charging кабель) - 1 шт; Опрыскиватель массажера (распылитель) - 1шт;
1623810619,Артикул,1623810619
1623810619,Тип,Миостимулятор
1623810619,Цвет,Черный
1623810619,Зоны массажа,"Ноги, Плечи, Поясница, Руки, Спина, Ягодицы"
1623810619,Особенности массажного аппарата,"Пульт ДУ, Съемные части"
1623810619,Материал корпуса,ABS пластик
1623810619,Количество программ/режимов,10
1623810619,Вид питания,Встроенный аккумулятор
1623810619,"Мощность массажера, Вт",5
1623810619,"Напряжение, В",5
1623810619,Упаковка,"Картонная коробка, Slim Case"
1623810619,Страна-изготовитель,Китай
1623810619,Гарантийный срок,365
1623810619,"Вид массажа
","Вибрационный, Импульсный, Миостимулирующий, Комбинированный, Разминание, Расслабляющий"
1623810619,Комплектация,"Футляр для массажера, контрольный блок управления 2шт, пульт дистанционного управления, массажная пластинка для контрольного блока 2шт, линия для вывода импульсов TENS 2шт, массажная пластинка с однополярным подключением 4шт, провод для зарядки USB"
1678827286,Артикул,1678827286
1678827286,Тип,Миостимулятор
1678827286,Цвет,Серебристо-черный
1678827286,Вид массажа,"Акупунктурный, Гуаша, Перкусионный, Расслабляющий, Шиацу"
1678827286,Зоны массажа,"Поясница, Руки, Спина, Шея, Ягодицы"
1678827286,Особенности массажного аппарата,"Работает в автомобиле, Ручные программы, Таймер"
1678827286,"Максимальный рост пользователя, см",220
1678827286,Материал корпуса,"Пластик, Металл"
1678827286,Количество программ/режимов,24
1678827286,Вид питания,"Встроенный аккумулятор, От порта USB"
1678827286,"Мощность массажера, Вт",240
1678827286,"Напряжение, В",4.3
1678827286,"Фактический размер товара, см",12.8*6.3*1.3
1678827286,Упаковка,"Картонная коробка, Подарочная коробка"
1678827286,Страна-изготовитель,Китай
1678827286,Гарантийный срок,2 года
1678827286,Комплектация,1) Миостимулятор - 1 шт. 2) Электроды 50*50 мм - 6 пар 3) Электроды 50*100 мм - 1 пара 4) Массажный пояс - 1 шт. 5) Тапочки - 1 пара 6) Соединительный провод - 4 шт. 7) USB-кабель - 1 шт. 8) Адаптер питания - 1 шт. 9) Мешочек для хранения - 1 шт. 10) Руководство пользователя - 1 шт. 11) Гарантийный талон - 1 шт.
2213036501,Артикул,2213036501
2213036501,Тип,Миостимулятор
2213036501,Цвет,36
2213036501,Особенности массажного аппарата,"Подогрев, Ручные программы, Работает в автомобиле"
2213036501,"Максимальный рост пользователя, см",200
2213036501,Материал корпуса,ABS пластик
2213036501,Количество программ/режимов,36
2213036501,Вид питания,"Внешний источник питания, От порта USB"
2213036501,"Мощность массажера, Вт",220
2213036501,"Напряжение, В",5
2213036501,"Фактический размер товара, см",15*8*7
2213036501,Упаковка,Box Set
2213036501,Страна-изготовитель,Китай
2213036501,Гарантийный срок,Теплая жизнь
2213036501,"Вид массажа
","Акупрессурный, Акупунктурный, Антицеллюлитный, Аэромассаж, Вибрационный"
2213036501,"Зоны массажа
","Зона декольте, Ноги, Область вокруг глаз, Плечи, Поясница, Руки"
2213036501,Комплектация,"Инструкция по эксплуатации на русском языке, наклейки 5 шт., USB-порт, продукт, кабели 2 шт."
974202799,Артикул,974202799
974202799,Тип,Миостимулятор
974202799,Цвет,Серый
974202799,Вид массажа,"Расслабляющий, Импульсный, Миостимулирующий"
974202799,Зоны массажа,"Поясница, Руки, Спина, Зона декольте, Ноги, Плечи"
974202799,Особенности массажного аппарата,"Работает в автомобиле, Ручные программы, Таймер"
974202799,"Максимальный рост пользователя, см",200
974202799,Материал корпуса,ABS пластик
974202799,Количество программ/режимов,6
974202799,Вид питания,"Встроенный аккумулятор, От порта USB"
974202799,"Мощность массажера, Вт",1.5
974202799,"Напряжение, В",3.7
974202799,"Фактический размер товара, см","13х6,5х2"
974202799,Упаковка,Box Set
974202799,Страна-изготовитель,Китай
974202799,Гарантийный срок,14 дней
974202799,Комплектация,Миостимулятор - 1 шт.; инструкция по применению; Кабель питания; Провод для насадок - 2 шт.; Электроды - 8 шт.
1848577603,Артикул,1848577603
1848577603,Тип,Миостимулятор
1848577603,Цвет,"Белый, черно-серый"
1848577603,Зоны массажа,"Тело, Ноги, Спина"
2153304651,Артикул,2153304651
2153304651,Тип,Миостимулятор
2153304651,Цвет,Черный
2153304651,Зоны массажа,Ноги
2153304651,Материал корпуса,Нейлон
2153304651,Количество программ/режимов,8
2153304651,Вид питания,"Встроенный аккумулятор, От порта USB"
2153304651,"Мощность массажера, Вт",24
2153304651,"Напряжение, В",3.7
2153304651,"Фактический размер товара, см","29 x 27 x 1,5"
2153304651,Упаковка,Картонная коробка
2153304651,Страна-изготовитель,Китай
2153304651,"Вид массажа
","Миостимулирующий, Расслабляющий, Оздоровительный, Лечебный, Импульсный, Акупунктурный"
2153304651,Особенности массажного аппарата,"Съемные части, Ручные программы, Работает в автомобиле, Таймер"
851386359,Артикул,851386359
851386359,Тип,Миостимулятор
851386359,Цвет,Белый
851386359,Вид массажа,Импульсный
851386359,Зоны массажа,"Шея, Плечи, Тело"
851386359,Материал корпуса,Пластик
851386359,Количество программ/режимов,4
851386359,Вид питания,Сменная батарея
851386359,"Мощность массажера, Вт",100
851386359,"Напряжение, В",5
851386359,"Фактический размер товара, см","14,5*4,5 см"
851386359,Упаковка,Картонная коробка
851386359,Страна-изготовитель,Китай
851386359,Гарантийный срок,14 дней
851386359,Комплектация,"Электрический массажер для шеи - 1шт., батарейки 2шт (ААА)., импульсные патчи-2 шт., инструкция"
2260659089,Артикул,2260659089
2260659089,Тип,Миостимулятор
2260659089,Цвет,XXXXL(Талия от 115 см)
2260659089,Зоны массажа,"Поясница, Спина, Тело, Ягодицы"
2260659089,"Максимальный рост пользователя, см",215
2260659089,Материал корпуса,"ABS пластик, Текстиль"
2260659089,Количество программ/режимов,52
2260659089,Вид питания,"Встроенный аккумулятор, От сети 220В"
2260659089,"Мощность массажера, Вт",30
2260659089,"Фактический размер товара, см",115
2260659089,Упаковка,Картонная коробка
2260659089,Страна-изготовитель,Китай (Тайвань)
2260659089,"Вид массажа
","Антицеллюлитный, Вибрационный, Импульсный, Лимфодренажный, Миостимулирующий, Оздоровительный"
2260659089,Особенности массажного аппарата,"Работает в автомобиле, Регулировка по размеру, Русификация, Ручные программы, Съемные части"
2260659089,Комплектация,EMS - тренажер для пресса (пояс) - 1шт; Рацион питания для похудения на 2000 ккал; Программа тренировок для мужчин; Программа тренировок для женщин; Инструкция на русском языке; Индикатор - 1 шт; Зарядное устройство (USB - Charging кабель) - 1 шт; Опрыскиватель массажера (распылитель) - 1шт;
1846562228,Артикул,1846562228
1846562228,Тип,Миостимулятор
1846562228,Цвет,Микротоковый массажер-1 КОМПЛЕКТЕ
1846562228,Вид массажа,"Вибрационный, Рефлекторный, Расслабляющий"
1846562228,Зоны массажа,"Плечи, Поясница, Руки, Ноги, Спина, Тело"
1846562228,Особенности массажного аппарата,"Съемные части, Пульт ДУ"
1846562228,Материал корпуса,ABS пластик
1846562228,Количество программ/режимов,8
1846562228,Вид питания,От порта USB
1846562228,Страна-изготовитель,Китай
1846562228,Гарантийный срок,180
1846562228,Комплектация,1*Массажер 1* кабель для зарядки 1*пульт дистанционного управления 1*Инструкции
1901939760,Артикул,1901939760
1901939760,Тип,Миостимулятор
1901939760,Цвет,Белый
1901939760,Зоны массажа,"Ягодицы, Тело, Спина, Руки, Плечи, Ноги"
1901939760,Особенности массажного аппарата,"Ручные программы, Таймер, Русификация, Работает в автомобиле"
1901939760,"Максимальный рост пользователя, см",250
1901939760,Материал корпуса,ABS пластик
1901939760,Количество программ/режимов,9
1901939760,Вид питания,"От сети 220В, Сменный аккумулятор (нет в комплекте)"
1901939760,"Мощность массажера, Вт",120
1901939760,"Фактический размер товара, см",Д15хШ10хВ4
1901939760,Упаковка,Картонная коробка
1901939760,Страна-изготовитель,Китай
1901939760,Гарантийный срок,12
1901939760,"Вид массажа
","Антицеллюлитный, Импульсный, Лечебный, Миостимулирующий, Оздоровительный, Акупунктурный"
1901939760,Комплектация,Миостимулятор - 1 шт Провод для подключения 2 электродов - 1 шт Провод для подключения 4 электродов - 1 шт Тапочки-электроды - 1 пара Электроды (липучки) - 20 штук Наколенники - электроды - 1 пара Носки - электроды - 1 пара Бандаж на запястье электрод - 1 пара Инструкция на русском языке - 1шт Гарантийный талон - 1 шт
2127479317,Артикул,2127479317
2127479317,Тип,Миостимулятор
2127479317,Цвет,Черный
2127479317,Вид массажа,"Импульсный, Миостимулирующий"
2127479317,Зоны массажа,Ноги
2127479317,Особенности массажного аппарата,"Съемные части, Работает в автомобиле, Пульт ДУ"
2127479317,"Максимальный рост пользователя, см",250
2127479317,Материал корпуса,ABS пластик
2127479317,Количество программ/режимов,8
2127479317,Вид питания,"Встроенный аккумулятор, От порта USB"
2127479317,"Напряжение, В",3.7
2127479317,Упаковка,Картонная коробка
2127479317,Комплектация,Коврик - 1 шт; USB-кабель - 1 шт.
2127479317,Страна-изготовитель,Китай
1423309185,Артикул,1423309185
1423309185,Тип,Миостимулятор
1423309185,Бренд,Beurer
1423309185,Цвет,Разноцветный
1423309185,Вид массажа,"Миостимулирующий, Расслабляющий"
1423309185,Зоны массажа,Тело
1423309185,Особенности массажного аппарата,Таймер
1423309185,Материал корпуса,Пластик
1423309185,Количество программ/режимов,6
1423309185,Вид питания,Встроенный аккумулятор
1423309185,"Мощность массажера, Вт",6
1423309185,Комплектация,Миостимулятор Beurer Digital Tens/EMS EM59
1423309185,Страна-изготовитель,Китай
1423309185,Гарантийный срок,6 месяцев
1957029279,Артикул,1957029279
1957029279,Тип,Миостимулятор
1957029279,Цвет,Черно-белый
1957029279,Зоны массажа,Ноги
1957029279,Особенности массажного аппарата,"Пульт ДУ, Таймер, Ручные программы"
1957029279,"Максимальный рост пользователя, см",240
1957029279,Материал корпуса,"ABS пластик, Силикон"
1957029279,Количество программ/режимов,8
1957029279,Вид питания,От порта USB
1957029279,"Мощность массажера, Вт",3
1957029279,"Напряжение, В",3.7
1957029279,"Фактический размер товара, см",33х28
1957029279,Упаковка,Картонная коробка
1957029279,Комплектация,Массажный коврик - 1 шт; Пульт ДУ - 1 шт.
1957029279,Страна-изготовитель,Китай
1957029279,"Вид массажа
","Лимфодренажный, Миостимулирующий, Вибрационный, Импульсный, Расслабляющий"
1807122144,Артикул,1807122144
1807122144,Тип,Миостимулятор
1807122144,Цвет,Серебристый
1807122144,Вид массажа,Миостимулирующий
1807122144,Зоны массажа,"Ноги, Поясница, Руки, Шея, Спина"
1807122144,Особенности массажного аппарата,Ручные программы
1807122144,Материал корпуса,Пластик
1807122144,Количество программ/режимов,30
1807122144,Вид питания,Встроенный аккумулятор
1807122144,"Напряжение, В",240
1807122144,Страна-изготовитель,Китай
1807122144,Комплектация,Миостимулятор - 1 шт Самоклеящиеся - 1 шт Электрод - 4 шт Соединительные провода - 2 шт Блок питания - 1 шт USB-кабель - 1 шт Инструкция на русском - 1 шт
2117116459,Артикул,2117116459
2117116459,Тип,Миостимулятор
2117116459,Цвет,Черный
2117116459,Зоны массажа,"Голова, Плечи, Руки, Тело, Шея"
2117116459,Особенности массажного аппарата,"Ручные программы, Таймер, Съемные части"
2117116459,Материал корпуса,"Металл, ABS пластик"
2117116459,Количество программ/режимов,36
2117116459,Вид питания,"От порта USB, Встроенный аккумулятор"
2117116459,"Напряжение, В",5
2117116459,"Фактический размер товара, см",5.3X9.5
2117116459,Упаковка,Картонная коробка
2117116459,Страна-изготовитель,Китай
2117116459,"Вид массажа
","Миостимулирующий, Рефлекторный, Акупрессурный, Лечебный, Вибрационный"
1847458137,Артикул,1847458137
1847458137,Тип,Миостимулятор
1847458137,Цвет,EMS FOOT MASSAGER + ДУ ПУЛЬТОМ
1847458137,Вид массажа,"Вибрационный, Импульсный, Лечебный"
1847458137,Зоны массажа,"Ноги, Руки"
1847458137,Особенности массажного аппарата,"Таймер, Ручные программы"
1847458137,"Максимальный рост пользователя, см",240
1847458137,Материал корпуса,"ABS пластик, Биопластик"
1847458137,Количество программ/режимов,8
1847458137,Вид питания,От порта USB
1847458137,"Мощность массажера, Вт",3
1847458137,"Напряжение, В",3.7
1847458137,"Фактический размер товара, см",33x28
1847458137,Упаковка,Картонная коробка
1847458137,Страна-изготовитель,Китай
1847458137,Комплектация,Массажный коврик для ног - 1 шт USB кабель - 1 шт Контроллер - 1 шт + ду пульт - 1 шт
1576474863,Артикул,1576474863
1576474863,Тип,Миостимулятор
1576474863,Цвет,Черный
1576474863,Вид массажа,Вибрационный
1576474863,Зоны массажа,"Тело, Поясница, Руки, Ягодицы"
1576474863,Особенности массажного аппарата,"Ручные программы, Съемные части"
1576474863,"Максимальный рост пользователя, см",210
1576474863,Материал корпуса,ABS пластик
1576474863,Количество программ/режимов,6
1576474863,Вид питания,Встроенный аккумулятор
1576474863,Упаковка,Картонная коробка
1576474863,Страна-изготовитель,Китай
1576474863,Гарантийный срок,6
1576474863,Комплектация,"Патч на живот - 1шт Малый патч -2шт (руки, бедра) Пульт - 3шт"
672720845,Артикул,672720845
672720845,Тип,Миостимулятор
672720845,Цвет,Массажер на четыре головы
672720845,Вид массажа,Расслабляющий
672720845,Зоны массажа,"Ноги, Зона декольте, Тело, Ягодицы"
672720845,Особенности массажного аппарата,"Работает в автомобиле, Ручные программы, Сканирование тела"
672720845,Количество программ/режимов,2
672720845,Вид питания,От сети 220В
672720845,"Мощность массажера, Вт",25
672720845,Упаковка,Подарочный футляр
672720845,Страна-изготовитель,Китай
672720845,Гарантийный срок,1 год
672720845,Комплектация,Посылка включает в себя: 1 х ручной массажер 4 x запасная силиконовая Массажная головка 1 Инструкция
1688913843,Артикул,1688913843
1688913843,Тип,Миостимулятор
1688913843,Цвет,Белый
1688913843,Вид массажа,Акупунктурный
1688913843,Зоны массажа,"Лицо, Ноги, Область вокруг глаз, Поясница, Руки, Спина"
1688913843,Особенности массажного аппарата,Работает в автомобиле
1688913843,"Максимальный рост пользователя, см",200
1688913843,Материал корпуса,ABS пластик
1688913843,Количество программ/режимов,9
1688913843,Вид питания,Встроенный аккумулятор
1688913843,"Мощность массажера, Вт",3
1688913843,"Фактический размер товара, см",22*3*3
1688913843,Упаковка,Картонная коробка
1688913843,Комплектация,"Акупунтурная ручка, 5 насадок, провод для зарядки"
1688913843,Страна-изготовитель,Китай
1688913843,Гарантийный срок,30
816785634,Артикул,816785634
816785634,Тип,Миостимулятор
816785634,Цвет,Черный
816785634,Вид массажа,"Рефлекторный, Расслабляющий, Миостимулирующий"
816785634,Зоны массажа,Тело
816785634,Особенности массажного аппарата,Таймер
816785634,"Максимальный рост пользователя, см",220
816785634,Материал корпуса,ABS пластик
816785634,Количество программ/режимов,28
816785634,Вид питания,Встроенный аккумулятор
816785634,"Напряжение, В",4.5
816785634,"Фактический размер товара, см",18*6*4
816785634,Упаковка,Бумажная обертка
816785634,Страна-изготовитель,Китай
816785634,Комплектация,В пакет включено:<br/>- 1 х электрическая терапевтическая машина<br/>- 1 х сенсорная ручка<br/>- 8 х электродов<br/>- 4 электродных провода<br/>- 1 х адаптер переменного/постоянного тока<br/>- 1 х USB-кабель<br/>- 1 х держатель пэда<br/>- 1 руководство пользователя на английском языке<br/>- 1 х таблица акупунктурных точек приложения
1832123592,Артикул,1832123592
1832123592,Тип,Миостимулятор
1832123592,Цвет,Серебро матовый
1832123592,Зоны массажа,"Ноги, Руки, Тело, Шея, Поясница, Плечи"
1832123592,Особенности массажного аппарата,"Таймер, Пульт ДУ, Съемные части"
1832123592,"Максимальный рост пользователя, см",200
1832123592,Материал корпуса,ABS пластик
1832123592,Количество программ/режимов,36
1832123592,Вид питания,"Встроенный аккумулятор, От порта USB"
1832123592,"Мощность массажера, Вт",5
1832123592,"Напряжение, В",4
1832123592,"Фактический размер товара, см",7
1832123592,Упаковка,Картонная коробка
1832123592,Страна-изготовитель,Китай
1832123592,"Вид массажа
","Антицеллюлитный, Вибрационный, Импульсный, Миостимулирующий, Оздоровительный, Лимфодренажный"
1832123592,Комплектация,пульт управления - 1шт. провод для одного канала с двумя контактами - 1 шт. самоклеящиеся электроды - 5 пар разных размеров и форм провод для зарядки USB (без вилки блока питания) - 1шт. таблица точек воздействия на русском языке - 1шт. инструкция на русском языке - 1 шт.
1928806221,Артикул,1928806221
1928806221,Тип,Миостимулятор
1928806221,Цвет,Темно-серый
1928806221,Вид массажа,"Миостимулирующий, Импульсный"
1928806221,Зоны массажа,"Тело, Спина, Поясница"
1928806221,Особенности массажного аппарата,"Регулировка по размеру, Пульт ДУ, Ручные программы, Таймер"
1928806221,Материал корпуса,"Пластик, Текстиль"
1928806221,Количество программ/режимов,10
1928806221,Вид питания,"Встроенный аккумулятор, От порта USB"
1928806221,"Мощность массажера, Вт",3.7
1928806221,"Фактический размер товара, см",27 × 8 × 18
1928806221,Страна-изготовитель,Китай (Тайвань)
1928806221,Гарантийный срок,12 мес
678494675,Артикул,678494675
678494675,Тип,Миостимулятор
678494675,Цвет,Голубой
678494675,Вид массажа,"Импульсный, Миостимулирующий, Разминание, Вибрационный"
678494675,Зоны массажа,"Ягодицы, Плечи"
678494675,Особенности массажного аппарата,"Работает в автомобиле, Ручные программы"
678494675,Материал корпуса,ABS пластик
678494675,Количество программ/режимов,8
678494675,Вид питания,Встроенный аккумулятор
678494675,Упаковка,Картонная коробка
678494675,Страна-изготовитель,Китай
678494675,Гарантийный срок,14 дней
678494675,Комплектация,"Хост компьютер (8 режимов, 3 программы) - 1 шт, Вагинальный зонд (длина провода 35 см) - 1 шт., Шнур зарядки - 1 шт., Инструкция - 1 шт., Заводская упаковка - 1 шт."
2240897218,Артикул,2240897218
2240897218,Тип,Миостимулятор
2240897218,Бренд,Yamaguchi
2240897218,Цвет,"Серый, белый"
2240897218,Зоны массажа,"Ягодицы, Ноги, Тело"
2240897218,Особенности массажного аппарата,"Работает в автомобиле, Таймер, Русификация, Ручные программы"
2240897218,"Максимальный рост пользователя, см",230
2240897218,Материал корпуса,"Сталь, Силикон"
2240897218,Количество программ/режимов,2
2240897218,Вид питания,Встроенный аккумулятор
2240897218,"Фактический размер товара, см","26×20×0,2"
2240897218,Упаковка,Картонная коробка
2240897218,Комплектация,Миостимулятор для ягодиц Yamaguchi HIPS Trainer MIO
2240897218,Страна-изготовитель,Китай
2240897218,Гарантийный срок,1 год
2240897218,"Вид массажа
","Миостимулирующий, Расслабляющий, Антицеллюлитный, Импульсный, Лимфодренажный, Вибрационный"
2156886931,Артикул,2156886931
2156886931,Тип,Миостимулятор
2156886931,Цвет,Черный матовый
2156886931,Зоны массажа,"Голова, Плечи, Руки, Тело, Шея"
2156886931,Особенности массажного аппарата,"Ручные программы, Таймер, Съемные части"
2156886931,Материал корпуса,"Металл, ABS пластик"
2156886931,Количество программ/режимов,25
2156886931,Вид питания,"Сменная батарея, От сети 220В"
2156886931,"Напряжение, В",220
2156886931,Упаковка,Картонная коробка
2156886931,Страна-изготовитель,Китай
2156886931,"Вид массажа
","Миостимулирующий, Рефлекторный, Акупрессурный, Лечебный, Вибрационный"
1878229128,Артикул,1878229128
1878229128,Тип,Миостимулятор
1878229128,Цвет,Черный матовый
1878229128,Вид массажа,"Миостимулирующий, Оздоровительный, Перкусионный"
1878229128,Зоны массажа,Ноги
1878229128,Особенности массажного аппарата,"Работает в автомобиле, Ручные программы"
1878229128,Материал корпуса,Нейлон
1878229128,Количество программ/режимов,8
1878229128,Вид питания,"От порта USB, Встроенный аккумулятор"
1878229128,"Мощность массажера, Вт",24
1878229128,"Напряжение, В",3.7
1878229128,"Фактический размер товара, см",29*27*1.5
1878229128,Комплектация,"коврик-миостимулятор, блок управления, провод зарядки USB"
1878229128,Страна-изготовитель,Китай
1729598211,Артикул,1729598211
1729598211,Тип,Миостимулятор
1729598211,Цвет,Белый
1729598211,Вид массажа,"Вибрационный, Миостимулирующий"
1729598211,Зоны массажа,Тело
1729598211,Особенности массажного аппарата,Ручные программы
1729598211,Материал корпуса,"ABS пластик, Металл"
1729598211,Вид питания,От порта USB
1729598211,"Мощность массажера, Вт",5
1729598211,"Напряжение, В",3.7
1729598211,Упаковка,Картонная коробка
1729598211,Страна-изготовитель,Китай
1729598211,Комплектация,1 * Упаковочная коробка 1 * Руководство пользователя 1*Хост 1 * Кабель для зарядки
1081520941,Артикул,1081520941
1081520941,Тип,Миостимулятор
1081520941,Цвет,Сменное основание бабочка черное
1081520941,Зоны массажа,"Ноги, Поясница, Руки, Спина, Ягодицы"
2020690084,Артикул,2020690084
2020690084,Тип,Миостимулятор
2020690084,Цвет,Серо-серебристый
2020690084,Зоны массажа,"Ноги, Плечи, Поясница, Руки, Тело, Шея"
2020690084,Особенности массажного аппарата,"Съемные части, Таймер, Пульт ДУ"
2020690084,"Максимальный рост пользователя, см",200
2020690084,Материал корпуса,ABS пластик
2020690084,Количество программ/режимов,48
2020690084,Вид питания,"От порта USB, Встроенный аккумулятор"
2020690084,"Мощность массажера, Вт",5
2020690084,"Напряжение, В",4
2020690084,"Фактический размер товара, см",7
2020690084,Упаковка,"Картонная коробка, Кейс пластиковый"
2020690084,Страна-изготовитель,Китай
2020690084,Гарантийный срок,6 месяцев
2020690084,"Вид массажа
","Антицеллюлитный, Вибрационный, Импульсный, Лимфодренажный, Миостимулирующий, Оздоровительный"
2020690084,Комплектация,пульт управления - 1шт. провод для одного канала с двумя контактами - 4 шт. самоклеящиеся электроды - 8 пар провод для зарядки USB (без вилки блока питания) - 1шт. инструкция на русском языке - 1 шт.
1967471575,Артикул,1967471575
1967471575,Тип,Миостимулятор
1967471575,Цвет,Серый
1967471575,Зоны массажа,"Тело, Ноги, Плечи, Поясница, Спина, Шея"
1967471575,Особенности массажного аппарата,"Пульт ДУ, Ручные программы, Русификация, Таймер"
1967471575,"Максимальный рост пользователя, см",220
1967471575,Материал корпуса,ABS пластик
1967471575,Количество программ/режимов,8
1967471575,Вид питания,"От порта USB, Сменная батарея"
1967471575,"Мощность массажера, Вт",4.5
1967471575,"Напряжение, В",5
1967471575,"Фактический размер товара, см","15,5"
1967471575,Комплектация,Цифровой меридиан; электроды 4 шт; батарейки; подставка
1967471575,Страна-изготовитель,Китай
1611087960,Артикул,1611087960
1611087960,Тип,Миостимулятор
1611087960,Цвет,Белый
1611087960,Вид массажа,"Миостимулирующий, Оздоровительный, Расслабляющий"
1611087960,Зоны массажа,Руки
1611087960,Особенности массажного аппарата,"Таймер, Работает в автомобиле, Ручные программы"
1611087960,Материал корпуса,Пластик
1611087960,Количество программ/режимов,2
1611087960,Вид питания,"Встроенный аккумулятор, От порта USB"
1611087960,Упаковка,Коробка
1611087960,Комплектация,"Микротоковый массжёр от бессоницы, USB-кабель"
1611087960,Страна-изготовитель,Китай
2075424410,Артикул,2075424410
2075424410,Тип,Миостимулятор
2075424410,Цвет,Белый
2075424410,Вид массажа,"Антицеллюлитный, Импульсный, Миостимулирующий, Шиацу"
2075424410,Зоны массажа,"Тело, Ноги, Плечи, Руки, Ягодицы, Спина"
2075424410,Особенности массажного аппарата,Русификация
2075424410,Материал корпуса,ABS пластик
2075424410,Количество программ/режимов,8
2075424410,Вид питания,"От сети 220В, Сменная батарея"
2075424410,"Мощность массажера, Вт",5
2075424410,Упаковка,Коробка
2075424410,Страна-изготовитель,Китай
2075424410,Гарантийный срок,1 год
2075424410,Комплектация,электро массажер; электроды; блок питания; шнуры к электродам
2229892999,Артикул,2229892999
2229892999,Тип,Миостимулятор
2229892999,Бренд,Yamaguchi
2229892999,Цвет,"Черный, серый"
2229892999,Зоны массажа,"Тело, Ноги, Плечи, Поясница, Руки, Шея"
2229892999,"Максимальный рост пользователя, см",200
2229892999,Материал корпуса,ABS пластик
2229892999,Вид питания,Сменная батарея
2229892999,"Фактический размер товара, см",12х5х2
2229892999,Упаковка,Картонная коробка
2229892999,Комплектация,Пульт ДУ - 1 шт. Батарейка CR2032 - 1 шт.
2229892999,Страна-изготовитель,Китай
2229892999,"Вид массажа
","Антицеллюлитный, Вибрационный, Миостимулирующий, Оздоровительный, Лимфодренажный, Разминание"
1917171431,Артикул,1917171431
1917171431,Тип,Миостимулятор
1917171431,Цвет,Белый
1917171431,Зоны массажа,"Ноги, Плечи, Поясница, Руки, Спина, Тело"
1917171431,Материал корпуса,ABS пластик
1917171431,Количество программ/режимов,16
1917171431,Вид питания,"Встроенный аккумулятор, От порта USB"
1917171431,"Мощность массажера, Вт",0.075
1917171431,"Фактический размер товара, см",10х5
1917171431,Упаковка,Картонная коробка
1917171431,Страна-изготовитель,Китай
1917171431,"Вид массажа
","Акупрессурный, Гуаша, Импульсный, Расслабляющий, Шиацу, Миостимулирующий"
1917171431,Особенности массажного аппарата,"Работает в автомобиле, Ручные программы, Съемные части, Таймер"
1917171431,Комплектация,Универсальный импульсный массажер с током; Инструкция на русском языке; 4 электродов; провод USB; коробка;
1606776232,Артикул,1606776232
1606776232,Тип,Миостимулятор
1606776232,Бренд,RedPower
1606776232,Цвет,Бабочка
1606776232,Зоны массажа,"Ноги, Поясница, Руки, Спина, Шея, Ягодицы"
1606776232,Особенности массажного аппарата,"Ручные программы, Съемные части"
1606776232,"Максимальный рост пользователя, см",250
1606776232,Материал корпуса,ABS пластик
1606776232,Количество программ/режимов,8
1606776232,Вид питания,Встроенный аккумулятор
1606776232,"Напряжение, В",3
1606776232,"Фактический размер товара, см",20
1606776232,Комплектация,"Гелевая накладка 2шт, прибор, USB кабель для зарядки"
1606776232,Страна-изготовитель,Китай
1606776232,Гарантийный срок,12
1606776232,"Вид массажа
","Антицеллюлитный, Комбинированный, Лечебный, Лимфодренажный, Миостимулирующий, Расслабляющий"
2160869640,Артикул,2160869640
2160869640,Тип,Миостимулятор
2160869640,Цвет,Ӕвзистхуыз-урс
2160869640,Вид массажа,"Лечебный, Миостимулирующий, Оздоровительный"
2160869640,Зоны массажа,"Голова, Руки, Шея, Плечи, Тело, Ноги"
2160869640,Особенности массажного аппарата,"Ручные программы, Таймер"
2160869640,Материал корпуса,ABS пластик
2160869640,Упаковка,Картонный бокс + DigiPak
2160869640,Страна-изготовитель,Китай
2160869640,Гарантийный срок,3 месяца
2160869640,Комплектация,1 * Электротерапевтический массажер (хозяин) 6 пар * электродных накладок (две пары запасных выдаются бесплатно) 4*2 электродная проволока 1 * USB-кабель 1 * Руководство пользователя 1 * Цветная коробка
1964207995,Артикул,1964207995
1964207995,Тип,Миостимулятор
1964207995,Цвет,Размер S/M (обхват талии до 90 см)
1964207995,Зоны массажа,"Тело, Поясница, Спина, Ягодицы"
1964207995,"Максимальный рост пользователя, см",215
1964207995,Материал корпуса,"ABS пластик, Текстиль"
1964207995,Количество программ/режимов,6
1964207995,Вид питания,"Встроенный аккумулятор, От порта USB"
1964207995,"Мощность массажера, Вт",30
1964207995,"Фактический размер товара, см",90
1964207995,Упаковка,Картонная коробка
1964207995,Страна-изготовитель,Китай (Тайвань)
1964207995,Гарантийный срок,1 год
1964207995,"Вид массажа
","Вибрационный, Миостимулирующий, Антицеллюлитный, Лечебный, Разминание, Импульсный"
1964207995,Особенности массажного аппарата,"Регулировка по размеру, Работает в автомобиле, Таймер, Подогрев, Ручные программы, Русификация, Съемные части"
1964207995,Комплектация,EMS - тренажер для пресса (пояс) - 1шт; Рацион питания для похудения на 2000 ккал; Программа тренировок для мужчин; Программа тренировок для женщин; Инструкция на русском языке; Индикатор - 1 шт; Зарядное устройство (USB - Charging кабель) - 1 шт; Опрыскиватель массажера (распылитель) - 1шт;
2067306667,Артикул,2067306667
2067306667,Тип,Миостимулятор
2067306667,Цвет,Черный
2067306667,Зоны массажа,"Плечи, Руки, Спина, Тело, Шея, Ягодицы"
1699405564,Артикул,1699405564
1699405564,Тип,Миостимулятор
1699405564,Цвет,Белый
1699405564,Вид массажа,Миостимулирующий
1699405564,Зоны массажа,"Ноги, Поясница, Руки, Спина, Тело, Ягодицы"
1699405564,"Максимальный рост пользователя, см",220
1699405564,Материал корпуса,ПВХ (поливинилхлорид)
1699405564,Количество программ/режимов,10
1699405564,Вид питания,"От порта USB, Сменная батарея"
1699405564,"Напряжение, В",5
1699405564,"Фактический размер товара, см",15
1699405564,Упаковка,Картонная коробка
1699405564,Страна-изготовитель,Китай
1699405564,Особенности массажного аппарата,"Работает в автомобиле, Ручные программы, Съемные части, Таймер"
1699405564,Комплектация,"Массажер, Электроды, Кабель USB, Адаптер питания USB, Элементы питания - 3*Х"
1926253286,Артикул,1926253286
1926253286,Тип,Миостимулятор
1926253286,Цвет,Белый
1926253286,Вид массажа,"Антицеллюлитный, Импульсный, Миостимулирующий, Шиацу"
1926253286,Зоны массажа,"Тело, Ноги, Плечи, Руки, Ягодицы, Спина"
1926253286,Особенности массажного аппарата,Русификация
1926253286,Материал корпуса,ABS пластик
1926253286,Количество программ/режимов,8
1926253286,Вид питания,"От сети 220В, Сменная батарея"
1926253286,Упаковка,Коробка
1926253286,Страна-изготовитель,Китай
1926253286,Гарантийный срок,1 год
1926253286,Комплектация,электро массажер; электроды; блок питания; шнуры к электродам
1268488360,Артикул,1268488360
1268488360,Тип,Миостимулятор
1268488360,Цвет,"Черный, синий"
1268488360,Зоны массажа,"Тело, Поясница, Руки, Ягодицы"
1268488360,"Максимальный рост пользователя, см",210
1268488360,Материал корпуса,ABS пластик
1268488360,Количество программ/режимов,6
1268488360,Вид питания,"Встроенный аккумулятор, От порта USB"
1268488360,"Мощность массажера, Вт",5
1268488360,"Напряжение, В",3
1268488360,"Фактический размер товара, см","60*22, 20*6,5"
1268488360,Упаковка,"Картонная коробка, Конверт"
1268488360,Страна-изготовитель,Китай
1268488360,Гарантийный срок,6
1268488360,"Вид массажа
","Вибрационный, Миостимулирующий, Расслабляющий, Антицеллюлитный, Импульсный, Лимфодренажный"
1268488360,Особенности массажного аппарата,"Ручные программы, Съемные части, Работает в автомобиле, Русификация"
1268488360,Комплектация,"Патч на живот - 1шт Малый патч -2шт (руки, бедра) Пульт - 3шт Сменные накладки в подарок (8 шт)"
1630317759,Артикул,1630317759
1630317759,Тип,Миостимулятор
1630317759,Цвет,Белый
1630317759,Вид массажа,"Антицеллюлитный, Импульсный, Миостимулирующий, Шиацу"
1630317759,Зоны массажа,"Тело, Ноги, Плечи, Руки, Ягодицы, Спина"
1630317759,Особенности массажного аппарата,Русификация
1630317759,Материал корпуса,ABS пластик
1630317759,Количество программ/режимов,8
1630317759,Вид питания,"От сети 220В, Сменная батарея"
1630317759,"Мощность массажера, Вт",5
1630317759,Упаковка,Коробка
1630317759,Страна-изготовитель,Китай
1630317759,Гарантийный срок,1 год
1630317759,Комплектация,электро массажер; электроды; блок питания; шнуры к электродам
2196644281,Артикул,2196644281
2196644281,Тип,Миостимулятор
2196644281,Цвет,Черный матовый
2196644281,Зоны массажа,"Тело, Поясница, Руки, Ягодицы"
2196644281,"Максимальный рост пользователя, см",210
2196644281,Материал корпуса,ABS пластик
2196644281,Количество программ/режимов,6
2196644281,Вид питания,"Встроенный аккумулятор, От порта USB"
2196644281,"Мощность массажера, Вт",5
2196644281,"Напряжение, В",3
2196644281,"Фактический размер товара, см","60*22, 20*6,5"
2196644281,Упаковка,"Картонная коробка, Конверт"
2196644281,Страна-изготовитель,Китай
2196644281,Гарантийный срок,6
2196644281,"Вид массажа
","Вибрационный, Миостимулирующий, Расслабляющий, Антицеллюлитный, Импульсный, Лимфодренажный"
2196644281,Особенности массажного аппарата,"Ручные программы, Съемные части, Работает в автомобиле, Русификация"
2196644281,Комплектация,"Патч на живот - 1шт Малый патч -2шт (руки, бедра) Пульт - 3шт Сменные накладки в подарок (8 шт)"
1695278117,Артикул,1695278117
1695278117,Тип,Миостимулятор
1695278117,Цвет,Черный
1695278117,Зоны массажа,"Руки, Спина, Плечи, Шея, Ягодицы, Тело"
1695278117,Особенности массажного аппарата,Пульт ДУ
1695278117,"Максимальный рост пользователя, см",200
1695278117,Материал корпуса,ABS пластик
1695278117,Количество программ/режимов,6
1695278117,Вид питания,Сменная батарея
1695278117,Упаковка,Картонная коробка
1695278117,Страна-изготовитель,Китай
1695278117,"Вид массажа
","Антицеллюлитный, Вибрационный, Импульсный, Лимфодренажный, Миостимулирующий, Оздоровительный"
1695278117,Комплектация,Массажер - 3 шт + пульт управления 3 шт + инструкция + упаковка
1611839977,Артикул,1611839977
1611839977,Тип,Миостимулятор
1611839977,Цвет,Черный
1611839977,Вид массажа,"Импульсный, Вибрационный, Миостимулирующий"
1611839977,Зоны массажа,"Плечи, Руки, Поясница, Тело, Спина, Шея"
1611839977,Особенности массажного аппарата,Пульт ДУ
1611839977,"Максимальный рост пользователя, см",205
1611839977,Материал корпуса,ABS пластик
1611839977,Количество программ/режимов,8
1611839977,Вид питания,Встроенный аккумулятор
1611839977,"Мощность массажера, Вт",3.7
1611839977,"Напряжение, В",4
1611839977,Упаковка,Картонная коробка
1611839977,Страна-изготовитель,Китай
1601384956,Артикул,1601384956
1601384956,Тип,Миостимулятор
1601384956,Цвет,Миостимулятор+Зонд
1601384956,Зоны массажа,"Плечи, Руки, Спина, Шея, Тело, Ягодицы"
1601384956,Особенности массажного аппарата,"Таймер, Съемные части, Ручные программы"
1601384956,Материал корпуса,Биопластик
1601384956,Количество программ/режимов,8
1601384956,Вид питания,"От сети 220В, Сменная батарея"
1601384956,Упаковка,Картонная коробка
1601384956,Страна-изготовитель,Китай (Гонконг)
1601384956,"Вид массажа
","Миостимулирующий, Оздоровительный, Импульсный, Акупунктурный, Лечебный, Антицеллюлитный"
1601384956,Комплектация,"Аппарат миостимуляции 1шт, перчатки 1 пара, электроды липучки 4шт, вагинальный зонд 1шт, провод переходник 3шт, адаптер+шнур 1шт, батарейки 3шт, инструкция на русском языке по куар-коду."
1179248041,Артикул,1179248041
1179248041,Тип,Миостимулятор
1179248041,Цвет,Логовибромассаажер Панда с насадками
1179248041,Зоны массажа,"Лицо, Область вокруг глаз"
1179248041,Страна-изготовитель,Россия
1179248041,Гарантийный срок,12
2229892826,Артикул,2229892826
2229892826,Тип,Миостимулятор
2229892826,Бренд,Yamaguchi
2229892826,Цвет,Черный/красный
2229892826,Вид массажа,"Миостимулирующий, Импульсный, Комбинированный, Расслабляющий"
2229892826,Зоны массажа,"Ноги, Тело, Ягодицы"
2229892826,Особенности массажного аппарата,Русификация
2229892826,Материал корпуса,ABS пластик
2229892826,Страна-изготовитель,Китай
857380821,Артикул,857380821
857380821,Тип,Миостимулятор
857380821,Цвет,Белоеa 05
857380821,Зоны массажа,Тело
857380821,Материал корпуса,ABS пластик
857380821,Количество программ/режимов,2
857380821,Вид питания,Сменный аккумулятор (нет в комплекте)
857380821,"Напряжение, В",220
857380821,"Фактический размер товара, см",15x10x4
857380821,Упаковка,Бумажный пакет
857380821,Страна-изготовитель,Китай
857380821,Гарантийный срок,1 год
857380821,"Вид массажа
","Вакуумный, Миостимулирующий, Расслабляющий, Оздоровительный, Лечебный, Лимфодренажный"
857380821,Особенности массажного аппарата,"Работает в автомобиле, Ручные программы, Встроенные динамики, Сканирование тела"
1386041638,Артикул,1386041638
1386041638,Тип,Миостимулятор
1386041638,Цвет,Черный
1386041638,Зоны массажа,"Тело, Поясница"
1386041638,Страна-изготовитель,Китай
1664925229,Артикул,1664925229
1664925229,Тип,Миостимулятор
1664925229,Цвет,Белый
1664925229,Вид массажа,"Расслабляющий, Миостимулирующий, Комбинированный"
1664925229,Зоны массажа,"Лицо, Шея"
1664925229,Особенности массажного аппарата,"Пульт ДУ, Съемные части"
1664925229,Материал корпуса,ABS пластик
1664925229,Количество программ/режимов,8
1664925229,Страна-изготовитель,Китай
1664925229,Гарантийный срок,180 дней
1618331464,Артикул,1618331464
1618331464,Тип,Миостимулятор
1618331464,Цвет,Массажер для живота
1618331464,Вид массажа,Миостимулирующий
1618331464,Зоны массажа,"Тело, Спина, Зона декольте"
1618331464,Особенности массажного аппарата,Съемные части
1618331464,Количество программ/режимов,8
1618331464,Вид питания,Встроенный аккумулятор
1618331464,Комплектация,Массажер - 1 шт + панель управления 1 шт
1618331464,Страна-изготовитель,Китай
1998119580,Артикул,1998119580
1998119580,Тип,Миостимулятор
1998119580,Цвет,Массажера*1+Гелевый пластырь*3
1998119580,Зоны массажа,"Плечи, Шея, Поясница, Ноги, Тело"
1998119580,Особенности массажного аппарата,"Русификация, Таймер"
1998119580,Материал корпуса,"ABS пластик, Искусственная кожа"
1998119580,Количество программ/режимов,8
1998119580,Вид питания,Встроенный аккумулятор
1998119580,"Мощность массажера, Вт",35
1998119580,"Напряжение, В",5
1998119580,"Фактический размер товара, см",6
1998119580,Страна-изготовитель,Китай
1998119580,Гарантийный срок,30 дней
1998119580,"Вид массажа
","Импульсный, Рефлекторный, Расслабляющий, Миостимулирующий, Оздоровительный"
1998119580,Комплектация,основной блок массажера- 1 шт； гелевыми патчами - 3 шт； USB шнур - 1 шт
1611087965,Артикул,1611087965
1611087965,Тип,Миостимулятор
1611087965,Цвет,Бирюзовый
1611087965,Вид массажа,"Миостимулирующий, Оздоровительный, Расслабляющий"
1611087965,Зоны массажа,Руки
1611087965,Особенности массажного аппарата,"Таймер, Работает в автомобиле, Ручные программы"
1611087965,Материал корпуса,Пластик
1611087965,Количество программ/режимов,2
1611087965,Вид питания,"Встроенный аккумулятор, От порта USB"
1611087965,Упаковка,Коробка
1611087965,Комплектация,"Микротоковый массжёр от бессоницы, USB-кабель"
1611087965,Страна-изготовитель,Китай
1065549899,Артикул,1065549899
1065549899,Тип,Миостимулятор
1065549899,Цвет,Черный
1065549899,Зоны массажа,"Ноги, Руки, Поясница, Плечи, Шея, Тело"
1065549899,Особенности массажного аппарата,Работает в автомобиле
1065549899,"Максимальный рост пользователя, см",230
1065549899,Материал корпуса,"ABS пластик, Силикон"
1065549899,Количество программ/режимов,8
1065549899,Вид питания,От порта USB
1065549899,"Мощность массажера, Вт",220
1065549899,"Напряжение, В",220
1065549899,"Фактический размер товара, см",15х6
1065549899,Упаковка,Картонная коробка
1065549899,Страна-изготовитель,Китай
1065549899,Гарантийный срок,14 дней
1065549899,"Вид массажа
","Антицеллюлитный, Вибрационный, Импульсный, Миостимулирующий, Оздоровительный, Рефлекторный"
1065549899,Комплектация,Массажер 1шт; КОнтроллер 1 шт; USB порт 1 шт; Инструкция 1 шт
1449262085,Артикул,1449262085
1449262085,Тип,Миостимулятор
1449262085,Бренд,Beurer
1449262085,Цвет,Белый
1449262085,Вид массажа,Миостимулирующий
1449262085,Зоны массажа,Тело
1449262085,Материал корпуса,ABS пластик
1449262085,Вид питания,Сменная батарея
1449262085,Страна-изготовитель,Китай
1449262085,Гарантийный срок,12 мес.
2011012217,Артикул,2011012217
2011012217,Тип,Миостимулятор
2011012217,Цвет,Белый
2011012217,Вид массажа,"Импульсный, Миостимулирующий"
2011012217,Зоны массажа,"Спина, Тело, Руки, Поясница, Плечи, Ноги"
2011012217,Особенности массажного аппарата,"Ручные программы, Таймер"
2011012217,Материал корпуса,ABS пластик
2011012217,Количество программ/режимов,16
2011012217,Вид питания,"Встроенный аккумулятор, От порта USB"
2011012217,"Мощность массажера, Вт",0.075
2011012217,Упаковка,Картонная коробка
2011012217,Страна-изготовитель,Китай
2011012217,Комплектация,Универсальный импульсный массажер с током - 1 шт; Электроды - 4 шт; USB-провод - 1 шт.
1255128278,Артикул,1255128278
1255128278,Тип,Миостимулятор
1255128278,Цвет,Белый
1255128278,Вид массажа,Миостимулирующий
1255128278,Зоны массажа,Тело
1255128278,Особенности массажного аппарата,Ручные программы
1255128278,Материал корпуса,ABS пластик
1255128278,"Напряжение, В",4.5
1360190395,Артикул,1360190395
1360190395,Тип,Миостимулятор
1360190395,Цвет,Черный
1360190395,Зоны массажа,"Тело, Спина"
1360190395,Особенности массажного аппарата,"Ручные программы, Регулировка по размеру"
1360190395,"Максимальный рост пользователя, см",200
1360190395,Материал корпуса,"ABS пластик, Биопластик"
1360190395,Количество программ/режимов,7
1360190395,Вид питания,Сменная батарея
1360190395,"Мощность массажера, Вт",9
1360190395,"Напряжение, В",3.5
1360190395,"Фактический размер товара, см",102х17х2
1360190395,Упаковка,Коробка
1360190395,Страна-изготовитель,Китай
1360190395,Гарантийный срок,6 месяцев
1360190395,"Вид массажа
","Миостимулирующий, Антицеллюлитный, Оздоровительный, Расслабляющий"
1360190395,Комплектация,"Массажер электрический миостимулятор живота EMS Abdominal Toning Belt для мужчин и женщин, кабель USB, инструкция к применению"
1311256144,Артикул,1311256144
1311256144,Тип,Миостимулятор
1311256144,Цвет,1 Belt 2 Arm
1311256144,Вид массажа,"Импульсный, Оздоровительный"
1311256144,Зоны массажа,"Ноги, Руки, Тело"
1311256144,Материал корпуса,"ABS пластик, Текстиль"
1311256144,Количество программ/режимов,39
1311256144,Вид питания,Встроенный аккумулятор
1311256144,"Фактический размер товара, см",116x15
1311256144,Страна-изготовитель,Китай
1817604735,Артикул,1817604735
1817604735,Тип,Миостимулятор
1817604735,Цвет,S/M (талия 90 см)
1817604735,Зоны массажа,"Тело, Поясница, Спина, Ягодицы"
1817604735,Материал корпуса,"ABS пластик, Текстиль"
1817604735,Количество программ/режимов,6
1817604735,Вид питания,"Встроенный аккумулятор, От порта USB"
1817604735,"Мощность массажера, Вт",30
1817604735,"Фактический размер товара, см",90
1817604735,Упаковка,Картонная коробка
1817604735,Страна-изготовитель,Китай (Тайвань)
1817604735,Гарантийный срок,1 год
1817604735,"Вид массажа
","Вибрационный, Миостимулирующий, Расслабляющий, Антицеллюлитный, Импульсный, Лимфодренажный"
1817604735,Особенности массажного аппарата,"Регулировка по размеру, Работает в автомобиле, Таймер, Ручные программы, Русификация, Съемные части"
1817604735,Комплектация,EMS - тренажер для пресса (пояс) - 1шт; Индикатор - 1 шт; Зарядное устройство (USB - Charging кабель) - 1 шт; Опрыскиватель массажера (распылитель) - 1шт;
1722264743,Артикул,1722264743
1722264743,Тип,Миостимулятор
1722264743,Цвет,Pro 2.0
1722264743,Вид массажа,"Миостимулирующий, Расслабляющий, Лечебный"
1722264743,Зоны массажа,"Тело, Поясница, Ягодицы"
1722264743,Количество программ/режимов,30
1722264743,Упаковка,Подарочная коробка
1722264743,Страна-изготовитель,Китай
577855085,Артикул,577855085
577855085,Тип,Миостимулятор
577855085,Цвет,Черный
577855085,Вид массажа,"Импульсный, Вибрационный"
577855085,Зоны массажа,"Ноги, Плечи, Руки"
577855085,Особенности массажного аппарата,Таймер
577855085,Материал корпуса,"ABS пластик, Полиуретан"
577855085,Вид питания,От сети 220В
577855085,"Мощность массажера, Вт",12
577855085,Комплектация,"Массажер, регулируемый ремень, блок питания, инструкция"
1672001483,Артикул,1672001483
1672001483,Тип,Миостимулятор
1672001483,Цвет,Черно-белый
1672001483,Вид массажа,"Лечебный, Миостимулирующий, Вибрационный"
1672001483,Зоны массажа,"Зона декольте, Ягодицы, Поясница, Руки, Спина, Тело"
1672001483,Особенности массажного аппарата,"Подогрев, Ручные программы, Таймер, Съемные части"
1672001483,Материал корпуса,"ABS пластик, Металлический сплав"
1672001483,Количество программ/режимов,6
1672001483,Вид питания,От порта USB
1672001483,Упаковка,Картонная коробка
1672001483,Страна-изготовитель,Китай
1672001483,Гарантийный срок,14 дней
1672001483,Комплектация,Хост компьютер - 1 шт.; Инструкция - 1 шт.; Провод соединяющий хост и зонд - 1 шт.; Зонд для влагалища - 1 шт; Электроды - 8 шт; Чехол для хранения - 1 шт.
286006499,Артикул,286006499
286006499,Тип,Миостимулятор
286006499,Вид массажа,Миостимулирующий
286006499,Особенности массажного аппарата,Работает в автомобиле
286006499,Количество программ/режимов,8
286006499,Комплектация,Миостимулятор пульт
286006499,Страна-изготовитель,Китай
2111889272,Артикул,2111889272
2111889272,Тип,Миостимулятор
2111889272,Цвет,Темно-синий
2111889272,Вид массажа,"Антицеллюлитный, Вибрационный, Миостимулирующий"
2111889272,Зоны массажа,"Тело, Спина"
2111889272,Особенности массажного аппарата,"Регулировка по размеру, Ручные программы"
2111889272,"Максимальный рост пользователя, см",210
2111889272,Материал корпуса,ABS пластик
2111889272,Количество программ/режимов,8
2111889272,Вид питания,"От порта USB, От сети 220В"
2111889272,"Напряжение, В",3.5
2111889272,"Фактический размер товара, см",17х125
2111889272,Упаковка,Картонная коробка
2111889272,Комплектация,"контроллер, массажный пояс, кабель USB, инструкция."
2111889272,Страна-изготовитель,Китай
478180707,Артикул,478180707
478180707,Тип,Миостимулятор
478180707,Цвет,Красный Uno
478180707,Вид массажа,Миостимулирующий
478180707,Зоны массажа,"Ноги, Плечи, Поясница, Руки, Спина, Ягодицы"
478180707,Особенности массажного аппарата,Съемные части
478180707,Материал корпуса,ABS пластик
478180707,Вид питания,"Внешний источник питания, От сети 220В"
478180707,Упаковка,Кейс пластиковый
478180707,Страна-изготовитель,Китай
478180707,Гарантийный срок,1 год
478180707,"Фактический размер товара, см","- Размер устройства 60,4 мм х 43,5 мм х 13,6 мм - Размер прямоугольного электрода 9 см х 5см - Размер круглого электрода 5,5 см (2,1 дюйм) - Вес устройства 25 г"
478180707,Комплектация,- 1 модуль PowerDot - 1 комплект электродов - 1 комплект соединительных кабелей для электродов (10 и 30 см) - 1 кабель для зарядки Micro USB - Защитный чехол для переноски
1658891089,Артикул,1658891089
1658891089,Тип,Миостимулятор
1658891089,Цвет,Массажер для живота и рук
1658891089,Вид массажа,Миостимулирующий
1658891089,Зоны массажа,"Тело, Спина, Зона декольте, Ноги, Плечи, Поясница"
1658891089,Особенности массажного аппарата,Съемные части
1658891089,Количество программ/режимов,8
1658891089,Вид питания,Встроенный аккумулятор
1658891089,Комплектация,Массажер для живота*1 Массажер для рук*2 Панель управления*3
1658891089,Страна-изготовитель,Китай
2077502175,Артикул,2077502175
2077502175,Тип,Миостимулятор
2077502175,Цвет,2 массажные головки
2077502175,Вид массажа,Миостимулирующий
2077502175,Зоны массажа,"Область вокруг глаз, Лицо, Ноги, Руки, Тело, Голова"
2077502175,Особенности массажного аппарата,"Ручные программы, Регулировка роликов, Съемные части"
2077502175,Материал корпуса,Металлический сплав
2077502175,Количество программ/режимов,9
2077502175,Вид питания,Сменный аккумулятор (нет в комплекте)
2077502175,"Напряжение, В",3.7
2077502175,"Фактический размер товара, см",18.3*2.5
2077502175,Упаковка,Box Set
2077502175,Комплектация,"Ручка-массажер 1 шт., насадки - 5 шт., инструкция - 1 шт."
2077502175,Страна-изготовитель,Китай
2077502175,Гарантийный срок,180небо
2004282369,Артикул,2004282369
2004282369,Тип,Миостимулятор
2004282369,Цвет,Черный
2004282369,Вид массажа,Миостимулирующий
2004282369,Зоны массажа,"Ноги, Плечи, Поясница, Руки, Спина, Тело"
2004282369,Материал корпуса,ABS пластик
2004282369,Вид питания,Сменная батарея
1469090000,Артикул,1469090000
1469090000,Тип,Миостимулятор
1469090000,Цвет,Черно-синий
1469090000,Зоны массажа,"Ноги, Плечи, Спина, Тело, Шея, Ягодицы"
1469090000,Особенности массажного аппарата,"Съемные части, Работает в автомобиле, Ручные программы"
1469090000,Материал корпуса,ABS пластик
1469090000,Количество программ/режимов,8
1469090000,Вид питания,"Встроенный аккумулятор, От порта USB"
1469090000,"Мощность массажера, Вт",3
1469090000,"Напряжение, В",3.7
1469090000,"Фактический размер товара, см",16*8*2
1469090000,Упаковка,Картонная коробка
1469090000,Страна-изготовитель,Китай
1469090000,Гарантийный срок,30
1469090000,"Вид массажа
","Антицеллюлитный, Вибрационный, Лимфодренажный, Миостимулирующий, Оздоровительный, Расслабляющий"
1469090000,Комплектация,1. модуль управления миостимулятором-1 шт 2. Гелевая накладка с клеевым покрытием-1 шт 3. USB-кабель - 1 шт; 4. Инструкция-1 шт
1472524421,Артикул,1472524421
1472524421,Тип,Миостимулятор
1472524421,Цвет,Серый
1472524421,Вид массажа,Рефлекторный
1472524421,Зоны массажа,"Ноги, Руки, Голова, Плечи, Поясница"
1472524421,Особенности массажного аппарата,"Ручные программы, Таймер"
1472524421,"Максимальный рост пользователя, см",200
1472524421,Материал корпуса,ABS пластик
1472524421,Количество программ/режимов,36
1472524421,Вид питания,От порта USB
1472524421,Упаковка,Картонная коробка
1472524421,Комплектация,8
1472524421,Страна-изготовитель,Китай
2269117519,Артикул,2269117519
2269117519,Тип,Миостимулятор
2269117519,Цвет,"Насадка ""Панда Пуговка"""
2269117519,Вид массажа,"Вибрационный, Классический, Комбинированный, Расслабляющий"
2269117519,Зоны массажа,"Область вокруг глаз, Лицо"
2269117519,Материал корпуса,Силикон
2269117519,Страна-изготовитель,Россия
1606187894,Артикул,1606187894
1606187894,Тип,Миостимулятор
1606187894,Цвет,Массажер JR-309A
1606187894,Вид массажа,"Импульсный, Миостимулирующий, Оздоровительный, Расслабляющий"
1606187894,Зоны массажа,"Шея, Тело, Спина, Руки, Ноги, Голова"
1606187894,Особенности массажного аппарата,Русификация
1606187894,Материал корпуса,Пластик
1606187894,Количество программ/режимов,9
1606187894,Вид питания,"От сети 220В, Сменная батарея"
1606187894,"Напряжение, В",5
1606187894,Упаковка,Коробка
1606187894,Страна-изготовитель,Китай
1606187894,Гарантийный срок,30 дней
1606187894,Комплектация,Массажер*1/ Блок питания*1/ Пластырь*4/ Руководство*1/Обувь*1
1778205649,Артикул,1778205649
1778205649,Тип,Миостимулятор
1778205649,Цвет,Темно серый
1778205649,Вид массажа,"Рефлекторный, Миостимулирующий"
1778205649,Зоны массажа,Ноги
1778205649,Особенности массажного аппарата,"Съемные части, Ручные программы"
1778205649,Материал корпуса,ABS пластик
1778205649,Количество программ/режимов,8
1778205649,Вид питания,От порта USB
1778205649,"Фактический размер товара, см",27х30
1778205649,Упаковка,Картонная коробка
1778205649,Страна-изготовитель,Китай
1778205649,Гарантийный срок,6 месяцев
1778205649,Комплектация,"коврик, блок управления, USB провод для зарядки, коробка с инструкцией."
1403520995,Артикул,1403520995
1403520995,Тип,Миостимулятор
1403520995,Цвет,Полосатик лого
1403520995,Зоны массажа,"Голова, Лицо, Шея"
1403520995,Материал корпуса,Силикон
1403520995,Вид питания,Сменная батарея
1403520995,Страна-изготовитель,Россия
1403520995,"Вид массажа
","Вибрационный, Классический, Комбинированный, Миостимулирующий, Расслабляющий"
881413521,Артикул,881413521
881413521,Тип,Миостимулятор
881413521,Цвет,Черный
881413521,Зоны массажа,Ноги
881413521,"Максимальный рост пользователя, см",220
881413521,Количество программ/режимов,7
881413521,Вид питания,Встроенный аккумулятор
881413521,"Мощность массажера, Вт",24
881413521,"Напряжение, В",3.7
881413521,"Фактический размер товара, см",31x28
881413521,Страна-изготовитель,Китай
881413521,Гарантийный срок,7 дней
881413521,"Вид массажа
","Акупунктурный, Импульсный, Комбинированный, Лечебный, Миостимулирующий, Оздоровительный"
881413521,Комплектация,1. EMS массажный коврик 2. Блок управления со встроенным аккумулятором 3. Кабель для зарядки
1218336614,Артикул,1218336614
1218336614,Тип,Миостимулятор
1218336614,Цвет,Белый с черным
1218336614,Зоны массажа,"Шея, Ноги, Плечи, Поясница, Руки, Тело"
1218336614,Особенности массажного аппарата,"Работает в автомобиле, Ручные программы"
1218336614,"Максимальный рост пользователя, см",236
1218336614,Материал корпуса,"ABS пластик, Пластик"
1218336614,Количество программ/режимов,6
1218336614,Вид питания,Сменная батарея
1218336614,"Мощность массажера, Вт",10
1218336614,"Фактический размер товара, см",15x17x4
1218336614,Упаковка,Коробка
1218336614,Страна-изготовитель,Китай
1218336614,Гарантийный срок,2 Недели на проверку работы и качества товара
1218336614,"Вид массажа
","Акупунктурный, Импульсный, Миостимулирующий, Оздоровительный, Расслабляющий, Антицеллюлитный"
1218336614,Комплектация,массажер - 1 шт.; электродные патчи - 2 шт.; кабель - 1 шт.; руководство пользователя - 2 шт. (на русском и английском языке); батарейки - 2 шт.
1870777915,Артикул,1870777915
1870777915,Тип,Миостимулятор
1870777915,Цвет,USB-Массажер тазового дна Blue-PC
1870777915,Вид массажа,"Вакуумный, Рефлекторный, Вибрационный"
1870777915,Зоны массажа,"Ягодицы, Зона декольте"
1870777915,"Максимальный рост пользователя, см",200
1870777915,Материал корпуса,ABS пластик
1870777915,Количество программ/режимов,1
1870777915,Вид питания,От порта USB
1870777915,"Мощность массажера, Вт",10
1870777915,"Напряжение, В",220
1870777915,"Фактический размер товара, см",28*17*17
1870777915,Упаковка,Картонный бокс + DigiPak
1870777915,Комплектация,Прибор + пульт дистанционного управления
1870777915,Страна-изготовитель,Китай
1870777915,Гарантийный срок,90 дней
1870777915,Особенности массажного аппарата,"Работает в автомобиле, Ручные программы, Сканирование тела, Пульт ДУ, Подогрев"
1592406990,Артикул,1592406990
1592406990,Тип,Миостимулятор
1592406990,Цвет,Розовый
1592406990,Вид массажа,"Импульсный, Миостимулирующий"
1592406990,Зоны массажа,"Лицо, Область вокруг глаз, Шея, Зона декольте"
1592406990,Особенности массажного аппарата,"Ручные программы, Таймер"
1592406990,Материал корпуса,ABS пластик
1592406990,Количество программ/режимов,3
1592406990,Вид питания,Сменная батарея
1592406990,Упаковка,Картонная коробка
1592406990,Страна-изготовитель,Китай
1592406990,Комплектация,"миостимулятор-1шт,электроды-4шт,шнур для подключения электродов-1шт."
1501713560,Артикул,1501713560
1501713560,Тип,Миостимулятор
1501713560,Цвет,Темно-синий
1501713560,Вид массажа,"Миостимулирующий, Расслабляющий, Антицеллюлитный"
1501713560,Зоны массажа,"Тело, Плечи, Поясница, Руки, Ноги, Ягодицы"
1501713560,Особенности массажного аппарата,Таймер
1501713560,Материал корпуса,"ABS пластик, Металл"
1501713560,Количество программ/режимов,4
1501713560,Упаковка,Картонная коробка
1501713560,Страна-изготовитель,Китай
1501713560,Гарантийный срок,90 дней
1501713560,Комплектация,Товарная накладная <br> 1шт основной блок <br> 1 пара подушечек для нагрудных электродов <br> 10 пар электродов <br> 10шт провода <br> 1шт держатель аксессуаров <br> 1 комплект электродной повязки <br> 1шт силовой провод <br> 1 шт. руководство пользователя на английском языке
1818889118,Артикул,1818889118
1818889118,Тип,Миостимулятор
1818889118,Цвет,USB-Массажер тазового дна Blue-PC
1818889118,Вид массажа,"Вакуумный, Рефлекторный, Вибрационный"
1818889118,Зоны массажа,"Ягодицы, Зона декольте"
1818889118,"Максимальный рост пользователя, см",200
1818889118,Материал корпуса,ABS пластик
1818889118,Количество программ/режимов,5
1818889118,Вид питания,От порта USB
1818889118,"Мощность массажера, Вт",10
1818889118,"Напряжение, В",220
1818889118,"Фактический размер товара, см",28*17*17
1818889118,Упаковка,Картонный бокс + DigiPak
1818889118,Комплектация,Прибор + пульт дистанционного управления
1818889118,Страна-изготовитель,Китай
1818889118,Гарантийный срок,90 дней
1818889118,Особенности массажного аппарата,"Работает в автомобиле, Ручные программы, Сканирование тела, Пульт ДУ, Подогрев"
2267598052,Артикул,2267598052
2267598052,Тип,Миостимулятор
2267598052,Цвет,Черный Красивый цвет C853
2267598052,Зоны массажа,"Тело, Ноги, Ягодицы, Плечи, Руки, Спина"
2267598052,Особенности массажного аппарата,"Пульт ДУ, Ручные программы"
2267598052,Материал корпуса,"ABS пластик, Полипропилен"
2267598052,Количество программ/режимов,1
2267598052,Вид питания,Сменная батарея
2267598052,Комплектация,Тренажер - 3шт; инструкция; упаковка
2267598052,Страна-изготовитель,Китай
2267598052,"Вид массажа
","Вибрационный, Антицеллюлитный, Миостимулирующий, Оздоровительный, Расслабляющий, Импульсный"
1710412584,Артикул,1710412584
1710412584,Тип,Миостимулятор
1710412584,Цвет,Массажер без пульта
1710412584,Вид массажа,"Импульсный, Миостимулирующий, Оздоровительный, Расслабляющий"
1710412584,Зоны массажа,"Шея, Тело, Спина, Руки, Ноги"
1710412584,Материал корпуса,Пластик
1710412584,Количество программ/режимов,9
1710412584,Вид питания,Встроенный аккумулятор
1710412584,"Напряжение, В",5
1710412584,Упаковка,Коробка
1710412584,Комплектация,Массажер*1/Пластырь*1/ Провод для зарядки*1
1710412584,Страна-изготовитель,Китай
1710412584,Гарантийный срок,30 дней
1926332121,Артикул,1926332121
1926332121,Тип,Миостимулятор
1926332121,Цвет,Черный
1926332121,Вид массажа,"Импульсный, Миостимулирующий"
1926332121,Зоны массажа,Тело
1926332121,Особенности массажного аппарата,Русификация
1926332121,Материал корпуса,ABS пластик
1926332121,Количество программ/режимов,8
1926332121,Вид питания,"От сети 220В, Сменная батарея"
1926332121,Страна-изготовитель,Китай
1926332121,Гарантийный срок,1 год
1926332121,Комплектация,электро массажер; электроды; блок питания; шнуры к электродам
1849865601,Артикул,1849865601
1849865601,Тип,Миостимулятор
1849865601,Цвет,"Черный, оранжевый, темно-серый"
1849865601,Вид массажа,Миостимулирующий
1849865601,Зоны массажа,Ягодицы
1849865601,Особенности массажного аппарата,Пульт ДУ
1849865601,"Максимальный рост пользователя, см",220
1849865601,Материал корпуса,ABS пластик
1849865601,Количество программ/режимов,6
1849865601,Вид питания,Сменная батарея
1849865601,"Фактический размер товара, см",25х19.9
1849865601,Упаковка,Коробка
1849865601,Комплектация,Миостимулятор 1шт.
1849865601,Страна-изготовитель,Китай
1098165864,Артикул,1098165864
1098165864,Тип,Миостимулятор
1098165864,Цвет,Белый
1098165864,Вид массажа,"Антицеллюлитный, Вибрационный, Акупунктурный"
1098165864,Зоны массажа,"Зона декольте, Ноги, Плечи, Поясница, Руки"
1098165864,Особенности массажного аппарата,"Работает в автомобиле, Русификация, Ручные программы, Таймер"
1098165864,Материал корпуса,Пластик
1098165864,Количество программ/режимов,10
1098165864,Вид питания,Сменный аккумулятор
1098165864,Упаковка,Картонная коробка
1098165864,Страна-изготовитель,Китай
1098165864,Гарантийный срок,1
1098165864,Комплектация,массажер - 1 шт батарейки - 3 шт адаптер - 1 шт провод для насадок - 1 шт usb-адаптер - 1 шт упаковка - 1 шт насадки - 2 шт
1396233582,Артикул,1396233582
1396233582,Тип,Миостимулятор
1396233582,Цвет,Набор 7
1396233582,Зоны массажа,Лицо
1396233582,Страна-изготовитель,Россия
1396233582,"Вид массажа
","Классический, Комбинированный, Миостимулирующий, Расслабляющий, Роликовый"
1726282595,Артикул,1726282595
1726282595,Тип,Миостимулятор
1726282595,Цвет,Темно-синий
1726282595,Зоны массажа,"Тело, Спина"
1726282595,Материал корпуса,"ABS пластик, Биопластик"
1726282595,Количество программ/режимов,7
1726282595,Вид питания,Сменная батарея
1726282595,"Мощность массажера, Вт",9
1726282595,"Фактический размер товара, см",110х17х2
1726282595,Упаковка,Коробка
1726282595,Страна-изготовитель,Китай
1726282595,Гарантийный срок,6 месяцев
1726282595,"Вид массажа
","Миостимулирующий, Антицеллюлитный, Оздоровительный, Расслабляющий"
1726282595,Особенности массажного аппарата,"Ручные программы, Регулировка роликов, Регулировка по размеру"
1726282595,Комплектация,"Массажер электрический миостимулятор живота EMS Abdominal Toning Belt для мужчин и женщин, кабель USB, инструкция к применению"
1557476178,Артикул,1557476178
1557476178,Тип,Миостимулятор
1557476178,Цвет,Черный
1557476178,Зоны массажа,"Ноги, Поясница, Руки, Спина, Шея, Ягодицы"
1557476178,"Максимальный рост пользователя, см",210
1557476178,Материал корпуса,ABS пластик
1557476178,Количество программ/режимов,6
1557476178,Вид питания,"Встроенный аккумулятор, От сети 220В"
1557476178,"Мощность массажера, Вт",5
1557476178,"Напряжение, В",120
1557476178,"Фактический размер товара, см",25х15х5
1557476178,Упаковка,"Картонная коробка, Подарочная упаковка"
1557476178,Страна-изготовитель,Китай (Гонконг)
1557476178,Гарантийный срок,Гарантия Ozon
1557476178,"Вид массажа
","Антицеллюлитный, Вибрационный, Импульсный, Миостимулирующий, Расслабляющий, Лимфодренажный"
1557476178,Особенности массажного аппарата,"Пульт ДУ, Ручные программы, Таймер, Работает в автомобиле, Съемные части"
1557476178,Комплектация,миостимулятор - 1 шт пульт дистанционного управления - 1 шт гелевая накладка - 1 шт USB кабель для зарядки - 1 шт ремешки - 2 шт инструкция на русском языке - 1 шт
1696906128,Артикул,1696906128
1696906128,Тип,Миостимулятор
1696906128,Цвет,"Насадка ""Кукуруза"""
1696906128,Зоны массажа,"Лицо, Область вокруг глаз"
1696906128,Материал корпуса,Силикон
1696906128,Страна-изготовитель,Россия
1696906128,"Вид массажа
","Вибрационный, Классический, Комбинированный, Миостимулирующий, Расслабляющий, Роликовый"
1388717197,Артикул,1388717197
1388717197,Тип,Миостимулятор
1388717197,Цвет,Трио
1388717197,Вид массажа,"Классический, Миостимулирующий, Расслабляющий"
1388717197,Зоны массажа,Лицо
1388717197,Материал корпуса,ABS пластик
1795776965,Артикул,1795776965
1795776965,Тип,Миостимулятор
1795776965,Цвет,Брюшной мышечный пояс + повязка
1795776965,Зоны массажа,"Ноги, Руки, Шея, Поясница, Плечи, Ягодицы"
2138949185,Артикул,2138949185
2138949185,Тип,Миостимулятор
2138949185,Цвет,Черно-серый
2138949185,Вид массажа,"Антицеллюлитный, Вибрационный, Миостимулирующий"
2138949185,Зоны массажа,"Тело, Спина"
2138949185,Особенности массажного аппарата,"Регулировка по размеру, Ручные программы"
2138949185,"Максимальный рост пользователя, см",210
2138949185,Материал корпуса,ABS пластик
2138949185,Количество программ/режимов,6
2138949185,Вид питания,"От порта USB, От сети 220В"
2138949185,"Напряжение, В",3.5
2138949185,"Фактический размер товара, см",17х115
2138949185,Упаковка,Картонная коробка
2138949185,Комплектация,"контроллер, массажный пояс, кабель USB, инструкция."
2138949185,Страна-изготовитель,Китай
1716580812,Артикул,1716580812
1716580812,Тип,Миостимулятор
1716580812,Цвет,Миофасциальный массажер
1716580812,Вид массажа,"Вибрационный, Комбинированный, Перкусионный, Разминание"
1716580812,Зоны массажа,"Шея, Тело, Спина, Руки, Ноги"
1716580812,Материал корпуса,ABS пластик
1716580812,Количество программ/режимов,3
1716580812,Вид питания,Встроенный аккумулятор
1716580812,Упаковка,Картонная коробка
1716580812,Комплектация,Массажер*1шт/провод для зарядки*1шт/коробка*1шт
1716580812,Страна-изготовитель,Китай
1716580812,Гарантийный срок,30 дней
1396258382,Артикул,1396258382
1396258382,Тип,Миостимулятор
1396258382,Цвет,Щипчики
1396258382,Зоны массажа,"Лицо, Руки"
1396258382,Материал корпуса,"Нержавеющая сталь, Силикон"
1396258382,Страна-изготовитель,Россия
1396258382,"Вид массажа
","Классический, Комбинированный, Миостимулирующий, Расслабляющий, Роликовый"
2077582649,Артикул,2077582649
2077582649,Тип,Миостимулятор
2077582649,Вид массажа,Миостимулирующий
2077582649,Зоны массажа,Тело
2077582649,Особенности массажного аппарата,Регулировка роликов
2077582649,"Максимальный рост пользователя, см",220
2077582649,Материал корпуса,ABS пластик
2077582649,Количество программ/режимов,1
2077582649,Вид питания,Сменный аккумулятор (нет в комплекте)
2077582649,"Напряжение, В",5
2077582649,"Фактический размер товара, см",10x6
2077582649,Упаковка,Easy pack
2077582649,Комплектация,"Host x1, probe x1"
2077582649,Страна-изготовитель,Китай
2077582649,Гарантийный срок,1
2020573589,Артикул,2020573589
2020573589,Тип,Миостимулятор
2020573589,Цвет,Белый
2020573589,Зоны массажа,"Ноги, Плечи, Поясница, Руки, Тело, Шея"
2020573589,Особенности массажного аппарата,"Ручные программы, Съемные части, Таймер"
2020573589,"Максимальный рост пользователя, см",200
2020573589,Материал корпуса,ABS пластик
2020573589,Количество программ/режимов,3
2020573589,Вид питания,От сети 220В
2020573589,"Мощность массажера, Вт",9.6
2020573589,"Напряжение, В",220
2020573589,"Фактический размер товара, см",25
2020573589,Упаковка,Картонная коробка
2020573589,Страна-изготовитель,Китай
2020573589,Гарантийный срок,6 месяцев
2020573589,"Вид массажа
","Оздоровительный, Акупрессурный, Акупунктурный, Вибрационный, Импульсный, Миостимулирующий"
2020573589,Комплектация,УВТ аппарат - 1шт. Блок питания - 1 шт. Гель-проводник - 1шт. инструкция на русском - 1 шт.
1209401498,Артикул,1209401498
1209401498,Тип,Миостимулятор
1209401498,Цвет,"Фиолетовый, синий"
1209401498,Зоны массажа,"Спина, Ягодицы, Тело, Ноги, Поясница, Плечи"
1209401498,Материал корпуса,Текстиль
1209401498,Количество программ/режимов,2
1209401498,Вид питания,Внешний источник питания
1209401498,"Мощность массажера, Вт",7.5
1209401498,"Напряжение, В",220
1209401498,"Фактический размер товара, см",135х13
1209401498,Упаковка,Коробка
1209401498,Страна-изготовитель,Китай
1209401498,"Вид массажа
","Вибрационный, Миостимулирующий, Расслабляющий, Антицеллюлитный"
1209401498,Комплектация,вибромассажный пояс - 1 шт. инструкция - 1 шт. сетевой адаптер - 1 шт.
1976166619,Артикул,1976166619
1976166619,Тип,Миостимулятор
1976166619,Вид массажа,"Вакуумный, Рефлекторный, Вибрационный"
1976166619,Зоны массажа,"Ягодицы, Зона декольте"
1976166619,"Максимальный рост пользователя, см",200
1976166619,Материал корпуса,ABS пластик
1976166619,Количество программ/режимов,1
1976166619,Вид питания,Встроенный аккумулятор
1976166619,"Мощность массажера, Вт",10
1976166619,"Напряжение, В",220
1976166619,"Фактический размер товара, см",28*17*17
1976166619,Упаковка,Картонный бокс + DigiPak
1976166619,Комплектация,Прибор + пульт дистанционного управления
1976166619,Страна-изготовитель,Китай
1976166619,Гарантийный срок,90 дней
1976166619,Цвет,Электрический тренажер для мышц унисекс - перезаряжаемая версия
1976166619,Особенности массажного аппарата,"Работает в автомобиле, Ручные программы, Сканирование тела, Пульт ДУ, Подогрев"
1051942481,Артикул,1051942481
1051942481,Тип,Миостимулятор
1051942481,Цвет,Брюшной массажер+ 2 * стимулятора тела
1051942481,Вид массажа,Миостимулирующий
1051942481,Зоны массажа,"Поясница, Руки, Тело"
1051942481,Особенности массажного аппарата,Ручные программы
1051942481,Материал корпуса,ABS пластик
1051942481,Количество программ/режимов,8
1051942481,Вид питания,От порта USB
1051942481,"Фактический размер товара, см",19*17
1051942481,Страна-изготовитель,Китай
1051942481,Гарантийный срок,180небо
1051942481,Комплектация,1 х Массажер для живота 2 x стимуляции мышц тела 3 х хост-контроллер 1 х USB
1971805760,Артикул,1971805760
1971805760,Тип,Миостимулятор
1971805760,Цвет,"Серебро,белое"
1971805760,Зоны массажа,"Область вокруг глаз, Тело, Шея, Поясница, Плечи, Спина"
1971805760,Особенности массажного аппарата,"Подогрев, Ручные программы, Пульт ДУ"
1971805760,"Максимальный рост пользователя, см",220
1971805760,Материал корпуса,ABS пластик
1971805760,Количество программ/режимов,1
1971805760,Вид питания,От порта USB
1971805760,"Мощность массажера, Вт",4.5
1971805760,"Напряжение, В",5
1971805760,"Фактический размер товара, см","15,5"
1971805760,Упаковка,Банка металлическая
1971805760,Страна-изготовитель,Китай
1971805760,Гарантийный срок,6 месяцев
1971805760,"Вид массажа
","Импульсный, Миостимулирующий, Комбинированный, Лечебный, Оздоровительный, Лимфодренажный"
1971805760,Комплектация,"Массажёр миостимулятор Меридиан , клейкие электрод, USB кабель, инструкция."
698433560,Артикул,698433560
698433560,Тип,Миостимулятор
698433560,Цвет,Черный
698433560,Зоны массажа,"Ягодицы, Поясница, Тело, Ноги, Руки"
698433560,Особенности массажного аппарата,Работает в автомобиле
698433560,Материал корпуса,"Силикон, Пластик"
698433560,Количество программ/режимов,6
698433560,Вид питания,Сменная батарея
698433560,"Мощность массажера, Вт",10
698433560,"Напряжение, В",12
698433560,Упаковка,Картонная коробка
698433560,Комплектация,Тренажер - 3шт; инструкция; упаковка
698433560,Страна-изготовитель,Китай
698433560,Гарантийный срок,6 м
698433560,"Вид массажа
","Антицеллюлитный, Вибрационный, Миостимулирующий, Разминание, Оздоровительный"
2180021835,Артикул,2180021835
2180021835,Тип,Миостимулятор
2180021835,Цвет,Черный Красивый цвет C853
2180021835,Зоны массажа,"Тело, Ноги, Ягодицы, Плечи, Руки, Спина"
2180021835,Особенности массажного аппарата,"Пульт ДУ, Ручные программы"
2180021835,Материал корпуса,"ABS пластик, Полипропилен"
2180021835,Вид питания,Сменная батарея
2180021835,Страна-изготовитель,Китай
2180021835,"Вид массажа
","Вибрационный, Антицеллюлитный, Миостимулирующий, Оздоровительный, Расслабляющий, Импульсный"
2180021835,Комплектация,"Накладка для пресса - 1 шт., Накладка для рук, ног или бедер - 2 шт., Пульт управления - 3 шт. K436"
1607497696,Артикул,1607497696
1607497696,Тип,Миостимулятор
1607497696,Вид массажа,"Вибрационный, Импульсный"
1607497696,Зоны массажа,Ноги
1607497696,Особенности массажного аппарата,Таймер
1607497696,Материал корпуса,"ABS пластик, Искусственная кожа"
1607497696,Количество программ/режимов,8
1607497696,Вид питания,Встроенный аккумулятор
1607497696,"Мощность массажера, Вт",3
1607497696,"Напряжение, В",3.7
1607497696,"Фактический размер товара, см",27*29*3
1607497696,Упаковка,Бумажный пакет
1607497696,Комплектация,"Массаж, массажный коврик, зарядная линия"
1607497696,Страна-изготовитель,Китай
1607497696,Гарантийный срок,14 дней
1620352364,Артикул,1620352364
1620352364,Тип,Миостимулятор
1620352364,Цвет,Пластырь
1620352364,Вид массажа,"Вибрационный, Миостимулирующий"
1620352364,Зоны массажа,"Тело, Шея, Поясница, Плечи, Ягодицы"
1620352364,Особенности массажного аппарата,Ручные программы
1620352364,Материал корпуса,"ABS пластик, Пластик"
1620352364,Количество программ/режимов,8
1620352364,Вид питания,"От порта USB, Сменный аккумулятор (нет в комплекте)"
1620352364,"Напряжение, В",5
1620352364,"Фактический размер товара, см",14.5*6.5
1620352364,Комплектация,1 Massager 1 Massage pad
1620352364,Страна-изготовитель,Китай
1803777115,Артикул,1803777115
1803777115,Тип,Миостимулятор
1803777115,Цвет,Черно-белый
1803777115,Зоны массажа,"Ноги, Руки, Тело, Поясница, Плечи, Спина"
1803777115,Особенности массажного аппарата,"Русификация, Ручные программы, Таймер"
1803777115,Материал корпуса,"Полипропилен, Силикон"
1803777115,Количество программ/режимов,4
1803777115,Вид питания,"От сети 220В, Сменная батарея"
1803777115,"Мощность массажера, Вт",5
1803777115,"Напряжение, В",4.5
1803777115,"Фактический размер товара, см",80*55*3
1803777115,Упаковка,Картонная коробка
1803777115,Комплектация,электрод/липучка - 20шт.
1803777115,Страна-изготовитель,Китай
1803777115,"Вид массажа
","Антицеллюлитный, Импульсный, Миостимулирующий, Расслабляющий, Лечебный, Оздоровительный"
1899215688,Артикул,1899215688
1899215688,Тип,Миостимулятор
1899215688,Цвет,Белый
1899215688,Вид массажа,"Импульсный, Миостимулирующий, Расслабляющий"
1899215688,Зоны массажа,"Поясница, Руки, Спина, Зона декольте, Ноги, Плечи"
1899215688,Особенности массажного аппарата,"Работает в автомобиле, Ручные программы, Таймер"
1899215688,"Максимальный рост пользователя, см",200
1899215688,Материал корпуса,ABS пластик
1899215688,Количество программ/режимов,8
1899215688,Вид питания,"Встроенный аккумулятор, От порта USB"
1899215688,"Мощность массажера, Вт",1.5
1899215688,"Напряжение, В",3.7
1899215688,"Фактический размер товара, см","13х6,5х2"
1899215688,Упаковка,Box Set
1899215688,Страна-изготовитель,Китай
1899215688,Гарантийный срок,14 дней
1899215688,Комплектация,Миостимулятор - 1 шт.; Инструкция по применению; Кабель питания; Провод для насадок - 2 шт.; Электроды
1904481224,Артикул,1904481224
1904481224,Тип,Миостимулятор
1904481224,Цвет,Оранжевый цвет
1904481224,Вид массажа,"Рефлекторный, Миостимулирующий"
1904481224,Зоны массажа,Ягодицы
1904481224,Особенности массажного аппарата,"Пульт ДУ, Съемные части"
1904481224,Материал корпуса,ABS пластик
1904481224,Количество программ/режимов,8
1904481224,Вид питания,"От порта USB, Встроенный аккумулятор"
1904481224,Упаковка,Пластиковая сумка
1904481224,Комплектация,Массажер - 1 шт + панель управления 1 шт
1904481224,Страна-изготовитель,Китай
1904481224,Гарантийный срок,180 дней
1052237722,Артикул,1052237722
1052237722,Тип,Миостимулятор
1052237722,Цвет,Бедра тренер
1052237722,Вид массажа,Миостимулирующий
1052237722,Зоны массажа,Ягодицы
1052237722,Особенности массажного аппарата,Ручные программы
1052237722,Материал корпуса,ABS пластик
1052237722,Количество программ/режимов,8
1052237722,Вид питания,От порта USB
1052237722,"Фактический размер товара, см",26.2*19.7
1052237722,Страна-изготовитель,Китай
1052237722,Гарантийный срок,180небо
1052237722,Комплектация,1 х тренажер для бедер 1 х хост-контроллер 1 х пульт дистанционного управления 1 х USB
2142925862,Артикул,2142925862
2142925862,Тип,Миостимулятор
2142925862,Цвет,Черно-серый
2142925862,Вид массажа,"Импульсный, Миостимулирующий"
2142925862,Зоны массажа,Тело
2142925862,Особенности массажного аппарата,Регулировка по размеру
2142925862,Материал корпуса,ABS пластик
2142925862,Количество программ/режимов,8
2142925862,Вид питания,"От порта USB, От сети 220В"
2142925862,"Напряжение, В",3
2142925862,"Фактический размер товара, см",110х14х2
2142925862,Упаковка,Картонная коробка
2142925862,Страна-изготовитель,Китай
2142925862,Гарантийный срок,6 месяцев
2142925862,Комплектация,- пояс миостулятор - контролёр - USB кабель - инструкция по применению
1643302493,Артикул,1643302493
1643302493,Тип,Миостимулятор
1643302493,Вид массажа,Миостимулирующий
1643302493,Вид питания,Сменная батарея
1643302493,Страна-изготовитель,Россия
1396240824,Артикул,1396240824
1396240824,Тип,Миостимулятор
1396240824,Цвет,Кнопочка
1396240824,Зоны массажа,Лицо
1396240824,Материал корпуса,"Нержавеющая сталь, Силикон"
1396240824,"Вид массажа
","Классический, Комбинированный, Миостимулирующий, Расслабляющий, Роликовый"
2086163127,Артикул,2086163127
2086163127,Тип,Миостимулятор
2086163127,Зоны массажа,"Тело, Ягодицы"
2230230655,Артикул,2230230655
2230230655,Тип,Миостимулятор
2230230655,Цвет,"Насадка ""Лопатка"""
2230230655,Зоны массажа,"Лицо, Область вокруг глаз"
2230230655,Материал корпуса,Силикон
2230230655,Страна-изготовитель,Россия
2230230655,"Вид массажа
","Вибрационный, Классический, Комбинированный, Разминание, Расслабляющий"
2037071344,Артикул,2037071344
2037071344,Тип,Миостимулятор
2037071344,Цвет,Для глаз Красивый цвет B263
2037071344,Зоны массажа,"Область вокруг глаз, Лицо"
2037071344,Особенности массажного аппарата,Съемные части
2037071344,Материал корпуса,ABS пластик
2037071344,Вид питания,Внешний источник питания
2037071344,Страна-изготовитель,Китай
2037071344,"Вид массажа
","Импульсный, Лечебный, Миостимулирующий, Оздоровительный, Акупунктурный"
2037071344,Комплектация,1 маска очки электрод для области вокруг глаз для миостимулятора Y231
1489305708,Артикул,1489305708
1489305708,Тип,Миостимулятор
1489305708,Цвет,Черный
1489305708,Вид массажа,Вибрационный
1489305708,Зоны массажа,"Тело, Спина"
1489305708,Материал корпуса,Пластик
1489305708,Количество программ/режимов,6
1489305708,Вид питания,Сменная батарея
1489305708,"Напряжение, В",1.5
1489305708,Упаковка,Картонная коробка
1489305708,Комплектация,Тренажер миостимулятор
1489305708,Страна-изготовитель,Китай
1893801813,Артикул,1893801813
1893801813,Тип,Миостимулятор
1893801813,Цвет,Чёрный
1893801813,Вид массажа,"Импульсный, Миостимулирующий"
1893801813,Зоны массажа,Тело
1893801813,Материал корпуса,ABS пластик
1893801813,Количество программ/режимов,18
1893801813,Вид питания,Сменная батарея
1893801813,Упаковка,Картонная коробка
1893801813,Страна-изготовитель,Китай
1893801813,Комплектация,3 функциональных датчиков; 3 коврика наклеиваемых ; Пульт управления ; USB кабель зарядка; 6 батарей АА 1.5 вольт
1895177330,Артикул,1895177330
1895177330,Тип,Миостимулятор
1895177330,Цвет,6 режимов - 2 в 1 Красивый цвет Q337
1895177330,Вид массажа,Рефлекторный
1895177330,Зоны массажа,Спина
1895177330,Особенности массажного аппарата,Подогрев
1895177330,Материал корпуса,ABS пластик
1895177330,Количество программ/режимов,1
1895177330,Вид питания,Внешний источник питания
1895177330,"Мощность массажера, Вт",24
1895177330,"Фактический размер товара, см",32.5*29.5*11.6
1895177330,Страна-изготовитель,Китай
1895177330,Комплектация,В комплект входят：Массажная подушка для ног*1Массажная подушка для шеи*1USB-кабель*1Пластырь*1Пульт дистанционного управления*1Основной блок*1Руководство пользователя*1 G884
1660584086,Артикул,1660584086
1660584086,Тип,Миостимулятор
1660584086,Зоны массажа,"Ноги, Шея, Поясница, Плечи, Ягодицы, Спина"
1660584086,Особенности массажного аппарата,"Работает в автомобиле, Ручные программы, Съемные части"
1660584086,"Максимальный рост пользователя, см",250
1660584086,Материал корпуса,Пластик
1660584086,Количество программ/режимов,8
1660584086,Вид питания,"Встроенный аккумулятор, От порта USB"
1660584086,"Мощность массажера, Вт",24
1660584086,"Напряжение, В",3.7
1660584086,"Фактический размер товара, см",15х6х1
1660584086,Упаковка,"Целлофановый пакет, Картонная коробка"
1660584086,Страна-изготовитель,Китай
1660584086,Гарантийный срок,30 дней
1660584086,"Вид массажа
","Импульсный, Миостимулирующий, Расслабляющий, Комбинированный, Оздоровительный, Лимфодренажный"
1818888520,Артикул,1818888520
1818888520,Тип,Миостимулятор
1818888520,Цвет,USB-PC Массажер для мышц тазового дна
1818888520,Вид массажа,"Вакуумный, Рефлекторный, Вибрационный"
1818888520,Зоны массажа,"Ягодицы, Зона декольте"
1818888520,"Максимальный рост пользователя, см",200
1818888520,Материал корпуса,ABS пластик
1818888520,Количество программ/режимов,5
1818888520,Вид питания,От порта USB
1818888520,"Мощность массажера, Вт",10
1818888520,"Напряжение, В",220
1818888520,"Фактический размер товара, см",28*17*17
1818888520,Упаковка,Картонный бокс + DigiPak
1818888520,Комплектация,Прибор + пульт дистанционного управления
1818888520,Страна-изготовитель,Китай
1818888520,Гарантийный срок,90 дней
1818888520,Особенности массажного аппарата,"Работает в автомобиле, Ручные программы, Сканирование тела, Пульт ДУ, Подогрев"
1735583839,Артикул,1735583839
1735583839,Тип,Миостимулятор
1735583839,Цвет,Белый
1735583839,Вид массажа,Миостимулирующий
1735583839,Зоны массажа,"Тело, Поясница, Спина, Руки, Ноги"
1735583839,Особенности массажного аппарата,"Регулировка роликов, Подогрев"
1735583839,"Максимальный рост пользователя, см",200
1735583839,Материал корпуса,Пластик
1735583839,Количество программ/режимов,8
1735583839,Вид питания,"От сети 220В, Сменная батарея"
1735583839,Страна-изготовитель,Китай
1735583839,Комплектация,Массажер. Тапочки-электроды. Перчатки-электроды. Носки-электроды. Напульсники-нарукавники-электроды. 16 липучек электродов. Два шнура для накладок (на 2 и 4 электрода). Адаптер к массажеру (для работы от сети или USB).
885997808,Артикул,885997808
885997808,Тип,Миостимулятор
885997808,Цвет,20 электродов
885997808,Зоны массажа,"Лицо, Ноги, Плечи, Поясница, Руки, Тело"
885997808,Материал корпуса,ABS пластик
885997808,Количество программ/режимов,8
885997808,Упаковка,Подарочный футляр
885997808,Страна-изготовитель,Китай
885997808,Гарантийный срок,1080
885997808,"Вид массажа
","Антицеллюлитный, Вакуумный, Импульсный, Классический, Миостимулирующий, Лимфодренажный"
885997808,Комплектация,"Технические параметры Номинальное напряжение: 4,5 V Номинальные рабочие часы: 5-30 минут Номинальная мощность: 0,15 w Вес: 176 г"
2019132260,Артикул,2019132260
2019132260,Тип,Миостимулятор
2019132260,Цвет,Оранжевый
2019132260,Зоны массажа,Тело
2019132260,Страна-изготовитель,Китай
2019132260,Гарантийный срок,1 год
2019132260,Комплектация,Тренажер - 1 шт Зарядное устройство - 1 шт Инструкция на английском языке - 1 шт
1606239381,Артикул,1606239381
1606239381,Тип,Миостимулятор
1606239381,Вид массажа,"Вибрационный, Импульсный"
1606239381,Зоны массажа,Ноги
1606239381,Особенности массажного аппарата,Таймер
1606239381,Материал корпуса,"ABS пластик, Искусственная кожа"
1606239381,Количество программ/режимов,8
1606239381,Вид питания,Встроенный аккумулятор
1606239381,"Мощность массажера, Вт",3
1606239381,"Напряжение, В",3.7
1606239381,"Фактический размер товара, см",27*29*3
1606239381,Упаковка,Бумажный пакет
1606239381,Комплектация,"Массаж, массажный коврик, зарядная линия"
1606239381,Страна-изготовитель,Китай
1606239381,Гарантийный срок,14 дней
1536812130,Артикул,1536812130
1536812130,Тип,Миостимулятор
1536812130,Цвет,Белый
1536812130,Вид массажа,Миостимулирующий
1536812130,Зоны массажа,"Ноги, Плечи, Поясница, Руки, Спина, Тело"
1536812130,Материал корпуса,Пластик
1536812130,Количество программ/режимов,6
1536812130,Вид питания,Встроенный аккумулятор
1536812130,Комплектация,"Массажер, 1 разъем для подключения электродов, 4 электрода"
1536812130,Страна-изготовитель,Китай
976038772,Артикул,976038772
976038772,Тип,Миостимулятор
976038772,Цвет,Массажер+ Пластырь
976038772,Вид массажа,"Вибрационный, Рефлекторный, Расслабляющий"
976038772,Зоны массажа,"Плечи, Поясница, Руки, Ноги, Спина, Тело"
976038772,Особенности массажного аппарата,Подогрев
976038772,Материал корпуса,ABS пластик
976038772,Количество программ/режимов,8
976038772,Вид питания,От порта USB
976038772,"Напряжение, В",3.7
976038772,Страна-изготовитель,Китай
976038772,Гарантийный срок,180
976038772,Комплектация,Пластырь - 1 шт.массажер миостимулятор - 1 шт. USB шнур - 1 шт.инструкция - 1 шт.
1672271247,Артикул,1672271247
1672271247,Тип,Миостимулятор
1672271247,Цвет,"Белый, серебро"
1672271247,Вид массажа,"Вибрационный, Лечебный, Миостимулирующий"
1672271247,Зоны массажа,"Ягодицы, Поясница"
1672271247,Особенности массажного аппарата,"Подогрев, Ручные программы, Съемные части"
1672271247,Материал корпуса,ABS пластик
1672271247,Количество программ/режимов,7
1672271247,Вид питания,"От сети 220В, От порта USB"
1672271247,"Фактический размер товара, см",14
1672271247,Упаковка,Картонная коробка
1672271247,Страна-изготовитель,Китай
1672271247,Гарантийный срок,14 дней
1672271247,Комплектация,Хост компьютер - 1 шт.; Инструкция - 1 шт.; Провод соединяющий хост и зонд - 1 шт.; Зонд для влагалища - 1 шт.; Чехол для хранения - 1 шт. Салфетки - 2 шт.
1916582400,Артикул,1916582400
1916582400,Тип,Миостимулятор
1916582400,Цвет,720 Grey-6-Gear Здоровая модель с 4 массажями головы
1916582400,Зоны массажа,Область вокруг глаз
1916582400,Особенности массажного аппарата,"Ручные программы, Регулировка роликов, Съемные части"
1916582400,Количество программ/режимов,6
1916582400,Вид питания,"Встроенный аккумулятор, От порта USB"
1916582400,Упаковка,"Коробка-""книжка"""
1916582400,Комплектация,4
1916582400,Страна-изготовитель,Китай
1916582400,"Вид массажа
","Акупрессурный, Акупунктурный, Антицеллюлитный, Вибрационный, Перкусионный"
1209323331,Артикул,1209323331
1209323331,Тип,Миостимулятор
1209323331,Зоны массажа,"Лицо, Ноги, Руки, Спина, Тело, Ягодицы"
1209323331,Особенности массажного аппарата,Русификация
1209323331,Материал корпуса,ABS пластик
1209323331,Количество программ/режимов,5
1209323331,Вид питания,"От сети 220В, Внешний источник питания"
1209323331,"Мощность массажера, Вт",24
1209323331,"Напряжение, В",24
1209323331,"Фактический размер товара, см",6
1209323331,Упаковка,Картонная коробка
1209323331,Комплектация,Аппарат HIFU 3.0; блок питание; гель в подарок
1209323331,Страна-изготовитель,Китай
1209323331,Гарантийный срок,6 месяцев
1209323331,"Вид массажа
","Импульсный, Комбинированный, Лимфодренажный, Миостимулирующий, Расслабляющий, Рефлекторный"
1499136215,Артикул,1499136215
1499136215,Тип,Миостимулятор
1499136215,Цвет,Кремовый
1499136215,Вид массажа,Миостимулирующий
1499136215,Зоны массажа,"Зона декольте, Ноги, Руки, Тело, Ягодицы, Лицо"
1499136215,Особенности массажного аппарата,"Ручные программы, Съемные части, Таймер"
1499136215,Материал корпуса,Металл
1499136215,Количество программ/режимов,4
1499136215,Вид питания,От сети 220В
1499136215,"Мощность массажера, Вт",50
1499136215,Упаковка,Картонная коробка
1499136215,Страна-изготовитель,Китай
1499136215,Гарантийный срок,1 мес
1499136215,Комплектация,аппарат миостимуляции -1 шт; пластины для тела - 20 шт; пластины для груди - 2 шт; пластины для лица - 2 шт; фиксаторы пластинок; шнур питания; гель в подарок!
1402653609,Артикул,1402653609
1402653609,Тип,Миостимулятор
1402653609,Цвет,Белый
1402653609,Зоны массажа,"Ноги, Плечи, Поясница, Руки, Спина, Тело"
1402653609,Особенности массажного аппарата,"Русификация, Таймер, Ручные программы"
1402653609,Материал корпуса,HPL пластик
1402653609,Количество программ/режимов,4
1402653609,Вид питания,"От сети 220В, Сменная батарея"
1402653609,"Мощность массажера, Вт",5
1402653609,"Напряжение, В",4.5
1402653609,"Фактический размер товара, см",150*10*5
1402653609,Упаковка,Картонная коробка
1402653609,Страна-изготовитель,Китай
1402653609,"Вид массажа
","Антицеллюлитный, Импульсный, Лечебный, Миостимулирующий, Расслабляющий, Оздоровительный"
1402653609,Комплектация,мио стимулятор - 1шт. блок питания - 1 шт. электрод/липучка - 16шт. перчатки 1 пара. тапочки 1 пара.
1670160213,Артикул,1670160213
1670160213,Тип,Миостимулятор
1670160213,Цвет,Mini Massager
1670160213,Вид массажа,"Вибрационный, Миостимулирующий"
1670160213,Зоны массажа,"Тело, Шея, Поясница, Плечи, Ягодицы"
1670160213,Особенности массажного аппарата,Ручные программы
1670160213,Материал корпуса,"ABS пластик, Пластик"
1670160213,Количество программ/режимов,8
1670160213,Вид питания,"От порта USB, Сменный аккумулятор (нет в комплекте)"
1670160213,"Напряжение, В",5
1670160213,"Фактический размер товара, см",14.5*6.5
1670160213,Комплектация,1 Massager 1 Massage pad
1670160213,Страна-изготовитель,Китай
2230223350,Артикул,2230223350
2230223350,Тип,Миостимулятор
2230223350,Цвет,Рогатка большая
2230223350,Зоны массажа,"Лицо, Область вокруг глаз, Руки, Шея"
2230223350,Материал корпуса,"Нержавеющая сталь, Силикон"
2230223350,Страна-изготовитель,Россия
2230223350,"Вид массажа
","Классический, Импульсный, Комбинированный, Разминание, Расслабляющий, Роликовый"
1128511450,Артикул,1128511450
1128511450,Тип,Миостимулятор
1128511450,Цвет,Черный
1128511450,Зоны массажа,"Тело, Лицо, Ноги, Ягодицы, Руки, Спина"
1128511450,Особенности массажного аппарата,"Подогрев, Пульт ДУ, Ручные программы"
1128511450,Материал корпуса,"ABS пластик, Пластик"
1128511450,Количество программ/режимов,6
1128511450,Вид питания,"Встроенный аккумулятор, От порта USB"
1128511450,Комплектация,Массажер электрический - 1 шт; Кабель для зарядки Пульт ДУ
1128511450,Страна-изготовитель,Китай
1128511450,"Вид массажа
","Расслабляющий, Лимфодренажный, Антицеллюлитный, Вибрационный, Импульсный"
2065867702,Артикул,2065867702
2065867702,Тип,Миостимулятор
2065867702,Цвет,Массажер с пультом
2065867702,Вид массажа,"Вибрационный, Рефлекторный, Расслабляющий, Миостимулирующий"
2065867702,Зоны массажа,"Тело, Поясница, Ноги, Шея, Плечи, Руки"
2065867702,Особенности массажного аппарата,"Ручные программы, Пульт ДУ"
2065867702,Материал корпуса,ABS пластик
2065867702,Количество программ/режимов,8
2065867702,"Напряжение, В",3.3
2065867702,"Фактический размер товара, см",60*40*15mm
2065867702,Упаковка,Box Set
2065867702,Страна-изготовитель,Китай
2065867702,Гарантийный срок,180 дней
2065867702,Комплектация,Хост EMS x1 Гелевый пластырь x2 Пульт дистанционного управления x1 Кабель передачи данных x1
1917592982,Артикул,1917592982
1917592982,Тип,Миостимулятор
1917592982,Цвет,Белый
1917592982,Зоны массажа,"Спина, Руки, Ноги, Плечи, Ягодицы, Тело"
1917592982,Материал корпуса,ABS пластик
1917592982,Количество программ/режимов,16
1917592982,Вид питания,"Встроенный аккумулятор, От порта USB"
1917592982,"Мощность массажера, Вт",0.075
1917592982,"Фактический размер товара, см",10х5
1917592982,Упаковка,Картонная коробка
1917592982,Страна-изготовитель,Китай
1917592982,"Вид массажа
","Акупрессурный, Гуаша, Импульсный, Расслабляющий, Шиацу, Миостимулирующий"
1917592982,Особенности массажного аппарата,"Ручные программы, Съемные части, Таймер, Работает в автомобиле"
1917592982,Комплектация,Импульсный массажер с током - 1 шт; Электроды - 8 шт; USB-кабель - 1 шт; Инструкция - 1 шт.
1200295547,Артикул,1200295547
1200295547,Тип,Миостимулятор
1200295547,Цвет,"Серебристый, зеленый"
1200295547,Вид массажа,"Акупунктурный, Миостимулирующий, Расслабляющий"
1200295547,Зоны массажа,"Голова, Ноги, Плечи, Руки, Спина, Шея"
1200295547,Особенности массажного аппарата,Ручные программы
1200295547,Материал корпуса,Пластик
1200295547,Количество программ/режимов,9
1200295547,"Фактический размер товара, см",21
1200295547,Упаковка,Коробка
1200295547,Комплектация,Электронная массажная ручка Насадки - 3 шт. Упаковка
1200295547,Страна-изготовитель,Китай
1759477281,Артикул,1759477281
1759477281,Тип,Миостимулятор
1759477281,Цвет,Черный
1759477281,Вид массажа,"Импульсный, Лечебный, Миостимулирующий"
1759477281,Зоны массажа,Ноги
1759477281,Особенности массажного аппарата,Работает в автомобиле
1759477281,Материал корпуса,Нейлон
1759477281,Количество программ/режимов,8
1759477281,Вид питания,"От порта USB, Встроенный аккумулятор"
1759477281,"Мощность массажера, Вт",24
1759477281,"Напряжение, В",3.7
1759477281,"Фактический размер товара, см",29*27*1.5
1759477281,Страна-изготовитель,Китай
1759477281,Гарантийный срок,гарантия Озон
1759477281,Комплектация,"коврик-миостимулятор, блок управления, провод зарядки USB, пульт управления"
389740709,Артикул,389740709
389740709,Тип,Миостимулятор
389740709,Цвет,Черный
389740709,Зоны массажа,"Тело, Ноги, Ягодицы, Руки, Плечи, Спина"
389740709,Особенности массажного аппарата,"Пульт ДУ, Ручные программы"
389740709,Материал корпуса,"ABS пластик, Полипропилен"
389740709,Вид питания,Сменная батарея
389740709,Страна-изготовитель,Китай
389740709,"Вид массажа
","Вибрационный, Антицеллюлитный, Миостимулирующий, Оздоровительный, Расслабляющий, Импульсный"
389740709,Комплектация,"Накладка для пресса - 1 шт., Накладка для рук, ног или бедер - 2 шт., Пульт управления - 3 шт."
2269102043,Артикул,2269102043
2269102043,Тип,Миостимулятор
2269102043,Цвет,"Насадка ""ЛогоЛего"""
2269102043,Вид массажа,"Вибрационный, Классический, Комбинированный, Расслабляющий"
2269102043,Зоны массажа,"Область вокруг глаз, Лицо"
2269102043,Материал корпуса,Силикон
2269102043,Страна-изготовитель,Россия
2230223892,Артикул,2230223892
2230223892,Тип,Миостимулятор
2230223892,Цвет,ЛогоРогаткаЁжик
2230223892,Зоны массажа,"Лицо, Область вокруг глаз, Руки, Шея"
2230223892,Материал корпуса,"Силикон, Нержавеющая сталь"
2230223892,Упаковка,Картонная коробка
2230223892,Страна-изготовитель,Россия
2230223892,"Вид массажа
","Роликовый, Разминание, Миостимулирующий, Классический, Комбинированный"
1620286413,Артикул,1620286413
1620286413,Тип,Миостимулятор
1620286413,Цвет,Мини-хост
1620286413,Вид массажа,"Вибрационный, Миостимулирующий"
1620286413,Зоны массажа,"Поясница, Ягодицы"
1620286413,Особенности массажного аппарата,Ручные программы
1620286413,"Максимальный рост пользователя, см",220
1620286413,Материал корпуса,"ABS пластик, Пластик"
1620286413,Количество программ/режимов,8
1620286413,Вид питания,Сменный аккумулятор (нет в комплекте)
1620286413,"Напряжение, В",5
1620286413,Упаковка,Бумажная обертка
1620286413,Комплектация,1 Massager 1 Massage pad
1620286413,Страна-изготовитель,Китай
1717711540,Артикул,1717711540
1717711540,Тип,Миостимулятор
1717711540,Цвет,Голубой
1717711540,Вид массажа,"Миостимулирующий, Импульсный"
1717711540,Зоны массажа,"Зона декольте, Ноги, Руки, Тело, Ягодицы, Лицо"
1717711540,Особенности массажного аппарата,"Ручные программы, Съемные части, Таймер"
1717711540,Материал корпуса,Металл
1717711540,Количество программ/режимов,4
1717711540,Вид питания,От сети 220В
1717711540,"Мощность массажера, Вт",50
1717711540,"Напряжение, В",220
1717711540,Упаковка,Картонная коробка
1717711540,Страна-изготовитель,Китай
1717711540,Гарантийный срок,1 мес.
1717711540,Комплектация,аппарат миостимуляции -1 шт; пластины для тела - 20 шт; пластины для груди - 2 шт; пластины для лица - 2 шт; фиксаторы пластинок; шнур питания; гель в подарок!
1766772230,Артикул,1766772230
1766772230,Тип,Миостимулятор
1766772230,Цвет,2XL/3XL(17.5*106cm)
1766772230,Зоны массажа,"Поясница, Тело"
1766772230,Материал корпуса,"ABS пластик, Текстиль"
1766772230,Количество программ/режимов,1
1766772230,Вид питания,Встроенный аккумулятор
1766772230,"Фактический размер товара, см",106cm
1766772230,Упаковка,RETAIL BOX
1766772230,Комплектация,1
1766772230,Страна-изготовитель,Китай
1766772230,"Вид массажа
","Вибрационный, Импульсный, Перкусионный, Рефлекторный, Антицеллюлитный"
1766772230,Особенности массажного аппарата,"Пульт ДУ, Съемные части, Таймер, Ручные программы, Регулировка по размеру"
1623242033,Артикул,1623242033
1623242033,Тип,Миостимулятор
1623242033,Цвет,Синий
1623242033,Вид массажа,Миостимулирующий
1623242033,Зоны массажа,"Тело, Спина, Зона декольте"
1623242033,Особенности массажного аппарата,Съемные части
1623242033,Материал корпуса,ABS пластик
1623242033,Количество программ/режимов,8
1623242033,Вид питания,Встроенный аккумулятор
1623242033,"Напряжение, В",5
1623242033,Упаковка,Box Set
1623242033,Комплектация,Массажер патч - 3 шт. панель управления - 3 шт. USB - 1 шт.
1623242033,Страна-изготовитель,Китай
1623242033,Гарантийный срок,180 дней
2038655424,Артикул,2038655424
2038655424,Тип,Миостимулятор
2038655424,Цвет,Массажер для ног
2038655424,Вид массажа,"Импульсный, Миостимулирующий, Оздоровительный, Расслабляющий"
2038655424,Зоны массажа,Ноги
2038655424,Материал корпуса,Пластик
2038655424,Количество программ/режимов,9
2038655424,Вид питания,Встроенный аккумулятор
2038655424,"Напряжение, В",5
2038655424,Упаковка,Коробка
2038655424,Комплектация,Массажер*1/Пластырь для ног*1/ Провод для зарядки*1
2038655424,Страна-изготовитель,Китай
2038655424,Гарантийный срок,30 дней
1098889090,Артикул,1098889090
1098889090,Тип,Миостимулятор
1098889090,Цвет,Черный матовый
1098889090,Вид массажа,"Вибрационный, Импульсный, Комбинированный"
1098889090,Зоны массажа,"Поясница, Тело"
1098889090,Особенности массажного аппарата,"Таймер, Ручные программы, Работает в автомобиле"
1098889090,"Максимальный рост пользователя, см",230
1098889090,Материал корпуса,"ABS пластик, Экокожа"
1098889090,Количество программ/режимов,6
1098889090,Вид питания,От порта USB
1098889090,"Мощность массажера, Вт",5
1098889090,"Напряжение, В",3
1098889090,"Фактический размер товара, см",115х14
1098889090,Упаковка,Картонная коробка
1098889090,Комплектация,пояс 1 шт контроллер 1 шт зарядка USB 1 шт инструкция
1098889090,Страна-изготовитель,Китай
1098889090,Гарантийный срок,14 дней
650325408,Артикул,650325408
650325408,Тип,Миостимулятор
650325408,Цвет,Черный
650325408,Зоны массажа,"Тело, Ноги, Ягодицы, Плечи, Руки, Спина"
650325408,Особенности массажного аппарата,"Пульт ДУ, Ручные программы"
650325408,Материал корпуса,"ABS пластик, Полипропилен"
650325408,Вид питания,Сменная батарея
650325408,Страна-изготовитель,Китай
650325408,"Вид массажа
","Вибрационный, Антицеллюлитный, Миостимулирующий, Оздоровительный, Расслабляющий, Импульсный"
650325408,Комплектация,"Накладка для пресса - 1 шт., Накладка для рук, ног или бедер - 2 шт., Пульт управления - 3 шт."
1695280637,Артикул,1695280637
1695280637,Тип,Миостимулятор
1695280637,Цвет,Черный
1695280637,Вид массажа,"Импульсный, Миостимулирующий, Комбинированный"
1695280637,Зоны массажа,"Ноги, Плечи, Поясница, Руки, Спина, Ягодицы"
1695280637,Особенности массажного аппарата,Съемные части
1695280637,Упаковка,Easy pack
1695280637,Страна-изготовитель,Китай
1695280637,Гарантийный срок,365
1695280637,Комплектация,"массажная пластинка для контрольного блока 2шт,массажная пластинка с однополярным подключением 4шт"
2281939353,Артикул,2281939353
2281939353,Тип,Миостимулятор
2281939353,Цвет,Гелевый пластырь*5(без массажера)
2281939353,Зоны массажа,"Плечи, Шея, Поясница, Ноги, Тело"
2281939353,Особенности массажного аппарата,"Русификация, Таймер"
2281939353,Материал корпуса,"ABS пластик, Искусственная кожа"
2281939353,Количество программ/режимов,8
2281939353,"Мощность массажера, Вт",0
2281939353,"Фактический размер товара, см",15
2281939353,Упаковка,Box Set
2281939353,Комплектация,гелевыми патчами - 5шт；герметичный пакет 1шт;
2281939353,Страна-изготовитель,Россия
2281939353,Гарантийный срок,30 дней
2281939353,"Вид массажа
","Импульсный, Рефлекторный, Расслабляющий, Миостимулирующий, Оздоровительный"
979842418,Артикул,979842418
979842418,Тип,Миостимулятор
979842418,Цвет,Белый
979842418,Зоны массажа,"Ноги, Плечи, Поясница, Тело, Шея"
979842418,Особенности массажного аппарата,"Работает в автомобиле, Ручные программы"
979842418,Материал корпуса,ABS пластик
979842418,Количество программ/режимов,6
979842418,Вид питания,Сменная батарея
979842418,Упаковка,Картонная коробка
979842418,Комплектация,"массажер, инструкция, 2 батарейки, 2 электропатчи"
979842418,Страна-изготовитель,Китай
979842418,"Вид массажа
","Акупунктурный, Вибрационный, Импульсный, Миостимулирующий, Оздоровительный"
1904502856,Артикул,1904502856
1904502856,Тип,Миостимулятор
1904502856,Цвет,Живот
1904502856,Вид массажа,"Рефлекторный, Миостимулирующий"
1904502856,Зоны массажа,Тело
1904502856,Особенности массажного аппарата,"Пульт ДУ, Съемные части"
1904502856,Материал корпуса,ABS пластик
1904502856,Количество программ/режимов,8
1904502856,Вид питания,"От порта USB, Встроенный аккумулятор"
1904502856,Упаковка,Пластиковая сумка
1904502856,Страна-изготовитель,Китай
1904502856,Гарантийный срок,180 дней
1904502856,Комплектация,Хост 8 режим 19 Gear *1 Дистанционное управление *1 USB CABLE *1 4 массажные пятна EMS для брюшной полости *1
2230221459,Артикул,2230221459
2230221459,Тип,Миостимулятор
2230221459,Цвет,Рогатка Малая
2230221459,Зоны массажа,"Лицо, Область вокруг глаз, Руки, Шея"
2230221459,Материал корпуса,"Нержавеющая сталь, Силикон"
2230221459,Страна-изготовитель,Россия
2230221459,"Вид массажа
","Классический, Комбинированный, Миостимулирующий, Расслабляющий, Разминание, Роликовый"
1745556286,Артикул,1745556286
1745556286,Тип,Миостимулятор
1745556286,Цвет,Серебряный
1745556286,Вид массажа,Акупунктурный
1745556286,Зоны массажа,"Лицо, Ноги, Область вокруг глаз, Поясница, Руки, Спина"
1745556286,Особенности массажного аппарата,Работает в автомобиле
1745556286,"Максимальный рост пользователя, см",200
1745556286,Материал корпуса,Металл
1745556286,Количество программ/режимов,9
1745556286,Вид питания,Встроенный аккумулятор
1745556286,"Мощность массажера, Вт",4
1745556286,Упаковка,Картонная коробка
1745556286,Страна-изготовитель,Китай
1745556286,Гарантийный срок,30
1745556286,Комплектация,"Акупунктурная ручка, 2 металлических насадки, 2 баночки с гелем, инструкция, провод для зарядки"
758610680,Артикул,758610680
758610680,Тип,Миостимулятор
758610680,Цвет,Черный
758610680,Вид массажа,Миостимулирующий
758610680,Зоны массажа,"Ноги, Руки"
758610680,Особенности массажного аппарата,"Работает в автомобиле, Таймер, Съемные части"
758610680,Материал корпуса,ABS пластик
758610680,Количество программ/режимов,6
758610680,Вид питания,Встроенный аккумулятор
758610680,"Фактический размер товара, см","33х27,5"
758610680,Упаковка,Картонная коробка
758610680,Страна-изготовитель,Китай
758610680,Гарантийный срок,30
758610680,Комплектация,Коврик миостимулятора - 1 шт Блок управления - 1 шт Инструкция - 1 шт USB-кабель - 1 шт
960927337,Артикул,960927337
960927337,Тип,Миостимулятор
960927337,Цвет,"Клипса (2,5мм)"
960927337,Зоны массажа,Голова
960927337,Особенности массажного аппарата,Съемные части
960927337,Вид питания,Внешний источник питания
960927337,"Вид массажа
","Акупунктурный, Импульсный, Лечебный, Миостимулирующий, Оздоровительный, Расслабляющий"
1254628001,Артикул,1254628001
1254628001,Тип,Миостимулятор
1254628001,Цвет,00815
1254628001,Зоны массажа,Тело
1254628001,Вид питания,Сменная батарея
1254628001,Упаковка,Картонная коробка
1254628001,Страна-изготовитель,Китай
1620286251,Артикул,1620286251
1620286251,Тип,Миостимулятор
1620286251,Цвет,Мини-хост + пульт ДУ
1620286251,Вид массажа,"Вибрационный, Миостимулирующий"
1620286251,Зоны массажа,"Поясница, Ягодицы"
1620286251,Особенности массажного аппарата,Ручные программы
1620286251,"Максимальный рост пользователя, см",220
1620286251,Материал корпуса,"ABS пластик, Пластик"
1620286251,Количество программ/режимов,8
1620286251,Вид питания,Сменный аккумулятор (нет в комплекте)
1620286251,"Напряжение, В",5
1620286251,Упаковка,Бумажная обертка
1620286251,Комплектация,1 Massager 1 Massage pad
1620286251,Страна-изготовитель,Китай
1260909382,Артикул,1260909382
1260909382,Тип,Миостимулятор
1260909382,Цвет,Синий
1260909382,Вид массажа,"Миостимулирующий, Вибрационный"
1260909382,Зоны массажа,"Лицо, Ноги, Плечи, Поясница, Тело, Ягодицы"
1260909382,Особенности массажного аппарата,"Подогрев, Съемные части, Таймер, Регулировка по размеру"
1260909382,"Максимальный рост пользователя, см",200
1260909382,Материал корпуса,"Металл, Металлический сплав"
1260909382,Количество программ/режимов,9
1260909382,Вид питания,Внешний источник питания
1260909382,"Мощность массажера, Вт",50
1260909382,"Напряжение, В",220
1260909382,"Фактический размер товара, см",48
1260909382,Упаковка,Картонная коробка
1260909382,Страна-изготовитель,Китай
1260909382,Комплектация,1 х основная машина 1 х пара электродных накладок для груди 10 х электродный провод 10 пар электродных накладок для тела 3 х резинка 1 х Руководство пользователя на английском языке
1319335354,Артикул,1319335354
1319335354,Тип,Миостимулятор
1319335354,Цвет,Черный матовый
1319335354,Зоны массажа,"Тело, Спина"
1319335354,Особенности массажного аппарата,"Ручные программы, Регулировка по размеру"
1319335354,"Максимальный рост пользователя, см",200
1319335354,Материал корпуса,"ABS пластик, Биопластик"
1319335354,Количество программ/режимов,7
1319335354,Вид питания,Сменная батарея
1319335354,"Мощность массажера, Вт",9
1319335354,"Напряжение, В",3.5
1319335354,"Фактический размер товара, см",110х17х2
1319335354,Упаковка,Коробка
1319335354,Страна-изготовитель,Китай
1319335354,Гарантийный срок,6 месяцев
1319335354,"Вид массажа
","Миостимулирующий, Антицеллюлитный, Оздоровительный, Расслабляющий"
1319335354,Комплектация,"Массажер электрический миостимулятор живота EMS Abdominal Toning Belt для мужчин и женщин, кабель USB, инструкция к применению"
1688863909,Артикул,1688863909
1688863909,Тип,Миостимулятор
1688863909,Цвет,Серебристый
1688863909,Вид массажа,Акупунктурный
1688863909,Зоны массажа,"Лицо, Ноги, Область вокруг глаз, Поясница, Руки, Спина"
1688863909,Особенности массажного аппарата,Работает в автомобиле
1688863909,"Максимальный рост пользователя, см",200
1688863909,Материал корпуса,Металл
1688863909,Количество программ/режимов,8
1688863909,Вид питания,Встроенный аккумулятор
1688863909,"Мощность массажера, Вт",4
1688863909,"Фактический размер товара, см",21*4*4
1688863909,Упаковка,Картонная коробка
1688863909,Страна-изготовитель,Китай
1688863909,Гарантийный срок,30
1688863909,Комплектация,"Акупунктурная ручка, 5 металлических насадки, 2 электродные пластины, инструкция, 2 баночки с гелем, провод для зарядки"
2014656797,Артикул,2014656797
2014656797,Тип,Миостимулятор
2014656797,Цвет,Серебристый
2014656797,Вид массажа,"Импульсный, Миостимулирующий, Гуаша, Антицеллюлитный"
2014656797,Зоны массажа,"Тело, Ноги, Ягодицы, Спина, Плечи"
2014656797,Особенности массажного аппарата,"Ручные программы, Съемные части, Таймер"
2014656797,Материал корпуса,ABS пластик
2014656797,Количество программ/режимов,36
2014656797,Вид питания,Сменная батарея
2014656797,"Напряжение, В",5
2014656797,Упаковка,Картонная коробка
2014656797,Страна-изготовитель,Китай
2014656797,Комплектация,"Электромассажер-миостимулятор - 1 шт., электроды-липучки - 2 шт., зарядное устройство с переходником - 1 шт., инструкция по применению, батарейки типа ААА - 3 шт."
1089329531,Артикул,1089329531
1089329531,Тип,Миостимулятор
1089329531,Цвет,Серый
1089329531,Вид массажа,"Миостимулирующий, Расслабляющий, Антицеллюлитный"
1089329531,Зоны массажа,"Тело, Плечи, Поясница, Руки, Ягодицы, Ноги"
1089329531,Особенности массажного аппарата,Таймер
1089329531,Материал корпуса,"ABS пластик, Металл"
1089329531,Количество программ/режимов,4
1089329531,"Напряжение, В",220
1089329531,Упаковка,Картонная коробка
1089329531,Страна-изготовитель,Китай
1089329531,Гарантийный срок,90 дней
1089329531,Комплектация,Товарная накладная <br> 1шт основной блок <br> 1 пара подушечек для нагрудных электродов <br> 10 пар электродов <br> 10шт провода <br> 1шт держатель аксессуаров <br> 1 комплект электродной повязки <br> 1шт силовой провод <br> 1 шт. руководство пользователя на английском языке
2246742327,Артикул,2246742327
2246742327,Тип,Миостимулятор
2246742327,Бренд,Yamaguchi
2246742327,Цвет,Черный
2246742327,Зоны массажа,Поясница
2246742327,Материал корпуса,"ABS пластик, Искусственная кожа"
2246742327,Страна-изготовитель,Китай
1258353681,Артикул,1258353681
1258353681,Тип,Миостимулятор
1258353681,Бренд,YUNCHI
1258353681,Цвет,Белый
1258353681,Зоны массажа,"Ноги, Плечи, Поясница, Тело, Шея"
1258353681,Особенности массажного аппарата,Таймер
1258353681,"Максимальный рост пользователя, см",190
1258353681,Материал корпуса,ABS пластик
1258353681,Количество программ/режимов,3
1258353681,Вид питания,Встроенный аккумулятор
1258353681,"Мощность массажера, Вт",25
1258353681,"Напряжение, В",220
1258353681,"Фактический размер товара, см",24*24*11
1258353681,Упаковка,Пачка
1258353681,Страна-изготовитель,Китай
1258353681,Гарантийный срок,Два года
1258353681,"Вид массажа
","Лечебный, Лимфодренажный, Миостимулирующий, Оздоровительный, Рефлекторный, Расслабляющий"
1258353681,Комплектация,1 * Машины 1 * Гель 1 * Зарядное устройство 1 * Дорожные сумки
1845642672,Артикул,1845642672
1845642672,Тип,Миостимулятор
1845642672,Цвет,"Черный, белый"
1845642672,Зоны массажа,Ноги
1845642672,Особенности массажного аппарата,"Ручные программы, Пульт ДУ"
1845642672,Материал корпуса,Нейлон
1845642672,Количество программ/режимов,8
1845642672,Вид питания,"Встроенный аккумулятор, От порта USB"
1845642672,"Мощность массажера, Вт",24
1845642672,"Напряжение, В",220
1845642672,"Фактический размер товара, см",30х28х2
1845642672,Упаковка,Картонная коробка
1845642672,Страна-изготовитель,Китай
1845642672,"Вид массажа
","Миостимулирующий, Расслабляющий, Акупунктурный, Вибрационный, Импульсный, Лечебный"
1845642672,Комплектация,массажный коврик для ног - 1 шт провод USB - 1 шт пульт - 1 шт
698003011,Артикул,698003011
698003011,Тип,Миостимулятор
698003011,Цвет,Черный
698003011,Зоны массажа,"Тело, Ноги, Ягодицы, Руки, Плечи, Спина"
698003011,Особенности массажного аппарата,"Ручные программы, Пульт ДУ"
698003011,Материал корпуса,"ABS пластик, Полипропилен"
698003011,Вид питания,Сменная батарея
698003011,Страна-изготовитель,Китай
698003011,"Вид массажа
","Вибрационный, Антицеллюлитный, Миостимулирующий, Оздоровительный, Расслабляющий, Импульсный"
698003011,Комплектация,"Накладка для пресса - 1 шт., Накладка для рук, ног или бедер - 2 шт., Пульт управления - 3 шт."
1603298019,Артикул,1603298019
1603298019,Тип,Миостимулятор
1603298019,Цвет,5 массажных пластыря
1603298019,Вид массажа,Миостимулирующий
1603298019,Зоны массажа,"Ноги, Плечи, Поясница, Тело, Шея, Ягодицы"
1603298019,Упаковка,Easy pack
1603298019,Комплектация,5 массажных пластыря
1603298019,Страна-изготовитель,Китай
1603298019,Гарантийный срок,180небо
1618376920,Артикул,1618376920
1618376920,Тип,Миостимулятор
1618376920,Цвет,30
1618376920,Вид массажа,"Акупунктурный, Вибрационный, Импульсный, Миостимулирующий"
1618376920,Зоны массажа,"Зона декольте, Ноги, Руки, Тело, Поясница, Плечи"
1618376920,Особенности массажного аппарата,Ручные программы
1618376920,Материал корпуса,ABS пластик
1618376920,Количество программ/режимов,8
1618376920,Вид питания,От порта USB
1618376920,"Напряжение, В",5
1618376920,"Фактический размер товара, см",6
1618376920,Упаковка,Easy pack
1618376920,Страна-изготовитель,Китай
1618376920,Гарантийный срок,365
1570558799,Артикул,1570558799
1570558799,Тип,Миостимулятор
1570558799,Цвет,Черно-белый
1570558799,Зоны массажа,"Ноги, Плечи, Поясница, Руки, Спина, Тело"
1570558799,Особенности массажного аппарата,"Русификация, Таймер, Ручные программы"
1570558799,Материал корпуса,"Силикон, Полипропилен"
1570558799,Количество программ/режимов,4
1570558799,Вид питания,"От сети 220В, Сменная батарея"
1570558799,"Мощность массажера, Вт",5
1570558799,"Напряжение, В",4.5
1570558799,"Фактический размер товара, см",80*55*3
1570558799,Упаковка,Картонная коробка
1570558799,Комплектация,электрод/липучка - 20шт.
1570558799,Страна-изготовитель,Китай
1570558799,"Вид массажа
","Антицеллюлитный, Импульсный, Лечебный, Миостимулирующий, Расслабляющий, Оздоровительный"
1643067751,Артикул,1643067751
1643067751,Тип,Миостимулятор
1643067751,Цвет,Черный
1643067751,Зоны массажа,Ноги
1643067751,Материал корпуса,Нейлон
1643067751,Количество программ/режимов,8
1643067751,Вид питания,"Встроенный аккумулятор, От порта USB"
1643067751,"Мощность массажера, Вт",24
1643067751,"Напряжение, В",3.7
1643067751,"Фактический размер товара, см","29 x 27 x 1,5"
1643067751,Упаковка,Картонная коробка
1643067751,Комплектация,Массажер для ног - 1 шт.
1643067751,Страна-изготовитель,Китай
1643067751,"Вид массажа
","Миостимулирующий, Расслабляющий, Оздоровительный, Лечебный, Импульсный, Акупунктурный"
1643067751,Особенности массажного аппарата,"Съемные части, Ручные программы, Работает в автомобиле, Таймер"
1866628409,Артикул,1866628409
1866628409,Тип,Миостимулятор
1866628409,Цвет,Голубой
1866628409,Вид массажа,Импульсный
1866628409,Зоны массажа,Руки
1866628409,Материал корпуса,ABS пластик
1866628409,Количество программ/режимов,2
1866628409,Вид питания,Встроенный аккумулятор
1866628409,"Фактический размер товара, см",6.5х4х3.5
1866628409,Комплектация,"прибор, кабель зарядки, инструкция"
1306240214,Артикул,1306240214
1306240214,Тип,Миостимулятор
1306240214,Цвет,Миостимулятор+тапочки
1306240214,Зоны массажа,"Ноги, Плечи, Поясница, Руки, Спина, Шея"
1306240214,Особенности массажного аппарата,"Таймер, Съемные части, Ручные программы"
1306240214,Материал корпуса,ABS пластик
1306240214,Количество программ/режимов,8
1306240214,Вид питания,"От сети 220В, Сменная батарея"
1306240214,Упаковка,Картонная коробка
1306240214,Страна-изготовитель,Китай (Гонконг)
1306240214,"Вид массажа
","Миостимулирующий, Оздоровительный, Импульсный, Акупунктурный, Лечебный"
1306240214,Комплектация,"Аппарат миостимуляции 1шт, тапочки 1пара, перчатки 1 пара, электроды липучки 4шт, провод переходник 2шт, адаптер+шнур 1шт, батарейки 3шт, инструкция на русском языке."
1678397617,Артикул,1678397617
1678397617,Тип,Миостимулятор
1678397617,Бренд,YUNCHI
1678397617,Цвет,Светло-серый
1678397617,Зоны массажа,"Ноги, Плечи, Поясница, Тело, Шея"
1678397617,Особенности массажного аппарата,"Подогрев, Съемные части, Таймер, Сканирование тела"
1678397617,"Максимальный рост пользователя, см",190
1678397617,Материал корпуса,ABS пластик
1678397617,Количество программ/режимов,5
1678397617,Вид питания,От сети 220В
1678397617,"Мощность массажера, Вт",25
1678397617,"Напряжение, В",220
1678397617,"Фактический размер товара, см",37*15*28
1678397617,Упаковка,Bag-in-Box
1678397617,Страна-изготовитель,Китай
1678397617,"Вид массажа
","Лечебный, Миостимулирующий, Оздоровительный, Расслабляющий, Рефлекторный"
1678397617,Комплектация,1 * Ультразвуковой терапевтический аппарат 1*Переносные контейнеры для хранения 1 * Зарядное устройство 1 * Гель
149585054,Артикул,149585054
149585054,Тип,Миостимулятор
1657680570,Артикул,1657680570
1657680570,Тип,Миостимулятор
1657680570,Цвет,10 массажных пластыря
1657680570,Вид массажа,Миостимулирующий
1657680570,Зоны массажа,"Ноги, Плечи, Поясница, Тело, Шея, Ягодицы"
1657680570,Упаковка,Easy pack
1657680570,Комплектация,10 массажных пластыря
1657680570,Страна-изготовитель,Китай
1657680570,Гарантийный срок,180небо
1689426769,Артикул,1689426769
1689426769,Тип,Миостимулятор
1689426769,Цвет,8 режимов (с Пульт)，3 штук Массажный пластырь
1689426769,Вид массажа,Миостимулирующий
1689426769,Зоны массажа,"Ноги, Плечи, Поясница, Тело, Шея, Ягодицы"
1689426769,Особенности массажного аппарата,"Пульт ДУ, Съемные части"
1689426769,Материал корпуса,ABS пластик
1689426769,Количество программ/режимов,8
1689426769,Вид питания,Встроенный аккумулятор
1689426769,"Напряжение, В",3.3
1689426769,Упаковка,Box Set
1689426769,Страна-изготовитель,Китай
1689426769,Гарантийный срок,180небо
1689426769,Комплектация,Массажный пластырь - 3шт. Блокуправления - 1шт. Пульт дистанционного управления - 1шт. USB-кабель зарядки – 1шт. Упаковка - 1шт.
1119579579,Артикул,1119579579
1119579579,Тип,Миостимулятор
1119579579,Вид массажа,Вибрационный
1119579579,Зоны массажа,"Ноги, Ягодицы"
1119579579,Количество программ/режимов,4
1119579579,Вид питания,Сменная батарея
662686094,Артикул,662686094
662686094,Тип,Миостимулятор
662686094,Цвет,Красный
662686094,Вид массажа,"Вибрационный, Миостимулирующий, Расслабляющий, Рефлекторный"
662686094,Зоны массажа,Шея
662686094,Особенности массажного аппарата,"Работает в автомобиле, Ручные программы"
662686094,Материал корпуса,ABS пластик
662686094,Количество программ/режимов,6
662686094,Вид питания,От порта USB
662686094,"Мощность массажера, Вт",3
662686094,"Напряжение, В",5
662686094,"Фактический размер товара, см",17
662686094,Упаковка,Без упаковки
662686094,Страна-изготовитель,Китай
662686094,Комплектация,Посылка включает: 1 х массажер для шеи 1 х USB-кабель Примечание: это в сумке.
1828816316,Артикул,1828816316
1828816316,Тип,Миостимулятор
1828816316,Вид массажа,Миостимулирующий
1828816316,Зоны массажа,"Ноги, Плечи, Поясница, Тело, Шея"
1828816316,Особенности массажного аппарата,"Пульт ДУ, Съемные части"
1828816316,Материал корпуса,ABS пластик
1828816316,Количество программ/режимов,8
1828816316,Вид питания,Встроенный аккумулятор
1828816316,"Напряжение, В",3.3
1828816316,Упаковка,Box Set
1828816316,Страна-изготовитель,Китай
1828816316,Гарантийный срок,180небо
1828816316,Цвет,"8 режимов (с Пульт),1 штук Массажный пластырь,1 штук Сенсорный патч"
1828816316,Комплектация,Массажный пластырь - 1 шт. Блокуправления - 1шт. USB-кабель зарядки – 1шт. Сенсорный патч – 1шт. Дистанционное управление – 1шт.
1680934148,Артикул,1680934148
1680934148,Тип,Миостимулятор
1680934148,Цвет,Массажер
1680934148,Вид массажа,"Антицеллюлитный, Вибрационный, Импульсный, Миостимулирующий"
1680934148,Зоны массажа,"Ноги, Тело, Поясница, Плечи"
1680934148,Особенности массажного аппарата,"Русификация, Ручные программы, Таймер"
1680934148,"Максимальный рост пользователя, см",220
1680934148,Материал корпуса,ABS пластик
1680934148,Количество программ/режимов,5
1680934148,Вид питания,"Сменная батарея, Внешний источник питания"
1680934148,"Мощность массажера, Вт",10
1680934148,"Напряжение, В",220
1680934148,Упаковка,"Бумажная обертка, Бумажный пакет"
1680934148,Страна-изготовитель,Китай
1680934148,Комплектация,Терапевтические тапочки - 1 шт.;Электроды (патчи) - 4 шт.;Подставка для патчей - 1 шт.;Шнуры электоды - 2 шт.;Блок питания;Инструкция; Аппарат;
1499136228,Артикул,1499136228
1499136228,Тип,Миостимулятор
1499136228,Цвет,Белый
1499136228,Вид массажа,Миостимулирующий
1499136228,Зоны массажа,"Зона декольте, Ноги, Руки, Тело, Ягодицы, Лицо"
1499136228,Особенности массажного аппарата,"Ручные программы, Съемные части, Таймер"
1499136228,Материал корпуса,Пластик
1499136228,Количество программ/режимов,4
1499136228,Вид питания,От сети 220В
1499136228,"Мощность массажера, Вт",50
1499136228,Упаковка,Картонная коробка
1499136228,Страна-изготовитель,Китай
1499136228,Гарантийный срок,1 мес
1499136228,Комплектация,аппарат миостимуляции -1 шт; пластины для тела - 20 шт; пластины для груди - 2 шт; пластины для лица - 2 шт; фиксаторы пластинок; шнур питания; гель в подарок!
1735604636,Артикул,1735604636
1735604636,Тип,Миостимулятор
1735604636,Цвет,Светло-бежевый
1735604636,Вид массажа,Миостимулирующий
1735604636,Зоны массажа,"Тело, Плечи, Поясница, Шея, Руки, Ноги"
1735604636,Особенности массажного аппарата,"Подогрев, Ручные программы"
1735604636,"Максимальный рост пользователя, см",200
1735604636,Материал корпуса,Пластик
1735604636,Количество программ/режимов,8
1735604636,Вид питания,"От сети 220В, Сменная батарея"
1735604636,Страна-изготовитель,Китай
1735604636,Комплектация,Массажер. 16 липучек электродов. Два шнура для накладок (на 2 и 4 электрода). Адаптер к массажеру (для работы от сети или USB).
1844186713,Артикул,1844186713
1844186713,Тип,Миостимулятор
1844186713,Цвет,48 режимов
1844186713,Вид массажа,Миостимулирующий
1844186713,Зоны массажа,"Ноги, Плечи, Руки"
1844186713,Материал корпуса,ABS пластик
1844186713,Количество программ/режимов,48
1844186713,Вид питания,От сети 220В
1844186713,"Мощность массажера, Вт",0.075
1844186713,"Фактический размер товара, см",12х6
1844186713,Упаковка,Картонная коробка
1844186713,Страна-изготовитель,Китай
1844186713,Гарантийный срок,365 дней
1844186713,Комплектация,"Миостимулятор-1шт; инструкция на русском языке-1шт; провод USB-1шт; шнур для электродов-4шт; многоразовые электроды-8шт, кейс для хранения-1шт"
1626870102,Артикул,1626870102
1626870102,Тип,Миостимулятор
1626870102,Цвет,8 режимов
1626870102,Вид массажа,Миостимулирующий
1626870102,Зоны массажа,Ноги
1626870102,Особенности массажного аппарата,Съемные части
1626870102,Материал корпуса,ABS пластик
1626870102,Количество программ/режимов,8
1626870102,Вид питания,Встроенный аккумулятор
1626870102,"Напряжение, В",3.3
1626870102,Страна-изготовитель,Китай
1626870102,Гарантийный срок,180небо
1626870102,Комплектация,Массажер Pad - 1шт. Блокуправления - 1шт. USB-кабель зарядки – 1шт.
1633524414,Артикул,1633524414
1633524414,Тип,Миостимулятор
1633524414,Зоны массажа,"Ноги, Руки, Тело, Поясница, Плечи, Ягодицы"
1633524414,Особенности массажного аппарата,"Русификация, Ручные программы, Таймер"
1633524414,Материал корпуса,Пластик
1633524414,Количество программ/режимов,8
1633524414,Вид питания,"От сети 220В, Сменная батарея"
1633524414,"Напряжение, В",4.5
1633524414,Упаковка,Картонная коробка
1633524414,Страна-изготовитель,Китай
1633524414,Гарантийный срок,12
1633524414,"Вид массажа
","Антицеллюлитный, Импульсный, Миостимулирующий, Шиацу, Классический, Оздоровительный"
1926440375,Артикул,1926440375
1926440375,Тип,Миостимулятор
1926440375,Цвет,Черный
1926440375,Зоны массажа,Ноги
1926440375,Материал корпуса,Нейлон
1926440375,Количество программ/режимов,8
1926440375,Вид питания,"Встроенный аккумулятор, От порта USB"
1926440375,"Мощность массажера, Вт",24
1926440375,"Напряжение, В",3.7
1926440375,"Фактический размер товара, см","29 x 27 x 1,5"
1926440375,Упаковка,Картонная коробка
1926440375,Страна-изготовитель,Китай
1926440375,"Вид массажа
","Миостимулирующий, Расслабляющий, Оздоровительный, Лечебный, Импульсный, Акупунктурный"
1926440375,Особенности массажного аппарата,"Съемные части, Ручные программы, Работает в автомобиле, Таймер"
1766772251,Артикул,1766772251
1766772251,Тип,Миостимулятор
1766772251,Цвет,L/XL(17.5*98cm)
1766772251,Зоны массажа,"Поясница, Тело"
1766772251,Материал корпуса,"ABS пластик, Текстиль"
1766772251,Количество программ/режимов,1
1766772251,Вид питания,Встроенный аккумулятор
1766772251,"Фактический размер товара, см",98cm
1766772251,Упаковка,RETAIL BOX
1766772251,Комплектация,1
1766772251,Страна-изготовитель,Китай
1766772251,"Вид массажа
","Вибрационный, Импульсный, Перкусионный, Рефлекторный, Антицеллюлитный"
1766772251,Особенности массажного аппарата,"Пульт ДУ, Съемные части, Таймер, Ручные программы, Регулировка по размеру"
1074797676,Артикул,1074797676
1074797676,Тип,Миостимулятор
1074797676,Цвет,"Насадка ""Рыбка"""
1074797676,Вид массажа,"Вибрационный, Классический, Миостимулирующий, Расслабляющий"
1074797676,Зоны массажа,"Лицо, Область вокруг глаз"
1074797676,Страна-изготовитель,Россия
1074797676,Гарантийный срок,5 лет
1634404902,Артикул,1634404902
1634404902,Тип,Миостимулятор
1634404902,Цвет,Темно-серый
1634404902,Зоны массажа,"Ноги, Плечи, Тело, Шея, Зона декольте, Руки"
1634404902,Материал корпуса,ABS пластик
1634404902,Количество программ/режимов,15
1634404902,Вид питания,"Встроенный аккумулятор, От сети 220В"
1634404902,"Фактический размер товара, см",5
1634404902,Упаковка,"Коробка, Зип-пакет"
1634404902,Страна-изготовитель,Китай
1634404902,Гарантийный срок,14 дней
1634404902,"Вид массажа
","Акупунктурный, Антицеллюлитный, Вибрационный, Импульсный, Миостимулирующий, Расслабляющий"
1634404902,Особенности массажного аппарата,"Подогрев, Работает в автомобиле, Ручные программы, Таймер, Регулировка по размеру, Встроенные динамики"
1634404902,Комплектация,"Массажер, зарядный шнур, микротоковый гель в подарок, инструкция на русском языке"
1930711099,Артикул,1930711099
1930711099,Тип,Миостимулятор
1930711099,Цвет,"Переходник с pin 2мм на 2,5мм"
1930711099,Зоны массажа,Тело
1930711099,Особенности массажного аппарата,Съемные части
1930711099,Вид питания,Внешний источник питания
1930711099,"Фактический размер товара, см",15 см
1930711099,"Вид массажа
","Акупунктурный, Миостимулирующий, Разминание, Расслабляющий, Шиацу, Гуаша"
1831884930,Артикул,1831884930
1831884930,Тип,Миостимулятор
1831884930,Зоны массажа,"Тело, Поясница, Плечи, Ягодицы"
1831884930,Особенности массажного аппарата,"Подогрев, Работает в автомобиле, Ручные программы"
1831884930,"Максимальный рост пользователя, см",200
1831884930,Материал корпуса,"ABS пластик, Текстиль"
1831884930,Количество программ/режимов,6
1831884930,Вид питания,"Встроенный аккумулятор, От автомобильного АКБ"
1831884930,"Мощность массажера, Вт",30
1831884930,"Напряжение, В",220
1831884930,"Фактический размер товара, см",98
1831884930,Упаковка,Box Set
1831884930,Страна-изготовитель,Китай
1831884930,"Вид массажа
","Антицеллюлитный, Вибрационный, Миостимулирующий, Лимфодренажный"
1831884930,Комплектация,EMS - тренажер для пресса (пояс) - 1шт;Зарядное устройство (USB - Charging кабель) - 1 шт;Руководство пользователя 1шт; Индикатор 1шт
1773620029,Артикул,1773620029
1773620029,Тип,Миостимулятор
1773620029,Зоны массажа,"Плечи, Поясница, Тело, Шея, Ягодицы, Руки"
1773620029,Особенности массажного аппарата,"Пульт ДУ, Работает в автомобиле, Ручные программы, Таймер"
1773620029,Материал корпуса,ABS пластик
1773620029,Количество программ/режимов,8
1773620029,Вид питания,"От порта USB, Сменная батарея"
1773620029,"Напряжение, В",3.3
1773620029,Упаковка,Slim Case
1773620029,Гарантийный срок,6 месяцев
1773620029,"Вид массажа
","Вибрационный, Импульсный, Лечебный, Миостимулирующий, Расслабляющий, Рефлекторный"
1773620029,Комплектация,Массажер - 1шт. Блокуправления - 1шт. Пульт дистанционного управления - 1шт. USB-кабель зарядки – 1шт.
1403470514,Артикул,1403470514
1403470514,Тип,Миостимулятор
1403470514,Цвет,Полосатик
1403470514,Зоны массажа,"Голова, Лицо, Шея"
1403470514,Материал корпуса,Силикон
1403470514,Страна-изготовитель,Россия
1403470514,"Вид массажа
","Вибрационный, Классический, Комбинированный, Миостимулирующий, Расслабляющий"
207732373,Артикул,207732373
207732373,Тип,Миостимулятор
207732373,Цвет,Черный
207732373,Вид массажа,"Миостимулирующий, Лечебный, Оздоровительный"
207732373,Зоны массажа,Руки
207732373,Особенности массажного аппарата,Таймер
207732373,Материал корпуса,Текстиль
207732373,Количество программ/режимов,2
207732373,Вид питания,Сменная батарея
207732373,"Фактический размер товара, см","8,6 x 8,3 x 3,6"
207732373,Упаковка,Картонная коробка
207732373,Страна-изготовитель,Германия
207732373,Гарантийный срок,12 мес.
207732373,Комплектация,"Манжета для запястья • 1 элемент управления • 1 соединительный кабель • батарейки, 3 x 1,5 В AAA (тип LR03, Micro) • 2 самоклеящихся электрода • Инструкция по применению"
1741561465,Артикул,1741561465
1741561465,Тип,Миостимулятор
1741561465,Цвет,Черный
1741561465,Вид массажа,"Миостимулирующий, Импульсный"
1741561465,Зоны массажа,"Зона декольте, Ноги, Руки, Тело, Шея, Поясница"
1741561465,Страна-изготовитель,Китай
1741561465,Гарантийный срок,30
1183921326,Артикул,1183921326
1183921326,Тип,Миостимулятор
1183921326,Цвет,Зеленый
1183921326,Зоны массажа,"Плечи, Тело, Шея, Зона декольте, Руки, Ноги"
1183921326,Материал корпуса,ABS пластик
1183921326,Количество программ/режимов,15
1183921326,Вид питания,"Встроенный аккумулятор, От сети 220В"
1183921326,"Фактический размер товара, см",5
1183921326,Упаковка,"Коробка, Зип-пакет"
1183921326,Страна-изготовитель,Китай
1183921326,Гарантийный срок,14 дней
1183921326,"Вид массажа
","Акупунктурный, Антицеллюлитный, Вибрационный, Импульсный, Миостимулирующий, Расслабляющий"
1183921326,Особенности массажного аппарата,"Встроенные динамики, Подогрев, Работает в автомобиле, Ручные программы, Таймер, Регулировка по размеру"
1183921326,Комплектация,"Массажер, зарядный шнур, микротоковый гель в подарок, инструкция на русском языке"
1928877543,Артикул,1928877543
1928877543,Тип,Миостимулятор
1928877543,Цвет,Зажим для иглоукалывания
1928877543,Вид массажа,"Акупунктурный, Оздоровительный, Лечебный"
1928877543,Зоны массажа,"Голова, Лицо, Ноги, Поясница, Спина, Тело"
1928877543,Особенности массажного аппарата,Съемные части
1928877543,Вид питания,Внешний источник питания
1928877543,"Фактический размер товара, см",15см
1928877543,Комплектация,6 штук зажимов адаптеров.
1051863354,Артикул,1051863354
1051863354,Тип,Миостимулятор
1051863354,Цвет,Брюшной массажер
1051863354,Вид массажа,Миостимулирующий
1051863354,Зоны массажа,Поясница
1051863354,Особенности массажного аппарата,Ручные программы
1051863354,Материал корпуса,ABS пластик
1051863354,Количество программ/режимов,8
1051863354,Вид питания,От порта USB
1051863354,"Фактический размер товара, см",19*17
1051863354,Страна-изготовитель,Китай
1051863354,Гарантийный срок,180небо
1051863354,Комплектация,1 х тренажер для мышц живота 1 х хост-контроллер 1 х пульт дистанционного управления 1 х USB
1838512556,Артикул,1838512556
1838512556,Тип,Миостимулятор
1838512556,Цвет,Черный
1838512556,Зоны массажа,Ноги
1838512556,Количество программ/режимов,7
1838512556,Вид питания,Встроенный аккумулятор
1838512556,Упаковка,Easy pack
1838512556,Комплектация,"Коврик, пульт управления, зарядное устройство"
1838512556,Страна-изготовитель,КНДР
1838512556,Гарантийный срок,Бессрочный
1723325491,Артикул,1723325491
1723325491,Тип,Миостимулятор
1723325491,Зоны массажа,"Плечи, Поясница, Тело, Шея, Ягодицы, Руки"
1723325491,Особенности массажного аппарата,"Пульт ДУ, Работает в автомобиле, Ручные программы, Таймер"
1723325491,Материал корпуса,ABS пластик
1723325491,Количество программ/режимов,8
1723325491,Вид питания,"От порта USB, Сменная батарея"
1723325491,"Напряжение, В",3.3
1723325491,Упаковка,Slim Case
1723325491,Страна-изготовитель,Китай
1723325491,Гарантийный срок,6 месяцев
1723325491,"Вид массажа
","Вибрационный, Импульсный, Лечебный, Миостимулирующий, Расслабляющий, Рефлекторный"
1723325491,Комплектация,Массажер - 1шт. Блокуправления - 1шт. Пульт дистанционного управления - 1шт. USB-кабель зарядки – 1шт.
1616171043,Артикул,1616171043
1616171043,Тип,Миостимулятор
1616171043,Цвет,EMS-талия
1616171043,Вид массажа,Миостимулирующий
1616171043,Зоны массажа,Поясница
1616171043,Особенности массажного аппарата,Ручные программы
1616171043,Материал корпуса,Искусственная кожа
1616171043,Количество программ/режимов,18
1616171043,Вид питания,Встроенный аккумулятор
1616171043,"Напряжение, В",5
1616171043,Упаковка,Бумажная обертка
1616171043,Страна-изготовитель,Китай
1616171043,Гарантийный срок,12个月
285778269,Артикул,285778269
285778269,Тип,Миостимулятор
285778269,Цвет,Черный
285778269,Зоны массажа,"Ноги, Плечи, Поясница, Руки, Тело"
285778269,Особенности массажного аппарата,"Ручные программы, Таймер"
285778269,Количество программ/режимов,4
285778269,Вид питания,Встроенный аккумулятор
285778269,Упаковка,Картонная коробка
285778269,Страна-изготовитель,Китай
285778269,Гарантийный срок,3 месяца
285778269,"Вид массажа
","Антицеллюлитный, Вибрационный, Импульсный, Миостимулирующий, Оздоровительный, Разминание"
285778269,Комплектация,"Миостимулятор для пресса Zohar 819 EMS-trainer, кабель microUSB 30см, инструкция, упаковка."
1613993321,Артикул,1613993321
1613993321,Тип,Миостимулятор
1613993321,Цвет,5 стикер + коготь
1613993321,Вид массажа,"Вибрационный, Миостимулирующий"
1613993321,Зоны массажа,"Тело, Шея, Поясница, Плечи, Ягодицы"
1613993321,Особенности массажного аппарата,Ручные программы
1613993321,Материал корпуса,"ABS пластик, Пластик"
1613993321,Количество программ/режимов,8
1613993321,Вид питания,"От порта USB, Сменный аккумулятор (нет в комплекте)"
1613993321,"Мощность массажера, Вт",5
1613993321,"Напряжение, В",3.7
1613993321,"Фактический размер товара, см",14.5*6.5
1613993321,Упаковка,Бумажная обертка
1613993321,Комплектация,1 Massager 1 Massage pad
1613993321,Страна-изготовитель,Китай
1613993321,Гарантийный срок,30 day
1858039790,Артикул,1858039790
1858039790,Тип,Миостимулятор
1858039790,Цвет,Черный
1858039790,Зоны массажа,"Ноги, Поясница, Спина, Тело, Шея, Ягодицы"
1858039790,Особенности массажного аппарата,"Пульт ДУ, Таймер, Съемные части"
1858039790,Материал корпуса,"ABS пластик, Силикон"
1858039790,Количество программ/режимов,6
1858039790,Вид питания,От порта USB
1858039790,"Напряжение, В",5
1858039790,"Фактический размер товара, см",7*3*2
1858039790,Упаковка,Картонная коробка
1858039790,Комплектация,миостимулятор USB зарядка
1858039790,Страна-изготовитель,Китай
1858039790,"Вид массажа
","Миостимулирующий, Лимфодренажный, Оздоровительный, Комбинированный, Вибрационный"
1303978906,Артикул,1303978906
1303978906,Тип,Миостимулятор
1303978906,Цвет,"Насадка ""Осьминожка"""
1303978906,Вид массажа,"Вибрационный, Расслабляющий"
1303978906,Зоны массажа,"Лицо, Область вокруг глаз"
1303978906,Страна-изготовитель,Россия
1828785952,Артикул,1828785952
1828785952,Тип,Миостимулятор
1828785952,Цвет,Бронза
1828785952,Вид массажа,"Акупунктурный, Вибрационный, Импульсный, Миостимулирующий"
1828785952,Зоны массажа,"Зона декольте, Ноги, Руки, Тело, Поясница, Плечи"
1828785952,Особенности массажного аппарата,Ручные программы
1828785952,Материал корпуса,ABS пластик
1828785952,Количество программ/режимов,8
1828785952,Вид питания,От порта USB
1828785952,"Напряжение, В",5
1828785952,"Фактический размер товара, см",6
1828785952,Упаковка,Easy pack
1828785952,Комплектация,5 массажных пластыря
1828785952,Страна-изготовитель,Китай
1828785952,Гарантийный срок,365
1796213000,Артикул,1796213000
1796213000,Тип,Миостимулятор
1796213000,Цвет,"Белый, черный"
1796213000,Зоны массажа,"Ноги, Поясница, Ягодицы, Спина, Тело"
1796213000,Особенности массажного аппарата,"Подогрев, Регулировка по размеру, Ручные программы"
1796213000,"Максимальный рост пользователя, см",210
1796213000,Материал корпуса,"Пластик, Хромированная сталь"
1796213000,Количество программ/режимов,18
1796213000,Вид питания,Встроенный аккумулятор
1796213000,"Мощность массажера, Вт",5
1796213000,"Напряжение, В",3.7
1796213000,"Фактический размер товара, см",24
1796213000,Упаковка,"Картонная коробка, Кейс пластиковый"
1796213000,Страна-изготовитель,Китай
1796213000,Гарантийный срок,10
1796213000,"Вид массажа
","Антицеллюлитный, Вибрационный, Импульсный, Миостимулирующий, Оздоровительный"
1796213000,Комплектация,"массажёр с ремнем в упаковке, инструкция и провод для подзарядки"
1273257919,Артикул,1273257919
1273257919,Тип,Миостимулятор
1273257919,Цвет,Белый
1273257919,Зоны массажа,"Зона декольте, Ноги, Руки, Тело, Ягодицы, Плечи"
1273257919,Особенности массажного аппарата,"Ручные программы, Встроенные динамики"
1273257919,Материал корпуса,ABS пластик
1273257919,Количество программ/режимов,4
1273257919,Вид питания,От порта USB
1273257919,"Мощность массажера, Вт",2.5
1273257919,"Напряжение, В",5
1273257919,"Фактический размер товара, см",12
1273257919,Упаковка,Подарочная коробка
1273257919,Страна-изготовитель,Китай
1273257919,Гарантийный срок,1 год
1273257919,"Вид массажа
","Антицеллюлитный, Вибрационный, Комбинированный, Лимфодренажный, Миостимулирующий, Оздоровительный"
1273257919,Комплектация,Микротоковый массажер для тела - 1 шт; Зарядный USB-кабель - 1 шт; Подарочная коробка - 1 шт; Инструкция по применению на русском языке - 1 шт
1773774183,Артикул,1773774183
1773774183,Тип,Миостимулятор
1773774183,Цвет,Светло-розовый
1773774183,Вид массажа,Миостимулирующий
1773774183,Зоны массажа,"Зона декольте, Тело"
1773774183,Материал корпуса,ABS пластик
1773774183,Вид питания,Сменная батарея
1773774183,Упаковка,Картонная коробка
1773774183,Страна-изготовитель,Китай
1773774183,Комплектация,Миостимулятор; насадки - 2 шт.; шнур на 4 контакта; батарейка ААА - 2 шт.; токопроводящий гель; инструкция на русском языке
1753331372,Артикул,1753331372
1753331372,Тип,Миостимулятор
1753331372,Цвет,Прозрачный
1753331372,Зоны массажа,"Ноги, Плечи, Спина, Тело, Шея"
1753331372,Комплектация,сменное основание
1753331372,Страна-изготовитель,Китай
1667466502,Артикул,1667466502
1667466502,Тип,Миостимулятор
1667466502,Цвет,Талия+плечи x2
1667466502,Вид массажа,Миостимулирующий
1667466502,Зоны массажа,"Поясница, Плечи"
1667466502,Особенности массажного аппарата,"Подогрев, Съемные части"
1667466502,Материал корпуса,ABS пластик
1667466502,Количество программ/режимов,18
1667466502,Упаковка,Бумажная обертка
1667466502,Страна-изготовитель,Китай
1667466502,Комплектация,- Пояс для пресса * 1 - Удлинитель * 1 - EMS рука *2 - Инструкция по эксплуатации
1136490299,Артикул,1136490299
1136490299,Тип,Миостимулятор
1136490299,Цвет,Черно-синий
1136490299,Зоны массажа,"Плечи, Руки, Ноги, Поясница, Спина, Шея"
1136490299,Материал корпуса,"ABS пластик, Силикон"
1136490299,Количество программ/режимов,8
1136490299,Вид питания,От сети 220В
1136490299,"Фактический размер товара, см",15
1136490299,Упаковка,Картонная коробка
1136490299,Комплектация,Массажер миостимулятор - 1 шт; индивидуальная упаковка
1136490299,"Вид массажа
","Вибрационный, Импульсный, Комбинированный, Миостимулирующий, Оздоровительный, Расслабляющий"
1633531076,Артикул,1633531076
1633531076,Тип,Миостимулятор
1633531076,Цвет,30
1633531076,Вид массажа,"Акупунктурный, Вибрационный, Импульсный, Миостимулирующий"
1633531076,Зоны массажа,"Зона декольте, Ноги, Руки, Тело, Поясница, Плечи"
1633531076,Особенности массажного аппарата,Ручные программы
1633531076,Материал корпуса,ABS пластик
1633531076,Количество программ/режимов,8
1633531076,Вид питания,От порта USB
1633531076,"Напряжение, В",5
1633531076,"Фактический размер товара, см",6
1633531076,Упаковка,Easy pack
1633531076,Страна-изготовитель,Китай
1633531076,Гарантийный срок,365
1704574204,Артикул,1704574204
1704574204,Тип,Миостимулятор
1704574204,Цвет,Тип батареи
1704574204,Вид массажа,Миостимулирующий
1704574204,Зоны массажа,"Ягодицы, Плечи, Поясница, Шея, Тело, Ноги"
1704574204,Материал корпуса,ABS пластик
1704574204,Страна-изготовитель,Китай
1828257216,Артикул,1828257216
1828257216,Тип,Миостимулятор
1828257216,Цвет,Черно-синий
1828257216,Вид массажа,"Рефлекторный, Лечебный, Импульсный"
1828257216,Зоны массажа,"Руки, Поясница, Плечи, Ноги, Тело, Шея"
1828257216,Особенности массажного аппарата,"Работает в автомобиле, Съемные части"
1828257216,Материал корпуса,ABS пластик
1828257216,Количество программ/режимов,8
1828257216,Вид питания,"Встроенный аккумулятор, От сети 220В"
1828257216,"Мощность массажера, Вт",5
1828257216,"Напряжение, В",5
1828257216,"Фактический размер товара, см",15х6
1828257216,Упаковка,Картонная коробка
1828257216,Страна-изготовитель,КНДР
1828257216,Гарантийный срок,14 дней
1828257216,Комплектация,"Блок управления, крепление для пластыря и массажера, гидрогелевый пластырь, провод type-c"
974407960,Артикул,974407960
974407960,Тип,Миостимулятор
974407960,Цвет,6 режимов-USB+Пластырь +remote
974407960,Вид массажа,Рефлекторный
974407960,Зоны массажа,Спина
974407960,Особенности массажного аппарата,Подогрев
974407960,Материал корпуса,ABS пластик
974407960,Количество программ/режимов,6
974407960,Вид питания,Внешний источник питания
974407960,"Мощность массажера, Вт",24
974407960,"Фактический размер товара, см",32.5*29.5*11.6
974407960,Страна-изготовитель,Китай
974407960,Гарантийный срок,180天
974407960,Комплектация,Комплект включает в себя. Массажная подушечка для ног EMS*1 USB-кабель*1 Пульт дистанционного управления*1 Главное устройство*1 Руководство пользователя*1
1827960558,Артикул,1827960558
1827960558,Тип,Миостимулятор
1827960558,Цвет,Черный
1827960558,Зоны массажа,"Поясница, Тело, Спина, Ягодицы"
1827960558,Особенности массажного аппарата,Ручные программы
1827960558,"Максимальный рост пользователя, см",190
1827960558,Материал корпуса,"ABS пластик, Текстиль"
1827960558,Количество программ/режимов,8
1827960558,Вид питания,"Встроенный аккумулятор, От порта USB"
1827960558,"Мощность массажера, Вт",30
1827960558,Страна-изготовитель,Китай
1827960558,"Вид массажа
","Импульсный, Лимфодренажный, Миостимулирующий, Антицеллюлитный"
1827960558,Комплектация,Пояс миостимулятор для пресса - 1 шт; Контроллер - 1 шт; Зарядка USB - 1 шт; Инструкция - 1 шт.
1694331804,Артикул,1694331804
1694331804,Тип,Миостимулятор
1694331804,Цвет,Белый
1694331804,Вид массажа,"Вибрационный, Миостимулирующий"
1694331804,Зоны массажа,"Ягодицы, Тело"
1694331804,Особенности массажного аппарата,"Работает в автомобиле, Русификация, Ручные программы"
1694331804,"Максимальный рост пользователя, см",230
1694331804,Материал корпуса,"Сталь, Силикон"
1694331804,Количество программ/режимов,2
1694331804,Вид питания,Встроенный аккумулятор
1694331804,"Фактический размер товара, см","26×20×0,2"
1694331804,Комплектация,миостимулятор 1шт
1694331804,Страна-изготовитель,Китай
1694331804,Гарантийный срок,1 год
1619307219,Артикул,1619307219
1619307219,Тип,Миостимулятор
1619307219,Цвет,Мини-хост
1619307219,Вид массажа,"Акупунктурный, Вибрационный, Импульсный, Миостимулирующий"
1619307219,Зоны массажа,"Зона декольте, Ноги, Руки, Тело, Поясница, Плечи"
1619307219,Особенности массажного аппарата,Ручные программы
1619307219,Материал корпуса,ABS пластик
1619307219,Количество программ/режимов,8
1619307219,Вид питания,От порта USB
1619307219,"Напряжение, В",5
1619307219,"Фактический размер товара, см",6
1619307219,Упаковка,Easy pack
1619307219,Страна-изготовитель,Китай
1619307219,Гарантийный срок,365
1809328915,Артикул,1809328915
1809328915,Тип,Миостимулятор
1809328915,Вид массажа,"Вибрационный, Импульсный, Миостимулирующий"
1809328915,Зоны массажа,"Руки, Тело, Шея, Поясница, Плечи, Ягодицы"
1809328915,Особенности массажного аппарата,Таймер
1809328915,Материал корпуса,ABS пластик
1809328915,Количество программ/режимов,8
1809328915,"Мощность массажера, Вт",3.7
1809328915,"Напряжение, В",4
1809328915,Упаковка,Картонная коробка
1809328915,Комплектация,массажер-1 шткабель зарядки-1 шт инструкция- 1 шт
1930554651,Артикул,1930554651
1930554651,Тип,Миостимулятор
1930554651,Цвет,8шт Пластырь
1930554651,Вид массажа,"Вибрационный, Рефлекторный, Расслабляющий"
1930554651,Зоны массажа,"Плечи, Поясница, Руки, Ноги, Спина, Тело"
1930554651,Особенности массажного аппарата,Подогрев
1930554651,Материал корпуса,ABS пластик
1930554651,Комплектация,Пластырь - 8 шт
1930554651,Страна-изготовитель,Китай
1930554651,Гарантийный срок,180
1004306257,Артикул,1004306257
1004306257,Тип,Миостимулятор
1004306257,Цвет,Белоеa 05
1004306257,Зоны массажа,Тело
1004306257,Материал корпуса,ABS пластик
1004306257,Вид питания,"Сменная батарея, Внешний источник питания"
1004306257,"Напряжение, В",220
1004306257,Упаковка,Пакет подарочный
1004306257,Страна-изготовитель,Китай
1004306257,Гарантийный срок,6 месяцев
1004306257,Комплектация,Физиотерапевтический инструмент*1<br/>Массажный электрод для стимуляции мышц*6<br/>Источник питания*1<br/>Руководство пользователя*1<br/>Соединительный провод*14
2236043522,Артикул,2236043522
2236043522,Тип,Миостимулятор
2236043522,Зоны массажа,"Голова, Лицо, Область вокруг глаз"
2236043522,Материал корпуса,"ABS пластик, Силикон"
2236043522,Вид питания,Сменная батарея
2236043522,Страна-изготовитель,Россия
2236043522,Гарантийный срок,12
2236043522,Цвет,"Набор Логовибромассажер Панда с насадками ""Рыбка"", ""Бабочка"" , ""Кукуруза"""
2236043522,"Вид массажа
","Вибрационный, Импульсный, Классический, Комбинированный, Миостимулирующий, Расслабляющий"
1831371203,Артикул,1831371203
1831371203,Тип,Миостимулятор
1831371203,Цвет,Тренажер для мышц тазового дна
1831371203,Вид массажа,"Миостимулирующий, Оздоровительный"
1831371203,Зоны массажа,Тело
1831371203,Материал корпуса,Биопластик
1831371203,Страна-изготовитель,Китай
1831371203,Комплектация,Блок управления MedLar Pelvifine KM518. Вагинальный зонд. Соединительный кабель. Батарея «Крона» 9 В. Инструкция. Упаковка.
1223577763,Артикул,1223577763
1223577763,Тип,Миостимулятор
1223577763,Цвет,Черный
1223577763,Вид массажа,"Антицеллюлитный, Миостимулирующий"
1223577763,Зоны массажа,Тело
1223577763,Материал корпуса,ABS пластик
1223577763,Количество программ/режимов,6
1223577763,"Фактический размер товара, см",118х17
1223577763,Комплектация,"Тренажер-массажер, инструкция"
1208278375,Артикул,1208278375
1208278375,Тип,Миостимулятор
1208278375,Цвет,Белый
1208278375,Зоны массажа,"Плечи, Тело, Шея, Зона декольте, Руки, Ноги"
1208278375,Материал корпуса,ABS пластик
1208278375,Количество программ/режимов,15
1208278375,Вид питания,"От сети 220В, Встроенный аккумулятор"
1208278375,"Фактический размер товара, см",5
1208278375,Упаковка,"Коробка, Зип-пакет"
1208278375,Страна-изготовитель,Китай
1208278375,Гарантийный срок,14 дней
1208278375,"Вид массажа
","Акупунктурный, Антицеллюлитный, Вибрационный, Импульсный, Миостимулирующий, Расслабляющий"
1208278375,Особенности массажного аппарата,"Подогрев, Таймер, Встроенные динамики, Работает в автомобиле, Русификация, Ручные программы"
1208278375,Комплектация,"Массажер, гель микротоковый в подарок, зарядный шнур, инструкция на русском языке"
1320332916,Артикул,1320332916
1320332916,Тип,Миостимулятор
1320332916,Цвет,Синий серебристый，1
1320332916,Зоны массажа,"Тело, Шея, Ягодицы, Поясница, Плечи, Ноги"
1320332916,Особенности массажного аппарата,Подогрев
1320332916,Материал корпуса,ABS пластик
1320332916,Вид питания,"Внешний источник питания, От сети 220В"
1320332916,"Мощность массажера, Вт",90
1320332916,"Напряжение, В",220
1320332916,Упаковка,Чемоданчик
1320332916,Страна-изготовитель,Китай
1320332916,Гарантийный срок,365
1320332916,"Вид массажа
","Вибрационный, Лечебный, Миостимулирующий, Перкусионный, Расслабляющий, Рефлекторный"
1320332916,Комплектация,"7 рабочих головок, 4 защитных чехла для рабочих головок, хост, шнур питания, инструкция"
1975508096,Артикул,1975508096
1975508096,Тип,Миостимулятор
1975508096,Цвет,8 режимов
1975508096,Вид массажа,Миостимулирующий
1975508096,Зоны массажа,Ноги
1975508096,Особенности массажного аппарата,Съемные части
1975508096,Материал корпуса,ABS пластик
1975508096,Количество программ/режимов,8
1975508096,Вид питания,Встроенный аккумулятор
1975508096,"Напряжение, В",3.3
1975508096,Страна-изготовитель,Китай
1975508096,Гарантийный срок,180небо
1975508096,Комплектация,Массажер Pad - 1шт. Блокуправления - 1шт. USB-кабель зарядки – 1шт.
809449784,Артикул,809449784
809449784,Тип,Миостимулятор
809449784,Цвет,Фиолетовый
809449784,Вид массажа,"Импульсный, Миостимулирующий, Разминание, Вибрационный"
809449784,Зоны массажа,Ягодицы
809449784,Особенности массажного аппарата,"Работает в автомобиле, Ручные программы, Таймер"
809449784,"Максимальный рост пользователя, см",200
809449784,Материал корпуса,ABS пластик
809449784,Количество программ/режимов,8
809449784,Вид питания,Сменная батарея
809449784,"Фактический размер товара, см","14х7,5"
809449784,Упаковка,Картонная коробка
809449784,Страна-изготовитель,Китай
809449784,Гарантийный срок,14 дней
809449784,Комплектация,"Миостимулятор (хост-компьютер), зонд, комплекты шнуров, чехол для хранения, инструкция на русском языке"
1831371235,Артикул,1831371235
1831371235,Тип,Миостимулятор
1831371235,Цвет,"Салатовый, белый"
1831371235,Вид массажа,"Миостимулирующий, Оздоровительный"
1831371235,Зоны массажа,Тело
1831371235,Материал корпуса,Биопластик
1831371235,Страна-изготовитель,Великобритания
1831371235,Комплектация,"Тренажер EmbaGYN Tenscare - 1 шт. Соединительные провода - 1 шт. Вагинальный зонд со съемным указателем - 1 шт. Батарейки АА 1,5 В – 2 шт. Чехол для хранения - 1 шт. Инструкция - 1 шт. Упаковка - 1 шт."
1519385953,Артикул,1519385953
1519385953,Тип,Миостимулятор
1519385953,Цвет,Панда с 7 насадками и бусинами
1519385953,Зоны массажа,"Лицо, Голова, Область вокруг глаз"
1519385953,Материал корпуса,ABS пластик
1519385953,Упаковка,Коробка пластиковая
1519385953,Страна-изготовитель,Россия
1519385953,Гарантийный срок,12 месяцев
1680932809,Артикул,1680932809
1680932809,Тип,Миостимулятор
1680932809,Цвет,Пластырь-10
1680932809,Вид массажа,"Антицеллюлитный, Вибрационный, Импульсный, Миостимулирующий"
1680932809,Зоны массажа,"Ноги, Тело, Поясница, Плечи"
1680932809,Особенности массажного аппарата,"Русификация, Ручные программы, Таймер"
1680932809,"Максимальный рост пользователя, см",220
1680932809,Материал корпуса,ABS пластик
1680932809,Количество программ/режимов,5
1680932809,Вид питания,"Сменная батарея, Внешний источник питания"
1680932809,"Мощность массажера, Вт",10
1680932809,"Напряжение, В",220
1680932809,Упаковка,"Бумажная обертка, Бумажный пакет"
1680932809,Страна-изготовитель,Китай
1680932809,Комплектация,Терапевтические тапочки - 1 шт.;Электроды (патчи) - 4 шт.;Подставка для патчей - 1 шт.;Шнуры электоды - 2 шт.;Блок питания;Инструкция; Аппарат;
1899677159,Артикул,1899677159
1899677159,Тип,Миостимулятор
1899677159,Вид массажа,"Миостимулирующий, Антицеллюлитный, Вибрационный"
1899677159,Зоны массажа,"Тело, Поясница, Руки, Ноги, Лицо"
1899677159,Особенности массажного аппарата,"Таймер, Съемные части"
1899677159,Материал корпуса,"ABS пластик, Металл"
1899677159,Количество программ/режимов,4
1899677159,"Напряжение, В",220
1899677159,Упаковка,Картонная коробка
1899677159,Страна-изготовитель,Китай
1899677159,Гарантийный срок,90 дней
1899677159,Комплектация,Товарная накладная <br> 1шт основной блок <br> 1 пара подушечек для нагрудных электродов <br> 10 пар электродов <br> 10шт провода <br> 1 женская область лечебный электродный стержень <br> 1шт держатель аксессуаров <br> 1 комплект электродной повязки <br> 1шт силовой провод <br> 1 шт. руководство пользователя на английском языке
857380813,Артикул,857380813
857380813,Тип,Миостимулятор
857380813,Цвет,Стиль 02
857380813,Зоны массажа,Тело
857380813,Материал корпуса,ABS пластик
857380813,Количество программ/режимов,2
857380813,Вид питания,Сменный аккумулятор (нет в комплекте)
857380813,"Напряжение, В",220
857380813,"Фактический размер товара, см",15x10x4
857380813,Упаковка,Бумажный пакет
857380813,Страна-изготовитель,Китай
857380813,"Вид массажа
","Вакуумный, Миостимулирующий, Расслабляющий, Оздоровительный, Лечебный, Лимфодренажный"
857380813,Особенности массажного аппарата,"Работает в автомобиле, Ручные программы, Встроенные динамики, Сканирование тела"
1906216955,Артикул,1906216955
1906216955,Тип,Миостимулятор
1906216955,Цвет,8 режимов
1906216955,Вид массажа,Миостимулирующий
1906216955,Зоны массажа,Ноги
1906216955,Особенности массажного аппарата,Съемные части
1906216955,Материал корпуса,ABS пластик
1906216955,Количество программ/режимов,8
1906216955,Вид питания,Встроенный аккумулятор
1906216955,"Напряжение, В",3.3
1906216955,Страна-изготовитель,Китай
1906216955,Гарантийный срок,180небо
1906216955,Комплектация,Массажер Pad - 1шт. Блокуправления - 1шт. USB-кабель зарядки – 1шт.
1904527534,Артикул,1904527534
1904527534,Тип,Миостимулятор
1904527534,Цвет,Живот，рука
1904527534,Вид массажа,"Рефлекторный, Миостимулирующий"
1904527534,Зоны массажа,"Тело, Руки, Плечи, Ноги"
1904527534,Особенности массажного аппарата,"Пульт ДУ, Съемные части"
1904527534,Материал корпуса,ABS пластик
1904527534,Количество программ/режимов,8
1904527534,Вид питания,"От порта USB, Встроенный аккумулятор"
1904527534,"Напряжение, В",3.3
1904527534,"Фактический размер товара, см",19*17
1904527534,Упаковка,Пластиковая сумка
1904527534,Комплектация,Массажер для живота*1 Массажер для рук*2 Панель управления*3
1904527534,Страна-изготовитель,Китай
1904527534,Гарантийный срок,180 дней
1456651362,Артикул,1456651362
1456651362,Тип,Миостимулятор
1456651362,Цвет,Черный
1456651362,Вид массажа,"Импульсный, Миостимулирующий"
1456651362,Зоны массажа,"Поясница, Спина"
1456651362,"Максимальный рост пользователя, см",230
1456651362,Материал корпуса,ABS пластик
1456651362,Количество программ/режимов,19
1456651362,Вид питания,От порта USB
1456651362,"Мощность массажера, Вт",5
1456651362,"Напряжение, В",3
1456651362,"Фактический размер товара, см",115х14
1456651362,Упаковка,Картонная коробка
1456651362,Комплектация,"пояс 1 шт, контроллер 1 шт, шнур usb 1 шт, инструкция 1 шт"
1456651362,Страна-изготовитель,Китай
1456651362,Гарантийный срок,14 дней
1456651362,Особенности массажного аппарата,"Регулировка по размеру, Съемные части, Таймер, Ручные программы"
1618376505,Артикул,1618376505
1618376505,Тип,Миостимулятор
1618376505,Цвет,10
1618376505,Вид массажа,"Акупунктурный, Вибрационный, Импульсный, Миостимулирующий"
1618376505,Зоны массажа,"Зона декольте, Ноги, Руки, Тело, Поясница, Плечи"
1618376505,Особенности массажного аппарата,Ручные программы
1618376505,Материал корпуса,ABS пластик
1618376505,Количество программ/режимов,8
1618376505,Вид питания,От порта USB
1618376505,"Напряжение, В",5
1618376505,"Фактический размер товара, см",6
1618376505,Упаковка,Easy pack
1618376505,Страна-изготовитель,Китай
1618376505,Гарантийный срок,365
1202882945,Артикул,1202882945
1202882945,Тип,Миостимулятор
1202882945,Цвет,"Вибромассажер Панда мульти ""Утконос"""
1202882945,Зоны массажа,"Голова, Лицо"
1202882945,Вид питания,Сменная батарея
1202882945,Страна-изготовитель,Россия
1202882945,Гарантийный срок,12
1202882945,"Вид массажа
","Вибрационный, Комбинированный, Миостимулирующий, Расслабляющий"
2019765359,Артикул,2019765359
2019765359,Тип,Миостимулятор
2019765359,Цвет,Черный
2019765359,Зоны массажа,Ноги
2019765359,Особенности массажного аппарата,"Работает в автомобиле, Ручные программы, Съемные части"
2019765359,Количество программ/режимов,8
2019765359,Вид питания,"Встроенный аккумулятор, От порта USB"
2019765359,"Мощность массажера, Вт",24
2019765359,"Напряжение, В",3.7
2019765359,"Фактический размер товара, см","29x27x1,5"
2019765359,Страна-изготовитель,Китай
2019765359,Гарантийный срок,14 дней при сохранении товарного вида и упаковки
1598071572,Артикул,1598071572
1598071572,Тип,Миостимулятор
1598071572,Бренд,YUNCHI
1598071572,Цвет,Ультразвуковой физиотерапевтический прибор
1598071572,Вид массажа,"Миостимулирующий, Расслабляющий"
1598071572,Зоны массажа,"Тело, Плечи, Руки"
1598071572,Особенности массажного аппарата,Регулировка роликов
1598071572,Материал корпуса,ABS пластик
1598071572,Количество программ/режимов,3
1598071572,Вид питания,Внешний источник питания
1598071572,"Мощность массажера, Вт",25
1598071572,"Фактический размер товара, см",24*24*11
1598071572,Упаковка,Бумажная обертка
1598071572,Страна-изготовитель,Китай
1598071572,Комплектация,Ультразвуковой физиотерапевтический прибор *1 Гель *1 Руководство *1
1877688743,Артикул,1877688743
1877688743,Тип,Миостимулятор
1877688743,Цвет,Оранжевый цвет
1877688743,Вид массажа,Миостимулирующий
1877688743,Зоны массажа,"Тело, Спина, Зона декольте"
1877688743,Особенности массажного аппарата,Съемные части
1877688743,Материал корпуса,ABS пластик
1877688743,Количество программ/режимов,8
1877688743,Вид питания,Встроенный аккумулятор
1877688743,"Напряжение, В",5
1877688743,Упаковка,Box Set
1877688743,Комплектация,Массажер патч - 3 шт. панель управления - 3 шт. USB - 1 шт.
1877688743,Страна-изготовитель,Китай
1877688743,Гарантийный срок,180 дней
907907517,Артикул,907907517
907907517,Тип,Миостимулятор
907907517,Цвет,Белый
907907517,Зоны массажа,"Лицо, Ноги, Плечи, Поясница, Руки, Тело"
907907517,Особенности массажного аппарата,Таймер
907907517,"Максимальный рост пользователя, см",200
907907517,Материал корпуса,Металл
907907517,Количество программ/режимов,4
907907517,Вид питания,Внешний источник питания
907907517,"Мощность массажера, Вт",12
907907517,"Напряжение, В",220
907907517,Упаковка,Картонная коробка
907907517,Страна-изготовитель,Китай
907907517,Гарантийный срок,90 дней
907907517,"Вид массажа
","Антицеллюлитный, Импульсный, Лимфодренажный, Миостимулирующий"
907907517,Комплектация,"ВНИМАНИЕ! Доставка только по РОССИИ! НЕТ ДОСТАВКИ в Казахстан, Киргизия и т.д. Если Вы его ошибочно заказали, отмените свой заказ. Блок управления - 1 шт Провод подключения электродов - 12 шт Электрод большой - 10 шт Электрод малый -10 шт Электрод для груди, локтей - 2 шт Электрод для лица - 2 шт Бандаж большой - 1 шт Бандаж малый - 10 шт Сетевой провод - 1 шт Инструкция на русском языке - 1 шт Гарантийный талон - 1 шт"
1029488371,Артикул,1029488371
1029488371,Тип,Миостимулятор
1029488371,Цвет,Белый
1029488371,Вид массажа,Миостимулирующий
1029488371,Зоны массажа,Тело
1029488371,Материал корпуса,ABS пластик
1029488371,Вид питания,От порта USB
1029488371,"Мощность массажера, Вт",5
1029488371,"Напряжение, В",5
1029488371,Упаковка,Картонная коробка
1029488371,Страна-изготовитель,Китай
1029488371,Комплектация,1*главный 1*зонд Две пары электродов 1*Пара нагрудных нашивок 1*Кабель для зарядки Два соединительных провода 1*спецификация 1*Упаковочная коробка
286015676,Артикул,286015676
286015676,Тип,Миостимулятор
286015676,Цвет,Черный
286015676,Вид массажа,Миостимулирующий
286015676,Зоны массажа,"Грудь, Ноги, Плечи, Руки, Тело, Ягодицы"
286015676,Особенности массажного аппарата,"Работает в автомобиле, Таймер"
286015676,Количество программ/режимов,8
286015676,Страна-изготовитель,Китай
286015676,Гарантийный срок,год
286015676,Комплектация,"3 пульта, пояс с 6-ю электродами, 2 ремня с 2-мя электродами"
1251070124,Артикул,1251070124
1251070124,Тип,Миостимулятор
1251070124,Цвет,Черно-синий
1251070124,Зоны массажа,"Плечи, Руки, Ноги, Поясница, Спина, Шея"
1251070124,Материал корпуса,"ABS пластик, Силикон"
1251070124,Количество программ/режимов,8
1251070124,Вид питания,От сети 220В
1251070124,"Фактический размер товара, см",15
1251070124,Упаковка,Картонная коробка
1251070124,Комплектация,Массажер миостимулятор - 1 шт; индивидуальная упаковка
1251070124,"Вид массажа
","Вибрационный, Импульсный, Комбинированный, Миостимулирующий, Оздоровительный, Расслабляющий"
1632590844,Артикул,1632590844
1632590844,Тип,Миостимулятор
1632590844,Цвет,Серебристый
1632590844,Зоны массажа,"Лицо, Тело, Поясница, Ноги, Ягодицы"
1632590844,Вид питания,От сети 220В
1632590844,Гарантийный срок,1 год
1632590844,Комплектация,"Полный комплект, дополнительно методичка по базовой технике и видео обучений, карта меридианов и биологически активных точек, видео обучения на русском языке, информационная поддержка специалистов российского учебного центра с медицинским образованием 24/7, прямые поставки с завода, возможна дополнительная комплектация расходными материалами по ценам от производителя, российский поставщик"
1632613931,Артикул,1632613931
1632613931,Тип,Миостимулятор
1632613931,Цвет,Белый
1632613931,Вид массажа,Миостимулирующий
1632613931,Зоны массажа,Тело
1632613931,Особенности массажного аппарата,Съемные части
1632613931,Материал корпуса,"ABS пластик, Металл"
1632613931,Вид питания,От порта USB
1632613931,"Мощность массажера, Вт",32
1632613931,"Напряжение, В",3.6
1632613931,Упаковка,Картонная коробка
1632613931,Страна-изготовитель,Китай
1358043635,Артикул,1358043635
1358043635,Тип,Миостимулятор
1358043635,Цвет,Розовый Белый массажер для лица V-образной формы
1358043635,Вид массажа,"Вибрационный, Расслабляющий"
1358043635,Зоны массажа,Шея
1358043635,Особенности массажного аппарата,"Таймер, Съемные части"
1358043635,Материал корпуса,ABS пластик
1358043635,Вид питания,Встроенный аккумулятор
1358043635,Упаковка,Подарочная коробка
1358043635,Страна-изготовитель,Китай
1711881832,Артикул,1711881832
1711881832,Тип,Миостимулятор
1711881832,Зоны массажа,Ноги
1711881832,Особенности массажного аппарата,Работает в автомобиле
1711881832,Количество программ/режимов,4
1711881832,Упаковка,Пластиковый пакет
1711881832,Страна-изготовитель,Китай
1711881832,Гарантийный срок,6 месяцев
1396613771,Артикул,1396613771
1396613771,Тип,Миостимулятор
1396613771,Цвет,Стиль I
1396613771,Зоны массажа,"Плечи, Поясница, Ноги, Руки, Тело, Шея"
1396613771,Материал корпуса,ABS пластик
1396613771,Количество программ/режимов,2
1396613771,Вид питания,Сменный аккумулятор (нет в комплекте)
1396613771,"Напряжение, В",220
1396613771,"Фактический размер товара, см",15x10x4
1396613771,Упаковка,Бумажный пакет
1396613771,Страна-изготовитель,Китай
1396613771,Гарантийный срок,1 год
1396613771,"Вид массажа
","Вакуумный, Миостимулирующий, Расслабляющий, Оздоровительный, Лечебный, Лимфодренажный"
1396613771,Особенности массажного аппарата,"Работает в автомобиле, Ручные программы, Встроенные динамики, Сканирование тела"
279427089,Артикул,279427089
279427089,Тип,Миостимулятор
279427089,Цвет,Черный
279427089,Зоны массажа,"Тело, Ноги, Ягодицы, Плечи, Руки, Спина"
279427089,Особенности массажного аппарата,"Пульт ДУ, Ручные программы"
279427089,Материал корпуса,"ABS пластик, Полипропилен"
279427089,Вид питания,Сменная батарея
279427089,Страна-изготовитель,Китай
279427089,"Вид массажа
","Вибрационный, Антицеллюлитный, Миостимулирующий, Оздоровительный, Расслабляющий, Импульсный"
279427089,Комплектация,"Накладка для пресса - 1 шт., Накладка для рук, ног или бедер - 2 шт., Пульт управления - 3 шт."
1709458839,Артикул,1709458839
1709458839,Тип,Миостимулятор
1709458839,Цвет,Белый
1709458839,Зоны массажа,Поясница
1831371581,Артикул,1831371581
1831371581,Тип,Миостимулятор
1831371581,Цвет,Тренажер для мышц тазового дна
1831371581,Вид массажа,"Миостимулирующий, Оздоровительный"
1831371581,Зоны массажа,Тело
1831371581,Материал корпуса,Биопластик
1831371581,Страна-изготовитель,Китай
1831371581,Комплектация,Блок управления MedLar Pelvifine KM518 - 1 шт. Вагинальный зонд - 1 шт. Соединительный кабель. Батарея «Крона» 9 В. Гель-смазка на водной основе Just Glide 200 мл. Инструкция.
1213642780,Артикул,1213642780
1213642780,Тип,Миостимулятор
1213642780,Цвет,Черный
1213642780,Зоны массажа,Ноги
1213642780,Особенности массажного аппарата,"Работает в автомобиле, Ручные программы, Таймер"
1213642780,"Максимальный рост пользователя, см",220
1213642780,Количество программ/режимов,8
1213642780,Вид питания,Встроенный аккумулятор
1213642780,Упаковка,Картонная коробка
1213642780,Страна-изготовитель,Китай
1213642780,"Вид массажа
","Перкусионный, Акупунктурный, Импульсный, Комбинированный, Миостимулирующий, Оздоровительный"
1213642780,Комплектация,Массажный коврик 33*28 см - 1 шт.; Блок управления с аккумулятором -1 шт.; Провод USB - 1 шт.; Инструкция на русском - 1 шт.
1144816587,Артикул,1144816587
1144816587,Тип,Миостимулятор
1144816587,Цвет,Серебристый
1144816587,Вид массажа,"Миостимулирующий, Оздоровительный, Акупунктурный"
1144816587,Зоны массажа,"Ноги, Поясница, Руки, Спина, Тело, Ягодицы"
1144816587,Особенности массажного аппарата,"Таймер, Ручные программы, Съемные части, Русификация"
1144816587,Материал корпуса,ABS пластик
1144816587,Количество программ/режимов,24
1144816587,Вид питания,"Встроенный аккумулятор, От порта USB"
1144816587,"Фактический размер товара, см",9
1144816587,Упаковка,Картонная коробка
1144816587,Страна-изготовитель,Китай
1144816587,Гарантийный срок,1 год
1144816587,Комплектация,"Прибор миостимуляции, фирменная коробка, набор электродов, провода для электродов, USB провод и адаптер 220В, инструкция на русском языке"
1844318249,Артикул,1844318249
1844318249,Тип,Миостимулятор
1844318249,Цвет,Черный
1844318249,Вид массажа,Вибрационный
1844318249,Зоны массажа,"Ноги, Поясница, Спина, Ягодицы"
1844318249,Количество программ/режимов,8
1844318249,"Фактический размер товара, см",116
1844318249,Страна-изготовитель,Китай
1844318249,Комплектация,Пояс миостимулятор для пресса - 1 шт.; Контроллер - 1 шт.; Зарядка USB - 1 шт.
2082007362,Артикул,2082007362
2082007362,Тип,Миостимулятор
2082007362,Бренд,RedPower
2082007362,Цвет,Накладки запасные 4шт
2082007362,Зоны массажа,"Спина, Шея, Ягодицы, Ноги, Поясница, Руки"
2082007362,Особенности массажного аппарата,"Ручные программы, Съемные части"
2082007362,"Максимальный рост пользователя, см",250
2082007362,Материал корпуса,ABS пластик
2082007362,Количество программ/режимов,8
2082007362,Вид питания,Встроенный аккумулятор
2082007362,"Напряжение, В",3
2082007362,"Фактический размер товара, см",20
2082007362,Комплектация,"Гелевая накладка 2шт, прибор, USB кабель для зарядки"
2082007362,Страна-изготовитель,Китай
2082007362,Гарантийный срок,12
2082007362,"Вид массажа
","Лечебный, Лимфодренажный, Миостимулирующий, Расслабляющий, Антицеллюлитный, Комбинированный"
1613993578,Артикул,1613993578
1613993578,Тип,Миостимулятор
1613993578,Цвет,2 хост + 2 стикер + коготь
1613993578,Вид массажа,"Вибрационный, Миостимулирующий"
1613993578,Зоны массажа,"Тело, Шея, Поясница, Плечи, Ягодицы"
1613993578,Особенности массажного аппарата,Ручные программы
1613993578,Материал корпуса,"ABS пластик, Пластик"
1613993578,Количество программ/режимов,8
1613993578,Вид питания,"От порта USB, Сменный аккумулятор (нет в комплекте)"
1613993578,"Мощность массажера, Вт",5
1613993578,"Напряжение, В",3.7
1613993578,"Фактический размер товара, см",14.5*6.5
1613993578,Упаковка,Бумажная обертка
1613993578,Комплектация,1 Massager 1 Massage pad
1613993578,Страна-изготовитель,Китай
1613993578,Гарантийный срок,30 day
1766772270,Артикул,1766772270
1766772270,Тип,Миостимулятор
1766772270,Цвет,S/M (17.5*90cm)
1766772270,Зоны массажа,"Поясница, Тело"
1766772270,Материал корпуса,"ABS пластик, Текстиль"
1766772270,Количество программ/режимов,1
1766772270,Вид питания,Встроенный аккумулятор
1766772270,"Фактический размер товара, см",90cm
1766772270,Упаковка,RETAIL BOX
1766772270,Комплектация,1
1766772270,Страна-изготовитель,Китай
1766772270,"Вид массажа
","Вибрационный, Импульсный, Перкусионный, Рефлекторный, Антицеллюлитный"
1766772270,Особенности массажного аппарата,"Пульт ДУ, Съемные части, Таймер, Ручные программы, Регулировка по размеру"
1749640637,Артикул,1749640637
1749640637,Тип,Миостимулятор
1749640637,Зоны массажа,"Плечи, Поясница, Тело, Шея, Ягодицы, Руки"
1749640637,Особенности массажного аппарата,"Пульт ДУ, Работает в автомобиле, Ручные программы, Таймер"
1749640637,Материал корпуса,ABS пластик
1749640637,Количество программ/режимов,8
1749640637,Вид питания,"От порта USB, Сменная батарея"
1749640637,"Напряжение, В",3.3
1749640637,Упаковка,Slim Case
1749640637,Гарантийный срок,6 месяцев
1749640637,"Вид массажа
","Вибрационный, Импульсный, Лечебный, Миостимулирующий, Расслабляющий, Рефлекторный"
1749640637,Комплектация,Массажер - 1шт. Блокуправления - 1шт. Пульт дистанционного управления - 1шт. USB-кабель зарядки – 1шт.
1653522090,Артикул,1653522090
1653522090,Тип,Миостимулятор
1653522090,Цвет,1 Belt 2 Arm
1653522090,Вид массажа,"Импульсный, Оздоровительный"
1653522090,Зоны массажа,"Ноги, Руки, Тело"
1653522090,Материал корпуса,"ABS пластик, Текстиль"
1653522090,Количество программ/режимов,39
1653522090,Вид питания,Встроенный аккумулятор
1653522090,"Фактический размер товара, см",116x15
1653522090,Страна-изготовитель,Китай
1017635337,Артикул,1017635337
1017635337,Тип,Миостимулятор
1017635337,Цвет,6 режимов - 2 в 1
1017635337,Вид массажа,Рефлекторный
1017635337,Зоны массажа,"Ноги, Ягодицы, Тело, Плечи, Шея"
1017635337,Особенности массажного аппарата,Подогрев
1017635337,Материал корпуса,ABS пластик
1017635337,Количество программ/режимов,6
1017635337,Вид питания,Внешний источник питания
1017635337,"Мощность массажера, Вт",24
1017635337,"Фактический размер товара, см",32.5*29.5*11.6
1017635337,Страна-изготовитель,Китай
1017635337,Гарантийный срок,180天
1017635337,Комплектация,В комплект входят： Массажная подушка для ног*1 Массажная подушка для шеи*1 USB-кабель*1 Пластырь*1 Пульт дистанционного управления*1 Основной блок*1 Руководство пользователя*1
1570568092,Артикул,1570568092
1570568092,Тип,Миостимулятор
1570568092,Цвет,Черно-белый
1570568092,Зоны массажа,"Ноги, Плечи, Поясница, Руки, Спина, Тело"
1570568092,Особенности массажного аппарата,"Русификация, Таймер, Ручные программы"
1570568092,Материал корпуса,"Силикон, Полипропилен"
1570568092,Количество программ/режимов,4
1570568092,Вид питания,"От сети 220В, Сменная батарея"
1570568092,"Мощность массажера, Вт",5
1570568092,"Напряжение, В",4.5
1570568092,"Фактический размер товара, см",80*55*3
1570568092,Упаковка,Картонная коробка
1570568092,Комплектация,электрод/липучка - 20шт.
1570568092,Страна-изготовитель,Китай
1570568092,"Вид массажа
","Антицеллюлитный, Импульсный, Лечебный, Миостимулирующий, Расслабляющий, Оздоровительный"
801382772,Артикул,801382772
801382772,Тип,Миостимулятор
801382772,Зоны массажа,Тело
801382772,Страна-изготовитель,Китай
1388849077,Артикул,1388849077
1388849077,Тип,Миостимулятор
1388849077,Цвет,Панда 6 насадок
1388849077,Зоны массажа,"Лицо, Область вокруг глаз, Шея"
1388849077,Особенности массажного аппарата,"Ручные программы, Съемные части"
1388849077,Материал корпуса,"ABS пластик, Силикон"
1388849077,Упаковка,Коробка пластиковая
1388849077,Страна-изготовитель,Россия
1388849077,Гарантийный срок,12 месяцев
1388849077,"Вид массажа
","Классический, Комбинированный, Миостимулирующий, Расслабляющий, Вибрационный"
1664834128,Артикул,1664834128
1664834128,Тип,Миостимулятор
1664834128,Цвет,Бронза
1664834128,Вид массажа,"Акупунктурный, Вибрационный, Импульсный, Миостимулирующий"
1664834128,Зоны массажа,"Зона декольте, Ноги, Плечи, Поясница, Руки, Тело"
1664834128,Особенности массажного аппарата,Ручные программы
1664834128,Материал корпуса,ABS пластик
1664834128,Количество программ/режимов,8
1664834128,Вид питания,От порта USB
1664834128,"Напряжение, В",5
1664834128,"Фактический размер товара, см",6
1664834128,Упаковка,Easy pack
1664834128,Комплектация,5 массажных пластыря
1664834128,Страна-изготовитель,Китай
1664834128,Гарантийный срок,365
1620351961,Артикул,1620351961
1620351961,Тип,Миостимулятор
1620351961,Цвет,Мини-массажер
1620351961,Вид массажа,"Вибрационный, Миостимулирующий"
1620351961,Зоны массажа,"Тело, Шея, Поясница, Плечи, Ягодицы"
1620351961,Особенности массажного аппарата,Ручные программы
1620351961,Материал корпуса,"ABS пластик, Пластик"
1620351961,Количество программ/режимов,8
1620351961,Вид питания,"От порта USB, Сменный аккумулятор (нет в комплекте)"
1620351961,"Напряжение, В",5
1620351961,"Фактический размер товара, см",14.5*6.5
1620351961,Комплектация,1 Massager 1 Massage pad
1620351961,Страна-изготовитель,Китай
1603269474,Артикул,1603269474
1603269474,Тип,Миостимулятор
1603269474,Цвет,8 режимов (с Пульт)
1603269474,Вид массажа,Миостимулирующий
1603269474,Зоны массажа,"Ноги, Плечи, Поясница, Тело, Шея, Ягодицы"
1603269474,Особенности массажного аппарата,"Пульт ДУ, Съемные части"
1603269474,Материал корпуса,ABS пластик
1603269474,Количество программ/режимов,8
1603269474,Вид питания,Встроенный аккумулятор
1603269474,"Напряжение, В",3.3
1603269474,Упаковка,Box Set
1603269474,Страна-изготовитель,Китай
1603269474,Гарантийный срок,180небо
1603269474,Комплектация,Массажер - 1шт. Блокуправления - 1шт. Пульт дистанционного управления - 1шт. USB-кабель зарядки – 1шт. Упаковка - 1шт.
1163677749,Артикул,1163677749
1163677749,Тип,Миостимулятор
1163677749,Цвет,Голубой
1163677749,Зоны массажа,"Спина, Поясница"
1163677749,Особенности массажного аппарата,"Пульт ДУ, Подогрев"
1163677749,Материал корпуса,Искусственная кожа
1163677749,Количество программ/режимов,6
1163677749,"Напряжение, В",3.7
1163677749,Упаковка,Подарочная коробка
1163677749,Страна-изготовитель,Китай
1163677749,Гарантийный срок,1 год
1163677749,"Вид массажа
","Антицеллюлитный, Вибрационный, Лимфодренажный, Миостимулирующий"
1163677749,Комплектация,"Пояс, руководство, кабель для зарядки, основной блок, пульт дистанционного управления"
1717864822,Артикул,1717864822
1717864822,Тип,Миостимулятор
1717864822,Цвет,Белый
1717864822,Вид массажа,"Импульсный, Вибрационный, Миостимулирующий, Расслабляющий"
1717864822,Зоны массажа,Шея
1717864822,Особенности массажного аппарата,Подогрев
1717864822,Материал корпуса,ABS пластик
1717864822,Количество программ/режимов,6
1717864822,Вид питания,Встроенный аккумулятор
1717864822,"Фактический размер товара, см",14х14х5
1717864822,Упаковка,Картонная коробка
1717864822,Комплектация,"Массажер, зарядное устройство, упаковка"
1717864822,Страна-изготовитель,Китай
1644651496,Артикул,1644651496
1644651496,Тип,Миостимулятор
1644651496,Цвет,"Черный, синий"
1644651496,Вид массажа,Вибрационный
1644651496,Зоны массажа,"Тело, Поясница, Руки, Ноги"
1644651496,Материал корпуса,ABS пластик
1644651496,Количество программ/режимов,1
1644651496,Вид питания,Встроенный аккумулятор
1644651496,"Мощность массажера, Вт",3
1644651496,"Напряжение, В",3.7
1644651496,Упаковка,Картонная коробка
1644651496,Комплектация,<br/>Упражнение для живота
1644651496,Страна-изготовитель,Китай
1644651496,Гарантийный срок,6
1680934200,Артикул,1680934200
1680934200,Тип,Миостимулятор
1680934200,Цвет,Пластырь-30
1680934200,Вид массажа,"Антицеллюлитный, Вибрационный, Импульсный, Миостимулирующий"
1680934200,Зоны массажа,"Ноги, Тело, Поясница, Плечи"
1680934200,Особенности массажного аппарата,"Русификация, Ручные программы, Таймер"
1680934200,"Максимальный рост пользователя, см",220
1680934200,Материал корпуса,ABS пластик
1680934200,Количество программ/режимов,5
1680934200,Вид питания,"Сменная батарея, Внешний источник питания"
1680934200,"Мощность массажера, Вт",10
1680934200,"Напряжение, В",220
1680934200,Упаковка,"Бумажная обертка, Бумажный пакет"
1680934200,Страна-изготовитель,Китай
1680934200,Комплектация,Терапевтические тапочки - 1 шт.;Электроды (патчи) - 4 шт.;Подставка для патчей - 1 шт.;Шнуры электоды - 2 шт.;Блок питания;Инструкция; Аппарат;
1687659608,Артикул,1687659608
1687659608,Тип,Миостимулятор
1687659608,Зоны массажа,"Ноги, Шея, Поясница, Ягодицы, Спина"
1687659608,Особенности массажного аппарата,"Работает в автомобиле, Ручные программы, Съемные части"
1687659608,Вид питания,"Встроенный аккумулятор, От порта USB"
1687659608,Упаковка,Картонная коробка
1687659608,"Вид массажа
","Импульсный, Миостимулирующий, Расслабляющий, Комбинированный, Оздоровительный"
1007788124,Артикул,1007788124
1007788124,Тип,Миостимулятор
1007788124,Цвет,Массажер+5шт Пластырь
1007788124,Вид массажа,"Вибрационный, Рефлекторный, Расслабляющий"
1007788124,Зоны массажа,"Плечи, Поясница, Руки, Ноги, Тело, Шея"
1007788124,Особенности массажного аппарата,Подогрев
1007788124,Материал корпуса,ABS пластик
1007788124,Количество программ/режимов,8
1007788124,Вид питания,От порта USB
1007788124,"Напряжение, В",3.7
1007788124,Страна-изготовитель,Китай
1007788124,Гарантийный срок,180
1007788124,Комплектация,Пластырь - 5 шт.массажер миостимулятор - 1 шт. USB шнур - 1 шт.инструкция - 1 шт.
1759321160,Артикул,1759321160
1759321160,Тип,Миостимулятор
1759321160,Зоны массажа,"Плечи, Поясница, Тело, Шея, Ягодицы, Руки"
1759321160,Особенности массажного аппарата,"Пульт ДУ, Работает в автомобиле, Ручные программы, Таймер"
1759321160,Материал корпуса,ABS пластик
1759321160,Количество программ/режимов,8
1759321160,Вид питания,"От порта USB, Сменная батарея"
1759321160,"Напряжение, В",3.3
1759321160,Упаковка,Slim Case
1759321160,Страна-изготовитель,Китай
1759321160,Гарантийный срок,6 месяцев
1759321160,"Вид массажа
","Вибрационный, Импульсный, Лечебный, Миостимулирующий, Расслабляющий, Рефлекторный"
1759321160,Комплектация,Массажер - 1шт. Блокуправления - 1шт. Пульт дистанционного управления - 1шт. USB-кабель зарядки – 1шт.
1769993467,Артикул,1769993467
1769993467,Тип,Миостимулятор
1769993467,Цвет,30
1769993467,Вид массажа,"Акупунктурный, Вибрационный, Импульсный, Миостимулирующий"
1769993467,Зоны массажа,"Зона декольте, Область вокруг глаз, Тело, Поясница, Плечи"
1769993467,Особенности массажного аппарата,Ручные программы
1769993467,Материал корпуса,ABS пластик
1769993467,Количество программ/режимов,1
1769993467,Вид питания,От порта USB
1769993467,"Напряжение, В",5
1769993467,"Фактический размер товара, см",6
1769993467,Упаковка,Easy pack
1769993467,Страна-изготовитель,Китай
1769993467,Гарантийный срок,365
1916582645,Артикул,1916582645
1916582645,Тип,Миостимулятор
1916582645,Цвет,720 Green-6-скоростная здоровая модель с 4 массажями головы
1916582645,Зоны массажа,Область вокруг глаз
1916582645,Особенности массажного аппарата,"Ручные программы, Регулировка роликов, Съемные части"
1916582645,Количество программ/режимов,6
1916582645,Вид питания,"Встроенный аккумулятор, От порта USB"
1916582645,Упаковка,"Коробка-""книжка"""
1916582645,Комплектация,4
1916582645,Страна-изготовитель,Китай
1916582645,"Вид массажа
","Акупрессурный, Акупунктурный, Антицеллюлитный, Вибрационный, Перкусионный"
1693735105,Артикул,1693735105
1693735105,Тип,Миостимулятор
1693735105,Цвет,Черный синий
1693735105,Вид массажа,"Лечебный, Оздоровительный, Расслабляющий, Импульсный"
1693735105,Зоны массажа,"Ноги, Плечи, Поясница, Руки, Спина, Тело"
1693735105,Особенности массажного аппарата,"Работает в автомобиле, Ручные программы"
1693735105,"Максимальный рост пользователя, см",240
1693735105,Материал корпуса,ABS пластик
1693735105,Количество программ/режимов,8
1693735105,Вид питания,"От порта USB, Встроенный аккумулятор"
1693735105,"Напряжение, В",24
1693735105,"Фактический размер товара, см",15х6х2
1693735105,Упаковка,Коробка
1693735105,Комплектация,"массажер, кабель зарядки, инструкция"
1693735105,Страна-изготовитель,Китай
1693735105,Гарантийный срок,14 дней
1776446721,Артикул,1776446721
1776446721,Тип,Миостимулятор
1776446721,Зоны массажа,"Плечи, Поясница, Тело, Шея, Ягодицы, Руки"
1776446721,Особенности массажного аппарата,"Пульт ДУ, Работает в автомобиле, Ручные программы, Таймер"
1776446721,Материал корпуса,ABS пластик
1776446721,Количество программ/режимов,8
1776446721,Вид питания,"От порта USB, Сменная батарея"
1776446721,"Напряжение, В",3.3
1776446721,Упаковка,Slim Case
1776446721,Гарантийный срок,6 месяцев
1776446721,"Вид массажа
","Вибрационный, Импульсный, Лечебный, Миостимулирующий, Расслабляющий, Рефлекторный"
1776446721,Комплектация,Массажер - 1шт. Блокуправления - 1шт. Пульт дистанционного управления - 1шт. USB-кабель зарядки – 1шт.
1633530902,Артикул,1633530902
1633530902,Тип,Миостимулятор
1633530902,Цвет,10
1633530902,Вид массажа,"Акупунктурный, Вибрационный, Импульсный, Миостимулирующий"
1633530902,Зоны массажа,"Зона декольте, Ноги, Руки, Тело, Поясница, Плечи"
1633530902,Особенности массажного аппарата,Ручные программы
1633530902,Материал корпуса,ABS пластик
1633530902,Количество программ/режимов,8
1633530902,Вид питания,От порта USB
1633530902,"Напряжение, В",5
1633530902,"Фактический размер товара, см",6
1633530902,Упаковка,Easy pack
1633530902,Страна-изготовитель,Китай
1633530902,Гарантийный срок,365
1624353107,Артикул,1624353107
1624353107,Тип,Миостимулятор
1624353107,Зоны массажа,"Ноги, Руки, Тело"
1624353107,Страна-изготовитель,Китай
1887627708,Артикул,1887627708
1887627708,Тип,Миостимулятор
1887627708,Бренд,Beurer
1887627708,Цвет,L/XL (талия 98 см)
1887627708,Зоны массажа,"Тело, Поясница, Спина, Ягодицы"
1887627708,"Максимальный рост пользователя, см",215
1887627708,Материал корпуса,"ABS пластик, Текстиль"
1887627708,Количество программ/режимов,6
1887627708,Вид питания,"Встроенный аккумулятор, От порта USB"
1887627708,"Мощность массажера, Вт",30
1887627708,"Фактический размер товара, см",98
1887627708,Упаковка,Картонная коробка
1887627708,Страна-изготовитель,Китай (Тайвань)
1887627708,Гарантийный срок,1 год
1887627708,"Вид массажа
","Вибрационный, Миостимулирующий, Расслабляющий, Антицеллюлитный, Импульсный, Лимфодренажный"
1887627708,Особенности массажного аппарата,"Регулировка по размеру, Работает в автомобиле, Таймер, Ручные программы, Русификация, Съемные части"
1887627708,Комплектация,EMS - тренажер для пресса (пояс) - 1шт; Рацион питания для похудения на 2000 ккал; Инструкция на русском языке; Индикатор - 1 шт; Зарядное устройство (USB - Charging кабель) - 1 шт; Опрыскиватель массажера (распылитель) - 1шт;
438583992,Артикул,438583992
438583992,Тип,Миостимулятор
438583992,Зоны массажа,"Лицо, Голова, Плечи, Поясница, Тело, Шея"
438583992,Особенности массажного аппарата,Работает в автомобиле
438583992,Страна-изготовитель,Китай
438583992,Комплектация,"Подушка, зарядник 220В, зарядник для автомобиля 12В, коробка, инструкция"
1412672885,Артикул,1412672885
1412672885,Тип,Миостимулятор
1412672885,Вид массажа,Вибрационный
1412672885,Зоны массажа,"Ноги, Ягодицы"
1412672885,Количество программ/режимов,4
1412672885,Вид питания,Сменная батарея
1256772639,Артикул,1256772639
1256772639,Тип,Миостимулятор
1256772639,Цвет,N701
1256772639,Вид массажа,Акупрессурный
1256772639,Зоны массажа,Тело
1256772639,Особенности массажного аппарата,Ручные программы
1256772639,"Максимальный рост пользователя, см",220
1256772639,Материал корпуса,ABS пластик
1256772639,Количество программ/режимов,9
1256772639,"Напряжение, В",5
1256772639,"Фактический размер товара, см",15
1256772639,Упаковка,Картонная коробка
1256772639,Комплектация,Массажер*1 Блок питания*1 Пластырь*4 Руководство*1
1256772639,Страна-изготовитель,Китай
1256772639,Гарантийный срок,1
1256772639,Вид питания,"Внешний источник питания, Сменный аккумулятор (нет в комплекте)"
1163639789,Артикул,1163639789
1163639789,Тип,Миостимулятор
1163639789,Цвет,Светло-розовый
1163639789,Зоны массажа,"Поясница, Спина"
1163639789,Особенности массажного аппарата,"Подогрев, Пульт ДУ"
1163639789,Материал корпуса,Искусственная кожа
1163639789,Количество программ/режимов,6
1163639789,"Напряжение, В",3.7
1163639789,Упаковка,Подарочная коробка
1163639789,Страна-изготовитель,Китай
1163639789,Гарантийный срок,1 год
1163639789,"Вид массажа
","Антицеллюлитный, Вибрационный, Миостимулирующий, Лимфодренажный"
1163639789,Комплектация,"Пояс, руководство, кабель для зарядки, основной блок, пульт дистанционного управления"
1698210874,Артикул,1698210874
1698210874,Тип,Миостимулятор
1698210874,Цвет,Черно-белый
1698210874,Зоны массажа,"Ноги, Плечи, Поясница, Руки, Спина, Тело"
1698210874,Особенности массажного аппарата,"Русификация, Таймер, Ручные программы"
1698210874,Материал корпуса,"Силикон, Полипропилен"
1698210874,Количество программ/режимов,4
1698210874,Вид питания,"От сети 220В, Сменная батарея"
1698210874,"Мощность массажера, Вт",5
1698210874,"Напряжение, В",4.5
1698210874,"Фактический размер товара, см",80*55*3
1698210874,Упаковка,Картонная коробка
1698210874,Комплектация,электрод/липучка - 20шт.
1698210874,Страна-изготовитель,Китай
1698210874,"Вид массажа
","Антицеллюлитный, Импульсный, Лечебный, Миостимулирующий, Расслабляющий, Оздоровительный"
1593643937,Артикул,1593643937
1593643937,Тип,Миостимулятор
1593643937,Цвет,Синий
1593643937,Вид массажа,"Антицеллюлитный, Вибрационный"
1593643937,Зоны массажа,"Поясница, Тело"
1593643937,Особенности массажного аппарата,"Регулировка по размеру, Таймер"
1593643937,Материал корпуса,Нейлон
1593643937,Вид питания,От сети 220В
1593643937,"Мощность массажера, Вт",30
1593643937,Упаковка,Картонная коробка
1593643937,Комплектация,"Массажный пояс 1 шт Чехол, коробка"
1593643937,Страна-изготовитель,Китай
1618376530,Артикул,1618376530
1618376530,Тип,Миостимулятор
1618376530,Цвет,20
1618376530,Вид массажа,"Акупунктурный, Вибрационный, Импульсный, Миостимулирующий"
1618376530,Зоны массажа,"Зона декольте, Ноги, Руки, Тело, Поясница, Плечи"
1618376530,Особенности массажного аппарата,Ручные программы
1618376530,Материал корпуса,ABS пластик
1618376530,Количество программ/режимов,8
1618376530,Вид питания,От порта USB
1618376530,"Напряжение, В",5
1618376530,"Фактический размер товара, см",6
1618376530,Упаковка,Easy pack
1618376530,Страна-изготовитель,Китай
1618376530,Гарантийный срок,365
1698204530,Артикул,1698204530
1698204530,Тип,Миостимулятор
1698204530,Цвет,Серый
1698204530,Зоны массажа,"Тело, Ноги, Плечи, Поясница, Спина, Шея"
1698204530,Особенности массажного аппарата,"Пульт ДУ, Ручные программы, Подогрев"
1698204530,"Максимальный рост пользователя, см",220
1698204530,Материал корпуса,ABS пластик
1698204530,Количество программ/режимов,6
1698204530,Вид питания,От порта USB
1698204530,"Мощность массажера, Вт",4.5
1698204530,"Напряжение, В",5
1698204530,"Фактический размер товара, см","15,5"
1698204530,Упаковка,Коробка
1698204530,Страна-изготовитель,Китай
1698204530,Гарантийный срок,6 месяцев
1698204530,"Вид массажа
","Импульсный, Комбинированный, Лечебный, Лимфодренажный, Миостимулирующий, Оздоровительный"
1698204530,Комплектация,"Массажёр миостимулятор Меридиан , клейкие электрод, USB кабель, инструкция."
1686766129,Артикул,1686766129
1686766129,Тип,Миостимулятор
1686766129,Зоны массажа,"Ноги, Шея, Поясница, Ягодицы, Спина"
1686766129,Особенности массажного аппарата,"Работает в автомобиле, Ручные программы, Съемные части"
1686766129,Вид питания,"Встроенный аккумулятор, От порта USB"
1686766129,Упаковка,Картонная коробка
1686766129,"Вид массажа
","Импульсный, Миостимулирующий, Расслабляющий, Комбинированный, Оздоровительный"
1749816432,Артикул,1749816432
1749816432,Тип,Миостимулятор
1749816432,Зоны массажа,"Плечи, Поясница, Тело, Шея, Ягодицы, Руки"
1749816432,Особенности массажного аппарата,"Пульт ДУ, Работает в автомобиле, Ручные программы, Таймер"
1749816432,Материал корпуса,ABS пластик
1749816432,Количество программ/режимов,8
1749816432,Вид питания,"От порта USB, Сменная батарея"
1749816432,"Напряжение, В",3.3
1749816432,Упаковка,Slim Case
1749816432,Гарантийный срок,6 месяцев
1749816432,"Вид массажа
","Вибрационный, Импульсный, Лечебный, Миостимулирующий, Расслабляющий, Рефлекторный"
1749816432,Комплектация,Массажер - 1шт. Блокуправления - 1шт. Пульт дистанционного управления - 1шт. USB-кабель зарядки – 1шт.
1704406046,Артикул,1704406046
1704406046,Тип,Миостимулятор
1704406046,Цвет,"Черный, красный"
1704406046,Зоны массажа,Тело
1704406046,"Фактический размер товара, см",45*22
1704406046,Страна-изготовитель,Китай
1704406046,Гарантийный срок,3 ГОДА
1704406046,"Вид массажа
","Акупрессурный, Антицеллюлитный, Вибрационный, Импульсный, Миостимулирующий"
1256728174,Артикул,1256728174
1256728174,Тип,Миостимулятор
1256728174,Цвет,8 прокладок
1256728174,Зоны массажа,"Ноги, Руки, Тело, Поясница, Плечи"
1256728174,Материал корпуса,ABS пластик
1256728174,Количество программ/режимов,3
1256728174,"Мощность массажера, Вт",1.5
1256728174,"Напряжение, В",5
1256728174,"Фактический размер товара, см",14*6.6*2
1256728174,Страна-изготовитель,Китай
1256728174,Гарантийный срок,1 год
1256728174,"Вид массажа
","Вибрационный, Миостимулирующий, Расслабляющий, Оздоровительный"
977841101,Артикул,977841101
977841101,Тип,Миостимулятор
977841101,Цвет,Массажер+2шт Пластырь
977841101,Вид массажа,"Вибрационный, Рефлекторный, Расслабляющий"
977841101,Зоны массажа,"Плечи, Поясница, Руки, Ноги, Спина, Тело"
977841101,Особенности массажного аппарата,Подогрев
977841101,Материал корпуса,ABS пластик
977841101,Количество программ/режимов,8
977841101,Вид питания,От порта USB
977841101,"Напряжение, В",3.7
977841101,Страна-изготовитель,Китай
977841101,Гарантийный срок,180
977841101,Комплектация,Пластырь - 2 шт.массажер миостимулятор - 1 шт. USB шнур - 1 шт.инструкция - 1 шт.
1613993574,Артикул,1613993574
1613993574,Тип,Миостимулятор
1613993574,Цвет,1 хост + 1 стикер + коготь
1613993574,Вид массажа,"Вибрационный, Миостимулирующий"
1613993574,Зоны массажа,"Тело, Шея, Поясница, Плечи, Ягодицы"
1613993574,Особенности массажного аппарата,Ручные программы
1613993574,Материал корпуса,"ABS пластик, Пластик"
1613993574,Количество программ/режимов,8
1613993574,Вид питания,"От порта USB, Сменный аккумулятор (нет в комплекте)"
1613993574,"Мощность массажера, Вт",5
1613993574,"Напряжение, В",3.7
1613993574,"Фактический размер товара, см",14.5*6.5
1613993574,Упаковка,Бумажная обертка
1613993574,Комплектация,1 Massager 1 Massage pad
1613993574,Страна-изготовитель,Китай
1613993574,Гарантийный срок,30 day
1412672882,Артикул,1412672882
1412672882,Тип,Миостимулятор
1412672882,Гарантийный срок,14 дней
1619483117,Артикул,1619483117
1619483117,Тип,Миостимулятор
1619483117,Цвет,Черный
1619483117,Зоны массажа,Ноги
1619483117,Материал корпуса,Нейлон
1619483117,Количество программ/режимов,8
1619483117,Вид питания,"Встроенный аккумулятор, От порта USB"
1619483117,"Мощность массажера, Вт",24
1619483117,"Напряжение, В",3.7
1619483117,"Фактический размер товара, см","29 x 27 x 1,5"
1619483117,Упаковка,Картонная коробка
1619483117,Комплектация,Массажер для ног - 1 шт.
1619483117,Страна-изготовитель,Китай
1619483117,"Вид массажа
","Миостимулирующий, Расслабляющий, Оздоровительный, Лечебный, Импульсный, Акупунктурный"
1619483117,Особенности массажного аппарата,"Съемные части, Ручные программы, Работает в автомобиле, Таймер"
981495985,Артикул,981495985
981495985,Тип,Миостимулятор
981495985,Цвет,Белый
981495985,Вид массажа,Миостимулирующий
981495985,Зоны массажа,Тело
981495985,Материал корпуса,ABS пластик
981495985,Вид питания,От порта USB
981495985,Страна-изготовитель,Китай
981495985,Комплектация,1*главный 1*зонд Две пары электродов 1*Пара нагрудных нашивок 1*Кабель для зарядки Два соединительных провода 1*спецификация 1*Упаковочная коробка
1916583100,Артикул,1916583100
1916583100,Тип,Миостимулятор
1916583100,Цвет,720 Red-6-Gear Здоровая модель с 4 массажями головы
1916583100,Зоны массажа,Область вокруг глаз
1916583100,Особенности массажного аппарата,"Ручные программы, Регулировка роликов, Съемные части"
1916583100,Количество программ/режимов,6
1916583100,Вид питания,"Встроенный аккумулятор, От порта USB"
1916583100,Упаковка,"Коробка-""книжка"""
1916583100,Комплектация,4
1916583100,Страна-изготовитель,Китай
1916583100,"Вид массажа
","Акупрессурный, Акупунктурный, Антицеллюлитный, Вибрационный, Перкусионный"
1906471066,Артикул,1906471066
1906471066,Тип,Миостимулятор
1906471066,Цвет,3D массажер для ног синий
1906471066,Вид массажа,Миостимулирующий
1906471066,Зоны массажа,Ноги
1906471066,Особенности массажного аппарата,"Съемные части, Пульт ДУ"
1906471066,Материал корпуса,ABS пластик
1906471066,Количество программ/режимов,8
1906471066,Вид питания,Встроенный аккумулятор
1906471066,"Напряжение, В",3.3
1906471066,Упаковка,Bag-in-Box
1906471066,Страна-изготовитель,Китай
1906471066,Гарантийный срок,180небо
1906471066,Комплектация,Массажер Pad - 1шт. Блокуправления - 1шт. USB-кабель зарядки – 1шт. Сенсорный патч – 1шт. Дистанционное управление – 1шт. USB -1шт.
1621585401,Артикул,1621585401
1621585401,Тип,Миостимулятор
1621585401,Цвет,Стиль 07
1621585401,Зоны массажа,Тело
1621585401,"Максимальный рост пользователя, см",210
1621585401,Материал корпуса,ABS пластик
1621585401,Количество программ/режимов,2
1621585401,Вид питания,Сменный аккумулятор (нет в комплекте)
1621585401,"Напряжение, В",220
1621585401,"Фактический размер товара, см",27 * 10.5 * 10.5
1621585401,Упаковка,Бумажный пакет
1621585401,Страна-изготовитель,Китай
1621585401,Гарантийный срок,1 год
1621585401,"Вид массажа
","Вакуумный, Миостимулирующий, Расслабляющий, Оздоровительный, Лечебный, Лимфодренажный"
1621585401,Особенности массажного аппарата,"Работает в автомобиле, Ручные программы, Встроенные динамики, Сканирование тела"
1621585401,Комплектация,Массажер + головка блока питания + USB-кабель + 2 провода + 8 пар пластырей + массажные перчатки + электротерапевтический браслет + массажные носки + упаковочная коробка
1672864320,Артикул,1672864320
1672864320,Тип,Миостимулятор
1672864320,Цвет,Массажер 1
1672864320,Вид массажа,"Вибрационный, Миостимулирующий"
1672864320,Зоны массажа,"Ноги, Шея, Поясница, Плечи"
1672864320,Особенности массажного аппарата,Ручные программы
1672864320,"Максимальный рост пользователя, см",220
1672864320,Материал корпуса,ABS пластик
1672864320,Количество программ/режимов,8
1672864320,Вид питания,"Встроенный аккумулятор, От порта USB"
1672864320,"Напряжение, В",3.7
1672864320,Упаковка,"Бумажная обертка, Бумажный пакет"
1672864320,Комплектация,"Упаковочная коробка, хост, наклейки, кабель для зарядки."
1672864320,Страна-изготовитель,Китай
1672864320,Гарантийный срок,7 дней
1698734060,Артикул,1698734060
1698734060,Тип,Миостимулятор
1698734060,Цвет,Черный
1698734060,Зоны массажа,Руки
1698734060,Особенности массажного аппарата,"Работает в автомобиле, Ручные программы, Таймер"
1698734060,Материал корпуса,"ABS пластик, Металл"
1698734060,Количество программ/режимов,6
1698734060,Вид питания,"Встроенный аккумулятор, От порта USB"
1698734060,"Напряжение, В",5
1698734060,Упаковка,Коробка
1698734060,Комплектация,антистресс EMS провод для зарядки USB-C коробка
1698734060,Страна-изготовитель,Китай
1698734060,Гарантийный срок,12 мес
1698734060,"Вид массажа
","Акупунктурный, Импульсный, Миостимулирующий, Оздоровительный, Расслабляющий"
1865485987,Артикул,1865485987
1865485987,Тип,Миостимулятор
1865485987,Цвет,Suit Core Belt (LL)
1865485987,Вид массажа,Миостимулирующий
1865485987,Зоны массажа,"Поясница, Тело"
1865485987,Материал корпуса,"Нейлон, Металл"
1865485987,Количество программ/режимов,2
1865485987,"Фактический размер товара, см",88/97 x 23
1865485987,Страна-изготовитель,Китай
1865485987,Гарантийный срок,1 год
1865485987,Комплектация,Основной блок; контроллер с USB-кабелем для зарядки (Type-C); бутылка-пульверизатор; сетчатый мешок для стирки; чехол; руководство по безопасности; краткое руководство
1402676301,Артикул,1402676301
1402676301,Тип,Миостимулятор
1402676301,Цвет,Белый
1402676301,Зоны массажа,"Ноги, Плечи, Поясница, Руки, Спина, Тело"
1402676301,Особенности массажного аппарата,"Русификация, Таймер, Ручные программы"
1402676301,Материал корпуса,HPL пластик
1402676301,Количество программ/режимов,4
1402676301,Вид питания,"От сети 220В, Сменная батарея"
1402676301,"Мощность массажера, Вт",5
1402676301,"Напряжение, В",4.5
1402676301,"Фактический размер товара, см",150*10*5
1402676301,Упаковка,Картонная коробка
1402676301,Страна-изготовитель,Китай
1402676301,"Вид массажа
","Антицеллюлитный, Импульсный, Лечебный, Миостимулирующий, Расслабляющий, Оздоровительный"
1402676301,Комплектация,мио стимулятор - 1шт. блок питания - 1 шт. электрод/липучка - 16шт. перчатки 1 пара. тапочки 1 пара.
1619307230,Артикул,1619307230
1619307230,Тип,Миостимулятор
1619307230,Цвет,Мини-хост + пульт ДУ
1619307230,Вид массажа,"Акупунктурный, Вибрационный, Импульсный, Миостимулирующий"
1619307230,Зоны массажа,"Зона декольте, Ноги, Руки, Тело, Поясница, Плечи"
1619307230,Особенности массажного аппарата,Ручные программы
1619307230,Материал корпуса,ABS пластик
1619307230,Количество программ/режимов,8
1619307230,Вид питания,От порта USB
1619307230,"Напряжение, В",5
1619307230,"Фактический размер товара, см",6
1619307230,Упаковка,Easy pack
1619307230,Страна-изготовитель,Китай
1619307230,Гарантийный срок,365
1620286431,Артикул,1620286431
1620286431,Тип,Миостимулятор
1620286431,Цвет,2*Оранжевый массажный пластырь
1620286431,Вид массажа,"Вибрационный, Миостимулирующий"
1620286431,Зоны массажа,"Поясница, Ягодицы"
1620286431,Особенности массажного аппарата,Ручные программы
1620286431,"Максимальный рост пользователя, см",220
1620286431,Материал корпуса,"ABS пластик, Пластик"
1620286431,Количество программ/режимов,8
1620286431,Вид питания,Сменный аккумулятор (нет в комплекте)
1620286431,"Напряжение, В",5
1620286431,Упаковка,Бумажная обертка
1620286431,Комплектация,1 Massager 1 Massage pad
1620286431,Страна-изготовитель,Китай
899876619,Артикул,899876619
899876619,Тип,Миостимулятор
899876619,Цвет,Бежевый
899876619,Вид массажа,Миостимулирующий
899876619,Зоны массажа,Руки
899876619,Материал корпуса,ABS пластик
899876619,Количество программ/режимов,7
899876619,Вид питания,Встроенный аккумулятор
899876619,"Мощность массажера, Вт",1.5
899876619,"Напряжение, В",5
899876619,"Фактический размер товара, см",18х3х2.5
899876619,Упаковка,Коробка
899876619,Страна-изготовитель,Китай
899876619,Гарантийный срок,12 месяцев
899876619,Комплектация,Twins Массажер для рук EMS. USB-кабель. Инструкция. Гарантийный талон. Картонная коробка. Защитная гофрокоробка.
1620352493,Артикул,1620352493
1620352493,Тип,Миостимулятор
1620352493,Цвет,Мини-массажер + подарок
1620352493,Вид массажа,"Вибрационный, Миостимулирующий"
1620352493,Зоны массажа,"Тело, Шея, Поясница, Плечи, Ягодицы"
1620352493,Особенности массажного аппарата,Ручные программы
1620352493,Материал корпуса,"ABS пластик, Пластик"
1620352493,Количество программ/режимов,8
1620352493,Вид питания,"От порта USB, Сменный аккумулятор (нет в комплекте)"
1620352493,"Напряжение, В",5
1620352493,"Фактический размер товара, см",14.5*6.5
1620352493,Комплектация,1 Massager 1 Massage pad
1620352493,Страна-изготовитель,Китай
1433270744,Артикул,1433270744
1433270744,Тип,Миостимулятор
1433270744,Цвет,Черный
1433270744,Зоны массажа,"Тело, Ноги, Поясница, Ягодицы"
1433270744,Особенности массажного аппарата,Работает в автомобиле
1433270744,Комплектация,Тренажер - 3шт; инструкция; упаковка
1433270744,Страна-изготовитель,Китай
1433270744,"Вид массажа
","Вибрационный, Антицеллюлитный, Миостимулирующий, Оздоровительный, Разминание, Расслабляющий"
519875964,Артикул,519875964
519875964,Тип,Миостимулятор
519875964,Цвет,"Белый, черный"
519875964,Зоны массажа,"Шея, Поясница, Плечи, Ноги"
519875964,Особенности массажного аппарата,Работает в автомобиле
519875964,Количество программ/режимов,6
519875964,Вид питания,Сменная батарея
519875964,Упаковка,Картонная коробка
519875964,Страна-изготовитель,Китай
519875964,"Вид массажа
","Акупунктурный, Импульсный, Миостимулирующий, Оздоровительный, Расслабляющий"
519875964,Комплектация,"Массажер - 1 шт, батарейки ААА - 2шт., электроды - 2 шт., провод для электродов - 1 шт., упаковка"
577855609,Артикул,577855609
577855609,Тип,Миостимулятор
577855609,Цвет,Черный
577855609,Вид массажа,"Импульсный, Вибрационный"
577855609,Зоны массажа,"Ноги, Плечи, Руки"
577855609,Особенности массажного аппарата,Таймер
577855609,Материал корпуса,"Полиуретан, Пластик"
577855609,Вид питания,От сети 220В
577855609,"Мощность массажера, Вт",12
577855609,Комплектация,"Массажер, регулируемый ремень, блок питания, инструкция"
1887627664,Артикул,1887627664
1887627664,Тип,Миостимулятор
1887627664,Бренд,Beurer
1887627664,Цвет,Размер S/M (обхват талии до 90 см)
1887627664,Зоны массажа,"Тело, Поясница, Спина, Ягодицы"
1887627664,"Максимальный рост пользователя, см",215
1887627664,Материал корпуса,"ABS пластик, Текстиль"
1887627664,Количество программ/режимов,6
1887627664,Вид питания,"Встроенный аккумулятор, От порта USB"
1887627664,"Мощность массажера, Вт",30
1887627664,"Фактический размер товара, см",90
1887627664,Упаковка,Картонная коробка
1887627664,Страна-изготовитель,Китай (Тайвань)
1887627664,Гарантийный срок,1 год
1887627664,"Вид массажа
","Вибрационный, Миостимулирующий, Антицеллюлитный, Лечебный, Разминание, Импульсный"
1887627664,Особенности массажного аппарата,"Регулировка по размеру, Работает в автомобиле, Таймер, Подогрев, Ручные программы, Русификация, Съемные части"
1887627664,Комплектация,EMS - тренажер для пресса (пояс) - 1шт; Рацион питания для похудения на 2000 ккал; Программа тренировок для мужчин; Программа тренировок для женщин; Инструкция на русском языке; Индикатор - 1 шт; Зарядное устройство (USB - Charging кабель) - 1 шт; Опрыскиватель массажера (распылитель) - 1шт;
1654397809,Артикул,1654397809
1654397809,Тип,Миостимулятор
1654397809,Цвет,12Pcs
1654397809,Зоны массажа,Поясница
801383554,Артикул,801383554
801383554,Тип,Миостимулятор
801383554,Зоны массажа,Тело
801383554,Страна-изготовитель,Китай
1679940081,Артикул,1679940081
1679940081,Тип,Миостимулятор
1679940081,Цвет,Белое
1679940081,Зоны массажа,"Поясница, Плечи, Ягодицы, Тело, Ноги, Руки"
1679940081,Особенности массажного аппарата,"Пульт ДУ, Подогрев, Съемные части, Ручные программы"
1679940081,Материал корпуса,Металл
1679940081,Количество программ/режимов,10
1679940081,Вид питания,"От сети 220В, Внешний источник питания"
1679940081,"Мощность массажера, Вт",45
1679940081,"Напряжение, В",220
1679940081,Упаковка,Картонная коробка
1679940081,Страна-изготовитель,Китай
1679940081,"Вид массажа
","Рефлекторный, Расслабляющий, Миостимулирующий, Лимфодренажный, Лечебный, Импульсный"
1679940081,Комплектация,Ведущий 1 2 пары квадратных электродных накладок 1 пара круглых нашивок 1 пара массажных перчаток инструкция 1 карта меридианов Зонд Daikin 1 3 выходные линии 1 меридиональная щетка адаптер питания 1 пульт дистанционного управления Обучающее видео 3 ремешка Зонд для красоты 1 маска для глаз 5 флаконов эфирных масел 1 массажный крем 1 пара массажных тапочек
1671479921,Артикул,1671479921
1671479921,Тип,Миостимулятор
1671479921,Цвет,Черно-белый
1671479921,Зоны массажа,"Ноги, Плечи, Поясница, Руки, Спина, Тело"
1671479921,Особенности массажного аппарата,"Русификация, Таймер, Ручные программы"
1671479921,Материал корпуса,"Силикон, Полипропилен"
1671479921,Количество программ/режимов,4
1671479921,Вид питания,"От сети 220В, Сменная батарея"
1671479921,"Мощность массажера, Вт",5
1671479921,"Напряжение, В",4.5
1671479921,"Фактический размер товара, см",80*55*3
1671479921,Упаковка,Картонная коробка
1671479921,Комплектация,электрод/липучка - 20шт.
1671479921,Страна-изготовитель,Китай
1671479921,"Вид массажа
","Антицеллюлитный, Импульсный, Лечебный, Миостимулирующий, Расслабляющий, Оздоровительный"
1916419490,Артикул,1916419490
1916419490,Тип,Миостимулятор
1916419490,Бренд,YUNCHI
1916419490,Цвет,"Черный, белый"
1916419490,Вид массажа,Миостимулирующий
1916419490,Зоны массажа,"Руки, Плечи, Тело, Шея, Ноги"
1916419490,Особенности массажного аппарата,"Подогрев, Таймер"
1916419490,"Максимальный рост пользователя, см",240
1916419490,Материал корпуса,ABS пластик
1916419490,Количество программ/режимов,5
1916419490,Вид питания,Встроенный аккумулятор
1916419490,"Мощность массажера, Вт",240
1916419490,"Напряжение, В",100
1916419490,"Фактический размер товара, см",31*23*10
1916419490,Упаковка,Bag-in-Box
1916419490,Страна-изготовитель,Китай
1916419490,Гарантийный срок,1год
1916419490,Комплектация,терапии *1 зонд * 1 Гель *1 Вилка * 1 Руководство пользователя *1
1633531038,Артикул,1633531038
1633531038,Тип,Миостимулятор
1633531038,Цвет,20
1633531038,Вид массажа,"Акупунктурный, Вибрационный, Импульсный, Миостимулирующий"
1633531038,Зоны массажа,"Зона декольте, Ноги, Руки, Тело, Поясница, Плечи"
1633531038,Особенности массажного аппарата,Ручные программы
1633531038,Материал корпуса,ABS пластик
1633531038,Количество программ/режимов,8
1633531038,Вид питания,От порта USB
1633531038,"Напряжение, В",5
1633531038,"Фактический размер товара, см",6
1633531038,Упаковка,Easy pack
1633531038,Страна-изготовитель,Китай
1633531038,Гарантийный срок,365
1680933099,Артикул,1680933099
1680933099,Тип,Миостимулятор
1680933099,Цвет,Пластырь-20
1680933099,Вид массажа,"Антицеллюлитный, Вибрационный, Импульсный, Миостимулирующий"
1680933099,Зоны массажа,"Ноги, Тело, Поясница, Плечи"
1680933099,Особенности массажного аппарата,"Русификация, Ручные программы, Таймер"
1680933099,"Максимальный рост пользователя, см",220
1680933099,Материал корпуса,ABS пластик
1680933099,Количество программ/режимов,5
1680933099,Вид питания,"Сменная батарея, Внешний источник питания"
1680933099,"Мощность массажера, Вт",10
1680933099,"Напряжение, В",220
1680933099,Упаковка,"Бумажная обертка, Бумажный пакет"
1680933099,Страна-изготовитель,Китай
1680933099,Комплектация,Терапевтические тапочки - 1 шт.;Электроды (патчи) - 4 шт.;Подставка для патчей - 1 шт.;Шнуры электоды - 2 шт.;Блок питания;Инструкция; Аппарат;
1619307147,Артикул,1619307147
1619307147,Тип,Миостимулятор
1619307147,Цвет,5*Оранжевый массажный пластырь
1619307147,Вид массажа,"Акупунктурный, Вибрационный, Импульсный, Миостимулирующий"
1619307147,Зоны массажа,"Зона декольте, Ноги, Руки, Тело, Поясница, Плечи"
1619307147,Особенности массажного аппарата,Ручные программы
1619307147,Материал корпуса,ABS пластик
1619307147,Количество программ/режимов,8
1619307147,Вид питания,От порта USB
1619307147,"Напряжение, В",5
1619307147,"Фактический размер товара, см",6
1619307147,Упаковка,Easy pack
1619307147,Страна-изготовитель,Китай
1619307147,Гарантийный срок,365
1765478943,Артикул,1765478943
1765478943,Тип,Миостимулятор
1765478943,Зоны массажа,Плечи
1765478943,Особенности массажного аппарата,Пульт ДУ
1765478943,Материал корпуса,ABS пластик
1765478943,Количество программ/режимов,8
1765478943,Вид питания,От порта USB
1765478943,"Напряжение, В",3.3
1765478943,Упаковка,Slim Case
1765478943,Страна-изготовитель,Китай
1765478943,Гарантийный срок,6 месяцев
1663857543,Артикул,1663857543
1663857543,Тип,Миостимулятор
1663857543,Зоны массажа,"Плечи, Поясница, Тело, Шея, Ягодицы, Руки"
1663857543,Особенности массажного аппарата,"Пульт ДУ, Работает в автомобиле, Ручные программы, Таймер"
1663857543,Материал корпуса,ABS пластик
1663857543,Количество программ/режимов,8
1663857543,Вид питания,"От порта USB, Сменная батарея"
1663857543,"Напряжение, В",3.3
1663857543,Упаковка,Slim Case
1663857543,Страна-изготовитель,Китай
1663857543,Гарантийный срок,6 месяцев
1663857543,"Вид массажа
","Вибрационный, Импульсный, Лечебный, Миостимулирующий, Расслабляющий, Рефлекторный"
1663857543,Комплектация,Массажер - 1шт. Блокуправления - 1шт. Пульт дистанционного управления - 1шт. USB-кабель зарядки – 1шт.
1620352472,Артикул,1620352472
1620352472,Тип,Миостимулятор
1620352472,Цвет,Массажер с пультом
1620352472,Вид массажа,"Вибрационный, Миостимулирующий"
1620352472,Зоны массажа,"Тело, Шея, Поясница, Плечи, Ягодицы"
1620352472,Особенности массажного аппарата,Ручные программы
1620352472,Материал корпуса,"ABS пластик, Пластик"
1620352472,Количество программ/режимов,8
1620352472,Вид питания,"От порта USB, Сменный аккумулятор (нет в комплекте)"
1620352472,"Напряжение, В",5
1620352472,"Фактический размер товара, см",14.5*6.5
1620352472,Комплектация,1 Massager 1 Massage pad
1620352472,Страна-изготовитель,Китай
530183845,Артикул,530183845
530183845,Тип,Миостимулятор
530183845,Цвет,Белый
530183845,Вид массажа,Миостимулирующий
530183845,Зоны массажа,"Тело, Ноги, Руки, Поясница, Плечи, Лицо"
530183845,Особенности массажного аппарата,"Ручные программы, Таймер"
530183845,"Максимальный рост пользователя, см",220
530183845,Количество программ/режимов,11
530183845,Вид питания,От сети 220В
530183845,"Напряжение, В",220
530183845,Упаковка,"Коробка, Пластиковый лоток"
530183845,Страна-изготовитель,Китай
530183845,Гарантийный срок,12 месяцев
530183845,Комплектация,Многофункциональный блок управления - 1шт Аксессуары: массажные пластины - 2 пары Джок-электроды - 1 пара Провода - 2шт Светодиодная гарнитура -1 шт Сетевой адаптер -1шт Зажим-клипса -1шт Маска - 1шт Руководство по эксплуатации - 1шт
1225948742,Артикул,1225948742
1225948742,Тип,Миостимулятор
1225948742,Вид массажа,Миостимулирующий
1225948742,Зоны массажа,"Тело, Шея, Ноги"
1225948742,Материал корпуса,Пластик
1225948742,Количество программ/режимов,8
1225948742,Вид питания,Встроенный аккумулятор
1225948742,Упаковка,Пакет
1225948742,Страна-изготовитель,Китай
1225948742,Комплектация,"Проводник ""Бабочка"" с гелевыми патчами - 1 шт. Массажер миостимулятор - 1 шт. USB шнур - 1 шт."
1717046434,Артикул,1717046434
1717046434,Тип,Миостимулятор
1717046434,Цвет,Серый
1717046434,Вид массажа,Акупунктурный
1717046434,Зоны массажа,Лицо
1717046434,Особенности массажного аппарата,Съемные части
1717046434,Материал корпуса,Пластик
1717046434,Количество программ/режимов,1
1717046434,Вид питания,Встроенный аккумулятор
1717046434,Комплектация,Аппарат для улучшения сна
1717046434,Страна-изготовитель,Китай
2219719516,Артикул,2219719516
2219719516,Тип,Миостимулятор
2219719516,Цвет,"Салатовый, прозрачный"
2219719516,Вид массажа,"Миостимулирующий, Оздоровительный"
2219719516,Зоны массажа,Тело
2219719516,Материал корпуса,Биопластик
2219719516,Страна-изготовитель,Великобритания
2219719516,Комплектация,"Тренажер EmbaGYN Tenscare - 1 шт. Соединительные провода - 1 шт. Вагинальный зонд со съемным указателем - 1 шт. Батарейки АА 1,5 В – 2 шт. Чехол для хранения - 1 шт. Гель-смазка на водной основе JUST GLIDE 200 мл. - 1 шт. Инструкция - 1 шт. Упаковка - 1 шт."
1570679461,Артикул,1570679461
1570679461,Тип,Миостимулятор
1570679461,Цвет,Черно-белый
1570679461,Зоны массажа,"Ноги, Плечи, Поясница, Руки, Спина, Тело"
1570679461,Особенности массажного аппарата,"Русификация, Таймер, Ручные программы"
1570679461,Материал корпуса,"Силикон, Полипропилен"
1570679461,Количество программ/режимов,4
1570679461,Вид питания,"От сети 220В, Сменная батарея"
1570679461,"Мощность массажера, Вт",5
1570679461,"Напряжение, В",4.5
1570679461,"Фактический размер товара, см",80*55*3
1570679461,Упаковка,Картонная коробка
1570679461,Комплектация,электрод/липучка - 20шт.
1570679461,Страна-изготовитель,Китай
1570679461,"Вид массажа
","Антицеллюлитный, Импульсный, Лечебный, Миостимулирующий, Расслабляющий, Оздоровительный"
1401836118,Артикул,1401836118
1401836118,Тип,Миостимулятор
1401836118,Цвет,Белый
1401836118,Зоны массажа,"Ноги, Плечи, Поясница, Руки, Спина, Тело"
1401836118,Особенности массажного аппарата,"Русификация, Таймер, Ручные программы"
1401836118,Материал корпуса,HPL пластик
1401836118,Количество программ/режимов,4
1401836118,Вид питания,"От сети 220В, Сменная батарея"
1401836118,"Мощность массажера, Вт",5
1401836118,"Напряжение, В",4.5
1401836118,"Фактический размер товара, см",150*10*5
1401836118,Упаковка,Картонная коробка
1401836118,Страна-изготовитель,Китай
1401836118,"Вид массажа
","Антицеллюлитный, Импульсный, Лечебный, Миостимулирующий, Расслабляющий, Оздоровительный"
1401836118,Комплектация,мио стимулятор - 1шт. блок питания - 1 шт. электрод/липучка - 16шт. перчатки 1 пара. тапочки 1 пара.
1865486783,Артикул,1865486783
1865486783,Тип,Миостимулятор
1865486783,Цвет,Suit Core Belt (L)
1865486783,Вид массажа,Миостимулирующий
1865486783,Зоны массажа,"Тело, Поясница"
1865486783,Материал корпуса,"Нейлон, Металл"
1865486783,Количество программ/режимов,2
1865486783,"Фактический размер товара, см",76/85 x 23
1865486783,Страна-изготовитель,Китай
1865486783,Гарантийный срок,1 год
1865486783,Комплектация,Основной блок; контроллер с USB-кабелем для зарядки (Type-C); бутылка-пульверизатор; сетчатый мешок для стирки; чехол; руководство по безопасности; краткое руководство
1672864291,Артикул,1672864291
1672864291,Тип,Миостимулятор
1672864291,Цвет,Массажер 2 с контролем
1672864291,Вид массажа,"Вибрационный, Миостимулирующий"
1672864291,Зоны массажа,"Ноги, Шея, Поясница, Плечи"
1672864291,Особенности массажного аппарата,Ручные программы
1672864291,"Максимальный рост пользователя, см",220
1672864291,Материал корпуса,ABS пластик
1672864291,Количество программ/режимов,8
1672864291,Вид питания,"Встроенный аккумулятор, От порта USB"
1672864291,"Напряжение, В",3.7
1672864291,Упаковка,"Бумажная обертка, Бумажный пакет"
1672864291,Комплектация,"Упаковочная коробка, хост, наклейки, кабель для зарядки."
1672864291,Страна-изготовитель,Китай
1672864291,Гарантийный срок,7 дней
801383592,Артикул,801383592
801383592,Тип,Миостимулятор
801383592,Зоны массажа,Тело
801383592,Страна-изготовитель,Китай
1760944998,Артикул,1760944998
1760944998,Тип,Миостимулятор
1760944998,Цвет,Синий серебристый，синий
1760944998,Зоны массажа,"Тело, Шея, Ягодицы, Поясница, Плечи, Ноги"
1760944998,Особенности массажного аппарата,"Подогрев, Ручные программы"
1760944998,Материал корпуса,ABS пластик
1760944998,Количество программ/режимов,5
1760944998,Вид питания,От сети 220В
1760944998,"Мощность массажера, Вт",200
1760944998,"Напряжение, В",220
1760944998,"Фактический размер товара, см",37x33x20
1760944998,Упаковка,Картонная коробка
1760944998,Страна-изготовитель,Китай
1760944998,"Вид массажа
","Миостимулирующий, Расслабляющий, Рефлекторный, Перкусионный, Лечебный"
1760944998,Комплектация,1.1 главный прибор 2.1 ручка управления 3.7 рабочих зондов 4.1 шнур питания 5.Вешалка для ручек 1 6.1 стойка для зондов
1422596613,Артикул,1422596613
1422596613,Тип,Миостимулятор
1422596613,Цвет,Серебро，1
1422596613,Зоны массажа,"Ноги, Плечи, Поясница, Тело, Шея, Ягодицы"
1422596613,Особенности массажного аппарата,"Подогрев, Ручные программы"
1422596613,"Мощность массажера, Вт",90
1422596613,"Напряжение, В",220
1422596613,"Фактический размер товара, см",42*34*12
1422596613,Упаковка,Картонная шкатулка
1422596613,Страна-изготовитель,Китай
1422596613,Комплектация,"7 рабочих головок, 4 защитных чехла для рабочих головок, хост, шнур питания, инструкция，3 мягкие резиновые головки"
1654397898,Артикул,1654397898
1654397898,Тип,Миостимулятор
1654397898,Цвет,18Pcs
1654397898,Зоны массажа,Поясница
1332788873,Артикул,1332788873
1332788873,Тип,Миостимулятор
1332788873,Бренд,Ergonova
1332788873,Цвет,Белый
1332788873,Вид массажа,"Рефлекторный, Миостимулирующий, Импульсный"
1332788873,Зоны массажа,"Ноги, Поясница, Руки, Спина, Тело, Ягодицы"
1332788873,Особенности массажного аппарата,"Пульт ДУ, Русификация, Съемные части, Таймер"
1332788873,Материал корпуса,ABS пластик
1332788873,Количество программ/режимов,20
1332788873,Вид питания,Сменный аккумулятор
1332788873,"Мощность массажера, Вт",5
1332788873,"Напряжение, В",220
1332788873,"Фактический размер товара, см","36.5x36.5x6,85"
1332788873,Упаковка,Картонная коробка
1332788873,Страна-изготовитель,Китай
1332788873,Гарантийный срок,1 год
1332788873,Комплектация,"Массажер, электродные провода, электроды, 2 батарейки - AAA, 3 батарейки - AA."
1715515660,Артикул,1715515660
1715515660,Тип,Миостимулятор
1715515660,Цвет,Синий с черным
1715515660,Вид массажа,"Миостимулирующий, Импульсный, Вибрационный"
1715515660,Зоны массажа,"Плечи, Руки, Тело, Поясница, Шея, Ягодицы"
1715515660,Особенности массажного аппарата,Таймер
1715515660,"Максимальный рост пользователя, см",200
1715515660,Материал корпуса,ABS пластик
1715515660,Количество программ/режимов,8
1715515660,Вид питания,Встроенный аккумулятор
1715515660,"Мощность массажера, Вт",3.7
1715515660,"Напряжение, В",4
1715515660,"Фактический размер товара, см",15
1715515660,Упаковка,Картонная коробка
1715515660,Комплектация,массажер-1 шт кабель зарядки-1 шт инструкция- 1 шт
1715515660,Страна-изготовитель,Китай
1910746783,Артикул,1910746783
1910746783,Тип,Миостимулятор
1910746783,Цвет,3D массажер для ног оранжевый цвет
1910746783,Вид массажа,Миостимулирующий
1910746783,Зоны массажа,Ноги
1910746783,Особенности массажного аппарата,"Съемные части, Пульт ДУ"
1910746783,Материал корпуса,ABS пластик
1910746783,Количество программ/режимов,8
1910746783,Вид питания,Встроенный аккумулятор
1910746783,"Напряжение, В",3.3
1910746783,Упаковка,Bag-in-Box
1910746783,Страна-изготовитель,Китай
1910746783,Гарантийный срок,180небо
1910746783,Комплектация,Массажер Pad - 1шт. Блокуправления - 1шт. USB-кабель зарядки – 1шт. Сенсорный патч – 1шт. Дистанционное управление – 1шт. USB -1шт.
1620540247,Артикул,1620540247
1620540247,Тип,Миостимулятор
1620540247,Цвет,Серый
1620540247,Зоны массажа,"Ноги, Плечи, Поясница, Руки, Шея, Ягодицы"
1620540247,Особенности массажного аппарата,"Ручные программы, Сканирование тела"
1620540247,Материал корпуса,ABS пластик
1620540247,Количество программ/режимов,12
1620540247,Вид питания,"Внешний источник питания, От сети 220В"
1620540247,"Мощность массажера, Вт",100
1620540247,"Напряжение, В",220
1620540247,"Фактический размер товара, см",20*14.5*6.5
1620540247,Комплектация,"Инструменты, 14 видов массажных головок"
1620540247,Страна-изготовитель,Китай
1620540247,"Вид массажа
","Рефлекторный, Расслабляющий, Оздоровительный, Миостимулирующий, Лимфодренажный, Лечебный"
1760959293,Артикул,1760959293
1760959293,Тип,Миостимулятор
1760959293,Цвет,Белое
1760959293,Зоны массажа,"Ноги, Плечи, Поясница, Руки, Тело, Ягодицы"
1760959293,Особенности массажного аппарата,"Сканирование тела, Ручные программы"
1760959293,Материал корпуса,ABS пластик
1760959293,Вид питания,"От сети 220В, Внешний источник питания"
1760959293,"Мощность массажера, Вт",350
1760959293,"Напряжение, В",220
1760959293,Упаковка,Картонная коробка
1760959293,Комплектация,Основное оборудование
1760959293,Страна-изготовитель,Китай
1760959293,"Вид массажа
","Вибрационный, Перкусионный, Рефлекторный, Расслабляющий, Лечебный"
1771874596,Артикул,1771874596
1771874596,Тип,Миостимулятор
1771874596,Цвет,Черный
1771874596,Зоны массажа,"Шея, Ноги, Поясница, Тело"
1771874596,Страна-изготовитель,Китай
1976166729,Артикул,1976166729
1976166729,Тип,Миостимулятор
1976166729,Вид массажа,"Вакуумный, Рефлекторный, Вибрационный"
1976166729,Зоны массажа,"Ягодицы, Зона декольте"
1976166729,"Максимальный рост пользователя, см",200
1976166729,Материал корпуса,ABS пластик
1976166729,Количество программ/режимов,1
1976166729,Вид питания,Встроенный аккумулятор
1976166729,"Мощность массажера, Вт",10
1976166729,"Напряжение, В",220
1976166729,"Фактический размер товара, см",28*17*17
1976166729,Упаковка,Картонный бокс + DigiPak
1976166729,Комплектация,Прибор + пульт дистанционного управления
1976166729,Страна-изготовитель,Китай
1976166729,Гарантийный срок,90 дней
1976166729,Цвет,Электрический тренажер для мышц унисекс - перезаряжаемая версия
1976166729,Особенности массажного аппарата,"Работает в автомобиле, Ручные программы, Сканирование тела, Пульт ДУ, Подогрев"
1655493326,Артикул,1655493326
1655493326,Тип,Миостимулятор
1655493326,Цвет,Черный
1655493326,Вид массажа,"Вибрационный, Импульсный, Лимфодренажный, Перкусионный"
1655493326,Зоны массажа,"Ноги, Плечи, Поясница, Руки, Спина, Тело"
1655493326,Особенности массажного аппарата,Ручные программы
1655493326,Материал корпуса,ABS пластик
1655493326,Количество программ/режимов,30
1655493326,Вид питания,Встроенный аккумулятор
1655493326,"Мощность массажера, Вт",50
1655493326,"Напряжение, В",220
1655493326,"Фактический размер товара, см",25*22*9
1655493326,Упаковка,Сумка-чехол
1655493326,Страна-изготовитель,Китай
1655493326,Гарантийный срок,6 месяцев
1655493326,Комплектация,Перкуссионный массажер - 1 шт. Насадки - 6 шт. Зарядное устройство - 1 шт. Инструкция - 1 шт. Кейс - 1 шт.
1416990601,Артикул,1416990601
1416990601,Тип,Миостимулятор
1416990601,Цвет,Массажер для ног
1416990601,Зоны массажа,Ноги
1416990601,Особенности массажного аппарата,Ручные программы
1416990601,Материал корпуса,ПВХ (поливинилхлорид)
1416990601,Количество программ/режимов,8
1416990601,Вид питания,Встроенный аккумулятор
1416990601,"Напряжение, В",4
1416990601,"Фактический размер товара, см",28х35х1
1416990601,Упаковка,Картонная коробка
1416990601,Страна-изготовитель,Китай
1416990601,"Вид массажа
","Акупунктурный, Импульсный, Миостимулирующий, Оздоровительный, Расслабляющий"
1416990601,Комплектация,"Коврик массажный, блок управления, шнур USB, инструкция на русском языке"
491270294,Артикул,491270294
491270294,Тип,Миостимулятор
491270294,Цвет,Черный
491270294,Зоны массажа,Ноги
491270294,Материал корпуса,"Металл, Пластик"
491270294,"Напряжение, В",3
491270294,"Фактический размер товара, см",30 Х 30 Х 3
491270294,Комплектация,"Массажер для ног, руководство по эксплуатации, упаковка."
491270294,Страна-изготовитель,Китай
491270294,Гарантийный срок,6 месяцев
1837400685,Артикул,1837400685
1837400685,Тип,Миостимулятор
1837400685,Цвет,Черный
1837400685,Вид массажа,"Импульсный, Лечебный, Миостимулирующий"
1837400685,Зоны массажа,Ноги
1837400685,Особенности массажного аппарата,Работает в автомобиле
1837400685,Материал корпуса,Нейлон
1837400685,Количество программ/режимов,8
1837400685,Вид питания,"От порта USB, Встроенный аккумулятор"
1837400685,"Мощность массажера, Вт",24
1837400685,"Напряжение, В",3.7
1837400685,"Фактический размер товара, см",29*27*1.5
1837400685,Страна-изготовитель,Китай
1837400685,Гарантийный срок,гарантия Озон
1837400685,Комплектация,"коврик-миостимулятор, блок управления, провод зарядки USB, пульт управления"
1758966661,Артикул,1758966661
1758966661,Тип,Миостимулятор
1758966661,Бренд,YUNCHI
1758966661,Цвет,Светло-бежевый
1758966661,Зоны массажа,"Плечи, Шея, Поясница, Ноги, Тело, Руки"
1758966661,Особенности массажного аппарата,"Таймер, Ручные программы"
1758966661,"Максимальный рост пользователя, см",200
1758966661,Материал корпуса,ABS пластик
1758966661,Количество программ/режимов,3
1758966661,Вид питания,От сети 220В
1758966661,"Мощность массажера, Вт",25
1758966661,"Напряжение, В",15
1758966661,"Фактический размер товара, см",24X24X11
1758966661,Упаковка,Bag-in-Box
1758966661,Страна-изготовитель,Китай
1758966661,Гарантийный срок,1 год
1758966661,"Вид массажа
","Оздоровительный, Вибрационный, Расслабляющий, Лечебный, Лимфодренажный, Миостимулирующий"
1758966661,Комплектация,Ультразвуковой физиотерапевтический массажный прибор*1 Гель*1 Адаптер*1 Зонд*1 Сумка*1
1109272906,Артикул,1109272906
1109272906,Тип,Миостимулятор
1109272906,Цвет,Черный
1109272906,Вид массажа,Миостимулирующий
1109272906,Зоны массажа,Ноги
1109272906,Особенности массажного аппарата,Таймер
1109272906,"Максимальный рост пользователя, см",200
1109272906,Материал корпуса,Силикон
1109272906,Количество программ/режимов,8
1109272906,Вид питания,От порта USB
1109272906,"Фактический размер товара, см",30х29
1109272906,Упаковка,Картонная коробка
1109272906,Комплектация,Коробка Пульт массажный коврик
1109272906,Страна-изготовитель,Китай
1109272906,Гарантийный срок,14 дней
1433270599,Артикул,1433270599
1433270599,Тип,Миостимулятор
1433270599,Цвет,Черный
1433270599,Зоны массажа,"Ягодицы, Поясница, Тело, Ноги, Руки"
1433270599,Особенности массажного аппарата,Работает в автомобиле
1433270599,Количество программ/режимов,6
1433270599,Вид питания,Сменная батарея
1433270599,Комплектация,Тренажер - 3шт; инструкция; упаковка
1433270599,Страна-изготовитель,Китай
1433270599,"Вид массажа
","Антицеллюлитный, Вибрационный, Миостимулирующий, Разминание, Оздоровительный"
2024372646,Артикул,2024372646
2024372646,Тип,Миостимулятор
2024372646,Бренд,YUNCHI
2024372646,Цвет,"Черный матовый, белый, серебристый"
2024372646,Вид массажа,"Миостимулирующий, Разминание, Расслабляющий"
2024372646,Зоны массажа,"Плечи, Руки, Ноги, Тело"
2024372646,Особенности массажного аппарата,Подогрев
2024372646,"Максимальный рост пользователя, см",230
2024372646,Материал корпуса,ABS пластик
2024372646,Количество программ/режимов,6
2024372646,Вид питания,Встроенный аккумулятор
2024372646,"Мощность массажера, Вт",25
2024372646,"Напряжение, В",240
2024372646,"Фактический размер товара, см",23*23*10
2024372646,Упаковка,Bag-in-Box
2024372646,Комплектация,Физиотерапевтический аппарат
2024372646,Страна-изготовитель,Китай
2024372646,Гарантийный срок,1
515985557,Артикул,515985557
515985557,Тип,Миостимулятор
515985557,Вид массажа,"Вибрационный, Расслабляющий, Антицеллюлитный"
515985557,Зоны массажа,"Ноги, Поясница, Тело, Ягодицы"
515985557,Количество программ/режимов,5
515985557,"Напряжение, В",220
515985557,Упаковка,Картонная коробка
515985557,Комплектация,"Пояс, пульт, чехол-сумка, блок питания"
515985557,Страна-изготовитель,Китай
1866614671,Артикул,1866614671
1866614671,Тип,Миостимулятор
1866614671,Цвет,Белый
1866614671,Вид массажа,Импульсный
1866614671,Зоны массажа,Руки
1866614671,Материал корпуса,ABS пластик
1866614671,Количество программ/режимов,2
1866614671,Вид питания,Встроенный аккумулятор
1866614671,"Фактический размер товара, см",6.5х4х3.5
1866614671,Комплектация,"прибор, кабель зарядки, инструкция"
979821849,Артикул,979821849
979821849,Тип,Миостимулятор
979821849,Цвет,Черный
979821849,Зоны массажа,"Тело, Ноги, Поясница, Ягодицы"
979821849,Особенности массажного аппарата,Работает в автомобиле
979821849,Комплектация,Тренажер - 3шт; инструкция; упаковка
979821849,Страна-изготовитель,Китай
979821849,"Вид массажа
","Вибрационный, Антицеллюлитный, Миостимулирующий, Оздоровительный, Разминание, Расслабляющий"
1489515907,Артикул,1489515907
1489515907,Тип,Миостимулятор
1489515907,Цвет,Голубой
1489515907,Вид массажа,Миостимулирующий
1489515907,Зоны массажа,Тело
1489515907,Особенности массажного аппарата,Ручные программы
1489515907,Материал корпуса,ABS пластик
1489515907,Количество программ/режимов,8
1489515907,Вид питания,"Встроенный аккумулятор, От порта USB"
1489515907,"Фактический размер товара, см",94*40
1489515907,Упаковка,Бумажная обертка
1489515907,Страна-изготовитель,Китай
1489515907,Комплектация,"Хост (8 режимов, 3 программы) -1, вагинальный зонд (длина кабеля 35 см) -1, кабель для зарядки -1, инструкция по эксплуатации -1, заводская упаковка -1."
480706908,Артикул,480706908
480706908,Тип,Миостимулятор
480706908,Цвет,Белый
480706908,Зоны массажа,"Зона декольте, Ноги, Плечи, Поясница, Руки, Тело"
480706908,Особенности массажного аппарата,Сканирование тела
480706908,Количество программ/режимов,3
480706908,Вид питания,"От порта USB, От сети 220В через адаптер"
480706908,"Мощность массажера, Вт",5
480706908,Упаковка,Картонная коробка
480706908,Страна-изготовитель,Китай
480706908,Гарантийный срок,14
480706908,"Вид массажа
","Акупунктурный, Импульсный, Миостимулирующий, Оздоровительный, Расслабляющий"
480706908,Комплектация,"В комплект входит: прибор для терапии, 2 насадки, провод для насадок, адаптер для розетки, провод USB-адаптер, 3 батарейки ААА. ЖК-интерфейс. Меню полностью на русском языке."
2024386264,Артикул,2024386264
2024386264,Тип,Миостимулятор
2024386264,Бренд,YUNCHI
2024386264,Цвет,"Черный, белый, перламутровый, серый металлик, серебристый"
2024386264,Вид массажа,Миостимулирующий
2024386264,Зоны массажа,"Руки, Плечи, Тело, Шея, Ноги"
2024386264,Особенности массажного аппарата,"Подогрев, Таймер"
2024386264,"Максимальный рост пользователя, см",230
2024386264,Материал корпуса,ABS пластик
2024386264,Количество программ/режимов,5
2024386264,Вид питания,Встроенный аккумулятор
2024386264,"Мощность массажера, Вт",240
2024386264,"Напряжение, В",100
2024386264,"Фактический размер товара, см",30*22*10
2024386264,Упаковка,Bag-in-Box
2024386264,Страна-изготовитель,Китай
2024386264,Гарантийный срок,1год
2024386264,Комплектация,терапии *1 зонд * 1 Гель *1 Вилка * 1 Руководство пользователя *1
1915377443,Артикул,1915377443
1915377443,Тип,Миостимулятор
1915377443,Бренд,YUNCHI
1915377443,Цвет,"Черный, белый, серый, слоновая кость, серый металлик"
1915377443,Вид массажа,Миостимулирующий
1915377443,Зоны массажа,"Плечи, Руки, Ноги, Тело"
1915377443,Особенности массажного аппарата,Подогрев
1915377443,"Максимальный рост пользователя, см",240
1915377443,Материал корпуса,ABS пластик
1915377443,Количество программ/режимов,6
1915377443,Вид питания,Встроенный аккумулятор
1915377443,"Мощность массажера, Вт",25
1915377443,"Напряжение, В",240
1915377443,"Фактический размер товара, см",24*24*11
1915377443,Упаковка,Bag-in-Box
1915377443,Комплектация,Физиотерапевтический аппарат
1915377443,Страна-изготовитель,Китай
1915377443,Гарантийный срок,1
375232409,Артикул,375232409
375232409,Тип,Миостимулятор
375232409,Цвет,Белый
375232409,Вид массажа,"Акупунктурный, Импульсный, Миостимулирующий, Расслабляющий"
375232409,Зоны массажа,"Ноги, Плечи, Поясница, Тело, Шея, Ягодицы"
375232409,Количество программ/режимов,10
375232409,Упаковка,Картонная коробка
375232409,Комплектация,батарейка - 3 шт.; насадка - 2 шт.; адаптер; миостимулятор; шнур - 2 шт. инструкция на русском
1689476510,Артикул,1689476510
1689476510,Тип,Миостимулятор
1689476510,Цвет,Светло-серый
1689476510,Вид массажа,"Миостимулирующий, Вибрационный, Комбинированный"
1689476510,Зоны массажа,"Поясница, Тело"
1689476510,Особенности массажного аппарата,"Пульт ДУ, Подогрев"
1689476510,Материал корпуса,"ABS пластик, Искусственная кожа"
1689476510,Количество программ/режимов,12
1689476510,"Напряжение, В",3.7
1689476510,"Фактический размер товара, см",95*12.2
1689476510,Страна-изготовитель,Китай
1689476510,Гарантийный срок,30 дней
1689476510,Комплектация,"Основное устройство x1, пульт дистанционного управления x1, удлинительный ремень x2, кабель для зарядки ×1, батарея кнопочных элементов x1, руководство по эксплуатации ×1"
816758934,Артикул,816758934
816758934,Тип,Миостимулятор
816758934,Цвет,Серебряный N10
816758934,Вид массажа,"Рефлекторный, Расслабляющий, Миостимулирующий"
816758934,Зоны массажа,Тело
816758934,Особенности массажного аппарата,Таймер
816758934,"Максимальный рост пользователя, см",220
816758934,Материал корпуса,ABS пластик
816758934,Количество программ/режимов,12
816758934,Вид питания,Встроенный аккумулятор
816758934,"Напряжение, В",4.5
816758934,"Фактический размер товара, см",18*6*4
816758934,Упаковка,Бумажная обертка
816758934,Страна-изготовитель,Китай
816758934,Комплектация,Характеристики аксессуаров:<br/>Материал массажных подушек: Проводящий гель<br/>Размер: 90 мм (L) x59мм<br/>Электрод тапочки Материал боты: EVA<br/>Верхняя крышка: искусственная кожа<br/>Массажная головка: Проводящий силикагель<br/>Электрод Размер тапочек 260x95мм<br/>Выходной шнур leghth 1670 мм<br/>Материал держателя колодки: АБС-пластик<br/>Размер: 96x61мм<br/><br/>В комплект входит коробка<br/>Контроллер 1 единица<br/>Массажные подушечки 2 пары<br/>Выходной шнур 2 шт<br/>Электрод тапочки 1 пара<br/>Держатель для подушек 2 шт.<br/>Аккумулятор 4 шт. AAA (не входит в комплект)<br/>Адаптер 1 шт.
1585431059,Артикул,1585431059
1585431059,Тип,Миостимулятор
1585431059,Бренд,Beurer
1585431059,Цвет,bcs074
1585431059,Зоны массажа,"Ноги, Плечи, Руки"
1585431059,Особенности массажного аппарата,"Работает в автомобиле, Ручные программы, Таймер"
1585431059,Материал корпуса,Пластик
1585431059,Вид питания,Сменная батарея
1585431059,"Мощность массажера, Вт",100
1585431059,"Напряжение, В",100
1585431059,Страна-изготовитель,Германия
1585431059,Гарантийный срок,24 месяца
1585431059,"Вид массажа
","Импульсный, Лечебный, Миостимулирующий, Оздоровительный, Перкусионный, Разминание"
1585431059,Комплектация,Инструкция по эксплуатации; 4 самоклеящихся электрода; Батарейки ААА - 3 шт.; Миостимулятор EMS - TENS; 2 соединительных кабеля
1633531061,Артикул,1633531061
1633531061,Тип,Миостимулятор
1633531061,Цвет,2
1633531061,Вид массажа,"Акупунктурный, Вибрационный, Импульсный, Миостимулирующий"
1633531061,Зоны массажа,"Зона декольте, Ноги, Руки, Тело, Поясница, Плечи"
1633531061,Особенности массажного аппарата,Ручные программы
1633531061,Материал корпуса,ABS пластик
1633531061,Количество программ/режимов,8
1633531061,Вид питания,От порта USB
1633531061,"Напряжение, В",5
1633531061,"Фактический размер товара, см",6
1633531061,Упаковка,Easy pack
1633531061,Страна-изготовитель,Китай
1633531061,Гарантийный срок,365
1769993183,Артикул,1769993183
1769993183,Тип,Миостимулятор
1769993183,Цвет,20
1769993183,Вид массажа,"Акупунктурный, Вибрационный, Импульсный, Миостимулирующий"
1769993183,Зоны массажа,"Зона декольте, Область вокруг глаз, Тело, Поясница, Плечи"
1769993183,Особенности массажного аппарата,Ручные программы
1769993183,Материал корпуса,ABS пластик
1769993183,Количество программ/режимов,1
1769993183,Вид питания,От порта USB
1769993183,"Напряжение, В",5
1769993183,"Фактический размер товара, см",6
1769993183,Упаковка,Easy pack
1769993183,Страна-изготовитель,Китай
1769993183,Гарантийный срок,365
826204422,Артикул,826204422
826204422,Тип,Миостимулятор
826204422,Цвет,Белый
826204422,Зоны массажа,"Зона декольте, Голова, Лицо, Ноги, Область вокруг глаз"
826204422,Особенности массажного аппарата,Ручные программы
826204422,"Максимальный рост пользователя, см",200
826204422,Материал корпуса,HPL пластик
826204422,Количество программ/режимов,6
826204422,Вид питания,Внешний источник питания
826204422,"Мощность массажера, Вт",80
826204422,"Фактический размер товара, см",35x18x17
826204422,Упаковка,"Бумажный пакет, Целлофановый пакет"
826204422,Страна-изготовитель,Китай
826204422,Гарантийный срок,нет
826204422,"Вид массажа
","Антицеллюлитный, Вакуумный, Вибрационный, Комбинированный, Лечебный, Расслабляющий"
826204422,Комплектация,1 - массажер для тела 3 - насадки для массажера 1 - инструкция на русском языке 1-подставка для манипул
1685955373,Артикул,1685955373
1685955373,Тип,Миостимулятор
1685955373,Зоны массажа,"Ноги, Шея, Поясница, Плечи, Ягодицы, Спина"
1685955373,Особенности массажного аппарата,"Работает в автомобиле, Ручные программы, Съемные части"
1685955373,"Максимальный рост пользователя, см",250
1685955373,Материал корпуса,Пластик
1685955373,Количество программ/режимов,8
1685955373,Вид питания,"Встроенный аккумулятор, От порта USB"
1685955373,"Мощность массажера, Вт",24
1685955373,"Напряжение, В",3.7
1685955373,"Фактический размер товара, см",15х6х1
1685955373,Упаковка,"Картонная коробка, Целлофановый пакет"
1685955373,Страна-изготовитель,Китай
1685955373,Гарантийный срок,30 дней
1685955373,"Вид массажа
","Импульсный, Миостимулирующий, Расслабляющий, Комбинированный, Оздоровительный, Лимфодренажный"
1396605006,Артикул,1396605006
1396605006,Тип,Миостимулятор
1396605006,Цвет,Стиль II
1396605006,Зоны массажа,Тело
1396605006,Материал корпуса,ABS пластик
1396605006,Количество программ/режимов,2
1396605006,Вид питания,Сменный аккумулятор (нет в комплекте)
1396605006,"Напряжение, В",220
1396605006,"Фактический размер товара, см",15x10x4
1396605006,Упаковка,Бумажный пакет
1396605006,Страна-изготовитель,Китай
1396605006,Гарантийный срок,1 год
1396605006,"Вид массажа
","Вакуумный, Миостимулирующий, Расслабляющий, Оздоровительный, Лечебный, Лимфодренажный"
1396605006,Особенности массажного аппарата,"Работает в автомобиле, Ручные программы, Встроенные динамики, Сканирование тела"
1686765905,Артикул,1686765905
1686765905,Тип,Миостимулятор
1686765905,Зоны массажа,"Ноги, Шея, Поясница, Ягодицы, Спина"
1686765905,Особенности массажного аппарата,"Работает в автомобиле, Ручные программы, Съемные части"
1686765905,Вид питания,"Встроенный аккумулятор, От порта USB"
1686765905,Упаковка,Картонная коробка
1686765905,"Вид массажа
","Импульсный, Миостимулирующий, Расслабляющий, Комбинированный, Оздоровительный"
1774648957,Артикул,1774648957
1774648957,Тип,Миостимулятор
1774648957,Цвет,L/XL (талия 98 см)
1774648957,Зоны массажа,"Тело, Поясница, Ягодицы, Спина"
1774648957,"Максимальный рост пользователя, см",215
1774648957,Материал корпуса,"ABS пластик, Текстиль"
1774648957,Количество программ/режимов,6
1774648957,Вид питания,"Встроенный аккумулятор, От порта USB"
1774648957,"Мощность массажера, Вт",30
1774648957,"Фактический размер товара, см",98
1774648957,Упаковка,Картонная коробка
1774648957,Страна-изготовитель,Китай
1774648957,Гарантийный срок,1 год
1774648957,"Вид массажа
","Антицеллюлитный, Вибрационный, Импульсный, Миостимулирующий, Расслабляющий, Лимфодренажный"
1774648957,Особенности массажного аппарата,"Русификация, Работает в автомобиле, Ручные программы, Таймер, Регулировка по размеру, Съемные части"
1774648957,Комплектация,EMS - тренажер для пресса (пояс) - 1шт; Рацион питания для похудения на 2000 ккал; Инструкция на русском языке; Индикатор - 1 шт; Зарядное устройство (USB - Charging кабель) - 1 шт; Опрыскиватель массажера (распылитель) - 1шт;
1620286355,Артикул,1620286355
1620286355,Тип,Миостимулятор
1620286355,Цвет,Версия с дистанционным управлением 01
1620286355,Вид массажа,"Вибрационный, Миостимулирующий"
1620286355,Зоны массажа,"Поясница, Ягодицы"
1620286355,Особенности массажного аппарата,Ручные программы
1620286355,"Максимальный рост пользователя, см",220
1620286355,Материал корпуса,"ABS пластик, Пластик"
1620286355,Количество программ/режимов,8
1620286355,Вид питания,Сменный аккумулятор (нет в комплекте)
1620286355,"Напряжение, В",5
1620286355,Упаковка,Бумажная обертка
1620286355,Комплектация,1 Massager 1 Massage pad
1620286355,Страна-изготовитель,Китай
1619307156,Артикул,1619307156
1619307156,Тип,Миостимулятор
1619307156,Цвет,Устройство для тренировки ягодиц 01
1619307156,Вид массажа,"Акупунктурный, Вибрационный, Импульсный, Миостимулирующий"
1619307156,Зоны массажа,"Зона декольте, Ноги, Руки, Тело, Поясница, Плечи"
1619307156,Особенности массажного аппарата,Ручные программы
1619307156,Материал корпуса,ABS пластик
1619307156,Количество программ/режимов,8
1619307156,Вид питания,От порта USB
1619307156,"Напряжение, В",5
1619307156,"Фактический размер товара, см",6
1619307156,Упаковка,Easy pack
1619307156,Страна-изготовитель,Китай
1619307156,Гарантийный срок,365
1619306933,Артикул,1619306933
1619306933,Тип,Миостимулятор
1619306933,Цвет,Версия с дистанционным управлением 01
1619306933,Вид массажа,"Акупунктурный, Вибрационный, Импульсный, Миостимулирующий"
1619306933,Зоны массажа,"Зона декольте, Ноги, Руки, Тело, Поясница, Плечи"
1619306933,Особенности массажного аппарата,Ручные программы
1619306933,Материал корпуса,ABS пластик
1619306933,Количество программ/режимов,8
1619306933,Вид питания,От порта USB
1619306933,"Напряжение, В",5
1619306933,"Фактический размер товара, см",6
1619306933,Упаковка,Easy pack
1619306933,Страна-изготовитель,Китай
1619306933,Гарантийный срок,365
1620286295,Артикул,1620286295
1620286295,Тип,Миостимулятор
1620286295,Цвет,Устройство для тренировки ягодиц 01
1620286295,Вид массажа,"Вибрационный, Миостимулирующий"
1620286295,Зоны массажа,"Поясница, Ягодицы"
1620286295,Особенности массажного аппарата,Ручные программы
1620286295,"Максимальный рост пользователя, см",220
1620286295,Материал корпуса,"ABS пластик, Пластик"
1620286295,Количество программ/режимов,8
1620286295,Вид питания,Сменный аккумулятор (нет в комплекте)
1620286295,"Напряжение, В",5
1620286295,Упаковка,Бумажная обертка
1620286295,Комплектация,1 Massager 1 Massage pad
1620286295,Страна-изготовитель,Китай
1095290547,Артикул,1095290547
1095290547,Тип,Миостимулятор
1095290547,Цвет,Белый
1095290547,Зоны массажа,"Тело, Шея, Ягодицы, Руки, Поясница, Плечи"
1095290547,Особенности массажного аппарата,Таймер
1095290547,Материал корпуса,Металл
1095290547,Количество программ/режимов,4
1095290547,Вид питания,От сети 220В
1095290547,"Мощность массажера, Вт",35
1095290547,"Напряжение, В",220
1095290547,"Фактический размер товара, см",39 х 32 х 14
1095290547,Упаковка,Картонная коробка
1095290547,Страна-изготовитель,Китай
1095290547,Гарантийный срок,6 месяцев
1095290547,Комплектация,"Аппарат -1 шт 20 многоразовых электродов для тела, 2 для груди, 2 для шеи."
1634346038,Артикул,1634346038
1634346038,Тип,Миостимулятор
1634346038,Цвет,Массажер
1634346038,Вид массажа,"Импульсный, Миостимулирующий"
1634346038,Зоны массажа,"Руки, Тело, Поясница, Плечи"
1634346038,Особенности массажного аппарата,Съемные части
1634346038,"Максимальный рост пользователя, см",220
1634346038,Материал корпуса,"ABS пластик, Алюминий"
1634346038,Количество программ/режимов,12
1634346038,Вид питания,Сменная батарея
1634346038,"Мощность массажера, Вт",1
1634346038,"Напряжение, В",3
1634346038,"Фактический размер товара, см",10*7.5*2
1634346038,Упаковка,"Бумажная обертка, Коробка пластиковая"
1634346038,Страна-изготовитель,Китай
1634346038,Гарантийный срок,30 дней
1634346038,Комплектация,Хост*1+от одного до четырех проводов*1+пластырь*4+руководство на английском языке*1
