good_id,group_name,name,value
221329577,Основная информация,Цвет,серебристый
221329577,Общие характеристики,Гарантийный срок,12 месяцев
221329577,Питание,Питание,USB; от аккумулятора
221329577,Технические особенности,Количество режимов работы,36 режимов
221329577,Насадки,Количество насадок,10 шт.
221329577,Дополнительная информация,Тип массажера,электроимпульсный; вибромассажер
221329577,Дополнительная информация,Зона массажа,ноги; спина; тело
221329577,Дополнительная информация,Действие,снятие отечности; улучшение кровообращения; разогревающее
221329577,Дополнительная информация,Доп. опции массажера,таймер; электромиостимуляция; эффект иглоукалывания
221329577,Дополнительная информация,Страна производства,Китай
221329577,Габариты,Высота предмета,9.5 см
221329577,Габариты,Ширина предмета,7 см
221329577,Габариты,Глубина предмета,1 см
221329577,Габариты,Вес без упаковки (кг),0.07 кг
221329577,Габариты,Вес с упаковкой (кг),0.4 кг
221329577,Габариты,Длина упаковки,17 см
221329577,Габариты,Высота упаковки,9 см
221329577,Габариты,Ширина упаковки,9 см
334678554,Основная информация,Цвет,серебристый
334678554,Общие характеристики,Гарантийный срок,12 месяцев
334678554,Питание,Питание,от аккумулятора
334678554,Технические особенности,Количество режимов работы,48 режимов
334678554,Насадки,Количество насадок,16 шт.
334678554,Дополнительная информация,Тип массажера,электроимпульсный
334678554,Дополнительная информация,Зона массажа,тело
334678554,Дополнительная информация,Действие,разогревающее; коррекция фигуры; снятие отечности
334678554,Дополнительная информация,Мин. продолжительность автономной работы,1200 мин
334678554,Дополнительная информация,Доп. опции массажера,вибромассаж; электромиостимуляция; эффект иглоукалывания
334678554,Дополнительная информация,Страна производства,Китай
334678554,Габариты,Вес с упаковкой (кг),0.6 кг
334678554,Габариты,Длина упаковки,26 см
334678554,Габариты,Высота упаковки,6 см
334678554,Габариты,Ширина упаковки,19 см
221352035,Основная информация,Цвет,серебристый
221352035,Общие характеристики,Гарантийный срок,12 месяцев
221352035,Питание,Питание,от аккумулятора
221352035,Технические особенности,Количество режимов работы,36 режимов
221352035,Насадки,Количество насадок,10 шт.
221352035,Дополнительная информация,Тип массажера,электроимпульсный
221352035,Дополнительная информация,Зона массажа,тело
221352035,Дополнительная информация,Действие,разогревающее; коррекция фигуры; снятие отечности
221352035,Дополнительная информация,Мин. продолжительность автономной работы,600 мин
221352035,Дополнительная информация,Доп. опции массажера,вибромассаж; электромиостимуляция; эффект иглоукалывания
221352035,Дополнительная информация,Страна производства,Китай
221352035,Габариты,Высота предмета,12 см
221352035,Габариты,Ширина предмета,6 см
221352035,Габариты,Глубина предмета,1 см
221352035,Габариты,Вес без упаковки (кг),0.09 кг
221352035,Габариты,Вес с упаковкой (кг),0.4 кг
221352035,Габариты,Длина упаковки,17 см
221352035,Габариты,Высота упаковки,9 см
221352035,Габариты,Ширина упаковки,9 см
91028354,Основная информация,Цвет,серый
91028354,Общие характеристики,Модель,JR309
91028354,Питание,Питание,220В (5А); 3 батарейки ААА; USB-шнур
91028354,Технические особенности,Количество режимов работы,9
91028354,Дополнительная информация,Тип массажера,миостимулятор; Массажер электрический; лечение
91028354,Дополнительная информация,Зона массажа,ноги; пресс; тело
91028354,Дополнительная информация,Действие,для массажа; для тренировки мышц; для похудения
91028354,Дополнительная информация,Доп. опции массажера,автовыключение; электромиостимуляция; Регулируемая скорость
91028354,Дополнительная информация,Комплектация,миостимулятор; тапочки - 2 шт; Перчатки - 2 шт; носки - 2 шт; нарукавники - 2 шт
91028354,Дополнительная информация,Страна производства,Китай
91028354,Габариты,Высота предмета,4 см
91028354,Габариты,Ширина предмета,10 см
91028354,Габариты,Глубина предмета,15 см
91028354,Габариты,Вес без упаковки (кг),0.15 кг
91028354,Габариты,Вес с упаковкой (кг),0.45 кг
91028354,Габариты,Длина упаковки,11 см
91028354,Габариты,Высота упаковки,10 см
91028354,Габариты,Ширина упаковки,27 см
169351017,Основная информация,Цвет,белый; синий
169351017,Общие характеристики,Модель,"Миостимулятор FZ-1 ""ШУБОШИ"" / ""Удобный Доктор"""
169351017,Общие характеристики,Гарантийный срок,1 год
169351017,Питание,Питание,от аккумулятора; от сети
169351017,Технические особенности,Количество режимов работы,4
169351017,Насадки,Количество насадок,2 шт.
169351017,Дополнительная информация,Тип массажера,миостимулятор; массажер электрический импульсный; Миостимулятор EMS - TENS
169351017,Дополнительная информация,Зона массажа,Лицо / Тело / Руки / Ноги / Спина / Живот / Кожа
169351017,Дополнительная информация,Форма массажера,ручной электромассажер
169351017,Дополнительная информация,Действие,лифтинг/от отеков/от темных кругов; Оздоровительный эффект; Массажер для лица шеи и тела
169351017,Дополнительная информация,Доп. опции массажера,дисплей; индикация времени до окончания процедуры; индикация выбранного режима
169351017,Дополнительная информация,Комплектация,Инструкция - 1 шт.; Сетевой адаптер - 1 шт.; Миостимулятор - 1 шт.
169351017,Дополнительная информация,Страна производства,Китай
169351017,Дополнительная информация,Срок эксплуатации,15 лет
169351017,Габариты,Высота предмета,15 см
169351017,Габариты,Ширина предмета,6.2 см
169351017,Габариты,Глубина предмета,2.6 см
169351017,Габариты,Вес без упаковки (кг),0.12 кг
169351017,Габариты,Вес с упаковкой (кг),0.7 кг
169351017,Габариты,Длина упаковки,9 см
169351017,Габариты,Высота упаковки,18 см
169351017,Габариты,Ширина упаковки,11 см
251013688,Основная информация,Цвет,серебристый; черный
251013688,Общие характеристики,Модель,"Миостимулятор FZ-2 ""ШУБОШИ"""
251013688,Общие характеристики,Гарантийный срок,2 года
251013688,Питание,Питание,от аккумулятора
251013688,Технические особенности,Количество режимов работы,8 режимов
251013688,Насадки,Количество насадок,4 шт.
251013688,Дополнительная информация,Тип массажера,миостимулятор; массажер электрический импульсный; Миостимулятор EMS - TENS
251013688,Дополнительная информация,Зона массажа,Лицо / Тело / Руки / Ноги / Спина / Живот / Кожа
251013688,Дополнительная информация,Форма массажера,ручной электромассажер
251013688,Дополнительная информация,Действие,лифтинг/от отеков/от темных кругов; Оздоровительный эффект; Массажер для лица шеи и тела
251013688,Дополнительная информация,Доп. опции массажера,электромиостимуляция
251013688,Дополнительная информация,Комплектация,Инструкция - 1 шт.; Сетевой адаптер - 1 шт.; Миостимулятор - 1 шт.; провод micro USB; Кнопочный провод для электродов - 2 шт; Массажные электроды стандартные - 4 шт
251013688,Дополнительная информация,Страна производства,Китай
251013688,Дополнительная информация,Срок эксплуатации,15 лет
251013688,Габариты,Высота предмета,8 см
251013688,Габариты,Ширина предмета,4 см
251013688,Габариты,Глубина предмета,1 см
251013688,Габариты,Вес без упаковки (кг),0.42 кг
251013688,Габариты,Вес с упаковкой (кг),0.43 кг
251013688,Габариты,Длина упаковки,9 см
251013688,Габариты,Высота упаковки,15 см
251013688,Габариты,Ширина упаковки,8 см
141376926,Основная информация,Цвет,серый
141376926,Общие характеристики,Модель,REMASO
141376926,Общие характеристики,Гарантийный срок,1 год
141376926,Питание,Питание,USB; от сети
141376926,Технические особенности,Количество режимов работы,25
141376926,Насадки,Количество насадок,10 шт.
141376926,Дополнительная информация,Тип массажера,тепловой; электроимпульсный
141376926,Дополнительная информация,Зона массажа,шея; спина; ноги
141376926,Дополнительная информация,Действие,восстановление; снятие мышечного напряжения; оздоровление
141376926,Дополнительная информация,Мин. продолжительность автономной работы,360 мин
141376926,Дополнительная информация,Доп. опции массажера,электромиостимуляция; ударный
141376926,Дополнительная информация,Количество роликов,нет
141376926,Дополнительная информация,Комплектация,миостимулятор-1шт; электродные накладки-4 шт; соединительный кабель- 1 шт; зарядка-1 шт
141376926,Дополнительная информация,Страна производства,Китай
141376926,Габариты,Высота предмета,15 см
141376926,Габариты,Вес без упаковки (кг),0.65 кг
141376926,Габариты,Вес с упаковкой (кг),0.65 кг
141376926,Габариты,Длина упаковки,19 см
141376926,Габариты,Высота упаковки,7 см
141376926,Габариты,Ширина упаковки,11 см
35995950,Основная информация,Цвет,белый
35995950,Общие характеристики,Модель,"Миостимулятор FZ-1 ""ШУБОШИ"" / ""Удобный Доктор"""
35995950,Дополнительная информация,Тип массажера,миостимулятор; массажер электрический импульсный; Миостимулятор EMS - TENS
35995950,Дополнительная информация,Зона массажа,Лицо / Тело / Руки / Ноги / Спина / Живот / Кожа
35995950,Дополнительная информация,Действие,лифтинг/от отеков/от темных кругов; Оздоровительный эффект; Массажер для лица шеи и тела
35995950,Дополнительная информация,Комплектация,Инструкция - 1 шт.; Сетевой адаптер - 1 шт.; Миостимулятор - 1 шт.
35995950,Дополнительная информация,Страна производства,Китай
35995950,Габариты,Вес с упаковкой (кг),0.48 кг
35995950,Габариты,Длина упаковки,9 см
35995950,Габариты,Высота упаковки,18 см
35995950,Габариты,Ширина упаковки,12 см
143533250,Основная информация,Цвет,белый; белый глянец
143533250,Общие характеристики,Модель,беспроводной
143533250,Общие характеристики,Гарантийный срок,1 год
143533250,Питание,Питание,от аккумулятора; от сети
143533250,Технические особенности,Количество режимов работы,24
143533250,Насадки,Количество насадок,10 шт.
143533250,Дополнительная информация,Тип массажера,электроимпульсный; постукивающий; электроимпульсный
143533250,Дополнительная информация,Зона массажа,спина; тело; ноги
143533250,Дополнительная информация,Форма массажера,ручной электромассажер
143533250,Дополнительная информация,Действие,снятие мышечного напряжения; улучшение кровообращения; восстановление
143533250,Дополнительная информация,Мин. продолжительность автономной работы,10000 мин
143533250,Дополнительная информация,Доп. опции массажера,электромиостимуляция; эффект иглоукалывания; инфракрасный излучатель
143533250,Дополнительная информация,Комплектация,"миостимулятор, блок питания,комплект проводов; Инструкция пользователя; аппликаторы 8 шт; лор насадка"
143533250,Дополнительная информация,Страна производства,Китай
143533250,Габариты,Высота предмета,6 см
143533250,Габариты,Ширина предмета,13.5 см
143533250,Габариты,Глубина предмета,2 см
143533250,Габариты,Вес без упаковки (кг),0.13 кг
143533250,Габариты,Вес с упаковкой (кг),0.42 кг
143533250,Габариты,Длина упаковки,18 см
143533250,Габариты,Высота упаковки,8 см
143533250,Габариты,Ширина упаковки,10 см
198641294,Основная информация,Цвет,черный
198641294,Общие характеристики,Модель,Миостимулятор
198641294,Питание,Питание,от батареек
198641294,Технические особенности,Количество режимов работы,6
198641294,Насадки,Количество насадок,1 шт.
198641294,Дополнительная информация,Тип массажера,Миостимулирующий; Миостимулятор для мышц; Миостимулятор EMS
198641294,Дополнительная информация,Зона массажа,ноги; живот; руки
198641294,Дополнительная информация,Форма массажера,манжета
198641294,Дополнительная информация,Действие,коррекция фигуры; укрепление; упругость
198641294,Дополнительная информация,Мин. продолжительность автономной работы,15 мин
198641294,Дополнительная информация,Доп. опции массажера,миостимулятор электрический; микротоки; прессотерапия
198641294,Дополнительная информация,Комплектация,массажер для живота - 1шт; массажер для рук - 1шт; массажер для бедер - 1шт; пульт - 3 шт; инструкция
198641294,Дополнительная информация,Страна производства,Китай
198641294,Габариты,Высота предмета,17 см
198641294,Габариты,Глубина предмета,2 см
198641294,Габариты,Вес без упаковки (кг),0.55 кг
198641294,Габариты,Вес с упаковкой (кг),0.55 кг
198641294,Габариты,Длина упаковки,24 см
198641294,Габариты,Высота упаковки,4 см
198641294,Габариты,Ширина упаковки,21 см
178910159,Основная информация,Цвет,белый
178910159,Общие характеристики,Модель,для тела
178910159,Общие характеристики,Гарантийный срок,12
178910159,Питание,Питание,от сети; от батареек
178910159,Технические особенности,Количество режимов работы,8
178910159,Дополнительная информация,Тип массажера,магнитно-акупунктурный; постукивающий; электроимпульсная
178910159,Дополнительная информация,Зона массажа,тело; спина; руки
178910159,Дополнительная информация,Действие,коррекция фигуры; антицеллюлитный; для похудения
178910159,Дополнительная информация,Мин. продолжительность автономной работы,15 мин
178910159,Дополнительная информация,Доп. опции массажера,электромиостимуляция; эффект иглоукалывания; таймер
178910159,Дополнительная информация,Комплектация,блок питания; инструкция; Шнуры электроды - 2 шт; Электроды (патчи) - 4 шт; Терапевтические тапочки - 1 шт
178910159,Дополнительная информация,Страна производства,Китай
178910159,Габариты,Высота предмета,10 см
178910159,Габариты,Ширина предмета,27 см
178910159,Габариты,Вес с упаковкой (кг),0.5 кг
178910159,Габариты,Длина упаковки,11 см
178910159,Габариты,Высота упаковки,10 см
178910159,Габариты,Ширина упаковки,27 см
43996867,Основная информация,Цвет,серый
43996867,Общие характеристики,Модель,микротоковый массажер цифровой меридиан
43996867,Общие характеристики,Гарантийный срок,3 месяца
43996867,Питание,Питание,от сети; от батареек
43996867,Технические особенности,Количество режимов работы,6 режимов массажа; 6 шт
43996867,Насадки,Количество насадок,4 шт.
43996867,Дополнительная информация,Тип массажера,вибромассажер; микротоковый импульсный миостимулятор; электроимпульсный
43996867,Дополнительная информация,Зона массажа,спина; тело; шея
43996867,Дополнительная информация,Форма массажера,массажный аппарат
43996867,Дополнительная информация,Действие,снятие мышечного напряжения; восстановление; коррекция фигуры
43996867,Дополнительная информация,Мин. продолжительность автономной работы,40 мин
43996867,Дополнительная информация,Доп. опции массажера,вибромассаж; электромиостимуляция; регулировка интенсивности
43996867,Дополнительная информация,Комплектация,Инструмент для терапии Цифровой меридиан; аппликаторы электроды 4 шт; кабель питания от сети USB; инструкция; батарейки 3 шт; 2 парных кабеля для электродов; картонная коробка
43996867,Дополнительная информация,Страна производства,Китай
43996867,Габариты,Высота предмета,16 см
43996867,Габариты,Ширина предмета,6 см
43996867,Габариты,Глубина предмета,2 см
43996867,Габариты,Вес без упаковки (кг),0.1 кг
43996867,Габариты,Вес с упаковкой (кг),0.3 кг
43996867,Габариты,Длина упаковки,24 см
43996867,Габариты,Высота упаковки,5 см
43996867,Габариты,Ширина упаковки,19 см
148830492,Основная информация,Цвет,серый
148830492,Общие характеристики,Модель,JR309
148830492,Общие характеристики,Гарантийный срок,2 мес
148830492,Питание,Питание,220В (5А); 3 батарейки ААА; USB-шнур
148830492,Технические особенности,Количество режимов работы,9
148830492,Насадки,Количество насадок,8 шт.
148830492,Дополнительная информация,Тип массажера,миостимулятор; Массажер электрический; лечение
148830492,Дополнительная информация,Зона массажа,"для шеи, для головы, для ног"
148830492,Дополнительная информация,Форма массажера,ручной электромассажер
148830492,Дополнительная информация,Действие,Массаж; Укрепление мышц; уменьшение целлюлита
148830492,Дополнительная информация,Доп. опции массажера,электрофорез; электромиостимуляция; автовыключение
148830492,Дополнительная информация,Количество роликов,импульсный массажер; мини массажер для тела; электромассажер-миостимулятор
148830492,Дополнительная информация,Комплектация,тапочки - 2 шт; Перчатки - 2 шт; носки - 2 шт; нарукавники - 2 шт; Миостимулятор массажер
148830492,Дополнительная информация,Страна производства,Китай
148830492,Габариты,Высота предмета,4 см
148830492,Габариты,Ширина предмета,10 см
148830492,Габариты,Глубина предмета,15 см
148830492,Габариты,Вес без упаковки (кг),0.15 кг
148830492,Габариты,Вес с упаковкой (кг),0.58 кг
148830492,Габариты,Длина упаковки,11 см
148830492,Габариты,Высота упаковки,10 см
148830492,Габариты,Ширина упаковки,27 см
250135346,Основная информация,Цвет,белый
250135346,Общие характеристики,Модель,EMS 309A
250135346,Общие характеристики,Гарантийный срок,1 год
250135346,Питание,Питание,"Usb, от сети"
250135346,Технические особенности,Количество режимов работы,6
250135346,Насадки,Количество насадок,1 шт.
250135346,Дополнительная информация,Тип массажера,"Вакуумный, Миостимулирующий, Расслабляющий, Оздоровительный; Лечебный, Лимфодренажный"
250135346,Дополнительная информация,Зона массажа,шея; тело; спина
250135346,Дополнительная информация,Действие,восстановление
250135346,Дополнительная информация,Доп. опции массажера,автовыключение
250135346,Дополнительная информация,Комплектация,устройство - 1 шт; Тапочки - 1 пара; Кабель USB - 1 шт; Электроды - 8 шт.; Кабели для подключения электродов - 8 шт.; Адаптер питания - 1 шт.; Инструкция - 1 шт.
250135346,Дополнительная информация,Страна производства,Китай
250135346,Габариты,Вес с упаковкой (кг),0.6 кг
250135346,Габариты,Длина упаковки,28 см
250135346,Габариты,Высота упаковки,10 см
250135346,Габариты,Ширина упаковки,11 см
141936084,Основная информация,Цвет,черный
141936084,Общие характеристики,Модель,HQ185
141936084,Питание,Питание,USB
141936084,Технические особенности,Количество режимов работы,24 режима работы
141936084,Насадки,Количество насадок,1 шт.
141936084,Дополнительная информация,Тип массажера,вибромассажер; виброплатформа; электроимпульсный
141936084,Дополнительная информация,Зона массажа,"ноги, руки, живот, поясница, шея, бедра, лицо; Плечи / Шея / Спина / Ягодицы; позвоночника, пресса, груди, икры, под коленом, ступни"
141936084,Дополнительная информация,Форма массажера,накидка
141936084,Дополнительная информация,Действие,"антистресс, релаксация, уменьшает тревогу; расслабление шеи; Массаж"
141936084,Дополнительная информация,Мин. продолжительность автономной работы,5 мин
141936084,Дополнительная информация,Доп. опции массажера,электрический массажер; массаж шеи; массажер для шеи и плеч
141936084,Дополнительная информация,Страна производства,Китай
141936084,Габариты,Высота предмета,15 см
141936084,Габариты,Ширина предмета,7 см
141936084,Габариты,Глубина предмета,3 см
141936084,Габариты,Вес без упаковки (кг),0.08 кг
141936084,Габариты,Вес с упаковкой (кг),0.1 кг
141936084,Габариты,Длина упаковки,18 см
141936084,Габариты,Высота упаковки,3 см
141936084,Габариты,Ширина упаковки,9 см
291888914,Основная информация,Цвет,белый
291888914,Общие характеристики,Модель,беспроводной
291888914,Общие характеристики,Гарантийный срок,1 год
291888914,Питание,Питание,от аккумулятора; от сети
291888914,Технические особенности,Количество режимов работы,15 режимов
291888914,Насадки,Количество насадок,10 шт.
291888914,Дополнительная информация,Тип массажера,электроимпульсный; электроимпульсный; акупунктурный/акупрессурный
291888914,Дополнительная информация,Зона массажа,живот; ягодицы; бедра
291888914,Дополнительная информация,Форма массажера,ручной электромассажер
291888914,Дополнительная информация,Действие,коррекция фигуры; снятие мышечного напряжения; улучшение кровообращения
291888914,Дополнительная информация,Мин. продолжительность автономной работы,10000 мин
291888914,Дополнительная информация,Доп. опции массажера,электромиостимуляция; эффект иглоукалывания; инфракрасный излучатель
291888914,Дополнительная информация,Комплектация,"миостимулятор, блок питания,комплект проводов; комплект батареек; Инструкция пользователя; аппликаторы 8 шт; ЛОР насадка - 2 шт"
291888914,Дополнительная информация,Страна производства,Китай
291888914,Габариты,Высота предмета,7 см
291888914,Габариты,Ширина предмета,19 см
291888914,Габариты,Вес без упаковки (кг),0.13 кг
291888914,Габариты,Вес с упаковкой (кг),0.43 кг
291888914,Габариты,Длина упаковки,18 см
291888914,Габариты,Высота упаковки,5 см
291888914,Габариты,Ширина упаковки,18 см
312901930,Основная информация,Цвет,черный
312901930,Питание,Питание,от батареек
312901930,Технические особенности,Количество режимов работы,6
312901930,Дополнительная информация,Тип массажера,электроимпульсный
312901930,Дополнительная информация,Зона массажа,живот; руки; тело
312901930,Дополнительная информация,Форма массажера,манжета
312901930,Дополнительная информация,Действие,контуринг; коррекция фигуры; укрепление
312901930,Дополнительная информация,Страна производства,Китай
312901930,Габариты,Вес с упаковкой (кг),0.2 кг
312901930,Габариты,Длина упаковки,22 см
312901930,Габариты,Высота упаковки,3 см
312901930,Габариты,Ширина упаковки,20 см
44081627,Основная информация,Цвет,черный
44081627,Общие характеристики,Модель,Миостимулятор для тела Yamaguchi ABS Trainer MIO
44081627,Общие характеристики,Гарантийный срок,12 месяцев; + постгарантийное обслуживание до 5 лет
44081627,Питание,Питание,5 В; от аккумулятора; без питания
44081627,Технические особенности,Количество режимов работы,2 автоматические программы; 15 уровней интенсивности
44081627,Насадки,Количество насадок,1 шт.
44081627,Дополнительная информация,Тип массажера,электроимпульсный; вибрационный; миостимулятор
44081627,Дополнительная информация,Зона массажа,пресс; живот; тело
44081627,Дополнительная информация,Форма массажера,бабочка
44081627,Дополнительная информация,Действие,коррекция фигуры; улучшение кровообращения; тонизирование
44081627,Дополнительная информация,Мин. продолжительность автономной работы,10 мин
44081627,Дополнительная информация,Доп. опции массажера,массажер для пресса; массажер для тела; антицеллюлитный массаж
44081627,Дополнительная информация,Комплектация,миостимулятор для пресса; Пластина с электродами; USB кабель для зарядки; руководство пользователя
44081627,Габариты,Высота предмета,19 см
44081627,Габариты,Ширина предмета,15.5 см
44081627,Габариты,Глубина предмета,0.2 см
44081627,Габариты,Вес без упаковки (кг),0.05 кг
44081627,Габариты,Вес с упаковкой (кг),0.19 кг
44081627,Габариты,Длина упаковки,2 см
44081627,Габариты,Высота упаковки,22 см
44081627,Габариты,Ширина упаковки,28 см
236596238,Основная информация,Цвет,белый
236596238,Дополнительная информация,Зона массажа,спина; тело; руки
236596238,Габариты,Вес с упаковкой (кг),0.23 кг
236596238,Габариты,Длина упаковки,17 см
236596238,Габариты,Высота упаковки,5 см
236596238,Габариты,Ширина упаковки,11 см
250133162,Основная информация,Цвет,черный
250133162,Общие характеристики,Модель,EMS
250133162,Питание,Питание,USB; от аккумулятора
250133162,Технические особенности,Количество режимов работы,36
250133162,Дополнительная информация,Тип массажера,электроимпульсный вибромассажер
250133162,Дополнительная информация,Зона массажа,"ноги, спина, тело"
250133162,Дополнительная информация,Действие,"улучшение кровообращения; снятие отечности,; разогревающее"
250133162,Дополнительная информация,Доп. опции массажера,таймер; электромиостимуляция; эффект иглоукалывания
250133162,Дополнительная информация,Комплектация,Электродные накладки - 4 пары; 2 электродных провода - 2 шт; USB-кабель - 1 шт; Крепежная пластина вкладыша - 1 шт; Руководство по эксплуатации - 1 шт
250133162,Дополнительная информация,Страна производства,Китай
250133162,Габариты,Вес с упаковкой (кг),0.3 кг
250133162,Габариты,Длина упаковки,15 см
250133162,Габариты,Высота упаковки,8 см
250133162,Габариты,Ширина упаковки,8 см
114150729,Основная информация,Цвет,белый
114150729,Общие характеристики,Модель,Косметологический аппарат В-333
114150729,Питание,Питание,от сети
114150729,Насадки,Количество насадок в комплекте,20 электродов для тела
114150729,Материалы,Материал корпуса,abs-пластик
114150729,Дополнительная информация,Назначение косметического прибора,массаж; против целлюлита; антицеллюлитный лифтинг
114150729,Дополнительная информация,Вид воздействия,миостимуляция; лимфодренаж; электромиостимуляция (EMS)
114150729,Дополнительная информация,Область применения,для тела; для всего тела; для груди
114150729,Дополнительная информация,Возрастные ограничения,18+
114150729,Дополнительная информация,Комплектация,"косметологическое оборудование; аппарат миостимуляции-1шт; Электроды (долговечные, сменные) -10 шт; кабели для подключения -1 комплект; Руководство пользователя на русском языке; гарантийный талон; Упаковка (транспортировочная коробка)"
114150729,Дополнительная информация,Страна производства,Китай
114150729,Габариты,Высота предмета,46 см
114150729,Габариты,Ширина предмета,39 см
114150729,Габариты,Глубина предмета,21 см
114150729,Габариты,Вес товара с упаковкой (г),5900 г
114150729,Габариты,Длина упаковки,46 см
114150729,Габариты,Высота упаковки,22 см
114150729,Габариты,Ширина упаковки,40 см
346462615,Основная информация,Цвет,серебристый
346462615,Питание,Питание,от аккумулятора
346462615,Технические особенности,Количество режимов работы,36 режимов
346462615,Дополнительная информация,Тип массажера,электроимпульсный
346462615,Дополнительная информация,Доп. опции массажера,Количество режимов интенсивности - 20; Длительность импульсов 100 мкс; Частота импульсов 0-100 Гц
346462615,Дополнительная информация,Комплектация,Соединительные провода - 2 шт Блок питания - 1 шт USB-кабель - 1 шт; инструкция на русском - 1 шт; Миостимулятор - 1 шт Самоклеящиеся - 1 шт Электрод - 4 шт
346462615,Габариты,Вес с упаковкой (кг),0.34 кг
346462615,Габариты,Длина упаковки,15 см
346462615,Габариты,Высота упаковки,7 см
346462615,Габариты,Ширина упаковки,9 см
328814914,Основная информация,Цвет,фиолетовый
328814914,Общие характеристики,Модель,Кегель массажер для женщин электрический
328814914,Питание,Питание,USB
328814914,Технические особенности,Количество режимов работы,6 режимов
328814914,Насадки,Количество насадок,4 шт.
328814914,Дополнительная информация,Тип массажера,электроимпульсный
328814914,Дополнительная информация,Зона массажа,живот; интимная зона; тело
328814914,Дополнительная информация,Действие,восстановление; укрепление; коррекция фигуры
328814914,Дополнительная информация,Мин. продолжительность автономной работы,10 мин
328814914,Дополнительная информация,Доп. опции массажера,электромиостимуляция
328814914,Дополнительная информация,Комплектация,Хост-1 шт Зонд - 1 шт Стандартные электроды - 3 пары Нагрудные электроды - 2 пары; Кабель для зарядки -1 шт Соединительный провод- 2 шт; Инструкция - 1 шт Упаковочная коробка- 1 шт
328814914,Дополнительная информация,Страна производства,Китай
328814914,Габариты,Вес с упаковкой (кг),0.3 кг
328814914,Габариты,Длина упаковки,22 см
328814914,Габариты,Высота упаковки,7 см
328814914,Габариты,Ширина упаковки,15 см
260607223,Основная информация,Цвет,черный
260607223,Общие характеристики,Модель,электростимуляция
260607223,Материалы,Материал изделия,ткань; текстиль; медицинский пластик
260607223,Дополнительная информация,Вид реабилитационного тренажера,миостимулятор; электростимулятор; массажер
260607223,Дополнительная информация,Страна производства,Китай
260607223,Дополнительная информация,Назначение тренажера,для реабилитации после инсульта; массажер электрический; аппарат для физиотерапии
260607223,Дополнительная информация,Комплектация,стимулятор; ремень; провод usb; распылитель; удлинитель ремня; тренажерный мячик для руки
260607223,Габариты,Ширина предмета,18 см
260607223,Габариты,Высота предмета,18 см
260607223,Габариты,Глубина предмета,4 см
260607223,Габариты,Вес без упаковки (кг),0.25 кг
260607223,Габариты,Вес с упаковкой (кг),0.33 кг
260607223,Габариты,Длина упаковки,20 см
260607223,Габариты,Высота упаковки,6 см
260607223,Габариты,Ширина упаковки,15 см
192370914,Основная информация,Цвет,серый; белый
192370914,Питание,Питание,встроенный аккумулятор
192370914,Технические особенности,Количество режимов работы,15 уровней интенсивности; 4 режима вибрации; 6 режимов микротоковой стимуляции
192370914,Дополнительная информация,Тип массажера,вибромассажер; электроимпульсный; тепловой
192370914,Дополнительная информация,Зона массажа,шея; шейно-воротниковая зона
192370914,Дополнительная информация,Действие,облегчает боль в шее; снимает напряжение в шейном отделе; расслабляющий релакс массаж
192370914,Дополнительная информация,Мин. продолжительность автономной работы,240 мин
192370914,Дополнительная информация,Доп. опции массажера,таймер; функция подогрева; вибромассаж
192370914,Дополнительная информация,Количество роликов,9
192370914,Дополнительная информация,Комплектация,Микротовый вибромассажер; инструкция; кабель для зарядки без адаптера
192370914,Дополнительная информация,Страна производства,Китай
192370914,Габариты,Вес с упаковкой (кг),0.44 кг
192370914,Габариты,Длина упаковки,19 см
192370914,Габариты,Высота упаковки,9 см
192370914,Габариты,Ширина упаковки,21 см
159323506,Основная информация,Цвет,белый
159323506,Общие характеристики,Модель,Миостимулятор для лица и тела
159323506,Общие характеристики,Гарантийный срок,6 мес
159323506,Питание,Питание,USB; от аккумулятора; от сети
159323506,Технические особенности,Количество режимов работы,5 шт.
159323506,Насадки,Количество насадок,1 шт.
159323506,Дополнительная информация,Тип массажера,вибромассажер; электроимпульсный; магнитно-акупунктурный
159323506,Дополнительная информация,Зона массажа,лицо; тело; подбородок
159323506,Дополнительная информация,Действие,лифтинг; против морщин; против акне
159323506,Дополнительная информация,Мин. продолжительность автономной работы,15 мин
159323506,Дополнительная информация,Доп. опции массажера,моделирующий массажер для лица; led маска; эффект иглоукалывания
159323506,Дополнительная информация,Комплектация,массажер электрический; импульсивный пластырь; пульт дистанционный
159323506,Дополнительная информация,Страна производства,Китай
159323506,Габариты,Высота предмета,18.2 см
159323506,Габариты,Ширина предмета,5.2 см
159323506,Габариты,Глубина предмета,2.3 см
159323506,Габариты,Вес без упаковки (кг),0.28 кг
159323506,Габариты,Вес с упаковкой (кг),0.31 кг
159323506,Габариты,Длина упаковки,24 см
159323506,Габариты,Высота упаковки,7 см
159323506,Габариты,Ширина упаковки,13 см
343099404,Общие характеристики,Модель,EMS
343099404,Питание,Питание,от сети
343099404,Технические особенности,Количество режимов работы,12
343099404,Дополнительная информация,Тип массажера,миостимулятор
343099404,Дополнительная информация,Зона массажа,"голова, шея; поясница, спина, ступни"
343099404,Дополнительная информация,Действие,восстановление
343099404,Дополнительная информация,Доп. опции массажера,Емкость аккумулятора: 1000 мАч; Интенсивность: 30 уровней; Выходная мощность: 5 Вт
343099404,Дополнительная информация,Количество роликов,Массажные головки: 4 шт.
343099404,Дополнительная информация,Комплектация,массажер; USB-кабель питания; электродные подушечки; инструкция
343099404,Дополнительная информация,Страна производства,Китай
343099404,Габариты,Вес с упаковкой (кг),0.7 кг
343099404,Габариты,Длина упаковки,19 см
343099404,Габариты,Высота упаковки,6 см
343099404,Габариты,Ширина упаковки,18 см
61124788,Основная информация,Цвет,серебристый
61124788,Общие характеристики,Модель,EMS-750
61124788,Общие характеристики,Гарантийный срок,3 года
61124788,Питание,Питание,220 В
61124788,Технические особенности,Количество режимов работы,4; вибромассажер для тела; вибромассажер
61124788,Насадки,Количество насадок,10 шт.
61124788,Дополнительная информация,Тип массажера,Миостимулятор для мышц; Миостимулятор EMS - TENS
61124788,Дополнительная информация,Зона массажа,Плечи / Шея / Спина / Ягодицы; Спина / Живот / Поясница
61124788,Дополнительная информация,Действие,Массаж; миостимулятор; Массажер для пресса
61124788,Дополнительная информация,Мин. продолжительность автономной работы,5 мин
61124788,Дополнительная информация,Доп. опции массажера,тренажеры; тренажер для пресса; тренажеры и фитнес
61124788,Дополнительная информация,Количество роликов,миостимулятор
61124788,Дополнительная информация,Комплектация,"массажер-миостимулятор - 1шт; тапочки 2 шт, наколенник\налокотник, инструкция; электроды 10 шт; пояс 1 шт; адаптер"
61124788,Дополнительная информация,Страна производства,Китай
61124788,Габариты,Высота предмета,10 см
61124788,Габариты,Ширина предмета,15 см
61124788,Габариты,Глубина предмета,15 см
61124788,Габариты,Вес без упаковки (кг),1.9 кг
61124788,Габариты,Вес с упаковкой (кг),2 кг
61124788,Габариты,Длина упаковки,35 см
61124788,Габариты,Высота упаковки,12 см
61124788,Габариты,Ширина упаковки,30 см
318374112,Основная информация,Цвет,черный
318374112,Общие характеристики,Модель,Массажер для мышц с функцией фототерапии ринита
318374112,Общие характеристики,Гарантийный срок,1 мес
318374112,Питание,Питание,USB; от аккумулятора; от сети
318374112,Технические особенности,Количество режимов работы,12 программ; 30 уровней интенсивности
318374112,Насадки,Количество насадок,12 шт.
318374112,Дополнительная информация,Тип массажера,электроимпульсный
318374112,Дополнительная информация,Зона массажа,тело
318374112,Дополнительная информация,Действие,снятие мышечного напряжения; физиотерапия
318374112,Дополнительная информация,Доп. опции массажера,регулировка интенсивности
318374112,Дополнительная информация,Комплектация,Провод для насадок - 2 шт.; Шнур питания - 1 шт.; Хост управления - 1 шт.; Назальная насадка - 1 шт.; Электроды - 12 шт.
318374112,Дополнительная информация,Страна производства,Китай
318374112,Дополнительная информация,Срок эксплуатации,бессрочно
318374112,Габариты,Высота предмета,12.8 см
318374112,Габариты,Ширина предмета,5.8 см
318374112,Габариты,Глубина предмета,1.3 см
318374112,Габариты,Вес без упаковки (кг),0.1 кг
318374112,Габариты,Вес с упаковкой (кг),0.44 кг
318374112,Габариты,Длина упаковки,23 см
318374112,Габариты,Высота упаковки,4 см
318374112,Габариты,Ширина упаковки,19 см
236420653,Основная информация,Цвет,голубой
236420653,Общие характеристики,Модель,микротоковый массажер цифровой меридиан
236420653,Общие характеристики,Гарантийный срок,6 мес
236420653,Питание,Питание,USB; от сети
236420653,Технические особенности,Количество режимов работы,8 режимов; 15 уровней
236420653,Насадки,Количество насадок,4 шт.
236420653,Дополнительная информация,Тип массажера,электроимпульсный; микротоковый импульсный миостимулятор; вибрационный
236420653,Дополнительная информация,Зона массажа,шея; спина; живот
236420653,Дополнительная информация,Форма массажера,ручной электромассажер
236420653,Дополнительная информация,Действие,восстановление; коррекция фигуры; для похудения
236420653,Дополнительная информация,Мин. продолжительность автономной работы,45 мин
236420653,Дополнительная информация,Доп. опции массажера,вибромассаж; электромиостимуляция; регулировка интенсивности
236420653,Дополнительная информация,Комплектация,инструмент для терапии Meridian; электроды 4 шт; Кабель питания USB; инструкция на англ
236420653,Дополнительная информация,Страна производства,Китай
236420653,Габариты,Высота предмета,12 см
236420653,Габариты,Ширина предмета,6 см
236420653,Габариты,Глубина предмета,2 см
236420653,Габариты,Вес без упаковки (кг),0.1 кг
236420653,Габариты,Вес с упаковкой (кг),0.3 кг
236420653,Габариты,Длина упаковки,17 см
236420653,Габариты,Высота упаковки,4 см
236420653,Габариты,Ширина упаковки,10 см
314416549,Основная информация,Цвет,белый
314416549,Питание,Питание,от сети; от батареек
314416549,Технические особенности,Количество режимов работы,20 уровней интенсивности массажа; 4 режима работы
314416549,Насадки,Количество насадок,16 шт.
314416549,Дополнительная информация,Тип массажера,электроимпульсный; электромиостимуляция; микротоковый
314416549,Дополнительная информация,Зона массажа,ноги; пресс; тело
314416549,Дополнительная информация,Форма массажера,акупунктурное воздействие
314416549,Дополнительная информация,Действие,снятие мышечного напряжения; похудение
314416549,Дополнительная информация,Доп. опции массажера,автоотключение; дисплей с наглядными изображениями
314416549,Дополнительная информация,Комплектация,"миостимулятор; тапочки - 2 шт; носки - 2 шт; сумка для хранения; 16 электродов, которые подходят для многократного использования"
314416549,Дополнительная информация,Страна производства,Китай
314416549,Габариты,Вес с упаковкой (кг),1.05 кг
314416549,Габариты,Длина упаковки,30 см
314416549,Габариты,Высота упаковки,19 см
314416549,Габариты,Ширина упаковки,11 см
313622916,Технические особенности,Количество режимов работы,8
313622916,Дополнительная информация,Тип массажера,электроимпульсный
313622916,Дополнительная информация,Зона массажа,стопы; тело; спина
313622916,Дополнительная информация,Форма массажера,миостимулятор
313622916,Дополнительная информация,Действие,восстановление; улучшение кровообращения; коррекция фигуры
313622916,Дополнительная информация,Доп. опции массажера,регулировка интенсивности
313622916,Дополнительная информация,Комплектация,пульт-контроллер; Электроды для тела; тапочки; провода для электродов
313622916,Дополнительная информация,Страна производства,Китай
313622916,Габариты,Вес с упаковкой (кг),0.7 кг
313622916,Габариты,Длина упаковки,30 см
313622916,Габариты,Высота упаковки,7 см
313622916,Габариты,Ширина упаковки,26 см
104503339,Основная информация,Цвет,белый
104503339,Общие характеристики,Модель,EMS-300
104503339,Общие характеристики,Гарантийный срок,3 года
104503339,Питание,Питание,от батареек
104503339,Технические особенности,Количество режимов работы,12
104503339,Насадки,Количество насадок,16 шт.
104503339,Дополнительная информация,Тип массажера,массажер миостимулятор; Миостимулятор EMS - TENS
104503339,Дополнительная информация,Зона массажа,"Спина и конечности; Тело спина поясница живот; Ягодицы, Ноги, Стопы"
104503339,Дополнительная информация,Действие,Массаж; миостимулятор; миостимулятор для пресса
104503339,Дополнительная информация,Мин. продолжительность автономной работы,5 мин
104503339,Дополнительная информация,Доп. опции массажера,миостимулятор
104503339,Дополнительная информация,Количество роликов,миостимулятор
104503339,Дополнительная информация,Комплектация,"инструкция, миостимулятор, 16 электродов"
104503339,Дополнительная информация,Страна производства,Китай
104503339,Габариты,Высота предмета,1.5 см
104503339,Габариты,Ширина предмета,6 см
104503339,Габариты,Глубина предмета,13.5 см
104503339,Габариты,Вес без упаковки (кг),0.2 кг
104503339,Габариты,Вес с упаковкой (кг),0.4 кг
104503339,Габариты,Длина упаковки,17 см
104503339,Габариты,Высота упаковки,19 см
104503339,Габариты,Ширина упаковки,10 см
264221158,Общие характеристики,Гарантийный срок,14 дней
264221158,Питание,Питание,USB
264221158,Технические особенности,Количество режимов работы,24
264221158,Дополнительная информация,Действие,восстановление
264221158,Дополнительная информация,Доп. опции массажера,электромиостимуляция
264221158,Дополнительная информация,Страна производства,Китай
264221158,Габариты,Вес с упаковкой (кг),0.2 кг
264221158,Габариты,Длина упаковки,17 см
264221158,Габариты,Высота упаковки,7 см
264221158,Габариты,Ширина упаковки,11 см
160527057,Основная информация,Цвет,черный
160527057,Общие характеристики,Модель,аппарат миостимуляции для тела
160527057,Общие характеристики,Гарантийный срок,1 мес
160527057,Питание,Питание,от аккумулятора
160527057,Технические особенности,Количество режимов работы,6 режимов; 19 уровней интенсивности
160527057,Насадки,Количество насадок,8 шт.
160527057,Дополнительная информация,Тип массажера,электроимпульсный
160527057,Дополнительная информация,Зона массажа,тело
160527057,Дополнительная информация,Действие,восстановление; снятие мышечного напряжения; коррекция фигуры
160527057,Дополнительная информация,Мин. продолжительность автономной работы,2400 мин
160527057,Дополнительная информация,Доп. опции массажера,регулировка интенсивности
160527057,Дополнительная информация,Комплектация,Электроды - 8 шт.; Провод для насадок - 2 шт.; Шнур питания - 1 шт.; Хост управления - 1 шт.; инструкция на русском языке - 1 шт.
160527057,Дополнительная информация,Страна производства,Китай
160527057,Габариты,Высота предмета,13 см
160527057,Габариты,Ширина предмета,6.5 см
160527057,Габариты,Глубина предмета,2 см
160527057,Габариты,Вес с упаковкой (кг),0.3 кг
160527057,Габариты,Длина упаковки,23 см
160527057,Габариты,Высота упаковки,4 см
160527057,Габариты,Ширина упаковки,20 см
108786610,Основная информация,Цвет,белый
108786610,Общие характеристики,Модель,для пресса
108786610,Общие характеристики,Гарантийный срок,3 года
108786610,Питание,Питание,от сети; от батареек
108786610,Технические особенности,Количество режимов работы,8
108786610,Насадки,Количество насадок,10 шт.
108786610,Дополнительная информация,Тип массажера,электроимпульсный
108786610,Дополнительная информация,Зона массажа,живот; бедра; тело
108786610,Дополнительная информация,Действие,снятие мышечного напряжения
108786610,Дополнительная информация,Мин. продолжительность автономной работы,180 мин
108786610,Дополнительная информация,Доп. опции массажера,электромиостимуляция
108786610,Дополнительная информация,Комплектация,массажер для пресса; комплект насадок
108786610,Дополнительная информация,Страна производства,Китай
108786610,Габариты,Высота предмета,5 см
108786610,Габариты,Ширина предмета,17 см
108786610,Габариты,Глубина предмета,5 см
108786610,Габариты,Вес без упаковки (кг),0.043 кг
108786610,Габариты,Вес с упаковкой (кг),0.45 кг
108786610,Габариты,Длина упаковки,23 см
108786610,Габариты,Высота упаковки,5 см
108786610,Габариты,Ширина упаковки,20 см
315057523,Основная информация,Цвет,серый
315057523,Общие характеристики,Модель,Миостимулятор - микротоковый массажер для красоты и здоровья
315057523,Питание,Питание,от батареек; от сети
315057523,Технические особенности,Количество режимов работы,15 режимов; 8 программ; 4 электрода-насадки
315057523,Дополнительная информация,Тип массажера,вибромассажер; электроимпульсный; микротоковый
315057523,Дополнительная информация,Зона массажа,бедра; живот; ягодицы
315057523,Дополнительная информация,Действие,Укрепление и восстановление мышц; похудение и снятие отечности; реабилитация после инсульта и травм
315057523,Дополнительная информация,Комплектация,Инструмент для терапии Цифровой меридиан; аппликаторы электроды 4 шт; кабель питания от сети USB
315057523,Дополнительная информация,Страна производства,Китай
315057523,Габариты,Вес без упаковки (кг),0.2 кг
315057523,Габариты,Вес с упаковкой (кг),0.4 кг
315057523,Габариты,Длина упаковки,24 см
315057523,Габариты,Высота упаковки,5 см
315057523,Габариты,Ширина упаковки,20 см
318375411,Основная информация,Цвет,белый; желтый
318375411,Общие характеристики,Модель,Массажер для мышц
318375411,Общие характеристики,Гарантийный срок,1 мес
318375411,Питание,Питание,USB; от аккумулятора; от сети
318375411,Технические особенности,Количество режимов работы,15 режимов; 8 программ
318375411,Насадки,Количество насадок,8 шт.
318375411,Дополнительная информация,Тип массажера,электроимпульсный
318375411,Дополнительная информация,Зона массажа,тело
318375411,Дополнительная информация,Действие,восстановление; снятие мышечного напряжения; улучшение кровообращения
318375411,Дополнительная информация,Доп. опции массажера,регулировка интенсивности
318375411,Дополнительная информация,Комплектация,Электроды - 8 шт.; Провод для насадок - 2 шт.; Шнур питания - 1 шт.; Хост управления - 1 шт.; Адаптер - 1 шт.; батарейка - 3 шт.
318375411,Дополнительная информация,Страна производства,Китай
318375411,Дополнительная информация,Срок эксплуатации,бессрочно
318375411,Габариты,Высота предмета,13 см
318375411,Габариты,Ширина предмета,6.7 см
318375411,Габариты,Глубина предмета,3 см
318375411,Габариты,Вес без упаковки (кг),0.07 кг
318375411,Габариты,Вес с упаковкой (кг),0.33 кг
318375411,Габариты,Длина упаковки,24 см
318375411,Габариты,Высота упаковки,5 см
318375411,Габариты,Ширина упаковки,19 см
366132108,Основная информация,Цвет,черный
366132108,Общие характеристики,Гарантийный срок,12
366132108,Питание,Питание,от аккумулятора; от батареек; от сети
366132108,Технические особенности,Количество режимов работы,8 режимов
366132108,Насадки,Количество насадок,1 шт.
366132108,Дополнительная информация,Тип массажера,вибрационный; электроимпульсный; комбинированный
366132108,Дополнительная информация,Зона массажа,тело; живот; спина
366132108,Дополнительная информация,Действие,восстановление; улучшение кровообращения; коррекция фигуры
366132108,Дополнительная информация,Мин. продолжительность автономной работы,15 мин
366132108,Дополнительная информация,Доп. опции массажера,автовыключение; регулировка интенсивности; индикация уровня заряда
366132108,Дополнительная информация,Комплектация,массажер; кабель
366132108,Дополнительная информация,Страна производства,Китай
366132108,Габариты,Высота предмета,2 см
366132108,Габариты,Вес без упаковки (кг),0.08 кг
366132108,Габариты,Длина упаковки,16 см
366132108,Габариты,Высота упаковки,2 см
366132108,Габариты,Ширина упаковки,9 см
217790915,Основная информация,Цвет,розовый
217790915,Питание,Питание,2 батареи ААА
217790915,Технические особенности,Количество режимов работы,3
217790915,Насадки,Количество насадок,4 шт.
217790915,Дополнительная информация,Тип массажера,электроимпульсный; вибрационный; миостимулятор для лица электрический
217790915,Дополнительная информация,Зона массажа,зона вокруг глаз; лицо
217790915,Дополнительная информация,Действие,лифтинг; снятие отечности; тонизирование
217790915,Дополнительная информация,Доп. опции массажера,электрофорез; электромиостимуляция; миостимулятор массажер
217790915,Дополнительная информация,Комплектация,миостимулятор 1шт; электроды 4шт
217790915,Дополнительная информация,Страна производства,Китай
217790915,Габариты,Высота предмета,10 см
217790915,Габариты,Ширина предмета,7.5 см
217790915,Габариты,Глубина предмета,2.5 см
217790915,Габариты,Вес без упаковки (кг),0.1 кг
217790915,Габариты,Вес с упаковкой (кг),0.11 кг
217790915,Габариты,Длина упаковки,14 см
217790915,Габариты,Высота упаковки,3 см
217790915,Габариты,Ширина упаковки,9 см
44096937,Основная информация,Цвет,черный; красный
44096937,Общие характеристики,Модель,Миостимулятор для шеи и поясницы NECK Trainer MIO
44096937,Общие характеристики,Гарантийный срок,12 месяцев; + постгарантийное обслуживание до 5 лет
44096937,Питание,Питание,от аккумулятора; Литиевая аккумуляторная батарея
44096937,Технические особенности,Количество режимов работы,2 автоматические программы; 15 уровней интенсивности
44096937,Насадки,Количество насадок,1 шт.
44096937,Дополнительная информация,Тип массажера,электроимпульсный; вибрационный; миостимулятор
44096937,Дополнительная информация,Зона массажа,плечи; спина; шея
44096937,Дополнительная информация,Действие,миостимулятор; массажер для спины; массажер для шеи и плеч
44096937,Дополнительная информация,Мин. продолжительность автономной работы,25 мин
44096937,Дополнительная информация,Доп. опции массажера,миостимуляция; массажер для шеи; снятие напряжения
44096937,Дополнительная информация,Комплектация,Миостимулятор для шеи; Пластина с электродами; USB-кабель для зарядки; руководство пользователя
44096937,Дополнительная информация,Страна производства,Япония
44096937,Габариты,Высота предмета,23 см
44096937,Габариты,Ширина предмета,10 см
44096937,Габариты,Глубина предмета,0.2 см
44096937,Габариты,Вес без упаковки (кг),0.05 кг
44096937,Габариты,Вес с упаковкой (кг),0.15 кг
44096937,Габариты,Длина упаковки,3 см
44096937,Габариты,Высота упаковки,26 см
44096937,Габариты,Ширина упаковки,13 см
171541891,Основная информация,Цвет,серый
171541891,Общие характеристики,Модель,массажер для похудения
171541891,Общие характеристики,Гарантийный срок,массажер миостимулятор
171541891,Питание,Питание,от сети; от батареек; USB (в комплекте)
171541891,Технические особенности,Количество режимов работы,8
171541891,Насадки,Количество насадок,2 шт.
171541891,Дополнительная информация,Тип массажера,Косметический массажер; спортивный постукивающий электроимпульсный; не вибромассажер подушка
171541891,Дополнительная информация,Зона массажа,тело; руки и ноги; спина пресс руки и ноги для пресса
171541891,Дополнительная информация,Действие,массаж тела в домашних условиях; Массаж для похудения и против целлюлита; улучшение метаболизма укрепление мышц и кожи
171541891,Дополнительная информация,Мин. продолжительность автономной работы,20 мин
171541891,Дополнительная информация,Доп. опции массажера,Импульсное вибрационное расслабляющее вибрационный; Оздоровление организма микротоковый массажер; избавление от бессонницы повышение иммунитета перкуссионный
171541891,Дополнительная информация,Количество роликов,без роликов; электроимпульсный тепловой электростимулятор; коррекция фигуры для похудения упругость
171541891,Дополнительная информация,Комплектация,электрический массажер антицеллюлитный для тела; Микротоковый EMS массажный аппарат - 1 шт; USB провод; инструкция; коробка
171541891,Дополнительная информация,Страна производства,Китай
171541891,Габариты,Высота предмета,12 см
171541891,Габариты,Глубина предмета,3 см
171541891,Габариты,Вес без упаковки (кг),0.7 кг
171541891,Габариты,Вес с упаковкой (кг),1 кг
171541891,Габариты,Длина упаковки,25 см
171541891,Габариты,Высота упаковки,6 см
171541891,Габариты,Ширина упаковки,20 см
312901173,Основная информация,Цвет,белый
312901173,Габариты,Вес с упаковкой (кг),0.23 кг
312901173,Габариты,Длина упаковки,24 см
312901173,Габариты,Высота упаковки,5 см
312901173,Габариты,Ширина упаковки,19 см
264135194,Основная информация,Цвет,черный; синий; белый
264135194,Общие характеристики,Модель,бабочка
264135194,Общие характеристики,Гарантийный срок,2 нед
264135194,Питание,Питание,от аккумулятора; от сети
264135194,Технические особенности,Количество режимов работы,8 режимов
264135194,Насадки,Количество насадок,1 шт.
264135194,Дополнительная информация,Тип массажера,электро-импульсивный; вибрационный
264135194,Дополнительная информация,Зона массажа,живот; тело; спина
264135194,Дополнительная информация,Форма массажера,пояс
264135194,Дополнительная информация,Действие,похудение
264135194,Дополнительная информация,Мин. продолжительность автономной работы,60 мин
264135194,Дополнительная информация,Доп. опции массажера,автовыключение; регулировка интенсивности; регулировка скорости
264135194,Дополнительная информация,Количество роликов,1 шт.
264135194,Дополнительная информация,Комплектация,Пояс миостимулятор для пресса - 1 шт.; Контроллер - 1 шт.; Зарядка USB - 1 шт.
264135194,Дополнительная информация,Страна производства,Китай
264135194,Дополнительная информация,Срок эксплуатации,1 год
264135194,Габариты,Высота предмета,3 см
264135194,Габариты,Ширина предмета,15 см
264135194,Габариты,Глубина предмета,15 см
264135194,Габариты,Вес без упаковки (кг),0.6 кг
264135194,Габариты,Вес с упаковкой (кг),0.8 кг
264135194,Габариты,Длина упаковки,24 см
264135194,Габариты,Высота упаковки,3 см
264135194,Габариты,Ширина упаковки,15 см
178777119,Основная информация,Цвет,белый
178777119,Общие характеристики,Модель,EMS 200
178777119,Общие характеристики,Гарантийный срок,14 дней
178777119,Питание,Питание,USB; от батареек; от сети
178777119,Технические особенности,Количество режимов работы,8
178777119,Насадки,Количество насадок,2 шт.
178777119,Дополнительная информация,Тип массажера,электроимпульсный; вибромассажер; электрический массажер
178777119,Дополнительная информация,Зона массажа,бедра; живот; плечи
178777119,Дополнительная информация,Форма массажера,ручной электромассажер
178777119,Дополнительная информация,Действие,восстановление; улучшение кровообращения; упругость
178777119,Дополнительная информация,Мин. продолжительность автономной работы,15 мин
178777119,Дополнительная информация,Доп. опции массажера,электромиостимуляция; эффект иглоукалывания; перкуссионный
178777119,Дополнительная информация,Количество роликов,для похудения; массаж для кровообращения; Косметический массажер
178777119,Дополнительная информация,Комплектация,массажер-1шт; провод для подключения электродов к массажеры-1шт; Шнур для зарядки-1шт; подставка для хранения электродов; Адаптер-1шт
178777119,Дополнительная информация,Страна производства,Китай
178777119,Габариты,Вес с упаковкой (кг),0.32 кг
178777119,Габариты,Длина упаковки,24 см
178777119,Габариты,Высота упаковки,5 см
178777119,Габариты,Ширина упаковки,20 см
20880491,Основная информация,Цвет,белый; голубой
20880491,Общие характеристики,Модель,EMS-200
20880491,Общие характеристики,Гарантийный срок,3 года
20880491,Питание,Питание,от батареек; USB
20880491,Технические особенности,Количество режимов работы,10
20880491,Насадки,Количество насадок,8 шт.
20880491,Дополнительная информация,Тип массажера,Миостимулятор EMS - TENS; массажер миостимулятор
20880491,Дополнительная информация,Зона массажа,"Спина и конечности; Ягодицы, Ноги, Стопы; Тело спина поясница живот"
20880491,Дополнительная информация,Действие,Массаж; миостимулятор; миостимулятор для пресса
20880491,Дополнительная информация,Мин. продолжительность автономной работы,20 мин
20880491,Дополнительная информация,Доп. опции массажера,миостимулятор
20880491,Дополнительная информация,Количество роликов,миостимулятор
20880491,Дополнительная информация,Комплектация,"USB-кабель; инструкция; Массажер - 1шт; 8 электродов, 4 соединительных провода"
20880491,Дополнительная информация,Страна производства,Китай
20880491,Габариты,Высота предмета,1.5 см
20880491,Габариты,Ширина предмета,6 см
20880491,Габариты,Глубина предмета,20 см
20880491,Габариты,Вес без упаковки (кг),0.2 кг
20880491,Габариты,Вес с упаковкой (кг),0.4 кг
20880491,Габариты,Длина упаковки,11 см
20880491,Габариты,Высота упаковки,27 см
20880491,Габариты,Ширина упаковки,7 см
399491740,Основная информация,Цвет,белый
399491740,Общие характеристики,Модель,Массажер электрический
399491740,Питание,Питание,от аккумулятора
399491740,Технические особенности,Количество режимов работы,8
399491740,Насадки,Количество насадок,3 шт.
399491740,Дополнительная информация,Тип массажера,электроимпульсный
399491740,Дополнительная информация,Зона массажа,тело; мышцы; руки
399491740,Дополнительная информация,Форма массажера,ручной электромассажер
399491740,Дополнительная информация,Действие,восстановление; тонизирование; миостимуляция
399491740,Дополнительная информация,Мин. продолжительность автономной работы,120 мин
399491740,Дополнительная информация,Доп. опции массажера,автовыключение; электромиостимуляция
399491740,Дополнительная информация,Количество роликов,Нет ролики
399491740,Дополнительная информация,Комплектация,Электрический мини массажер бабочка миостимулятор микротоковый 1 шт
399491740,Дополнительная информация,Страна производства,Китай
399491740,Габариты,Высота предмета,2 см
399491740,Габариты,Ширина предмета,16 см
399491740,Габариты,Глубина предмета,7.5 см
399491740,Габариты,Вес без упаковки (кг),0.1 кг
399491740,Габариты,Вес с упаковкой (кг),0.45 кг
399491740,Габариты,Длина упаковки,16 см
399491740,Габариты,Высота упаковки,4 см
399491740,Габариты,Ширина упаковки,8 см
183867687,Общие характеристики,Модель,электромассажер
183867687,Общие характеристики,Гарантийный срок,1 год
183867687,Питание,Питание,от батареек; от сети
183867687,Технические особенности,Количество режимов работы,8
183867687,Дополнительная информация,Тип массажера,электроимпульсный; механический
183867687,Дополнительная информация,Зона массажа,бедра; живот; плечи
183867687,Дополнительная информация,Действие,Массаж; электрические импульсы; миостимуляция
183867687,Дополнительная информация,Доп. опции массажера,ударный; электромиостимуляция; электрофорез
183867687,Дополнительная информация,Количество роликов,без роликов
183867687,Дополнительная информация,Комплектация,Цифровой меридиан; электроды 2шт; адаптер; батарейки; подставка
183867687,Дополнительная информация,Страна производства,Китай
183867687,Габариты,Высота предмета,10 см
183867687,Габариты,Вес с упаковкой (кг),0.5 кг
183867687,Габариты,Длина упаковки,10 см
183867687,Габариты,Высота упаковки,5 см
183867687,Габариты,Ширина упаковки,16 см
209568635,Основная информация,Цвет,черный
209568635,Дополнительная информация,Зона массажа,бедра; живот; ноги
209568635,Дополнительная информация,Действие,коррекция фигуры; Лечение целлюлита; стимуляция мышц электронными импульсами
209568635,Дополнительная информация,Комплектация,пояс-миостимулятор
209568635,Дополнительная информация,Страна производства,Китай
209568635,Габариты,Длина упаковки,24 см
209568635,Габариты,Высота упаковки,4 см
209568635,Габариты,Ширина упаковки,21 см
204716562,Основная информация,Цвет,черный
204716562,Технические особенности,Количество режимов работы,8
204716562,Дополнительная информация,Тип массажера,электроимпульсный
204716562,Дополнительная информация,Действие,лифтинг; восстановление
204716562,Дополнительная информация,Комплектация,ems пояс; контроллер; пульверизатор; usb зарядка
204716562,Габариты,Вес с упаковкой (кг),0.22 кг
204716562,Габариты,Длина упаковки,32 см
204716562,Габариты,Высота упаковки,2 см
204716562,Габариты,Ширина упаковки,18 см
239622627,Основная информация,Цвет,черный
239622627,Общие характеристики,Модель,Миостимулятор Smart Fitness EMS
239622627,Технические особенности,Количество режимов работы,6 режимов
239622627,Насадки,Количество насадок,5 шт.
239622627,Дополнительная информация,Тип массажера,вибромассажер
239622627,Дополнительная информация,Зона массажа,живот; ноги; руки
239622627,Дополнительная информация,Действие,массаж
239622627,Дополнительная информация,Доп. опции массажера,вибромассаж
239622627,Дополнительная информация,Комплектация,ремень 2 шт; пояс 1 шт; пульт 1 шт
239622627,Дополнительная информация,Страна производства,Китай
239622627,Габариты,Вес без упаковки (кг),0.4 кг
239622627,Габариты,Вес с упаковкой (кг),0.5 кг
239622627,Габариты,Длина упаковки,22 см
239622627,Габариты,Высота упаковки,4 см
239622627,Габариты,Ширина упаковки,20 см
253495405,Основная информация,Цвет,розовый
253495405,Общие характеристики,Модель,Breast Enhancer
253495405,Питание,Питание,от батареек
253495405,Насадки,Количество насадок,2 шт.
253495405,Дополнительная информация,Тип массажера,миостимулятор; микроток; электроимпульсный
253495405,Дополнительная информация,Зона массажа,грудь; молочная железа; грудная клетка
253495405,Дополнительная информация,Действие,упругость; улучшение кровообращения; против растяжек
253495405,Дополнительная информация,Доп. опции массажера,электромиостимуляция
253495405,Дополнительная информация,Комплектация,миостимулятор; насадки - 2 шт.; шнур на 4 контакта; батарейка ААА - 2 шт.; токопроводящий гель; инструкция на русском языке
253495405,Дополнительная информация,Страна производства,Китай
253495405,Габариты,Высота предмета,10 см
253495405,Габариты,Ширина предмета,7 см
253495405,Габариты,Глубина предмета,2 см
253495405,Габариты,Вес без упаковки (кг),0.08 кг
253495405,Габариты,Вес с упаковкой (кг),0.28 кг
253495405,Габариты,Длина упаковки,25 см
253495405,Габариты,Высота упаковки,5 см
253495405,Габариты,Ширина упаковки,15 см
394606252,Основная информация,Цвет,серебро; белый
394606252,Общие характеристики,Гарантийный срок,14 дней
394606252,Питание,Питание,от аккумулятора
394606252,Технические особенности,Количество режимов работы,15 режимов; 20 уровней интенсивности
394606252,Насадки,Количество насадок,8 шт.
394606252,Дополнительная информация,Тип массажера,электроимпульсный
394606252,Дополнительная информация,Зона массажа,тело
394606252,Дополнительная информация,Действие,восстановление; снятие мышечного напряжения; улучшение кровообращения
394606252,Дополнительная информация,Доп. опции массажера,регулировка интенсивности
394606252,Дополнительная информация,Комплектация,Прибор-1 шт.; Электроды-8 шт.; Кабель для электродов-4 шт.; Кабель-зарядка (без блока питания)-1 шт.; инструкция-1 шт.
394606252,Дополнительная информация,Страна производства,Китай
394606252,Габариты,Высота предмета,10.5 см
394606252,Габариты,Ширина предмета,6 см
394606252,Габариты,Вес без упаковки (кг),0.1 кг
394606252,Габариты,Вес с упаковкой (кг),0.33 кг
394606252,Габариты,Длина упаковки,22 см
394606252,Габариты,Высота упаковки,4 см
394606252,Габариты,Ширина упаковки,17 см
362178861,Основная информация,Цвет,серебристый
362178861,Общие характеристики,Модель,BodyRave
362178861,Общие характеристики,Гарантийный срок,1 год
362178861,Питание,Питание,от сети
362178861,Технические особенности,Количество режимов работы,5 режимов; 12 режимов
362178861,Дополнительная информация,Тип массажера,вибрационный; роликовый; электроимпульсный
362178861,Дополнительная информация,Зона массажа,лицо; тело; зона вокруг глаз
362178861,Дополнительная информация,Форма массажера,ручной электромассажер
362178861,Дополнительная информация,Действие,лифтинг; омолаживание; против морщин
362178861,Дополнительная информация,Мин. продолжительность автономной работы,144 мин
362178861,Дополнительная информация,Доп. опции массажера,вибромассаж; электромиостимуляция; эффект иглоукалывания
362178861,Дополнительная информация,Количество роликов,2
362178861,Дополнительная информация,Комплектация,массажер; Провод для зарядки; инструкция; коробка; 2 маски для лица; токопроводящий гель
362178861,Дополнительная информация,Страна производства,Китай
362178861,Габариты,Высота предмета,18 см
362178861,Габариты,Ширина предмета,10 см
362178861,Габариты,Глубина предмета,5.5 см
362178861,Габариты,Вес без упаковки (кг),0.18 кг
362178861,Габариты,Вес с упаковкой (кг),0.35 кг
362178861,Габариты,Длина упаковки,19 см
362178861,Габариты,Высота упаковки,11 см
362178861,Габариты,Ширина упаковки,9 см
27541382,Основная информация,Цвет,черный
27541382,Общие характеристики,Модель,EMS-350
27541382,Общие характеристики,Гарантийный срок,3 года
27541382,Питание,Питание,220 В
27541382,Технические особенности,Количество режимов работы,12
27541382,Насадки,Количество насадок,8 шт.
27541382,Дополнительная информация,Тип массажера,миостимулятор; миостимулятор электрический; миостимулятор для пресса
27541382,Дополнительная информация,Зона массажа,"Спина и конечности; Тело, Бёдра, Ноги, Плечи, Бока, Руки"
27541382,Дополнительная информация,Действие,миостимуляция
27541382,Дополнительная информация,Мин. продолжительность автономной работы,5 мин
27541382,Дополнительная информация,Доп. опции массажера,Разные режимы массажа; Раздельные электроды
27541382,Дополнительная информация,Количество роликов,миостимулятор
27541382,Дополнительная информация,Комплектация,"USB-кабель; инструкция; Массажер - 1 шт; самоклеящиеся электроды (8 шт.), соединительные провода (4 шт.)"
27541382,Дополнительная информация,Страна производства,Китай
27541382,Габариты,Высота предмета,12.2 см
27541382,Габариты,Ширина предмета,6.5 см
27541382,Габариты,Глубина предмета,12.2 см
27541382,Габариты,Вес без упаковки (кг),0.4 кг
27541382,Габариты,Вес с упаковкой (кг),0.5 кг
27541382,Габариты,Длина упаковки,13 см
27541382,Габариты,Высота упаковки,18 см
27541382,Габариты,Ширина упаковки,10 см
204010629,Основная информация,Цвет,белый
204010629,Общие характеристики,Модель,электромассажер
204010629,Питание,Питание,от батареек; от сети
204010629,Технические особенности,Количество режимов работы,8
204010629,Насадки,Количество насадок,2 шт.
204010629,Дополнительная информация,Тип массажера,электроимпульсный; механический
204010629,Дополнительная информация,Зона массажа,бедра; живот; плечи
204010629,Дополнительная информация,Действие,Массаж; электрические импульсы; миостимуляция
204010629,Дополнительная информация,Мин. продолжительность автономной работы,100 мин
204010629,Дополнительная информация,Доп. опции массажера,ударный; электромиостимуляция; электрофорез
204010629,Дополнительная информация,Количество роликов,без роликов
204010629,Дополнительная информация,Комплектация,Цифровой меридиан; электроды 2шт; адаптер; батарейки; подставка
204010629,Дополнительная информация,Страна производства,Китай
204010629,Габариты,Высота предмета,10 см
204010629,Габариты,Ширина предмета,8 см
204010629,Габариты,Глубина предмета,5 см
204010629,Габариты,Вес без упаковки (кг),0.1 кг
204010629,Габариты,Вес с упаковкой (кг),0.4 кг
204010629,Габариты,Длина упаковки,24 см
204010629,Габариты,Высота упаковки,5 см
204010629,Габариты,Ширина упаковки,20 см
44696286,Основная информация,Цвет,белый; серый
44696286,Общие характеристики,Модель,Миостимулятор
44696286,Питание,Питание,USB кабель (В комплекте); от аккумулятора; USB
44696286,Технические особенности,Количество режимов работы,9 уровней интенсивности; 6 шт.; 6 режимов
44696286,Насадки,Количество насадок,3 шт.
44696286,Дополнительная информация,Тип массажера,Расслабляющий; электрический массажер; электроимпульсный
44696286,Дополнительная информация,Зона массажа,спина; шейный отдел позвоночника; воротниковая зона
44696286,Дополнительная информация,Действие,Массажер электрический для дома и автомобиля; микротоковый; электростимуляция
44696286,Дополнительная информация,Мин. продолжительность автономной работы,15 мин
44696286,Дополнительная информация,Доп. опции массажера,нагрев; работает без проводов; таймер автоматического отключения
44696286,Дополнительная информация,Количество роликов,3 массажные головки; 3; 3 шт.
44696286,Дополнительная информация,Комплектация,массажер - 1шт.; Инструкция на русском языке - 1шт.; USB кабель для зарядки - 1шт.
44696286,Дополнительная информация,Страна производства,Китай
44696286,Дополнительная информация,Срок эксплуатации,бессрочно
44696286,Габариты,Ширина предмета,4.5 см
44696286,Габариты,Глубина предмета,15 см
44696286,Габариты,Вес без упаковки (кг),0.14 кг
44696286,Габариты,Вес с упаковкой (кг),0.24 кг
44696286,Габариты,Длина упаковки,18 см
44696286,Габариты,Высота упаковки,6 см
44696286,Габариты,Ширина упаковки,20 см
51787540,Основная информация,Цвет,белый
51787540,Общие характеристики,Модель,для пресса
51787540,Общие характеристики,Гарантийный срок,6 месяцев
51787540,Питание,Питание,от сети; от батареек
51787540,Технические особенности,Количество режимов работы,8
51787540,Насадки,Количество насадок,10 шт.
51787540,Дополнительная информация,Тип массажера,электроимпульсный
51787540,Дополнительная информация,Зона массажа,живот; бедра; тело
51787540,Дополнительная информация,Действие,снятие мышечного напряжения
51787540,Дополнительная информация,Мин. продолжительность автономной работы,180 мин
51787540,Дополнительная информация,Доп. опции массажера,электромиостимуляция
51787540,Дополнительная информация,Комплектация,Массажер для шеи и плеч электрический - 1 шт; насадки для массажера - 10 шт
51787540,Дополнительная информация,Страна производства,Китай
51787540,Габариты,Высота предмета,5 см
51787540,Габариты,Ширина предмета,17 см
51787540,Габариты,Глубина предмета,5 см
51787540,Габариты,Вес без упаковки (кг),0.04 кг
51787540,Габариты,Вес с упаковкой (кг),0.45 кг
51787540,Габариты,Длина упаковки,23 см
51787540,Габариты,Высота упаковки,5 см
51787540,Габариты,Ширина упаковки,20 см
236802936,Основная информация,Цвет,черный
236802936,Общие характеристики,Модель,Тренажер
236802936,Общие характеристики,Гарантийный срок,1 год
236802936,Питание,Питание,от сети; Bluetooth
236802936,Технические особенности,Количество режимов работы,99 режимов; 6 программ тренировок
236802936,Насадки,Количество насадок,1 шт.
236802936,Дополнительная информация,Тип массажера,оздоровление; вибромассажер; Массажер для ног
236802936,Дополнительная информация,Зона массажа,ноги; живот; ягодицы
236802936,Дополнительная информация,Действие,улучшение сна; улучшение кровообращения; спорт
236802936,Дополнительная информация,Доп. опции массажера,вибромассаж; для похудения; вибромассажер для тела
236802936,Дополнительная информация,Количество роликов,Кардиотренажер; антицеллюлитный; массажер для спины
236802936,Дополнительная информация,Комплектация,виброплатформа-1шт; Экспандер ручной - 2шт; Инструкция на русском языке; пульт ДУ - 1шт
236802936,Дополнительная информация,Страна производства,Китай
236802936,Габариты,Высота предмета,12.5 см
236802936,Габариты,Ширина предмета,52 см
236802936,Габариты,Глубина предмета,32 см
236802936,Габариты,Вес без упаковки (кг),10 кг
236802936,Габариты,Вес с упаковкой (кг),9 кг
236802936,Габариты,Длина упаковки,57 см
236802936,Габариты,Высота упаковки,18 см
236802936,Габариты,Ширина упаковки,43 см
258435392,Общие характеристики,Модель,Миостимулятор для ног Yamaguchi FOOT Trainer MIO
258435392,Общие характеристики,Гарантийный срок,12 месяцев; + постгарантийное обслуживание до 5 лет
258435392,Технические особенности,Количество режимов работы,2
258435392,Дополнительная информация,Тип массажера,электроимпульсный; вибрационный; миостимулятор
258435392,Дополнительная информация,Зона массажа,ноги; тело; бедра
258435392,Дополнительная информация,Форма массажера,напольная платформа
258435392,Дополнительная информация,Действие,восстановление
258435392,Габариты,Высота предмета,1.4 см
258435392,Габариты,Ширина предмета,31 см
258435392,Габариты,Глубина предмета,31 см
258435392,Габариты,Вес с упаковкой (кг),0.73 кг
258435392,Габариты,Длина упаковки,34 см
258435392,Габариты,Высота упаковки,4 см
258435392,Габариты,Ширина упаковки,34 см
269273309,Основная информация,Цвет,синий; черный
269273309,Общие характеристики,Гарантийный срок,14 дней
269273309,Питание,Питание,USB
269273309,Технические особенности,Количество режимов работы,8 режимов
269273309,Дополнительная информация,Тип массажера,электроимпульсный
269273309,Дополнительная информация,Зона массажа,живот; спина; тело
269273309,Дополнительная информация,Действие,укрепление; питание
269273309,Дополнительная информация,Доп. опции массажера,электромиостимуляция
269273309,Дополнительная информация,Комплектация,пояс-миостимулятор; контроллер; usb-провод; пульверизатор для воды
269273309,Дополнительная информация,Страна производства,Китай
269273309,Габариты,Вес с упаковкой (кг),0.23 кг
269273309,Габариты,Длина упаковки,32 см
269273309,Габариты,Высота упаковки,2 см
269273309,Габариты,Ширина упаковки,18 см
220795333,Основная информация,Цвет,голубой
220795333,Питание,Питание,от батареек
220795333,Технические особенности,Количество режимов работы,8
220795333,Дополнительная информация,Действие,эластичность; укрепление
220795333,Дополнительная информация,Страна производства,Россия
220795333,Габариты,Вес с упаковкой (кг),0.25 кг
220795333,Габариты,Длина упаковки,15 см
220795333,Габариты,Высота упаковки,6 см
220795333,Габариты,Ширина упаковки,10 см
394600906,Основная информация,Цвет,серый
394600906,Общие характеристики,Гарантийный срок,14 дней
394600906,Питание,Питание,от батареек
394600906,Технические особенности,Количество режимов работы,5 режимов; 7 встроенных программ
394600906,Насадки,Количество насадок,4 шт.
394600906,Дополнительная информация,Тип массажера,электроимпульсный
394600906,Дополнительная информация,Зона массажа,тело
394600906,Дополнительная информация,Действие,восстановление; снятие мышечного напряжения; улучшение кровообращения
394600906,Дополнительная информация,Доп. опции массажера,регулировка интенсивности
394600906,Дополнительная информация,Комплектация,Кейс для хранения-1 шт.; Прибор-1 шт.; электроды-4 шт.; кабель-2 шт.; Батарейка 9V-1 шт.; инструкция-1 шт.
394600906,Дополнительная информация,Страна производства,Китай
394600906,Габариты,Высота предмета,10.1 см
394600906,Габариты,Ширина предмета,6.1 см
394600906,Габариты,Глубина предмета,2.45 см
394600906,Габариты,Вес без упаковки (кг),0.15 кг
394600906,Габариты,Вес с упаковкой (кг),0.56 кг
394600906,Габариты,Длина упаковки,23 см
394600906,Габариты,Высота упаковки,6 см
394600906,Габариты,Ширина упаковки,20 см
141319553,Основная информация,Цвет,черный
141319553,Общие характеристики,Модель,Электростимулятор мышц
141319553,Питание,Питание,USB кабель (В комплекте)
141319553,Технические особенности,Количество режимов работы,19 уровней интенсивности; 8 режимов массажа
141319553,Насадки,Количество насадок,3 шт.
141319553,Дополнительная информация,Тип массажера,Расслабляющий; электрический массажер; Миостимулятор для мышц
141319553,Дополнительная информация,Зона массажа,спина; тело; шея
141319553,Дополнительная информация,Действие,Массажер электрический для дома и автомобиля; миостимулятор; массажер для шеи и плеч
141319553,Дополнительная информация,Мин. продолжительность автономной работы,15 мин
141319553,Дополнительная информация,Доп. опции массажера,работает без проводов; таймер автоматического отключения; электрод
141319553,Дополнительная информация,Количество роликов,3 электрода
141319553,Дополнительная информация,Комплектация,Миостимулятор - 1 шт; электрод - 3 шт; USB- кабель; Инструкция на русском языке; Провод для электродов - 1 шт
141319553,Дополнительная информация,Страна производства,Китай
141319553,Габариты,Высота предмета,1 см
141319553,Габариты,Ширина предмета,6 см
141319553,Габариты,Глубина предмета,16 см
141319553,Габариты,Вес без упаковки (кг),0.06 кг
141319553,Габариты,Вес с упаковкой (кг),0.12 кг
141319553,Габариты,Длина упаковки,21 см
141319553,Габариты,Высота упаковки,4 см
141319553,Габариты,Ширина упаковки,13 см
14154692,Основная информация,Цвет,черничный
14154692,Общие характеристики,Модель,M10
14154692,Общие характеристики,Гарантийный срок,2 года
14154692,Питание,Питание,"Батарея ААА, 2 шт"
14154692,Технические особенности,Количество режимов работы,8
14154692,Дополнительная информация,Тип массажера,электростимулятор мышц; электрический
14154692,Дополнительная информация,Зона массажа,бедра; пресс; живот
14154692,Дополнительная информация,Действие,Массажер для пресса; миостимулятор для пресса; электрический пояс для похудения
14154692,Дополнительная информация,Мин. продолжительность автономной работы,15 мин
14154692,Дополнительная информация,Доп. опции массажера,пояс для похудения для живота
14154692,Дополнительная информация,Комплектация,инструкция по применению; Пульт; удлинитель; электрод; пояс для похудения электрический
14154692,Дополнительная информация,Страна производства,Тайвань
14154692,Габариты,Высота предмета,28 см
14154692,Габариты,Ширина предмета,18 см
14154692,Габариты,Глубина предмета,9 см
14154692,Габариты,Вес с упаковкой (кг),0.6 кг
14154692,Габариты,Длина упаковки,9 см
14154692,Габариты,Высота упаковки,28 см
14154692,Габариты,Ширина упаковки,18 см
231332321,Основная информация,Цвет,черный
231332321,Общие характеристики,Модель,бабочка
231332321,Общие характеристики,Гарантийный срок,2 нед
231332321,Питание,Питание,от аккумулятора; от сети
231332321,Технические особенности,Количество режимов работы,8 режимов
231332321,Насадки,Количество насадок,1 шт.
231332321,Дополнительная информация,Тип массажера,электро-импульсивный; вибрационный
231332321,Дополнительная информация,Зона массажа,живот; тело; спина
231332321,Дополнительная информация,Форма массажера,пояс
231332321,Дополнительная информация,Действие,похудение
231332321,Дополнительная информация,Мин. продолжительность автономной работы,60 мин
231332321,Дополнительная информация,Доп. опции массажера,автовыключение; регулировка интенсивности; регулировка скорости
231332321,Дополнительная информация,Количество роликов,1 шт.
231332321,Дополнительная информация,Комплектация,Пояс миостимулятор для пресса - 1 шт.; Контроллер - 1 шт.; Зарядка USB - 1 шт.; Инструкция - 1 шт.
231332321,Дополнительная информация,Страна производства,Китай
231332321,Дополнительная информация,Срок эксплуатации,1 год
231332321,Габариты,Высота предмета,3 см
231332321,Габариты,Ширина предмета,15 см
231332321,Габариты,Глубина предмета,15 см
231332321,Габариты,Вес без упаковки (кг),0.6 кг
231332321,Габариты,Вес с упаковкой (кг),0.8 кг
231332321,Габариты,Длина упаковки,24 см
231332321,Габариты,Высота упаковки,3 см
231332321,Габариты,Ширина упаковки,15 см
397300881,Основная информация,Цвет,черный; карбон
397300881,Общие характеристики,Модель,массажер перкуссионный
397300881,Питание,Питание,от аккумулятора
397300881,Технические особенности,Количество режимов работы,30 режимов
397300881,Насадки,Количество насадок,6 шт.
397300881,Дополнительная информация,Тип массажера,перкуссионный; вибрационный
397300881,Дополнительная информация,Зона массажа,ноги; тело; руки
397300881,Дополнительная информация,Форма массажера,массажный пистолет
397300881,Дополнительная информация,Действие,восстановление; тонизирование; снятие мышечного напряжения
397300881,Дополнительная информация,Мин. продолжительность автономной работы,120 мин
397300881,Дополнительная информация,Доп. опции массажера,дисплей; регулировка скорости; индикация уровня заряда
397300881,Дополнительная информация,Количество роликов,6
397300881,Дополнительная информация,Комплектация,"массажер, 6 насадок, провод зарядки"
397300881,Дополнительная информация,Страна производства,Китай
397300881,Габариты,Высота предмета,21 см
397300881,Габариты,Ширина предмета,27 см
397300881,Габариты,Глубина предмета,6 см
397300881,Габариты,Вес без упаковки (кг),1 кг
397300881,Габариты,Вес с упаковкой (кг),1.3 кг
397300881,Габариты,Длина упаковки,28 см
397300881,Габариты,Высота упаковки,8 см
397300881,Габариты,Ширина упаковки,23 см
245525396,Основная информация,Цвет,белый
245525396,Общие характеристики,Модель,Кегель массажер для женщин электрический
245525396,Дополнительная информация,Действие,укрепление; восстановление; упругость
245525396,Дополнительная информация,Комплектация,Хост - 1 шт Зонд - 1 шт Стандартные электроды - 2 пары; Абдоминальные электроды - 1 пара Нагрудные электроды - 1 пара; Кабель для зарядки - 1 шт Соединительный провод - 2 шт; Инструкция - 1 шт Упаковочная коробка - 1 шт
245525396,Габариты,Вес с упаковкой (кг),0.42 кг
245525396,Габариты,Длина упаковки,20 см
245525396,Габариты,Высота упаковки,5 см
245525396,Габариты,Ширина упаковки,17 см
173241584,Основная информация,Цвет,розовый
173241584,Общие характеристики,Модель,Косметический микротоковый вибромассажер для лица
173241584,Общие характеристики,Гарантийный срок,1 год
173241584,Питание,Питание,USB; от аккумулятора
173241584,Технические особенности,Количество режимов работы,4
173241584,Дополнительная информация,Тип массажера,вибромассажер; электроимпульсный; микротоковый
173241584,Дополнительная информация,Зона массажа,овал лица; подбородок; лицо
173241584,Дополнительная информация,Действие,омолаживание; против морщин; лифтинг подтяжка
173241584,Дополнительная информация,Мин. продолжительность автономной работы,180 мин
173241584,Дополнительная информация,Доп. опции массажера,микротоки от морщин прыщей отеков; борьба с несовершенствами; электромассажер миостимулятор
173241584,Дополнительная информация,Комплектация,кабель для зарядки; интсрукция; массажер
173241584,Дополнительная информация,Страна производства,Китай
173241584,Габариты,Вес с упаковкой (кг),0.9 кг
173241584,Габариты,Длина упаковки,11 см
173241584,Габариты,Высота упаковки,17 см
173241584,Габариты,Ширина упаковки,7 см
259347584,Основная информация,Цвет,белый
259347584,Общие характеристики,Модель,Кегель массажер для женщин электрический
259347584,Питание,Питание,USB
259347584,Технические особенности,Количество режимов работы,6 режимов
259347584,Насадки,Количество насадок,8 шт.
259347584,Дополнительная информация,Тип массажера,электроимпульсный
259347584,Дополнительная информация,Зона массажа,живот; интимная зона; тело
259347584,Дополнительная информация,Действие,укрепление; восстановление; коррекция фигуры
259347584,Дополнительная информация,Мин. продолжительность автономной работы,15 мин
259347584,Дополнительная информация,Доп. опции массажера,электромиостимуляция
259347584,Дополнительная информация,Комплектация,Хост - 1 шт Зонд - 1 шт Стандартные электроды - 2 пары; Абдоминальные электроды - 1 пара Нагрудные электроды - 1 пара; Кабель для зарядки - 1 шт Соединительный провод - 2 шт; Инструкция - 1 шт Упаковочная коробка - 1 шт
259347584,Дополнительная информация,Страна производства,Китай
259347584,Габариты,Вес с упаковкой (кг),0.45 кг
259347584,Габариты,Длина упаковки,26 см
259347584,Габариты,Высота упаковки,6 см
259347584,Габариты,Ширина упаковки,18 см
204511996,Основная информация,Цвет,серый
204511996,Общие характеристики,Модель,009
204511996,Общие характеристики,Гарантийный срок,1 мес
204511996,Питание,Питание,от батареек; от сети
204511996,Технические особенности,Количество режимов работы,4 шт.
204511996,Насадки,Количество насадок,4 шт.
204511996,Дополнительная информация,Тип массажера,электроимпульсный
204511996,Дополнительная информация,Зона массажа,плечи; спина; тело
204511996,Дополнительная информация,Действие,восстановление; снятие мышечного напряжения; улучшение кровообращения
204511996,Дополнительная информация,Мин. продолжительность автономной работы,15 мин
204511996,Дополнительная информация,Доп. опции массажера,автовыключение; вибромассаж; электромиостимуляция
204511996,Дополнительная информация,Количество роликов,16
204511996,Дополнительная информация,Комплектация,миостимулятор; блок питания; провода для электродов на 2 и 4 контакта; перчатки; тапочки; электроды 8 пар
204511996,Дополнительная информация,Страна производства,Китай
204511996,Габариты,Высота предмета,4.5 см
204511996,Габариты,Ширина предмета,15 см
204511996,Габариты,Глубина предмета,10 см
204511996,Габариты,Вес без упаковки (кг),0.25 кг
204511996,Габариты,Вес с упаковкой (кг),0.4 кг
204511996,Габариты,Длина упаковки,27 см
204511996,Габариты,Высота упаковки,10 см
204511996,Габариты,Ширина упаковки,10 см
369001845,Основная информация,Цвет,голубой; черный
369001845,Общие характеристики,Модель,Миостимулятор
369001845,Питание,Питание,от сети
369001845,Технические особенности,Количество режимов работы,8 режимов
369001845,Насадки,Количество насадок,4 шт.
369001845,Дополнительная информация,Тип массажера,миостимулятор
369001845,Дополнительная информация,Зона массажа,лицо; тело
369001845,Дополнительная информация,Форма массажера,ручной электромассажер
369001845,Дополнительная информация,Действие,восстановление; снятие мышечного напряжения; тонизирование
369001845,Дополнительная информация,Мин. продолжительность автономной работы,40 мин
369001845,Дополнительная информация,Доп. опции массажера,дисплей; регулировка интенсивности; индикация выбранного режима
369001845,Дополнительная информация,Комплектация,Миостимулятор - 1 шт.; электроды - 4 шт.
369001845,Габариты,Высота предмета,2 см
369001845,Габариты,Ширина предмета,6 см
369001845,Габариты,Глубина предмета,12 см
369001845,Габариты,Вес без упаковки (кг),0.2 кг
369001845,Габариты,Вес с упаковкой (кг),0.3 кг
369001845,Габариты,Длина упаковки,17 см
369001845,Габариты,Высота упаковки,4 см
369001845,Габариты,Ширина упаковки,10 см
263006628,Основная информация,Цвет,черный
263006628,Общие характеристики,Модель,"23 февраля, новый год"
263006628,Питание,Питание,от аккумулятора
263006628,Технические особенности,Количество режимов работы,32; 32 режима
263006628,Насадки,Количество насадок,4 шт.
263006628,Дополнительная информация,Тип массажера,вибромассажер; постукивающий; ударно-кулачковый
263006628,Дополнительная информация,Зона массажа,"тело,ноги,шея"
263006628,Дополнительная информация,Действие,снятие мышечного напряжения; лимфодренажный; антицеллюлитный
263006628,Дополнительная информация,Мин. продолжительность автономной работы,360 мин
263006628,Дополнительная информация,Комплектация,Инструкция - 1 шт.; насадки 4 шт; кабель для зарядки 1 шт; Многофункциональный массажер - 1 шт
263006628,Дополнительная информация,Страна производства,Китай
263006628,Габариты,Высота предмета,14 см
263006628,Габариты,Ширина предмета,13 см
263006628,Габариты,Глубина предмета,5 см
263006628,Габариты,Вес без упаковки (кг),0.48 кг
263006628,Габариты,Вес с упаковкой (кг),0.58 кг
263006628,Габариты,Длина упаковки,22 см
263006628,Габариты,Высота упаковки,6 см
263006628,Габариты,Ширина упаковки,18 см
286626694,Основная информация,Цвет,бежевый
286626694,Питание,Питание,USB; от аккумулятора
286626694,Технические особенности,Количество режимов работы,10 режимов
286626694,Насадки,Количество насадок,1 шт.
286626694,Дополнительная информация,Тип массажера,для похудения; роликовый; тепловой
286626694,Дополнительная информация,Зона массажа,шея; спина; ягодицы
286626694,Дополнительная информация,Действие,восстановление; разогревающее; снятие мышечного напряжения
286626694,Дополнительная информация,Мин. продолжительность автономной работы,15 мин
286626694,Дополнительная информация,Доп. опции массажера,автовыключение; функция подогрева
286626694,Дополнительная информация,Количество роликов,16
286626694,Дополнительная информация,Комплектация,массажер для шеи; провод питания
286626694,Дополнительная информация,Страна производства,Китай
286626694,Габариты,Высота предмета,17 см
286626694,Габариты,Ширина предмета,18 см
286626694,Габариты,Глубина предмета,40 см
286626694,Габариты,Вес без упаковки (кг),1 кг
286626694,Габариты,Вес с упаковкой (кг),1.3 кг
286626694,Габариты,Длина упаковки,42 см
286626694,Габариты,Высота упаковки,20 см
286626694,Габариты,Ширина упаковки,19 см
258613995,Основная информация,Цвет,белый
258613995,Общие характеристики,Гарантийный срок,1 год
258613995,Питание,Питание,USB; от аккумулятора
258613995,Технические особенности,Количество режимов работы,10 режимов
258613995,Дополнительная информация,Тип массажера,вакуумный; EMS; роликовый
258613995,Дополнительная информация,Зона массажа,бедра; живот; руки
258613995,Дополнительная информация,Действие,улучшение кровообращения; упругость; лифтинг
258613995,Дополнительная информация,Доп. опции массажера,функция подогрева; EMS; Ролики
258613995,Дополнительная информация,Количество роликов,2
258613995,Дополнительная информация,Комплектация,массажер; патчи; кабель зарядки; кабель патчей; сумочка
258613995,Дополнительная информация,Страна производства,Китай
258613995,Габариты,Вес с упаковкой (кг),0.4 кг
258613995,Габариты,Длина упаковки,17 см
258613995,Габариты,Высота упаковки,9 см
258613995,Габариты,Ширина упаковки,13 см
217653354,Основная информация,Цвет,белый
217653354,Питание,Питание,220В (5А); USB-шнур; 3 батарейки тип АА
217653354,Технические особенности,Количество режимов работы,9
217653354,Насадки,Количество насадок,16 шт.
217653354,Дополнительная информация,Тип массажера,электроимпульсный; миостимулятор для тела электрический; вибрационный
217653354,Дополнительная информация,Зона массажа,"шея, голова; ноги,руки,живот; остеохондроз аппарат"
217653354,Дополнительная информация,Действие,коррекция фигуры; снятие мышечного напряжения; улучшение кровообращения
217653354,Дополнительная информация,Мин. продолжительность автономной работы,5 мин
217653354,Дополнительная информация,Доп. опции массажера,электромиостимуляция; автовыключение; регулируемая скорость
217653354,Дополнительная информация,Комплектация,миостимулятор; электродные пластины 16шт; адаптер питания-1шт; USB -шнур; электродный кабель (на 2 и 4 электрода)-2 шт
217653354,Дополнительная информация,Страна производства,Китай
217653354,Габариты,Высота предмета,4 см
217653354,Габариты,Ширина предмета,10 см
217653354,Габариты,Глубина предмета,15 см
217653354,Габариты,Вес без упаковки (кг),0.15 кг
217653354,Габариты,Вес с упаковкой (кг),0.4 кг
217653354,Габариты,Длина упаковки,16 см
217653354,Габариты,Высота упаковки,9 см
217653354,Габариты,Ширина упаковки,10 см
278820954,Основная информация,Цвет,черный
278820954,Общие характеристики,Модель,Массажер электрический
278820954,Питание,Питание,от аккумулятора
278820954,Технические особенности,Количество режимов работы,8
278820954,Насадки,Количество насадок,1 шт.
278820954,Дополнительная информация,Тип массажера,электроимпульсный
278820954,Дополнительная информация,Зона массажа,спина; тело; мышцы
278820954,Дополнительная информация,Действие,восстановление; тонизирование; миостимуляция
278820954,Дополнительная информация,Мин. продолжительность автономной работы,15 мин
278820954,Дополнительная информация,Доп. опции массажера,автовыключение; электромиостимуляция
278820954,Дополнительная информация,Количество роликов,Нет ролики
278820954,Дополнительная информация,Комплектация,миостимулятор; Гидрогелевые пластины 2 шт; зарядный кабель; пульт управления
278820954,Дополнительная информация,Страна производства,Китай
278820954,Габариты,Высота предмета,2 см
278820954,Габариты,Ширина предмета,16 см
278820954,Габариты,Глубина предмета,7.5 см
278820954,Габариты,Вес без упаковки (кг),0.1 кг
278820954,Габариты,Вес с упаковкой (кг),0.15 кг
278820954,Габариты,Длина упаковки,16 см
278820954,Габариты,Высота упаковки,3 см
278820954,Габариты,Ширина упаковки,10 см
340459341,Основная информация,Цвет,черный
340459341,Общие характеристики,Модель,Массажер электрический
340459341,Общие характеристики,Гарантийный срок,2 нед
340459341,Питание,Питание,от аккумулятора
340459341,Технические особенности,Количество режимов работы,8
340459341,Насадки,Количество насадок,3 шт.
340459341,Дополнительная информация,Тип массажера,электроимпульсный
340459341,Дополнительная информация,Зона массажа,спина; тело; мышцы
340459341,Дополнительная информация,Действие,восстановление; тонизирование; миостимуляция
340459341,Дополнительная информация,Мин. продолжительность автономной работы,15 мин
340459341,Дополнительная информация,Доп. опции массажера,автовыключение; электромиостимуляция; ультразвуковой массаж
340459341,Дополнительная информация,Количество роликов,Нет ролики
340459341,Дополнительная информация,Комплектация,Электрический мини массажер бабочка миостимулятор микротоковый 1 шт
340459341,Дополнительная информация,Страна производства,Китай
340459341,Габариты,Высота предмета,2 см
340459341,Габариты,Ширина предмета,16 см
340459341,Габариты,Глубина предмета,7.5 см
340459341,Габариты,Вес без упаковки (кг),0.1 кг
340459341,Габариты,Вес с упаковкой (кг),0.15 кг
340459341,Габариты,Длина упаковки,16 см
340459341,Габариты,Высота упаковки,4 см
340459341,Габариты,Ширина упаковки,8 см
259612238,Основная информация,Цвет,белый
259612238,Общие характеристики,Модель,HX-5880
259612238,Общие характеристики,Гарантийный срок,1
259612238,Питание,Питание,от батареек
259612238,Технические особенности,Количество режимов работы,6
259612238,Насадки,Количество насадок,2 шт.
259612238,Дополнительная информация,Тип массажера,электроимпульсный; Расслабляющий; электрический массажер
259612238,Дополнительная информация,Зона массажа,спина; шейный отдел позвоночника; воротниковая зона
259612238,Дополнительная информация,Действие,"Портативный электромассажер для дома, офиса и в дорогу; миостимулятор; Оздоровительный и расслабляющий массаж"
259612238,Дополнительная информация,Мин. продолжительность автономной работы,15 мин
259612238,Дополнительная информация,Доп. опции массажера,работает без проводов; таймер автоматического отключения; есть выносные электроды
259612238,Дополнительная информация,Количество роликов,0
259612238,Дополнительная информация,Комплектация,массажер; электроды-патчи 2шт; инструкция; кабель к электродам
259612238,Дополнительная информация,Страна производства,Китай
259612238,Габариты,Высота предмета,5 см
259612238,Габариты,Ширина предмета,13 см
259612238,Габариты,Глубина предмета,16 см
259612238,Габариты,Вес без упаковки (кг),0.2 кг
259612238,Габариты,Вес с упаковкой (кг),0.3 кг
259612238,Габариты,Длина упаковки,21 см
259612238,Габариты,Высота упаковки,7 см
259612238,Габариты,Ширина упаковки,23 см
165741322,Основная информация,Цвет,черный
165741322,Общие характеристики,Модель,электроимпульсный; виброплатформа
165741322,Питание,Питание,Встроенный аккумулятор
165741322,Технические особенности,Количество режимов работы,3
165741322,Насадки,Количество насадок,1 шт.
165741322,Дополнительная информация,Тип массажера,Вибрационный; импульсный
165741322,Дополнительная информация,Зона массажа,"ноги, руки, живот, поясница, шея, бедра, лицо; Плечи / Шея / Спина / Ягодицы; позвоночника, пресса, груди, икры, под коленом, ступни"
165741322,Дополнительная информация,Действие,"антистресс, релаксация, уменьшает тревогу; расслабление шеи"
165741322,Дополнительная информация,Доп. опции массажера,вибромассаж; вибромассажер для шеи и плеч; электрический массаж шеи
165741322,Дополнительная информация,Количество роликов,1
165741322,Дополнительная информация,Комплектация,Мини массажер для снятия мышечного напряжения 1шт.
165741322,Дополнительная информация,Страна производства,Китай
165741322,Габариты,Высота предмета,15 см
165741322,Габариты,Глубина предмета,2 см
165741322,Габариты,Вес без упаковки (кг),0.08 кг
165741322,Габариты,Вес с упаковкой (кг),0.08 кг
165741322,Габариты,Длина упаковки,18 см
165741322,Габариты,Высота упаковки,9 см
165741322,Габариты,Ширина упаковки,3 см
52241526,Основная информация,Цвет,черный
52241526,Технические особенности,Максимальный вес (кг),180 кг
52241526,Дополнительная информация,Модель тренажера,для пресса; для ног; подарочная
52241526,Дополнительная информация,Система нагрузки,электромагнитная; механическая; комплексная
52241526,Дополнительная информация,Комплектация,коробка; паспорт; накладки 3 шт; массажер косметический 3 шт
52241526,Дополнительная информация,Страна производства,Китай
52241526,Габариты,Высота предмета,2.5 см
52241526,Габариты,Длина предмета,17 см
52241526,Габариты,Глубина предмета,0.5 см
52241526,Габариты,Ширина предмета,15 см
52241526,Габариты,Длина упаковки,26 см
52241526,Габариты,Высота упаковки,6 см
52241526,Габариты,Ширина упаковки,23 см
196843983,Основная информация,Цвет,черный
196843983,Питание,Питание,USB
196843983,Технические особенности,Количество режимов работы,8
196843983,Дополнительная информация,Тип массажера,электроимпульсный
196843983,Дополнительная информация,Зона массажа,живот
196843983,Дополнительная информация,Действие,коррекция фигуры; лифтинг
196843983,Дополнительная информация,Страна производства,Китай
196843983,Габариты,Вес с упаковкой (кг),0.18 кг
196843983,Габариты,Длина упаковки,24 см
196843983,Габариты,Высота упаковки,3 см
196843983,Габариты,Ширина упаковки,15 см
241182990,Основная информация,Цвет,черный
241182990,Общие характеристики,Модель,для спины; электро; для пресса
241182990,Питание,Питание,USB; от аккумулятора; поддержка и восстановление
241182990,Дополнительная информация,Тип массажера,электроимпульсный; вибромассажер; оздоровление
241182990,Дополнительная информация,Зона массажа,живот; тело; спина
241182990,Дополнительная информация,Действие,массажер для тела; массажер для спины; антицеллюлитный массажер
241182990,Дополнительная информация,Доп. опции массажера,Антицеллюлитный; виброплатформа; для похудения живота
241182990,Габариты,Длина упаковки,30 см
241182990,Габариты,Высота упаковки,5 см
241182990,Габариты,Ширина упаковки,20 см
161953259,Основная информация,Цвет,белый
161953259,Общие характеристики,Количество предметов в упаковке,3
161953259,Материалы,Материал изделия,пластик; abs-пластик
161953259,Дополнительная информация,Зона массажа,овал лица; подбородок; лицо
161953259,Дополнительная информация,Действие,против морщин; лифтинг подтяжка; миостимулятор для омоложения
161953259,Дополнительная информация,Страна производства,Китай
161953259,Дополнительная информация,Комплектация,кабель для зарядки; инструкция; rf лифтинг бандаж
161953259,Габариты,Вес товара с упаковкой (г),166 г
161953259,Габариты,Длина упаковки,6 см
161953259,Габариты,Высота упаковки,22 см
161953259,Габариты,Ширина упаковки,6 см
284200562,Общие характеристики,Модель,001
284200562,Питание,Питание,от сети
284200562,Технические особенности,Количество режимов работы,6; 6 режимов
284200562,Дополнительная информация,Комплектация,"зарядное, батарейки, пластны, аппарат"
284200562,Дополнительная информация,Страна производства,Китай
284200562,Габариты,Длина упаковки,24 см
284200562,Габариты,Высота упаковки,5 см
284200562,Габариты,Ширина упаковки,20 см
213710877,Основная информация,Цвет,белый
213710877,Общие характеристики,Модель,электро стимулятор лимофдренажный микротоки
213710877,Питание,Питание,от сети; от батареек; USB (в комплекте)
213710877,Технические особенности,Количество режимов работы,8
213710877,Насадки,Количество насадок,2 шт.
213710877,Дополнительная информация,Тип массажера,акупунктурный; терапевтический; Расслабляющий импульсный
213710877,Дополнительная информация,Зона массажа,"Спина, плечи, ноги, руки, ягодицы; Живот, Талия; поясница, бедра"
213710877,Дополнительная информация,Действие,массаж тела в домашних условиях; Массаж для похудения и против целлюлита; улучшение метаболизма укрепление мышц и кожи
213710877,Дополнительная информация,Доп. опции массажера,улучшение кровообращения и общий тонус тела; терапевтический эффект; стимуляция кровообращения
213710877,Дополнительная информация,Количество роликов,нет
213710877,Дополнительная информация,Комплектация,Массажер - миостимулятор - 1 шт; насадки; Инструкция - 1 шт
213710877,Дополнительная информация,Страна производства,Китай
213710877,Габариты,Длина упаковки,25 см
213710877,Габариты,Высота упаковки,6 см
213710877,Габариты,Ширина упаковки,20 см
327037933,Основная информация,Цвет,черный
327037933,Технические особенности,Количество режимов работы,1 режим
327037933,Дополнительная информация,Тип массажера,электроимпульсный; миостимулятор
327037933,Дополнительная информация,Зона массажа,живот; руки; плечи
327037933,Дополнительная информация,Действие,коррекция фигуры; омолаживание; тонизирование
327037933,Дополнительная информация,Доп. опции массажера,беспроводной; защита от перегрева
327037933,Дополнительная информация,Комплектация,миостимулятор для пресса - 1 шт.; миостимулятор для рук - 2 шт.
327037933,Габариты,Вес с упаковкой (кг),0.2 кг
327037933,Габариты,Длина упаковки,22 см
327037933,Габариты,Высота упаковки,4 см
327037933,Габариты,Ширина упаковки,20 см
50511241,Общие характеристики,Модель,EM 28
50511241,Питание,Питание,Батарейки ААА - 3 шт
50511241,Дополнительная информация,Тип массажера,миостимулятор TENS; электростимулятор
50511241,Дополнительная информация,Зона массажа,запястье; предплечье
50511241,Дополнительная информация,Действие,улучшение кровообращения; обезболивающее действие; укрепление
50511241,Дополнительная информация,Комплектация,миостимулятор; Манжета для предплечья и запястья; батарейки ААА - 3 шт; инструкция по эксплуатации
50511241,Дополнительная информация,Страна производства,Германия
50511241,Габариты,Вес с упаковкой (кг),0.52 кг
50511241,Габариты,Длина упаковки,28 см
50511241,Габариты,Высота упаковки,14 см
50511241,Габариты,Ширина упаковки,10 см
327048053,Основная информация,Цвет,черный
327048053,Технические особенности,Количество режимов работы,1 режим
327048053,Дополнительная информация,Тип массажера,электроимпульсный; миостимулятор
327048053,Дополнительная информация,Зона массажа,живот; руки; плечи
327048053,Дополнительная информация,Действие,коррекция фигуры; омолаживание; тонизирование
327048053,Дополнительная информация,Доп. опции массажера,беспроводной; защита от перегрева
327048053,Дополнительная информация,Комплектация,миостимулятор для пресса - 1 шт.
327048053,Габариты,Вес с упаковкой (кг),0.2 кг
327048053,Габариты,Длина упаковки,21 см
327048053,Габариты,Высота упаковки,3 см
327048053,Габариты,Ширина упаковки,20 см
324901316,Основная информация,Цвет,черный
324901316,Общие характеристики,Модель,Массажер электрический
324901316,Общие характеристики,Гарантийный срок,2 нед
324901316,Питание,Питание,от аккумулятора
324901316,Технические особенности,Количество режимов работы,8
324901316,Насадки,Количество насадок,3 шт.
324901316,Дополнительная информация,Тип массажера,электроимпульсный
324901316,Дополнительная информация,Зона массажа,спина; тело; мышцы
324901316,Дополнительная информация,Действие,восстановление; тонизирование; миостимуляция
324901316,Дополнительная информация,Мин. продолжительность автономной работы,15 мин
324901316,Дополнительная информация,Доп. опции массажера,автовыключение; электромиостимуляция
324901316,Дополнительная информация,Количество роликов,Нет ролики
324901316,Дополнительная информация,Комплектация,Электрический мини массажер бабочка миостимулятор микротоковый 2 шт; Сменные пластины для массажера бабочка 2 шт
324901316,Дополнительная информация,Страна производства,Китай
324901316,Габариты,Высота предмета,2 см
324901316,Габариты,Ширина предмета,16 см
324901316,Габариты,Глубина предмета,7.5 см
324901316,Габариты,Вес без упаковки (кг),0.2 кг
324901316,Габариты,Вес с упаковкой (кг),0.25 кг
324901316,Габариты,Длина упаковки,16 см
324901316,Габариты,Высота упаковки,6 см
324901316,Габариты,Ширина упаковки,8 см
185540115,Основная информация,Цвет,белый
185540115,Общие характеристики,Модель,EMSF-20
185540115,Общие характеристики,Гарантийный срок,3 года
185540115,Питание,Питание,от батареек
185540115,Технические особенности,Количество режимов работы,9
185540115,Насадки,Количество насадок,1 шт.
185540115,Дополнительная информация,Тип массажера,виброплатформа
185540115,Дополнительная информация,Зона массажа,ноги
185540115,Дополнительная информация,Форма массажера,круглая
185540115,Дополнительная информация,Действие,улучшение кровообращения
185540115,Дополнительная информация,Мин. продолжительность автономной работы,30 мин
185540115,Дополнительная информация,Доп. опции массажера,таймер
185540115,Дополнительная информация,Количество роликов,миостимулятор
185540115,Дополнительная информация,Комплектация,массажная платформа - 1шт; пульт-1шт; инструкция - 1шт
185540115,Дополнительная информация,Страна производства,Китай
185540115,Дополнительная информация,Срок эксплуатации,3 года
185540115,Габариты,Высота предмета,3.8 см
185540115,Габариты,Ширина предмета,36.5 см
185540115,Габариты,Глубина предмета,36.5 см
185540115,Габариты,Вес без упаковки (кг),1.2 кг
185540115,Габариты,Вес с упаковкой (кг),1.4 кг
185540115,Габариты,Длина упаковки,41 см
185540115,Габариты,Высота упаковки,41 см
185540115,Габариты,Ширина упаковки,9 см
279628028,Основная информация,Цвет,белый
279628028,Питание,Питание,USB
279628028,Технические особенности,Количество режимов работы,6
279628028,Дополнительная информация,Тип массажера,электроимпульсный
279628028,Дополнительная информация,Зона массажа,интимная зона
279628028,Дополнительная информация,Действие,улучшение кровообращения; укрепление; восстановление
279628028,Дополнительная информация,Доп. опции массажера,электромиостимуляция
279628028,Дополнительная информация,Комплектация,миостимулятор; насадка-зонд для влагалища; Соединительные провода
279628028,Дополнительная информация,Страна производства,Китай
279628028,Габариты,Вес с упаковкой (кг),0.31 кг
279628028,Габариты,Длина упаковки,19 см
279628028,Габариты,Высота упаковки,4 см
279628028,Габариты,Ширина упаковки,16 см
194367611,Основная информация,Цвет,белый
194367611,Общие характеристики,Модель,Массажер для тела электрический; Миостимулятор для пресса; Тренажер для живота
194367611,Питание,Питание,USB; от аккумулятора
194367611,Технические особенности,Количество режимов работы,3
194367611,Дополнительная информация,Тип массажера,вибромассажер; миостимулятор; электроимпульсный
194367611,Дополнительная информация,Зона массажа,живот; бедра; тело
194367611,Дополнительная информация,Действие,Стимуляция мышц; Антицеллюлитный массаж; Для сжигания жира
194367611,Дополнительная информация,Доп. опции массажера,вибрационный; микротоковый; импульсный
194367611,Дополнительная информация,Комплектация,Картонная упаковка 1шт; Миостимулятор для тела 1шт; Пояс для фиксации массажера; usb провод для зарядки 1шт; Инструкция 1шт
194367611,Дополнительная информация,Страна производства,Китай
194367611,Габариты,Вес с упаковкой (кг),0.3 кг
194367611,Габариты,Длина упаковки,13 см
194367611,Габариты,Высота упаковки,5 см
194367611,Габариты,Ширина упаковки,25 см
262515548,Основная информация,Цвет,белый
262515548,Общие характеристики,Модель,Цифровой массажер миостимулятор
262515548,Питание,Питание,от батареек; от сети
262515548,Технические особенности,Количество режимов работы,8 режимов
262515548,Насадки,Количество насадок,2 шт.
262515548,Дополнительная информация,Тип массажера,постукивающий; ударно-кулачковый; электроимпульсный
262515548,Дополнительная информация,Зона массажа,ноги; руки; тело
262515548,Дополнительная информация,Действие,снятие мышечного напряжения; улучшение кровообращения; упругость
262515548,Дополнительная информация,Доп. опции массажера,вибромассаж; электромиостимуляция; эффект иглоукалывания
262515548,Дополнительная информация,Комплектация,Массажер - 1; Насадки - 2; Кабель питания - 1; Блок для кабеля - 1
262515548,Дополнительная информация,Страна производства,Китай
262515548,Габариты,Вес с упаковкой (кг),0.275 кг
262515548,Габариты,Длина упаковки,24 см
262515548,Габариты,Высота упаковки,5 см
262515548,Габариты,Ширина упаковки,19 см
154413759,Общие характеристики,Модель,мини массажер тренажер
154413759,Дополнительная информация,Страна производства,Китай
154413759,Габариты,Вес без упаковки (кг),0.05 кг
154413759,Габариты,Вес с упаковкой (кг),0.09 кг
154413759,Габариты,Длина упаковки,8 см
154413759,Габариты,Высота упаковки,2 см
154413759,Габариты,Ширина упаковки,5 см
174252707,Основная информация,Цвет,черный
174252707,Общие характеристики,Модель,пояс
174252707,Общие характеристики,Гарантийный срок,14 дней
174252707,Питание,Питание,USB
174252707,Технические особенности,Количество режимов работы,8
174252707,Насадки,Количество насадок,1 шт.
174252707,Дополнительная информация,Тип массажера,электроимпульсный
174252707,Дополнительная информация,Зона массажа,живот; тело
174252707,Дополнительная информация,Действие,коррекция фигуры; тонизирование; улучшение кровообращения
174252707,Дополнительная информация,Мин. продолжительность автономной работы,15 мин
174252707,Дополнительная информация,Доп. опции массажера,автовыключение; электромиостимуляция; эффект иглоукалывания
174252707,Дополнительная информация,Комплектация,контроллер; пояс; usb зарядка
174252707,Дополнительная информация,Страна производства,Китай
174252707,Габариты,Ширина предмета,100 см
174252707,Габариты,Вес без упаковки (кг),0.1 кг
174252707,Габариты,Вес с упаковкой (кг),0.15 кг
174252707,Габариты,Длина упаковки,25 см
174252707,Габариты,Высота упаковки,3 см
174252707,Габариты,Ширина упаковки,16 см
19237484,Основная информация,Цвет,бледно-розовый; черный
19237484,Материалы,Материал изделия,безопасный медицинский пластик; нержавеющая сталь; пластик
19237484,Дополнительная информация,Диаметр,28 мм
19237484,Дополнительная информация,Особенности секс игрушки,тренажер кегеля; миостимулятор для интимных мышц; вагинальный тренажер кегеля
19237484,Дополнительная информация,Страна производства,Россия
19237484,Дополнительная информация,Комплектация,зарядное устройство; инструкция; блок управления; соединительные кабели; зонд 1шт.
19237484,Габариты,Длина упаковки,5 см
19237484,Габариты,Высота упаковки,5 см
19237484,Габариты,Ширина упаковки,20 см
239618683,Основная информация,Цвет,черный
239618683,Общие характеристики,Модель,Массажер для ног
239618683,Общие характеристики,Гарантийный срок,1 год
239618683,Питание,Питание,аккумуляторный
239618683,Технические особенности,Количество режимов работы,8 режимов
239618683,Насадки,Количество насадок,1 шт.
239618683,Дополнительная информация,Тип массажера,электроимпульсный
239618683,Дополнительная информация,Зона массажа,живот; ноги; спина
239618683,Дополнительная информация,Действие,восстановление
239618683,Дополнительная информация,Мин. продолжительность автономной работы,15 мин
239618683,Дополнительная информация,Доп. опции массажера,Микротоковый массаж; лимфодренажный; восстанавливающий
239618683,Дополнительная информация,Количество роликов,без роликов
239618683,Дополнительная информация,Комплектация,Датчик управление 1шт; Бабочка резиновый 1шт; Кабель USB 1шт
239618683,Дополнительная информация,Страна производства,Китай
239618683,Габариты,Высота предмета,1 см
239618683,Габариты,Ширина предмета,6 см
239618683,Габариты,Глубина предмета,1 см
239618683,Габариты,Вес без упаковки (кг),0.2 кг
239618683,Габариты,Вес с упаковкой (кг),0.2 кг
239618683,Габариты,Длина упаковки,16 см
239618683,Габариты,Высота упаковки,2 см
239618683,Габариты,Ширина упаковки,8 см
253122237,Основная информация,Цвет,черный
253122237,Дополнительная информация,Действие,разогревающее; снятие мышечного напряжения
253122237,Габариты,Вес с упаковкой (кг),0.3 кг
253122237,Габариты,Длина упаковки,20 см
253122237,Габариты,Высота упаковки,4 см
253122237,Габариты,Ширина упаковки,13 см
175537092,Основная информация,Цвет,серый
175537092,Общие характеристики,Модель,Антицеллюлитный массажер; массажер для похудения; Тренажер для пресса
175537092,Питание,Питание,от сети; от батареек; USB (в комплекте)
175537092,Технические особенности,Количество режимов работы,8
175537092,Насадки,Количество насадок,2 шт.
175537092,Дополнительная информация,Тип массажера,электрический массажер; вибромассажер; Косметический массажер
175537092,Дополнительная информация,Зона массажа,тело; лицо; руки и ноги
175537092,Дополнительная информация,Действие,Массаж; массаж тела в домашних условиях; Массаж для похудения и против целлюлита
175537092,Дополнительная информация,Доп. опции массажера,вибромассаж; микротоки; перкуссионный
175537092,Дополнительная информация,Комплектация,миостимулятор
175537092,Дополнительная информация,Страна производства,Китай
175537092,Габариты,Вес без упаковки (кг),0.6 кг
175537092,Габариты,Вес с упаковкой (кг),0.8 кг
175537092,Габариты,Длина упаковки,25 см
175537092,Габариты,Высота упаковки,6 см
175537092,Габариты,Ширина упаковки,20 см
163743837,Габариты,Длина упаковки,10 см
163743837,Габариты,Высота упаковки,10 см
163743837,Габариты,Ширина упаковки,10 см
390778793,Основная информация,Цвет,черный
390778793,Питание,Питание,USB
390778793,Технические особенности,Количество режимов работы,8 режимов
390778793,Дополнительная информация,Тип массажера,вибрационный
390778793,Дополнительная информация,Зона массажа,грудная клетка; живот; бедра
390778793,Дополнительная информация,Действие,снятие мышечного напряжения; успокаивающее; улучшение кровеобращения
390778793,Дополнительная информация,Мин. продолжительность автономной работы,15 мин
390778793,Дополнительная информация,Доп. опции массажера,электромиостимуляция
390778793,Габариты,Высота предмета,3 см
390778793,Габариты,Ширина предмета,10 см
390778793,Габариты,Глубина предмета,5 см
390778793,Габариты,Вес без упаковки (кг),0.2 кг
390778793,Габариты,Вес с упаковкой (кг),0.2 кг
390778793,Габариты,Длина упаковки,15 см
390778793,Габариты,Высота упаковки,3 см
390778793,Габариты,Ширина упаковки,10 см
223351635,Основная информация,Цвет,черный
223351635,Общие характеристики,Модель,LPG
223351635,Питание,Питание,USB; без питания; от аккумулятора
223351635,Технические особенности,Количество режимов работы,15 режимов; Импульсный; LPG
223351635,Насадки,Количество насадок,2 шт.
223351635,Дополнительная информация,Тип массажера,вакуумный; EMS; лазерный
223351635,Дополнительная информация,Зона массажа,бедра; живот; ноги
223351635,Дополнительная информация,Действие,упругость; коррекция фигуры; лифтинг
223351635,Дополнительная информация,Мин. продолжительность автономной работы,20 мин
223351635,Дополнительная информация,Доп. опции массажера,электромиостимуляция; Лазерная терапия; нагрев
223351635,Дополнительная информация,Количество роликов,2 насадки; 40 роликов
223351635,Дополнительная информация,Комплектация,вакуумный массажер; Мешочек для хранения; Пластыри EMS - 2 шт; Лазер - 1 шт; Роликовые насадки - 2 шт; массажное масло - 2 шт; Инструкция на русском языке; вкладыш - 1 шт
223351635,Дополнительная информация,Страна производства,Китай
223351635,Габариты,Вес с упаковкой (кг),0.7 кг
223351635,Габариты,Длина упаковки,10 см
223351635,Габариты,Высота упаковки,18 см
223351635,Габариты,Ширина упаковки,14 см
267641140,Основная информация,Цвет,белый
267641140,Общие характеристики,Модель,Миостимулятор
267641140,Питание,Питание,USB; от батареек; от сети
267641140,Технические особенности,Количество режимов работы,8
267641140,Насадки,Количество насадок,2 шт.
267641140,Дополнительная информация,Тип массажера,вибромассажер; электроимпульсный
267641140,Дополнительная информация,Зона массажа,тело; руки; шея
267641140,Дополнительная информация,Действие,коррекция фигуры; снятие мышечного напряжения; тонизирование
267641140,Дополнительная информация,Мин. продолжительность автономной работы,15 мин
267641140,Дополнительная информация,Доп. опции массажера,вибромассаж; электромиостимуляция; эффект иглоукалывания
267641140,Дополнительная информация,Комплектация,прибор для терапии; 2 насадки; провод для насадок; адаптер для розетки; провод USB-адаптер
267641140,Дополнительная информация,Страна производства,Китай
267641140,Габариты,Высота предмета,15 см
267641140,Габариты,Ширина предмета,8 см
267641140,Габариты,Глубина предмета,8 см
267641140,Габариты,Вес без упаковки (кг),0.2 кг
267641140,Габариты,Вес с упаковкой (кг),0.22 кг
267641140,Габариты,Длина упаковки,20 см
267641140,Габариты,Высота упаковки,8 см
267641140,Габариты,Ширина упаковки,15 см
194438944,Основная информация,Цвет,розовый
194438944,Общие характеристики,Модель,Массажер для тела электрический; Миостимулятор для пресса; Тренажер для живота
194438944,Питание,Питание,USB; от аккумулятора
194438944,Технические особенности,Количество режимов работы,3
194438944,Дополнительная информация,Тип массажера,вибромассажер; миостимулятор; электроимпульсный
194438944,Дополнительная информация,Зона массажа,живот; бедра; тело
194438944,Дополнительная информация,Действие,Стимуляция мышц; Антицеллюлитный массаж; Для сжигания жира
194438944,Дополнительная информация,Доп. опции массажера,вибрационный; микротоковый; импульсный
194438944,Дополнительная информация,Комплектация,Картонная упаковка 1шт; Миостимулятор для тела 1шт; Пояс для фиксации массажера 1шт; usb провод для зарядки 1шт; Инструкция 1шт
194438944,Дополнительная информация,Страна производства,Китай
194438944,Габариты,Вес с упаковкой (кг),0.3 кг
194438944,Габариты,Длина упаковки,13 см
194438944,Габариты,Высота упаковки,5 см
194438944,Габариты,Ширина упаковки,25 см
159900838,Основная информация,Цвет,черный
159900838,Общие характеристики,Модель,мини массажер тренажер
159900838,Питание,Питание,USB; от аккумулятора; от сети
159900838,Технические особенности,Количество режимов работы,8 шт.
159900838,Дополнительная информация,Тип массажера,постукивающий; электроимпульсный; вибромассажер
159900838,Дополнительная информация,Зона массажа,шея; спина; живот
159900838,Дополнительная информация,Действие,Лимфодренажное; антицеллюлитный; оздоровление
159900838,Дополнительная информация,Доп. опции массажера,электромиостимуляция; вибромассаж; ударный
159900838,Дополнительная информация,Количество роликов,нет
159900838,Дополнительная информация,Страна производства,Китай
159900838,Габариты,Высота предмета,6 см
159900838,Габариты,Глубина предмета,2 см
159900838,Габариты,Вес с упаковкой (кг),0.055 кг
159900838,Габариты,Длина упаковки,17 см
159900838,Габариты,Высота упаковки,4 см
159900838,Габариты,Ширина упаковки,9 см
108673217,Основная информация,Цвет,белый
108673217,Материалы,Материал изделия,нержавеющая сталь; медицинский сплав; пластик
108673217,Дополнительная информация,Диаметр,28 мм
108673217,Дополнительная информация,Особенности секс игрушки,укрепление интимных мышц; электростимуляция; дистанционное управление
108673217,Дополнительная информация,Страна производства,Китай
108673217,Дополнительная информация,Комплектация,Батарейки ААА 2шт; Косметичка для хранения 1шт; Русская инструкция; Провод и миостимулятор 1шт; лубрикант на водной основе 3шт
108673217,Габариты,Длина предмета,7 см
108673217,Габариты,Вес товара без упаковки (г),300 г
108673217,Габариты,Длина упаковки,18 см
108673217,Габариты,Высота упаковки,6 см
108673217,Габариты,Ширина упаковки,22 см
147167296,Основная информация,Цвет,черный
147167296,Общие характеристики,Модель,EMS Foot Massager
147167296,Общие характеристики,Гарантийный срок,6 месяцев
147167296,Питание,Питание,от аккумулятора
147167296,Технические особенности,Количество режимов работы,8
147167296,Дополнительная информация,Тип массажера,постукивающий; электроимпульсный
147167296,Дополнительная информация,Зона массажа,ноги; стопы
147167296,Дополнительная информация,Форма массажера,напольная платформа
147167296,Дополнительная информация,Действие,улучшение метаболизма; укрепление мышц стопы; снимает усталость
147167296,Дополнительная информация,Мин. продолжительность автономной работы,15 мин
147167296,Дополнительная информация,Доп. опции массажера,"избавление от бессонницы; повышение иммунитета; укрепление мышц ног, икр"
147167296,Дополнительная информация,Комплектация,Микротоковый EMS массажный коврик - 1 шт; коробка; инструкция; USB провод
147167296,Дополнительная информация,Страна производства,Китай
147167296,Габариты,Вес с упаковкой (кг),0.215 кг
147167296,Габариты,Длина упаковки,16 см
147167296,Габариты,Высота упаковки,4 см
147167296,Габариты,Ширина упаковки,34 см
312899254,Основная информация,Цвет,черный
312899254,Габариты,Вес с упаковкой (кг),1.4 кг
312899254,Габариты,Длина упаковки,27 см
312899254,Габариты,Высота упаковки,7 см
312899254,Габариты,Ширина упаковки,20 см
198312913,Основная информация,Цвет,черный
198312913,Общие характеристики,Модель,Smart Fitness
198312913,Общие характеристики,Гарантийный срок,6 мес
198312913,Питание,Питание,USB; от сети
198312913,Технические особенности,Количество режимов работы,6
198312913,Насадки,Количество насадок,1 шт.
198312913,Дополнительная информация,Тип массажера,миостимулятор; микротоковый; электроимпульсный
198312913,Дополнительная информация,Зона массажа,живот; спина; тело
198312913,Дополнительная информация,Форма массажера,пояс
198312913,Дополнительная информация,Действие,массажер для тела; массажер для спины; антицеллюлитный массажер
198312913,Дополнительная информация,Мин. продолжительность автономной работы,60 мин
198312913,Дополнительная информация,Доп. опции массажера,Антицеллюлитный; для похудения живота; Микротоковый массаж
198312913,Дополнительная информация,Комплектация,Массажер электрический миостимулятор живота EMS Abdominal Toning Belt для мужчин и женщин; кабель usb; инструкция к применению
198312913,Дополнительная информация,Страна производства,Китай
198312913,Габариты,Высота предмета,17 см
198312913,Габариты,Ширина предмета,102 см
198312913,Габариты,Глубина предмета,2 см
198312913,Габариты,Вес без упаковки (кг),0.6 кг
198312913,Габариты,Вес с упаковкой (кг),0.22 кг
198312913,Габариты,Длина упаковки,36 см
198312913,Габариты,Высота упаковки,4 см
198312913,Габариты,Ширина упаковки,18 см
288062550,Основная информация,Цвет,черный
288062550,Общие характеристики,Модель,HQ185
288062550,Питание,Питание,USB
288062550,Технические особенности,Количество режимов работы,3 режима
288062550,Дополнительная информация,Тип массажера,вибромассажер; виброплатформа; электроимпульсный
288062550,Дополнительная информация,Зона массажа,"ноги, руки, живот, поясница, шея, бедра, лицо; лечи / Шея / Спина / Ягодицы; позвоночника, пресса, груди, икры, под коленом, ступни"
288062550,Дополнительная информация,Действие,"антистресс, релаксация, уменьшает тревогу; расслабление шеи; Массаж"
288062550,Дополнительная информация,Доп. опции массажера,электрический массажер; массаж шеи; массажер для шеи и плеч
288062550,Дополнительная информация,Комплектация,Зарядка; липучка; массажер
288062550,Дополнительная информация,Страна производства,Китай
288062550,Габариты,Вес с упаковкой (кг),0.1 кг
288062550,Габариты,Длина упаковки,8 см
288062550,Габариты,Высота упаковки,16 см
288062550,Габариты,Ширина упаковки,2 см
283874508,Основная информация,Цвет,черный
283874508,Общие характеристики,Гарантийный срок,1 год
283874508,Питание,Питание,от аккумулятора
283874508,Технические особенности,Количество режимов работы,8 режимов
283874508,Насадки,Количество насадок,2 шт.
283874508,Дополнительная информация,Тип массажера,микротоковый
283874508,Дополнительная информация,Зона массажа,тело; руки; шея
283874508,Дополнительная информация,Действие,восстановление
283874508,Дополнительная информация,Мин. продолжительность автономной работы,15 мин
283874508,Дополнительная информация,Количество роликов,без роликов
283874508,Дополнительная информация,Комплектация,датчик управление 2шт; бабочка резиновый 2шт
283874508,Дополнительная информация,Страна производства,Китай
283874508,Габариты,Высота предмета,1 см
283874508,Габариты,Ширина предмета,6 см
283874508,Габариты,Глубина предмета,13 см
283874508,Габариты,Вес без упаковки (кг),0.2 кг
283874508,Габариты,Вес с упаковкой (кг),0.2 кг
283874508,Габариты,Длина упаковки,16 см
283874508,Габариты,Высота упаковки,2 см
283874508,Габариты,Ширина упаковки,8 см
249559438,Основная информация,Цвет,белый
249559438,Общие характеристики,Модель,Цифровой меридиан
249559438,Питание,Питание,USB
249559438,Технические особенности,Количество режимов работы,8 режимов
249559438,Насадки,Количество насадок,2 шт.
249559438,Дополнительная информация,Тип массажера,миостимулятор
249559438,Дополнительная информация,Зона массажа,бедра; плечи; спина
249559438,Дополнительная информация,Действие,восстановление
249559438,Дополнительная информация,Мин. продолжительность автономной работы,10 мин
249559438,Дополнительная информация,Доп. опции массажера,вибромассаж; защита от перегрева; электромиостимуляция
249559438,Дополнительная информация,Количество роликов,нет
249559438,Дополнительная информация,Комплектация,коробка; зарядное устройство; массажер; Массажер-миостимулятор
249559438,Дополнительная информация,Страна производства,Китай
249559438,Габариты,Высота предмета,15 см
249559438,Габариты,Ширина предмета,6 см
249559438,Габариты,Глубина предмета,5 см
249559438,Габариты,Вес без упаковки (кг),0.3 кг
249559438,Габариты,Вес с упаковкой (кг),0.6 кг
249559438,Габариты,Длина упаковки,8 см
249559438,Габариты,Высота упаковки,20 см
249559438,Габариты,Ширина упаковки,25 см
208669037,Основная информация,Цвет,черный
208669037,Общие характеристики,Модель,EMS Foot Massager; электро
208669037,Общие характеристики,Гарантийный срок,3 мес
208669037,Питание,Питание,USB; от аккумулятора
208669037,Технические особенности,Количество режимов работы,6
208669037,Насадки,Количество насадок,1 шт.
208669037,Дополнительная информация,Тип массажера,вибромассажер; электроимпульсный; постукивающий
208669037,Дополнительная информация,Зона массажа,тело; спина; ноги
208669037,Дополнительная информация,Действие,снятие мышечного напряжения; улучшение кровообращения; упругость
208669037,Дополнительная информация,Мин. продолжительность автономной работы,15 мин
208669037,Дополнительная информация,Доп. опции массажера,вибромассаж; электромиостимуляция
208669037,Дополнительная информация,Количество роликов,нет
208669037,Дополнительная информация,Комплектация,Массажер - 1 шт.
208669037,Дополнительная информация,Страна производства,Китай
208669037,Габариты,Высота предмета,15 см
208669037,Габариты,Ширина предмета,6.5 см
208669037,Габариты,Глубина предмета,6 см
208669037,Габариты,Вес без упаковки (кг),0.2 кг
208669037,Габариты,Вес с упаковкой (кг),0.3 кг
208669037,Габариты,Длина упаковки,16 см
208669037,Габариты,Высота упаковки,2 см
208669037,Габариты,Ширина упаковки,8 см
290863727,Основная информация,Цвет,черный; синий
290863727,Питание,Питание,USB
290863727,Технические особенности,Количество режимов работы,8 режимов
290863727,Дополнительная информация,Тип массажера,вибромассажер; электроимпульсный
290863727,Дополнительная информация,Зона массажа,плечи; спина; рук и ног
290863727,Дополнительная информация,Действие,восстановление; снятие мышечного напряжения; улучшение кровообращения
290863727,Дополнительная информация,Мин. продолжительность автономной работы,15 мин
290863727,Дополнительная информация,Доп. опции массажера,вибромассаж
290863727,Дополнительная информация,Комплектация,Массажер для мужчин и женщин 1 шт.; массажер для шеи; массажер для ног; массажер для спины; электрический массажер
290863727,Дополнительная информация,Страна производства,КНДР
290863727,Габариты,Вес с упаковкой (кг),0.4 кг
290863727,Габариты,Длина упаковки,17 см
290863727,Габариты,Высота упаковки,5 см
290863727,Габариты,Ширина упаковки,10 см
244563420,Основная информация,Цвет,черный; белый
244563420,Питание,Питание,от сети
244563420,Технические особенности,Количество режимов работы,12 режимов работы; 12 режимов
244563420,Дополнительная информация,Тип массажера,электроимпульсный; ультразвуковой; комбинированный
244563420,Дополнительная информация,Зона массажа,живот; ноги; спина
244563420,Дополнительная информация,Форма массажера,пояс
244563420,Дополнительная информация,Действие,коррекция фигуры; снятие отечности
244563420,Дополнительная информация,Мин. продолжительность автономной работы,15 мин
244563420,Дополнительная информация,Доп. опции массажера,индикация уровня заряда; регулировка скорости; дисплей
244563420,Дополнительная информация,Количество роликов,6
244563420,Дополнительная информация,Комплектация,пояс для похудения с эффектом сауны - 1шт; спортивный фитнес корсет для живота; инструкция; чехол для хранения
244563420,Дополнительная информация,Страна производства,Китай
244563420,Габариты,Высота предмета,13 см
244563420,Габариты,Ширина предмета,112 см
244563420,Габариты,Глубина предмета,1 см
244563420,Габариты,Длина упаковки,10 см
244563420,Габариты,Высота упаковки,10 см
244563420,Габариты,Ширина упаковки,10 см
192970989,Основная информация,Цвет,черный
192970989,Общие характеристики,Модель,Smart Fitness
192970989,Общие характеристики,Гарантийный срок,6 мес
192970989,Питание,Питание,USB; от сети
192970989,Технические особенности,Количество режимов работы,6
192970989,Насадки,Количество насадок,1 шт.
192970989,Дополнительная информация,Тип массажера,электроимпульсный; миостимулятор; микротоковый
192970989,Дополнительная информация,Зона массажа,живот; спина; тело
192970989,Дополнительная информация,Форма массажера,пояс
192970989,Дополнительная информация,Действие,восстановление; контуринг; коррекция фигуры
192970989,Дополнительная информация,Мин. продолжительность автономной работы,60 мин
192970989,Дополнительная информация,Доп. опции массажера,регулировка интенсивности; индикация выбранного режима; регулировка скорости
192970989,Дополнительная информация,Комплектация,Массажер электрический миостимулятор живота EMS Abdominal Toning Belt для мужчин и женщин; кабель usb; инструкция к применению
192970989,Дополнительная информация,Страна производства,Китай
192970989,Габариты,Высота предмета,17 см
192970989,Габариты,Ширина предмета,110 см
192970989,Габариты,Глубина предмета,2 см
192970989,Габариты,Вес без упаковки (кг),0.2 кг
192970989,Габариты,Вес с упаковкой (кг),0.22 кг
192970989,Габариты,Длина упаковки,36 см
192970989,Габариты,Высота упаковки,4 см
192970989,Габариты,Ширина упаковки,18 см
176541310,Основная информация,Цвет,черный
176541310,Общие характеристики,Модель,электрический; Бабочка; на липучке
176541310,Питание,Питание,USB; от аккумулятора; от сети
176541310,Технические особенности,Количество режимов работы,8 режимов; 19 уровней мощности
176541310,Насадки,Количество насадок,1 шт.
176541310,Дополнительная информация,Тип массажера,электроимпульсный; для ног; для шеи
176541310,Дополнительная информация,Зона массажа,тело; руки; шея
176541310,Дополнительная информация,Действие,Снятие усталости; Массаж; релаксация
176541310,Дополнительная информация,Доп. опции массажера,электромиостимуляция; беспроводной массаж; массаж пресса
176541310,Дополнительная информация,Количество роликов,1
176541310,Дополнительная информация,Комплектация,патч; механизм; шнур для зарядки
176541310,Дополнительная информация,Страна производства,Китай
176541310,Габариты,Высота предмета,16 см
176541310,Габариты,Вес без упаковки (кг),0.14 кг
176541310,Габариты,Вес с упаковкой (кг),0.2 кг
176541310,Габариты,Длина упаковки,17 см
176541310,Габариты,Высота упаковки,3 см
176541310,Габариты,Ширина упаковки,7 см
141145037,Основная информация,Цвет,белый
141145037,Общие характеристики,Модель,Массажер для шеи Yamaguchi EMS Neck Massager
141145037,Общие характеристики,Гарантийный срок,12 месяцев; + постгарантийное обслуживание до 5 лет
141145037,Питание,Питание,DC 5В/1А
141145037,Технические особенности,Количество режимов работы,4 программы массажа; 16 уровней интенсивности
141145037,Дополнительная информация,Тип массажера,электрический; беспроводной; электроимпульсный
141145037,Дополнительная информация,Зона массажа,шея
141145037,Дополнительная информация,Действие,улучшение кровообращения; восстановление; снятие мышечного напряжения
141145037,Дополнительная информация,Доп. опции массажера,электромиостимуляция; функция подогрева; таймер
141145037,Дополнительная информация,Комплектация,массажер для шеи; USB Туре-С кабель для зарядки; руководство пользователя
141145037,Габариты,Высота предмета,17 см
141145037,Габариты,Ширина предмета,15 см
141145037,Габариты,Глубина предмета,16 см
141145037,Габариты,Вес без упаковки (кг),0.15 кг
141145037,Габариты,Вес с упаковкой (кг),0.4 кг
141145037,Габариты,Длина упаковки,25 см
141145037,Габариты,Высота упаковки,25 см
141145037,Габариты,Ширина упаковки,4 см
108435239,Основная информация,Цвет,белый
108435239,Общие характеристики,Модель,HX-5880
108435239,Питание,Питание,USB
108435239,Технические особенности,Количество режимов работы,6
108435239,Дополнительная информация,Тип массажера,электроимпульсный
108435239,Дополнительная информация,Зона массажа,Шея / Плечи
108435239,Дополнительная информация,Действие,миостимулятор; миостимулятор электрический; миостимуляция
108435239,Дополнительная информация,Страна производства,Китай
108435239,Габариты,Длина упаковки,30 см
108435239,Габариты,Высота упаковки,30 см
108435239,Габариты,Ширина упаковки,10 см
16329046,Материалы,Материал изделия,abs-пластик
16329046,Дополнительная информация,Страна производства,Китай
16329046,Дополнительная информация,Комплектация,массажер; контроллер; тапочки; вилка; инструкция по применению
372471091,Основная информация,Цвет,черный
372471091,Общие характеристики,Модель,Массажер электрический
372471091,Общие характеристики,Гарантийный срок,2 нед
372471091,Питание,Питание,от аккумулятора
372471091,Технические особенности,Количество режимов работы,8
372471091,Насадки,Количество насадок,2 шт.
372471091,Дополнительная информация,Тип массажера,электроимпульсный
372471091,Дополнительная информация,Зона массажа,спина; тело; мышцы
372471091,Дополнительная информация,Действие,восстановление; тонизирование; миостимуляция
372471091,Дополнительная информация,Мин. продолжительность автономной работы,15 мин
372471091,Дополнительная информация,Доп. опции массажера,автовыключение; электромиостимуляция; ультразвуковой массаж
372471091,Дополнительная информация,Количество роликов,Нет ролики
372471091,Дополнительная информация,Комплектация,Электрический мини тренажер бабочка миостимулятор микротоковый 1 шт; пульт управления дистанционный; сменная пластина электрод насадка
372471091,Дополнительная информация,Страна производства,Китай
372471091,Габариты,Высота предмета,2 см
372471091,Габариты,Ширина предмета,16 см
372471091,Габариты,Глубина предмета,7.5 см
372471091,Габариты,Вес без упаковки (кг),0.15 кг
372471091,Габариты,Вес с упаковкой (кг),0.15 кг
372471091,Габариты,Длина упаковки,16 см
372471091,Габариты,Высота упаковки,5 см
372471091,Габариты,Ширина упаковки,15 см
172075398,Основная информация,Цвет,черный
172075398,Общие характеристики,Модель,мини массажер миостимулятор
172075398,Питание,Питание,USB
172075398,Технические особенности,Количество режимов работы,8; 19
172075398,Насадки,Количество насадок,1 шт.
172075398,Дополнительная информация,Тип массажера,Лимфодренажный; электроимпульсный; постукивающий
172075398,Дополнительная информация,Зона массажа,спина; пресс; руки и ноги
172075398,Дополнительная информация,Действие,восстановление; заживление; коррекция фигуры
172075398,Дополнительная информация,Мин. продолжительность автономной работы,15 мин
172075398,Дополнительная информация,Доп. опции массажера,вибромассаж; электромиостимуляция; лимфодренаж
172075398,Дополнительная информация,Количество роликов,нет
172075398,Дополнительная информация,Комплектация,массажер; коробка; инструкция; кабель для зарядки
172075398,Дополнительная информация,Страна производства,Китай
172075398,Габариты,Высота предмета,2 см
172075398,Габариты,Ширина предмета,18 см
172075398,Габариты,Глубина предмета,8 см
172075398,Габариты,Вес без упаковки (кг),0.2 кг
172075398,Габариты,Вес с упаковкой (кг),0.2 кг
172075398,Габариты,Длина упаковки,18 см
172075398,Габариты,Высота упаковки,3 см
172075398,Габариты,Ширина упаковки,9 см
226456901,Основная информация,Цвет,белый
226456901,Питание,Питание,USB; от аккумулятора
226456901,Технические особенности,Количество режимов работы,6
226456901,Насадки,Количество насадок,1 шт.
226456901,Дополнительная информация,Тип массажера,электроимпульсный
226456901,Дополнительная информация,Зона массажа,бедра; живот; ноги
226456901,Дополнительная информация,Действие,восстановление; коррекция фигуры; снятие мышечного напряжения
226456901,Дополнительная информация,Доп. опции массажера,электромиостимуляция
226456901,Дополнительная информация,Количество роликов,1
226456901,Дополнительная информация,Комплектация,массажер 1 шт
226456901,Дополнительная информация,Страна производства,Китай
226456901,Габариты,Высота предмета,7.3 см
226456901,Габариты,Ширина предмета,14.5 см
226456901,Габариты,Глубина предмета,2 см
226456901,Габариты,Вес без упаковки (кг),0.3 кг
226456901,Габариты,Вес с упаковкой (кг),0.35 кг
226456901,Габариты,Длина упаковки,15 см
226456901,Габариты,Высота упаковки,5 см
226456901,Габариты,Ширина упаковки,8 см
206250025,Основная информация,Цвет,серый
206250025,Общие характеристики,Модель,K4
206250025,Общие характеристики,Гарантийный срок,1 год
206250025,Питание,Питание,USB
206250025,Технические особенности,Количество режимов работы,10 шт.
206250025,Насадки,Количество насадок,1 шт.
206250025,Дополнительная информация,Тип массажера,электроимпульсный; тепловой; электростимулятор
206250025,Дополнительная информация,Зона массажа,талия; поясница; живот
206250025,Дополнительная информация,Действие,коррекция фигуры; для похудения; упругость
206250025,Дополнительная информация,Мин. продолжительность автономной работы,15 мин
206250025,Дополнительная информация,Доп. опции массажера,автовыключение; электростимуляция; функция подогрева
206250025,Дополнительная информация,Количество роликов,роликов нет
206250025,Дополнительная информация,Комплектация,электрический пояс для похудения; блок управления; пояс регулировка талии; варежка для пилинга; кабель Type-С; Коробка для стимулятора; дозатор для воды
206250025,Дополнительная информация,Страна производства,Китай
206250025,Габариты,Ширина предмета,7 см
206250025,Габариты,Вес без упаковки (кг),0.5 кг
206250025,Габариты,Вес с упаковкой (кг),0.55 кг
206250025,Габариты,Длина упаковки,26 см
206250025,Габариты,Высота упаковки,7 см
206250025,Габариты,Ширина упаковки,21 см
274734385,Основная информация,Цвет,серый металлик; белый
274734385,Общие характеристики,Модель,Миостимулятор
274734385,Питание,Питание,от батареек; USB; от сети
274734385,Технические особенности,Количество режимов работы,15 режимов
274734385,Насадки,Количество насадок,2 шт.
274734385,Дополнительная информация,Тип массажера,постукивающий; вибромассажер; электроимпульсный
274734385,Дополнительная информация,Зона массажа,тело; шея; живот
274734385,Дополнительная информация,Действие,упругость; эластичность; коррекция фигуры
274734385,Дополнительная информация,Мин. продолжительность автономной работы,15 мин
274734385,Дополнительная информация,Доп. опции массажера,вибромассаж; электромиостимуляция; эффект иглоукалывания
274734385,Дополнительная информация,Комплектация,Массажный аппарат 1 шт; массажные пластины 2 шт; батарейки тип ААА 3 шт
274734385,Дополнительная информация,Страна производства,Китай
274734385,Габариты,Высота предмета,16 см
274734385,Габариты,Ширина предмета,7 см
274734385,Габариты,Глубина предмета,3 см
274734385,Габариты,Вес без упаковки (кг),0.3 кг
274734385,Габариты,Вес с упаковкой (кг),0.5 кг
274734385,Габариты,Длина упаковки,24 см
274734385,Габариты,Высота упаковки,5 см
274734385,Габариты,Ширина упаковки,19 см
195586166,Дополнительная информация,Зона массажа,тело; шея; спина
195586166,Дополнительная информация,Действие,улучшение кровообращения; успокаивающее; улучшение сна
195586166,Дополнительная информация,Доп. опции массажера,электромиостимуляция
195586166,Габариты,Длина упаковки,16 см
195586166,Габариты,Высота упаковки,6 см
195586166,Габариты,Ширина упаковки,8 см
234866369,Основная информация,Цвет,белый
234866369,Общие характеристики,Модель,Миостимулятор для тела
234866369,Общие характеристики,Гарантийный срок,1 год
234866369,Технические особенности,Количество режимов работы,5 шт.
234866369,Дополнительная информация,Тип массажера,вибромассажер; микротоковый массажер для тела; Лимфодренажный
234866369,Дополнительная информация,Зона массажа,живот; ягодицы; бедра
234866369,Дополнительная информация,Действие,коррекция фигуры; против растяжек и целлюлита; для похудения
234866369,Дополнительная информация,Доп. опции массажера,вибромассаж; rf-лифтинг тела; lpg массаж
234866369,Дополнительная информация,Комплектация,Инструкция на русском языке; массажер электрический
234866369,Дополнительная информация,Страна производства,Китай
234866369,Габариты,Вес с упаковкой (кг),0.5 кг
234866369,Габариты,Длина упаковки,17 см
234866369,Габариты,Высота упаковки,10 см
234866369,Габариты,Ширина упаковки,12 см
263899530,Основная информация,Цвет,черный
263899530,Общие характеристики,Гарантийный срок,1 год
263899530,Питание,Питание,от аккумулятора
263899530,Технические особенности,Количество режимов работы,8 режимов
263899530,Насадки,Количество насадок,1 шт.
263899530,Дополнительная информация,Тип массажера,микротоковый
263899530,Дополнительная информация,Зона массажа,тело; руки; шея
263899530,Дополнительная информация,Действие,восстановление
263899530,Дополнительная информация,Мин. продолжительность автономной работы,15 мин
263899530,Дополнительная информация,Количество роликов,без роликов
263899530,Дополнительная информация,Комплектация,датчик управление 1шт; бабочка резиновый 1шт; кабель usb 1шт
263899530,Дополнительная информация,Страна производства,Китай
263899530,Габариты,Высота предмета,1 см
263899530,Габариты,Ширина предмета,6 см
263899530,Габариты,Глубина предмета,13 см
263899530,Габариты,Вес без упаковки (кг),0.2 кг
263899530,Габариты,Вес с упаковкой (кг),0.2 кг
263899530,Габариты,Длина упаковки,16 см
263899530,Габариты,Высота упаковки,2 см
263899530,Габариты,Ширина упаковки,8 см
173234055,Основная информация,Цвет,белый; белый матовый
173234055,Общие характеристики,Модель,Nosto
173234055,Общие характеристики,Гарантийный срок,1 год
173234055,Питание,Питание,от аккумулятора
173234055,Технические особенности,Количество режимов работы,4 режима
173234055,Насадки,Количество насадок,1 шт.
173234055,Дополнительная информация,Тип массажера,вибромассажер; электроимпульсный; тепловой
173234055,Дополнительная информация,Зона массажа,зона вокруг глаз; лицо; декольте
173234055,Дополнительная информация,Действие,против морщин; против акне; снятие отечности
173234055,Дополнительная информация,Мин. продолжительность автономной работы,60 мин
173234055,Дополнительная информация,Доп. опции массажера,вибромассаж; ионофорез; функция подогрева
173234055,Дополнительная информация,Количество роликов,0
173234055,Дополнительная информация,Комплектация,косметологический аппарат; USB-шнур заряда; кольцо для салфетки; Инструкция на русском языке; гарантийный талон
173234055,Дополнительная информация,Страна производства,Китай
173234055,Габариты,Высота предмета,4 см
173234055,Габариты,Ширина предмета,4 см
173234055,Габариты,Глубина предмета,3.5 см
173234055,Габариты,Вес без упаковки (кг),0.1 кг
173234055,Габариты,Вес с упаковкой (кг),0.2 кг
173234055,Габариты,Длина упаковки,20 см
173234055,Габариты,Высота упаковки,5 см
173234055,Габариты,Ширина упаковки,7 см
145254296,Основная информация,Цвет,белый; черный
145254296,Материалы,Материал изделия,пластик; металл
145254296,Дополнительная информация,Зона массажа,Все тело шея спина ноги плечи руки ягодицы живот
145254296,Дополнительная информация,Действие,массаж тела в домашних условиях; Улучшение работы мышц; Реабилитация мышц
145254296,Дополнительная информация,Страна производства,Китай
145254296,Дополнительная информация,Комплектация,"Инструмент для терапии, аппликаторы"
145254296,Габариты,Ширина предмета,8 см
145254296,Габариты,Высота предмета,10 см
178660867,Основная информация,Цвет,белый
178660867,Общие характеристики,Модель,Всесемерки
178660867,Общие характеристики,Гарантийный срок,2 нед
178660867,Питание,Питание,от аккумулятора
178660867,Технические особенности,Количество режимов работы,6
178660867,Дополнительная информация,Тип массажера,электроимпульсный; магнитно-акупунктурный
178660867,Дополнительная информация,Зона массажа,плечи; шея; спина
178660867,Дополнительная информация,Действие,противовоспалительное; снятие мышечного напряжения; улучшение кровообращения
178660867,Дополнительная информация,Мин. продолжительность автономной работы,120 мин
178660867,Дополнительная информация,Количество роликов,2
178660867,Дополнительная информация,Комплектация,зарядное устройство; массажер
178660867,Дополнительная информация,Страна производства,Китай
178660867,Габариты,Высота предмета,5 см
178660867,Габариты,Ширина предмета,4 см
178660867,Габариты,Глубина предмета,2 см
178660867,Габариты,Вес без упаковки (кг),0.14 кг
178660867,Габариты,Вес с упаковкой (кг),0.14 кг
178660867,Габариты,Длина упаковки,16 см
178660867,Габариты,Высота упаковки,4 см
178660867,Габариты,Ширина упаковки,15 см
341047679,Общие характеристики,Количество предметов в упаковке,1 шт.
341047679,Материалы,Материал изделия,abs-пластик
341047679,Дополнительная информация,Зона массажа,Для всего тела; для лица и рук; для шеи и спины
341047679,Дополнительная информация,Действие,Против целлюлита; снятие отечности; тонизирование
341047679,Дополнительная информация,Комплектация,Миостимулятор-массажер; электроды - 4 шт; инструкция; кабель USB
341047679,Габариты,Ширина предмета,6 см
341047679,Габариты,Высота предмета,12 см
341047679,Габариты,Вес товара с упаковкой (г),200 г
341047679,Габариты,Длина упаковки,17 см
341047679,Габариты,Высота упаковки,4 см
341047679,Габариты,Ширина упаковки,10 см
335214615,Дополнительная информация,Зона массажа,все тело
335214615,Дополнительная информация,Действие,болеутоляющий
205796949,Основная информация,Цвет,черный
205796949,Общие характеристики,Модель,Массажер для ног
205796949,Питание,Питание,220
205796949,Технические особенности,Количество режимов работы,19 уровней интенсивности
205796949,Насадки,Количество насадок,1 шт.
205796949,Дополнительная информация,Тип массажера,постукивающий; электроимпульсный; вибромассажер
205796949,Дополнительная информация,Зона массажа,стопы; ноги
205796949,Дополнительная информация,Форма массажера,напольная платформа
205796949,Дополнительная информация,Действие,улучшение метаболизма; укрепление мышц стопы; Снятие усталости
205796949,Дополнительная информация,Мин. продолжительность автономной работы,5 мин
205796949,Дополнительная информация,Доп. опции массажера,"избавление от бессонницы; повышение иммунитета; укрепление мышц ног, икр"
205796949,Дополнительная информация,Комплектация,"Коврик, массажер, usb провод, инструкция"
205796949,Дополнительная информация,Страна производства,Китай
205796949,Габариты,Высота предмета,33 см
205796949,Габариты,Ширина предмета,28 см
205796949,Габариты,Глубина предмета,1 см
205796949,Габариты,Вес без упаковки (кг),0.2 кг
205796949,Габариты,Вес с упаковкой (кг),0.2 кг
205796949,Габариты,Длина упаковки,32 см
205796949,Габариты,Высота упаковки,3 см
205796949,Габариты,Ширина упаковки,15 см
198348956,Основная информация,Цвет,белый
198348956,Материалы,Материал изделия,пластик
198348956,Дополнительная информация,Действие,Массаж для лица шеи и тела; Омоложение Восстановление овала лица
198348956,Дополнительная информация,Страна производства,Китай
195324674,Основная информация,Цвет,белый
195324674,Общие характеристики,Модель,массажер для второго подбородка
195324674,Питание,Питание,от аккумулятора
195324674,Технические особенности,Количество режимов работы,5
195324674,Насадки,Количество насадок,2 шт.
195324674,Дополнительная информация,Тип массажера,электроимпульсный; вибромассажер; магнитно-акупунктурный
195324674,Дополнительная информация,Зона массажа,лицо; подбородок; тело
195324674,Дополнительная информация,Действие,омолаживание; лифтинг; контуринг
195324674,Дополнительная информация,Мин. продолжительность автономной работы,15 мин
195324674,Дополнительная информация,Доп. опции массажера,эффект иглоукалывания; электромиостимуляция
195324674,Дополнительная информация,Комплектация,Массажер - 1шт.; Пульт - 1шт.; Насадка - 2шт.; USB шнур - 1шт.; Инструкция - 1шт.
195324674,Дополнительная информация,Страна производства,Китай
195324674,Габариты,Высота предмета,18 см
195324674,Габариты,Ширина предмета,5 см
195324674,Габариты,Глубина предмета,2 см
195324674,Габариты,Вес без упаковки (кг),0.3 кг
195324674,Габариты,Вес с упаковкой (кг),0.5 кг
195324674,Габариты,Длина упаковки,28 см
195324674,Габариты,Высота упаковки,7 см
195324674,Габариты,Ширина упаковки,18 см
170078190,Основная информация,Цвет,черный
170078190,Питание,Питание,USB
170078190,Технические особенности,Количество режимов работы,8; 19
170078190,Дополнительная информация,Тип массажера,Лимфодренажный; электроимпульсный; постукивающий
170078190,Дополнительная информация,Зона массажа,спина; пресс; руки и ноги
170078190,Дополнительная информация,Действие,массажер для спины и шеи электрический; электрический массажер антицеллюлитный для тела; массажер импульсный лимфодренажный
170078190,Дополнительная информация,Мин. продолжительность автономной работы,15 мин
170078190,Дополнительная информация,Доп. опции массажера,вибромассаж; электромиостимуляция; лимфодренаж
170078190,Дополнительная информация,Комплектация,массажер; коробка; инструкция; кабель для зарядки
170078190,Дополнительная информация,Страна производства,Китай
170078190,Габариты,Высота предмета,2 см
170078190,Габариты,Вес с упаковкой (кг),0.1 кг
170078190,Габариты,Длина упаковки,17 см
170078190,Габариты,Высота упаковки,3 см
170078190,Габариты,Ширина упаковки,9 см
224272499,Основная информация,Цвет,черный
224272499,Общие характеристики,Модель,массажер для похудения
224272499,Общие характеристики,Гарантийный срок,1 год
224272499,Питание,Питание,от сети
224272499,Технические особенности,Количество режимов работы,99 режимов; 10 программ тренировок
224272499,Насадки,Количество насадок,1 шт.
224272499,Дополнительная информация,Тип массажера,магнитно-акупунктурный; оздоровление; Массажер для ног
224272499,Дополнительная информация,Зона массажа,ягодицы; ноги; живот
224272499,Дополнительная информация,Действие,улучшение кровообращения; улучшение сна; спорт
224272499,Дополнительная информация,Мин. продолжительность автономной работы,15 мин
224272499,Дополнительная информация,Доп. опции массажера,вибромассаж; вибромассажер для тела; массажер для спины
224272499,Дополнительная информация,Количество роликов,массажер для спины; Кардиотренажер; массажер для тела
224272499,Дополнительная информация,Комплектация,Виброплатформа - 1 шт; экспандер - 2 шт; инструкция; пульт ДУ - 1шт
224272499,Дополнительная информация,Страна производства,Китай
224272499,Габариты,Высота предмета,12.5 см
224272499,Габариты,Ширина предмета,52 см
224272499,Габариты,Глубина предмета,32 см
224272499,Габариты,Вес без упаковки (кг),10 кг
224272499,Габариты,Вес с упаковкой (кг),9 кг
224272499,Габариты,Длина упаковки,57 см
224272499,Габариты,Высота упаковки,18 см
224272499,Габариты,Ширина упаковки,43 см
154707733,Основная информация,Цвет,белый
154707733,Общие характеристики,Модель,Электростимулятор мышц
154707733,Общие характеристики,Гарантийный срок,12 месяцев; 12 мес.
154707733,Питание,Питание,USB кабель (В комплекте)
154707733,Технические особенности,Количество режимов работы,9 уровней интенсивности; 6 режимов массажа
154707733,Дополнительная информация,Тип массажера,Расслабляющий; электрический массажер; Миостимулятор для мышц
154707733,Дополнительная информация,Зона массажа,шея; плечи; спина
154707733,Дополнительная информация,Действие,Массажер электрический для дома и автомобиля; миостимулятор
154707733,Дополнительная информация,Доп. опции массажера,функция подогрева; эффект иглоукалывания; электромиостимуляция
154707733,Дополнительная информация,Количество роликов,3 массажные головки
154707733,Дополнительная информация,Комплектация,1 - импульсный электромассажер для шеи; 1 - технический паспорт(инструкция); 1- провод для зарядки microusb
154707733,Дополнительная информация,Страна производства,Китай
154707733,Габариты,Вес с упаковкой (кг),0.4 кг
154707733,Габариты,Длина упаковки,20 см
154707733,Габариты,Высота упаковки,18 см
154707733,Габариты,Ширина упаковки,6 см
209520605,Основная информация,Цвет,серый
209520605,Общие характеристики,Модель,EMS
209520605,Общие характеристики,Гарантийный срок,1 год
209520605,Питание,Питание,USB; от аккумулятора
209520605,Технические особенности,Количество режимов работы,6 режимов
209520605,Дополнительная информация,Тип массажера,магнитно-акупунктурный; электроимпульсный; тепловой
209520605,Дополнительная информация,Зона массажа,плечи; шея; спина
209520605,Дополнительная информация,Действие,противовоспалительное; снятие мышечного напряжения; улучшение кровообращения
209520605,Дополнительная информация,Мин. продолжительность автономной работы,10 мин
209520605,Дополнительная информация,Доп. опции массажера,электромиостимуляция; ультразвуковой массаж; функция подогрева
209520605,Дополнительная информация,Количество роликов,2
209520605,Дополнительная информация,Комплектация,массажер; зарядный шнур
209520605,Дополнительная информация,Страна производства,Китай
209520605,Габариты,Высота предмета,5 см
209520605,Габариты,Ширина предмета,4 см
209520605,Габариты,Глубина предмета,2 см
209520605,Габариты,Вес без упаковки (кг),0.14 кг
209520605,Габариты,Вес с упаковкой (кг),0.14 кг
209520605,Габариты,Длина упаковки,16 см
209520605,Габариты,Высота упаковки,4 см
209520605,Габариты,Ширина упаковки,15 см
120391480,Основная информация,Цвет,черный
120391480,Общие характеристики,Модель,EMS1
120391480,Питание,Питание,от аккумулятора
120391480,Технические особенности,Количество режимов работы,8
120391480,Дополнительная информация,Тип массажера,постукивающий; электроимпульсный; вибромассажер
120391480,Дополнительная информация,Зона массажа,стопы; ноги; пятки
120391480,Дополнительная информация,Действие,улучшение метаболизма; укрепление мышц стопы; Снятие усталости
120391480,Дополнительная информация,Мин. продолжительность автономной работы,15 мин
120391480,Дополнительная информация,Доп. опции массажера,"избавление от бессонницы; повышение иммунитета; укрепление мышц ног, икр"
120391480,Дополнительная информация,Комплектация,Микротоковый EMS массажный коврик - 1 шт; коробка; инструкция; USB провод
120391480,Дополнительная информация,Страна производства,Китай
120391480,Габариты,Вес с упаковкой (кг),0.215 кг
120391480,Габариты,Длина упаковки,16 см
120391480,Габариты,Высота упаковки,4 см
120391480,Габариты,Ширина упаковки,34 см
398379808,Основная информация,Цвет,черный
398379808,Общие характеристики,Модель,микротоковый массажер
398379808,Общие характеристики,Гарантийный срок,1 год
398379808,Питание,Питание,от сети; проводной массажер
398379808,Дополнительная информация,Тип массажера,микротоковый
398379808,Дополнительная информация,Зона массажа,голова; тело; ноги
398379808,Дополнительная информация,Форма массажера,ручной электромассажер
398379808,Дополнительная информация,Действие,"улучшение кровообращения, рост волос; коррекция фигуры; тонизирование"
398379808,Дополнительная информация,Доп. опции массажера,инфракрасный излучатель; миостимулятор; EMC лифтинг
398379808,Дополнительная информация,Комплектация,Массажер для тела проводной; Инструкция на русском языке; 4 массажных масла
398379808,Габариты,Высота предмета,17 см
398379808,Габариты,Ширина предмета,9 см
398379808,Габариты,Глубина предмета,9 см
398379808,Габариты,Вес без упаковки (кг),0.4 кг
398379808,Габариты,Вес с упаковкой (кг),0.8 кг
398379808,Габариты,Длина упаковки,26 см
398379808,Габариты,Высота упаковки,14 см
398379808,Габариты,Ширина упаковки,11 см
178660879,Основная информация,Цвет,зеленый
178660879,Общие характеристики,Модель,EMS
178660879,Общие характеристики,Гарантийный срок,1 год
178660879,Питание,Питание,USB; от аккумулятора
178660879,Технические особенности,Количество режимов работы,6
178660879,Насадки,Количество насадок,1 шт.
178660879,Дополнительная информация,Тип массажера,магнитно-акупунктурный; электроимпульсный; тепловой
178660879,Дополнительная информация,Зона массажа,плечи; шея; спина
178660879,Дополнительная информация,Действие,противовоспалительное; снятие мышечного напряжения; улучшение кровообращения
178660879,Дополнительная информация,Мин. продолжительность автономной работы,10 мин
178660879,Дополнительная информация,Доп. опции массажера,электромиостимуляция; ультразвуковой массаж; функция подогрева
178660879,Дополнительная информация,Количество роликов,2
178660879,Дополнительная информация,Комплектация,массажер; зарядный шнур
178660879,Дополнительная информация,Страна производства,Китай
178660879,Габариты,Высота предмета,5 см
178660879,Габариты,Ширина предмета,4 см
178660879,Габариты,Глубина предмета,2 см
178660879,Габариты,Вес без упаковки (кг),0.14 кг
178660879,Габариты,Вес с упаковкой (кг),0.14 кг
178660879,Габариты,Длина упаковки,16 см
178660879,Габариты,Высота упаковки,4 см
178660879,Габариты,Ширина упаковки,15 см
296274286,Основная информация,Цвет,черный
296274286,Общие характеристики,Модель,HQ185
296274286,Питание,Питание,USB
296274286,Насадки,Количество насадок,1 шт.
296274286,Дополнительная информация,Тип массажера,вибромассажер; виброплатформа; электроимпульсный
296274286,Дополнительная информация,Действие,восстановление
296274286,Дополнительная информация,Комплектация,Зарядка; Липучка; Массажер
296274286,Дополнительная информация,Страна производства,Китай
296274286,Габариты,Высота предмета,2 см
296274286,Габариты,Вес без упаковки (кг),0.08 кг
296274286,Габариты,Вес с упаковкой (кг),1.5 кг
296274286,Габариты,Длина упаковки,17 см
296274286,Габариты,Высота упаковки,3 см
296274286,Габариты,Ширина упаковки,9 см
139626366,Основная информация,Цвет,белый
139626366,Общие характеристики,Модель,RM03
139626366,Общие характеристики,Гарантийный срок,1 год
139626366,Питание,Питание,"Встроенная батарея, заряжаемая от USB"
139626366,Технические особенности,Количество режимов работы,4
139626366,Насадки,Количество насадок,2 шт.
139626366,Дополнительная информация,Тип массажера,электроимпульсный; электроимпульсный
139626366,Дополнительная информация,Зона массажа,"воротниковая зона; шея, плечи, спина; шея"
139626366,Дополнительная информация,Действие,"расслабляет, снимает усталость и стресс; снимает головную боль; Улучшает сон и общее самочувствие"
139626366,Дополнительная информация,Мин. продолжительность автономной работы,15 мин
139626366,Дополнительная информация,Доп. опции массажера,автовыключение; беспроводной массаж; электромиостимуляция
139626366,Дополнительная информация,Комплектация,Зарядный шнур Type-C - USB; Инструкция на русском языке; Подарочная упаковка; Массажер электрический для шеи
139626366,Дополнительная информация,Страна производства,Китай
139626366,Габариты,Высота предмета,13 см
139626366,Габариты,Ширина предмета,13 см
139626366,Габариты,Глубина предмета,4 см
139626366,Габариты,Вес без упаковки (кг),0.1 кг
139626366,Габариты,Вес с упаковкой (кг),0.17 кг
139626366,Габариты,Длина упаковки,15 см
139626366,Габариты,Высота упаковки,5 см
139626366,Габариты,Ширина упаковки,15 см
340544412,Основная информация,Цвет,голубой
340544412,Питание,Питание,USB
340544412,Дополнительная информация,Комплектация,блок управления; инструкция; USB кабель; пояс 2 шт; пульт управления
340544412,Дополнительная информация,Страна производства,Китай
340544412,Габариты,Высота предмета,35 см
340544412,Габариты,Ширина предмета,58 см
340544412,Габариты,Длина упаковки,30 см
340544412,Габариты,Высота упаковки,6 см
340544412,Габариты,Ширина упаковки,21 см
270063928,Основная информация,Цвет,черный матовый
270063928,Общие характеристики,Модель,7ton
270063928,Питание,Питание,от аккумулятора
270063928,Технические особенности,Количество режимов работы,6 режимов
270063928,Насадки,Количество насадок,2 шт.
270063928,Дополнительная информация,Тип массажера,тепловой; электроимпульсный; магнитно-акупунктурный
270063928,Дополнительная информация,Зона массажа,шея; тело; живот
270063928,Дополнительная информация,Действие,коррекция фигуры; восстановление; снятие мышечного напряжения
270063928,Дополнительная информация,Мин. продолжительность автономной работы,30 мин
270063928,Дополнительная информация,Доп. опции массажера,автовыключение; функция подогрева; пульт ДУ
270063928,Дополнительная информация,Комплектация,массажер; пульт ДУ; 2 сменных основания; 3 ремешка; зарядник; инструкция; спиртовые салфетки 5шт
270063928,Габариты,Высота предмета,6 см
270063928,Габариты,Ширина предмета,6 см
270063928,Габариты,Глубина предмета,1 см
270063928,Габариты,Вес без упаковки (кг),0.05 кг
270063928,Габариты,Вес с упаковкой (кг),0.33 кг
270063928,Габариты,Длина упаковки,20 см
270063928,Габариты,Высота упаковки,4 см
270063928,Габариты,Ширина упаковки,13 см
201647766,Основная информация,Цвет,белый
201647766,Общие характеристики,Модель,Электростимулятор мышц
201647766,Общие характеристики,Гарантийный срок,12 месяцев; 12 мес.
201647766,Питание,Питание,USB кабель (В комплекте)
201647766,Технические особенности,Количество режимов работы,6 режимов массажа
201647766,Дополнительная информация,Тип массажера,Расслабляющий; электрический массажер; Миостимулятор для мышц
201647766,Дополнительная информация,Зона массажа,шея; плечи; спина
201647766,Дополнительная информация,Действие,восстановление
201647766,Дополнительная информация,Доп. опции массажера,функция подогрева; эффект иглоукалывания; электромиостимуляция
201647766,Дополнительная информация,Количество роликов,6 импульсных пластин для массажа
201647766,Дополнительная информация,Комплектация,1 - импульсный электромассажер для шеи; 1 - технический паспорт(инструкция); 1- провод для зарядки microusb
201647766,Дополнительная информация,Страна производства,Китай
201647766,Габариты,Вес с упаковкой (кг),0.4 кг
201647766,Габариты,Длина упаковки,20 см
201647766,Габариты,Высота упаковки,7 см
201647766,Габариты,Ширина упаковки,20 см
169443138,Основная информация,Цвет,черный
169443138,Общие характеристики,Модель,Электростимулятор
169443138,Питание,Питание,USB; от сети; от аккумулятора
169443138,Дополнительная информация,Тип массажера,Массажер для ног; электростимулятор
169443138,Дополнительная информация,Зона массажа,ноги
169443138,Дополнительная информация,Действие,Расслабление мышц и снятие усталости; миостимулятор электрический; Микротоковый массаж
169443138,Дополнительная информация,Комплектация,пластиковый коврик-1шт.; Модуль управления - 1шт; Пульт управления-1шт.; Шнур питания - 1шт; подарочная упаковка-1шт.
169443138,Дополнительная информация,Страна производства,Китай
169443138,Габариты,Высота предмета,1.5 см
169443138,Габариты,Ширина предмета,31 см
169443138,Габариты,Глубина предмета,29 см
169443138,Габариты,Вес без упаковки (кг),0.3 кг
169443138,Габариты,Вес с упаковкой (кг),0.35 кг
169443138,Габариты,Длина упаковки,31 см
169443138,Габариты,Высота упаковки,4 см
169443138,Габариты,Ширина упаковки,17 см
260867590,Основная информация,Цвет,серый
260867590,Общие характеристики,Гарантийный срок,1 год
260867590,Питание,Питание,USB
260867590,Технические особенности,Количество режимов работы,10 режимов
260867590,Дополнительная информация,Тип массажера,электроимпульсный; тепловой; электростимулятор
260867590,Дополнительная информация,Зона массажа,живот; спина; талия
260867590,Дополнительная информация,Действие,коррекция фигуры; упругость; похудения
260867590,Дополнительная информация,Мин. продолжительность автономной работы,15 мин
260867590,Дополнительная информация,Доп. опции массажера,автовыключение; электромиостимуляция; функция подогрева
260867590,Дополнительная информация,Количество роликов,роликов нет
260867590,Дополнительная информация,Комплектация,электрический пояс для похудения; блок управления; пояс регулировка талии; кабель Type-c; Коробка для стимулятора; дозатор для воды; массажер для шеи
260867590,Дополнительная информация,Страна производства,Китай
260867590,Дополнительная информация,Срок эксплуатации,бессрочно
260867590,Габариты,Высота предмета,7 см
260867590,Габариты,Ширина предмета,21 см
260867590,Габариты,Вес с упаковкой (кг),0.54 кг
260867590,Габариты,Длина упаковки,26 см
260867590,Габариты,Высота упаковки,7 см
260867590,Габариты,Ширина упаковки,21 см
227887076,Основная информация,Цвет,серебристый
227887076,Общие характеристики,Модель,КМ 833
227887076,Общие характеристики,Гарантийный срок,2 года
227887076,Питание,Питание,5 ВТ
227887076,Технические особенности,Количество режимов работы,12 режимов; 9 микротока; 5 вибромассаж
227887076,Дополнительная информация,Тип массажера,Массажер для лица; микротоковый массажер для лица; микротоки
227887076,Дополнительная информация,Зона массажа,лицо; шея
227887076,Дополнительная информация,Действие,от морщин; лифтинг; упругость кожи
227887076,Дополнительная информация,Мин. продолжительность автономной работы,144 мин
227887076,Дополнительная информация,Доп. опции массажера,вибромассаж
227887076,Дополнительная информация,Количество роликов,2
227887076,Дополнительная информация,Комплектация,массажер; провод питания; инструкция
227887076,Дополнительная информация,Страна производства,Китай
227887076,Габариты,Высота предмета,18 см
227887076,Габариты,Ширина предмета,10 см
227887076,Габариты,Глубина предмета,5.5 см
227887076,Габариты,Вес без упаковки (кг),0.18 кг
227887076,Габариты,Вес с упаковкой (кг),0.28 кг
227887076,Габариты,Длина упаковки,20 см
227887076,Габариты,Высота упаковки,9 см
227887076,Габариты,Ширина упаковки,12 см
387043128,Основная информация,Цвет,черный
387043128,Общие характеристики,Гарантийный срок,1 год
387043128,Питание,Питание,USB; от сети
387043128,Технические особенности,Количество режимов работы,8 режимов
387043128,Насадки,Количество насадок,1 шт.
387043128,Дополнительная информация,Тип массажера,вибромассажер; виброплатформа; магнитно-акупунктурный
387043128,Дополнительная информация,Зона массажа,ноги
387043128,Дополнительная информация,Действие,улучшение кровообращения; восстановление; укрепление
387043128,Дополнительная информация,Доп. опции массажера,вибромассаж; электромиостимуляция
387043128,Дополнительная информация,Комплектация,EMS массажер для стоп; Аппарат для физиотерапии; массажер миостимулятор для ног
387043128,Дополнительная информация,Страна производства,Китай
387043128,Габариты,Высота предмета,32 см
387043128,Габариты,Ширина предмета,15 см
387043128,Габариты,Глубина предмета,3 см
387043128,Габариты,Вес без упаковки (кг),0.2 кг
387043128,Габариты,Вес с упаковкой (кг),0.5 кг
387043128,Габариты,Длина упаковки,30 см
387043128,Габариты,Высота упаковки,3 см
387043128,Габариты,Ширина упаковки,17 см
296836467,Основная информация,Цвет,белый
296836467,Общие характеристики,Модель,BodyRave
296836467,Общие характеристики,Гарантийный срок,1 год
296836467,Питание,Питание,от сети
296836467,Технические особенности,Количество режимов работы,5 режимов; 12 режимов
296836467,Дополнительная информация,Тип массажера,вибрационный; роликовый; электроимпульсный
296836467,Дополнительная информация,Зона массажа,лицо; тело; зона вокруг глаз
296836467,Дополнительная информация,Форма массажера,ручной электромассажер
296836467,Дополнительная информация,Действие,лифтинг; омолаживание; против морщин
296836467,Дополнительная информация,Мин. продолжительность автономной работы,144 мин
296836467,Дополнительная информация,Доп. опции массажера,вибромассаж; электромиостимуляция; эффект иглоукалывания
296836467,Дополнительная информация,Количество роликов,2
296836467,Дополнительная информация,Комплектация,массажер; Провод для зарядки; инструкция; коробка; 2 маски для лица; токопроводящий гель
296836467,Дополнительная информация,Страна производства,Китай
296836467,Габариты,Высота предмета,18 см
296836467,Габариты,Ширина предмета,10 см
296836467,Габариты,Глубина предмета,5.5 см
296836467,Габариты,Вес без упаковки (кг),0.18 кг
296836467,Габариты,Вес с упаковкой (кг),0.35 кг
296836467,Габариты,Длина упаковки,21 см
296836467,Габариты,Высота упаковки,7 см
296836467,Габариты,Ширина упаковки,11 см
59169214,Основная информация,Цвет,белый
59169214,Дополнительная информация,Зона массажа,шея; лицо; зона вокруг глаз
59169214,Дополнительная информация,Действие,лифтинг; против морщин; микротоки для лица
59169214,Дополнительная информация,Страна производства,Китай
59169214,Дополнительная информация,Комплектация,инструкция; гарантийный талон; 1 шнур USB; Зарядная база - 1 шт; косметологический аппарат для лица
59169214,Габариты,Ширина предмета,6 см
59169214,Габариты,Высота предмета,18 см
59169214,Габариты,Вес товара с упаковкой (г),560 г
59169214,Габариты,Длина упаковки,8 см
59169214,Габариты,Высота упаковки,22 см
59169214,Габариты,Ширина упаковки,20 см
143753238,Основная информация,Цвет,белый; серый
143753238,Общие характеристики,Модель,массажер
143753238,Питание,Питание,USB; от аккумулятора; от прикуривателя автомобиля
143753238,Технические особенности,Количество режимов работы,6 режимов; 15 уровней мощности
143753238,Дополнительная информация,Тип массажера,электромассажер; электроимпульсный массажер; Микротоковый массажер
143753238,Дополнительная информация,Зона массажа,шейный отдел позвоночника; спина; воротниковая зона
143753238,Дополнительная информация,Действие,Электроимпульсный массаж; вибромассаж; миостимулятор для шеи
143753238,Дополнительная информация,Доп. опции массажера,импульсный массаж; прогрев шеи; микротоки
143753238,Дополнительная информация,Количество роликов,5 вибрационных головок; 4 электроимпульсные насадки; 1 ИК - элемент нагрева
143753238,Дополнительная информация,Комплектация,Массажер для шеи 1 шт; USB-провод 1 шт; ИНСТРУКЦИЯ НА РУССКОМ ЯЗЫКЕ 1 ШТ
143753238,Дополнительная информация,Страна производства,Китай
143753238,Габариты,Вес с упаковкой (кг),0.45 кг
143753238,Габариты,Длина упаковки,21 см
143753238,Габариты,Высота упаковки,9 см
143753238,Габариты,Ширина упаковки,19 см
252571255,Основная информация,Цвет,белый; белый матовый
252571255,Общие характеристики,Модель,с фиксирующим кольцом
252571255,Общие характеристики,Гарантийный срок,1 год
252571255,Питание,Питание,USB; от сети
252571255,Технические особенности,Количество режимов работы,10 режимов
252571255,Насадки,Количество насадок,1 шт.
252571255,Дополнительная информация,Тип массажера,вибромассажер; тепловой; электроимпульсный
252571255,Дополнительная информация,Зона массажа,лицо; зона вокруг глаз; шея
252571255,Дополнительная информация,Форма массажера,ручной электромассажер
252571255,Дополнительная информация,Действие,охлаждение; против морщин; очищение
252571255,Дополнительная информация,Мин. продолжительность автономной работы,60 мин
252571255,Дополнительная информация,Доп. опции массажера,вибромассаж; функция подогрева; электромиостимуляция
252571255,Дополнительная информация,Комплектация,массажер для лица - 1 шт; подставка; инструкция; 3 пакетика геля; блок зарядки; зарядный провод
252571255,Дополнительная информация,Страна производства,Китай
252571255,Габариты,Высота предмета,17 см
252571255,Габариты,Ширина предмета,6 см
252571255,Габариты,Глубина предмета,6 см
252571255,Габариты,Вес без упаковки (кг),0.15 кг
252571255,Габариты,Вес с упаковкой (кг),0.55 кг
252571255,Габариты,Длина упаковки,22 см
252571255,Габариты,Высота упаковки,9 см
252571255,Габариты,Ширина упаковки,15 см
195627696,Основная информация,Цвет,черный
195627696,Общие характеристики,Модель,Mini
195627696,Питание,Питание,USB
195627696,Дополнительная информация,Тип массажера,электроимпульсный
195627696,Дополнительная информация,Зона массажа,спина; тело; шея
195627696,Дополнительная информация,Действие,снятие мышечного напряжения; успокаивающее; улучшение кровообращения
195627696,Дополнительная информация,Комплектация,массажер; кабель для зарядки
195627696,Габариты,Длина упаковки,15 см
195627696,Габариты,Высота упаковки,3 см
195627696,Габариты,Ширина упаковки,10 см
223922330,Основная информация,Цвет,серый; белый; серебристый
223922330,Общие характеристики,Модель,Микротоковый
223922330,Питание,Питание,от аккумулятора; USB
223922330,Технические особенности,Количество режимов работы,15 шагов мощности; 6 режимов
223922330,Насадки,Количество насадок,4 шт.
223922330,Дополнительная информация,Тип массажера,электро-импульсныый
223922330,Дополнительная информация,Зона массажа,шея
223922330,Дополнительная информация,Действие,восстановление; снятие мышечного напряжения; улучшение кровообращения
223922330,Дополнительная информация,Мин. продолжительность автономной работы,15 мин
223922330,Дополнительная информация,Доп. опции массажера,импульсный массаж; электростимуляция; автомобильный
223922330,Дополнительная информация,Количество роликов,4 электроимпульсные массажные головки; 4 активных контакта для массирования
223922330,Дополнительная информация,Комплектация,Импульсный массажер; Инструкция на русском языке; коробка
223922330,Габариты,Высота предмета,15 см
223922330,Габариты,Ширина предмета,15 см
223922330,Габариты,Глубина предмета,5 см
223922330,Габариты,Вес без упаковки (кг),0.2 кг
223922330,Габариты,Вес с упаковкой (кг),0.2 кг
223922330,Габариты,Длина упаковки,18 см
223922330,Габариты,Высота упаковки,6 см
223922330,Габариты,Ширина упаковки,18 см
173241288,Основная информация,Цвет,белый
173241288,Общие характеристики,Модель,Joven
173241288,Общие характеристики,Гарантийный срок,1 год
173241288,Питание,Питание,от аккумулятора
173241288,Технические особенности,Количество режимов работы,4 режима
173241288,Дополнительная информация,Тип массажера,вибромассажер; тепловой; электроимпульсный
173241288,Дополнительная информация,Зона массажа,зона вокруг глаз; лицо; декольте
173241288,Дополнительная информация,Действие,лифтинг; омолаживание; против акне
173241288,Дополнительная информация,Мин. продолжительность автономной работы,60 мин
173241288,Дополнительная информация,Доп. опции массажера,ионофорез; функция подогрева; автовыключение
173241288,Дополнительная информация,Количество роликов,0
173241288,Дополнительная информация,Комплектация,usb шнур заряд; Инструкция на русском языке; гарантийный талон; кольцо для крепления салфетки; аппарат
173241288,Дополнительная информация,Страна производства,Китай
173241288,Габариты,Высота предмета,6 см
173241288,Габариты,Ширина предмета,6 см
173241288,Габариты,Глубина предмета,3 см
173241288,Габариты,Вес без упаковки (кг),0.15 кг
173241288,Габариты,Вес с упаковкой (кг),0.26 кг
173241288,Габариты,Длина упаковки,22 см
173241288,Габариты,Высота упаковки,7 см
173241288,Габариты,Ширина упаковки,12 см
217456725,Основная информация,Цвет,белый
217456725,Общие характеристики,Модель,"RF лифтинг, косметический аппарат"
217456725,Общие характеристики,Гарантийный срок,1 год
217456725,Питание,Питание,от аккумулятора; Беспроводной
217456725,Технические особенности,Количество режимов работы,7 режимов
217456725,Насадки,Количество насадок,1 шт.
217456725,Дополнительная информация,Тип массажера,электроимпульсный; рф лифтинг и микротоки; Тепловой вибромассажер
217456725,Дополнительная информация,Зона массажа,лицо; шея; зона вокруг глаз
217456725,Дополнительная информация,Действие,против морщин; Подтяжка лица; очищение и снятие отечности
217456725,Дополнительная информация,Мин. продолжительность автономной работы,90 мин
217456725,Дополнительная информация,Доп. опции массажера,электромиостимуляция; ионофорез; вибромассаж
217456725,Дополнительная информация,Количество роликов,модель M 8807
217456725,Дополнительная информация,Комплектация,"Массажер - 1 шт.,; Подставка - 1 шт.; USB кабель - 1 шт.; кольцо для режима CLEAN - 1 шт.; инструкция с QR кодом - 1 шт.; подарочная упаковка - 1 шт."
217456725,Дополнительная информация,Страна производства,Китай
217456725,Дополнительная информация,Срок эксплуатации,бессрочно
217456725,Габариты,Высота предмета,16 см
217456725,Габариты,Ширина предмета,5 см
217456725,Габариты,Глубина предмета,11 см
217456725,Габариты,Вес без упаковки (кг),0.1 кг
217456725,Габариты,Вес с упаковкой (кг),0.25 кг
217456725,Габариты,Длина упаковки,20 см
217456725,Габариты,Высота упаковки,10 см
217456725,Габариты,Ширина упаковки,15 см
203501890,Основная информация,Цвет,белый
203501890,Общие характеристики,Модель,косметический аппарат
203501890,Общие характеристики,Гарантийный срок,1 год
203501890,Питание,Питание,от аккумулятора
203501890,Технические особенности,Количество режимов работы,7 режимов
203501890,Насадки,Количество насадок,1 шт.
203501890,Дополнительная информация,Тип массажера,вибромассажер; электроимпульсный; тепловой
203501890,Дополнительная информация,Зона массажа,лицо; шея; зона вокруг глаз
203501890,Дополнительная информация,Форма массажера,ручной электромассажер
203501890,Дополнительная информация,Действие,против морщин; снятие отечности; очищение
203501890,Дополнительная информация,Мин. продолжительность автономной работы,60 мин
203501890,Дополнительная информация,Доп. опции массажера,вибромассаж; электромиостимуляция; ионофорез
203501890,Дополнительная информация,Количество роликов,модель М8807
203501890,Дополнительная информация,Комплектация,Массажер - 1 шт.; Подставка - 1 шт.; USB кабель - 1 шт.; кольцо для закрепления - 1шт.; гель для ионофореза - 1 шт.; Инструкция - 1 шт.; подарочная упаковка - 1 шт.
203501890,Дополнительная информация,Страна производства,Китай
203501890,Дополнительная информация,Срок эксплуатации,бессрочно
203501890,Габариты,Высота предмета,18 см
203501890,Габариты,Ширина предмета,6 см
203501890,Габариты,Глубина предмета,6 см
203501890,Габариты,Вес без упаковки (кг),0.3 кг
203501890,Габариты,Вес с упаковкой (кг),0.3 кг
203501890,Габариты,Длина упаковки,21 см
203501890,Габариты,Высота упаковки,11 см
203501890,Габариты,Ширина упаковки,16 см
282777101,Основная информация,Цвет,серый
282777101,Питание,Питание,USB
282777101,Дополнительная информация,Комплектация,блок управления; пояс; инструкция; кабель Type-c
282777101,Дополнительная информация,Страна производства,Китай
282777101,Габариты,Длина упаковки,21 см
282777101,Габариты,Высота упаковки,5 см
282777101,Габариты,Ширина упаковки,19 см
135576690,Основная информация,Цвет,белый
135576690,Материалы,Материал изделия,Нержавеющая сталь + abs-пластик; Пластик ( PP+ABS) безопасный
135576690,Дополнительная информация,Диаметр,28 мм
135576690,Дополнительная информация,Особенности секс игрушки,сужение влагалища; миостимуляция; укрепление интимных мышц
135576690,Дополнительная информация,Страна производства,Китай
135576690,Дополнительная информация,Комплектация,Стимулятор для мышц Sensa TONE – 1 шт.; Зонд – 1 шт.; Провод – 1 шт.; Батарейки ААА – 2 шт.; Шнурок для шеи - 1 шт.; Подробная инструкция на русском языке – 1 шт.; Футляр для хранения – 1 шт.; Вагинальный гель ГИА-РЕЛАКС 30 мл – 1шт.; Коробка – 1шт.; Непрозрачный конфиденциальный пакет – 1шт.
135576690,Габариты,Длина предмета,12 см
135576690,Габариты,Вес товара без упаковки (г),250 г
135576690,Габариты,Длина упаковки,29 см
135576690,Габариты,Высота упаковки,10 см
135576690,Габариты,Ширина упаковки,17 см
331332601,Основная информация,Цвет,черный
331332601,Общие характеристики,Модель,тренажер для рук и ног
331332601,Материалы,Материал изделия,ткань; текстиль; медицинский пластик
331332601,Дополнительная информация,Вид реабилитационного тренажера,электростимулятор; реабилитация; вибромассажер
331332601,Дополнительная информация,Страна производства,Китай
331332601,Дополнительная информация,Назначение тренажера,для реабилитации после инсульта; массажные аксессуары; Поддержка и восстановление
331332601,Дополнительная информация,Комплектация,стимулятор; ремень; провод usb; распылитель; удлинитель ремня; тренажерный мячик для руки
331332601,Габариты,Ширина предмета,18 см
331332601,Габариты,Высота предмета,18 см
331332601,Габариты,Глубина предмета,4 см
331332601,Габариты,Вес без упаковки (кг),0.25 кг
331332601,Габариты,Вес с упаковкой (кг),0.37 кг
331332601,Габариты,Длина упаковки,20 см
331332601,Габариты,Высота упаковки,7 см
331332601,Габариты,Ширина упаковки,14 см
174650201,Основная информация,Цвет,черный
174650201,Общие характеристики,Модель,Антицеллюлитный массажер для тела и ног
174650201,Общие характеристики,Гарантийный срок,1 год
174650201,Питание,Питание,от сети
174650201,Технические особенности,Количество режимов работы,5
174650201,Насадки,Количество насадок,1 шт.
174650201,Дополнительная информация,Тип массажера,вибромассажер; Микротоковый массажер; электроимпульсный
174650201,Дополнительная информация,Зона массажа,спина; ноги; тело
174650201,Дополнительная информация,Действие,Лимфодренажный массаж; для похудения; от целлюлита
174650201,Дополнительная информация,Мин. продолжительность автономной работы,180 мин
174650201,Дополнительная информация,Доп. опции массажера,инфракрасный прогрев; EMC лифтинг; миостимулятор
174650201,Дополнительная информация,Количество роликов,30 иголок
174650201,Дополнительная информация,Комплектация,Инструкция на русском языке; Антицеллюлитный массажер
174650201,Габариты,Высота предмета,20 см
174650201,Габариты,Ширина предмета,9.5 см
174650201,Габариты,Глубина предмета,9.5 см
174650201,Габариты,Вес без упаковки (кг),0.68 кг
174650201,Габариты,Вес с упаковкой (кг),0.72 кг
174650201,Габариты,Длина упаковки,24 см
174650201,Габариты,Высота упаковки,11 см
174650201,Габариты,Ширина упаковки,18 см
214337249,Основная информация,Цвет,черный
214337249,Общие характеристики,Модель,миостимулятор
214337249,Питание,Питание,Встроенный аккумулятор
214337249,Технические особенности,Количество режимов работы,8 шт
214337249,Дополнительная информация,Тип массажера,вибромассажер; электроимпульсный; виброплатформа
214337249,Дополнительная информация,Зона массажа,ноги; шея; спина
214337249,Дополнительная информация,Действие,снятие мышечного напряжения; лифтинг; улучшение кровообращения
214337249,Дополнительная информация,Доп. опции массажера,беспроводной массаж; вибромассаж; дистанционное управление
214337249,Дополнительная информация,Количество роликов,1
214337249,Дополнительная информация,Комплектация,массажер - 1шт
214337249,Дополнительная информация,Страна производства,Китай
214337249,Габариты,Высота предмета,15 см
214337249,Габариты,Ширина предмета,2 см
214337249,Габариты,Глубина предмета,6 см
214337249,Габариты,Длина упаковки,15 см
214337249,Габариты,Высота упаковки,2 см
214337249,Габариты,Ширина упаковки,9 см
247781618,Основная информация,Цвет,белый
247781618,Общие характеристики,Модель,"rf-лифтинг микротоковый, косметический аппарат"
247781618,Общие характеристики,Гарантийный срок,1 год
247781618,Питание,Питание,от аккумулятора; Беспроводной
247781618,Технические особенности,Количество режимов работы,7 режимов
247781618,Насадки,Количество насадок,1 шт.
247781618,Дополнительная информация,Тип массажера,вибромассажер; электроимпульсный; тепловой
247781618,Дополнительная информация,Зона массажа,лицо; шея; зона вокруг глаз
247781618,Дополнительная информация,Действие,снятие отечности; против морщин; очищение
247781618,Дополнительная информация,Мин. продолжительность автономной работы,60 мин
247781618,Дополнительная информация,Доп. опции массажера,электромиостимуляция; ионофорез; вибромассаж
247781618,Дополнительная информация,Количество роликов,1
247781618,Дополнительная информация,Комплектация,Массажер - 1шт; Подставка - 1 шт; USB - кабель - 1 шт; кольцо для закрепления - 1 шт; Инструкция на русском языке
247781618,Дополнительная информация,Страна производства,Китай
247781618,Габариты,Высота предмета,17.5 см
247781618,Габариты,Ширина предмета,6.5 см
247781618,Габариты,Глубина предмета,6 см
247781618,Габариты,Вес с упаковкой (кг),0.3 кг
247781618,Габариты,Длина упаковки,16 см
247781618,Габариты,Высота упаковки,10 см
247781618,Габариты,Ширина упаковки,21 см
173241055,Основная информация,Цвет,пастельно-розовый; розовый; бледно-розовый
173241055,Общие характеристики,Модель,Joven
173241055,Общие характеристики,Гарантийный срок,1 год
173241055,Питание,Питание,от аккумулятора
173241055,Технические особенности,Количество режимов работы,4 шт.
173241055,Дополнительная информация,Тип массажера,вибромассажер; тепловой; электроимпульсный
173241055,Дополнительная информация,Зона массажа,лицо; зона вокруг глаз; декольте
173241055,Дополнительная информация,Действие,снятие отечности; против морщин; против акне
173241055,Дополнительная информация,Мин. продолжительность автономной работы,30 мин
173241055,Дополнительная информация,Доп. опции массажера,вибромассаж; ионофорез; функция подогрева
173241055,Дополнительная информация,Количество роликов,0
173241055,Дополнительная информация,Комплектация,косметологический аппарат; USB-шнур заряда; кольцо для салфетки; гарантийный талон; Инструкция на русском языке
173241055,Дополнительная информация,Страна производства,Китай
173241055,Габариты,Высота предмета,6 см
173241055,Габариты,Ширина предмета,6 см
173241055,Габариты,Глубина предмета,3 см
173241055,Габариты,Вес без упаковки (кг),0.1 кг
173241055,Габариты,Вес с упаковкой (кг),0.26 кг
173241055,Габариты,Длина упаковки,22 см
173241055,Габариты,Высота упаковки,7 см
173241055,Габариты,Ширина упаковки,12 см
229539758,Дополнительная информация,Модель тренажера,для домашних тренировок; тренажер для похудения; пояс для похудения
229539758,Дополнительная информация,Система нагрузки,электромагнитная; резистентная; механическая
229539758,Дополнительная информация,Комплектация,пояс-миостимулятор
229539758,Дополнительная информация,Страна производства,Китай
229539758,Габариты,Высота предмета,20 см
229539758,Габариты,Ширина предмета,20 см
229539758,Габариты,Длина упаковки,25 см
229539758,Габариты,Высота упаковки,10 см
229539758,Габариты,Ширина упаковки,14 см
174691648,Основная информация,Цвет,белый; белый глянец
174691648,Общие характеристики,Модель,беспроводной
174691648,Общие характеристики,Гарантийный срок,1 год
174691648,Питание,Питание,USB; от сети
174691648,Технические особенности,Количество режимов работы,6 режимов
174691648,Насадки,Количество насадок,1 шт.
174691648,Дополнительная информация,Тип массажера,магнитно-акупунктурный; микротоковый; вибрационный
174691648,Дополнительная информация,Зона массажа,лицо; зона вокруг глаз; шея
174691648,Дополнительная информация,Форма массажера,ручной электромассажер
174691648,Дополнительная информация,Действие,восстановление; омолаживание; лифтинг
174691648,Дополнительная информация,Мин. продолжительность автономной работы,30 мин
174691648,Дополнительная информация,Доп. опции массажера,электромиостимуляция; ультразвуковой массаж; индикация уровня заряда
174691648,Дополнительная информация,Комплектация,контактный гель; Инструкция - 1 шт; Зарядный кабель - 1 шт; массажер для лица - 1 шт; блок питания-1шт
174691648,Габариты,Высота предмета,15 см
174691648,Габариты,Ширина предмета,4 см
174691648,Габариты,Глубина предмета,3 см
174691648,Габариты,Вес без упаковки (кг),0.26 кг
174691648,Габариты,Вес с упаковкой (кг),0.5 кг
174691648,Габариты,Длина упаковки,20 см
174691648,Габариты,Высота упаковки,5 см
174691648,Габариты,Ширина упаковки,10 см
176135675,Основная информация,Цвет,белый
176135675,Общие характеристики,Модель,косметический аппарат
176135675,Общие характеристики,Гарантийный срок,1 год
176135675,Питание,Питание,от аккумулятора
176135675,Технические особенности,Количество режимов работы,5 шт.
176135675,Дополнительная информация,Тип массажера,вибромассажер; электроимпульсный; тепловой
176135675,Дополнительная информация,Зона массажа,зона вокруг глаз; лицо
176135675,Дополнительная информация,Действие,против морщин; омолаживание; лифтинг
176135675,Дополнительная информация,Мин. продолжительность автономной работы,120 мин
176135675,Дополнительная информация,Доп. опции массажера,вибромассаж; функция подогрева; электромиостимуляция
176135675,Дополнительная информация,Количество роликов,0
176135675,Дополнительная информация,Комплектация,"Массажер, инструкция, USB-шнур, кольцо для салфетки, подставка, гарантийный талон"
176135675,Дополнительная информация,Страна производства,Китай
176135675,Габариты,Высота предмета,17.5 см
176135675,Габариты,Ширина предмета,6 см
176135675,Габариты,Глубина предмета,5.5 см
176135675,Габариты,Вес без упаковки (кг),0.3 кг
176135675,Габариты,Вес с упаковкой (кг),0.55 кг
176135675,Габариты,Длина упаковки,22 см
176135675,Габариты,Высота упаковки,7 см
176135675,Габариты,Ширина упаковки,13 см
413452261,Основная информация,Цвет,черно-коричневый
413452261,Общие характеристики,Модель,Smart Fitness
413452261,Питание,Питание,от сети
413452261,Технические особенности,Количество режимов работы,6
413452261,Насадки,Количество насадок,3 шт.
413452261,Дополнительная информация,Тип массажера,комбинированный; электроимпульсный; микротоковый
413452261,Дополнительная информация,Зона массажа,живот; руки; тело
413452261,Дополнительная информация,Форма массажера,пояс
413452261,Дополнительная информация,Действие,коррекция фигуры; эластичность
413452261,Дополнительная информация,Мин. продолжительность автономной работы,60 мин
413452261,Дополнительная информация,Доп. опции массажера,индикация включения; индикация выбранного режима; регулировка интенсивности
413452261,Дополнительная информация,Комплектация,3 миостимулятора накладки; 3 контролера; usb кабель с 3 разъемами; инструкция
413452261,Дополнительная информация,Страна производства,Китай
413452261,Габариты,Высота предмета,25 см
413452261,Габариты,Ширина предмета,25 см
413452261,Габариты,Вес без упаковки (кг),0.6 кг
413452261,Габариты,Вес с упаковкой (кг),1 кг
413452261,Габариты,Длина упаковки,26 см
413452261,Габариты,Высота упаковки,3 см
413452261,Габариты,Ширина упаковки,25 см
71879726,Основная информация,Цвет,белый; черный
71879726,Общие характеристики,Модель,Импульсный для шеи; Миостимулятор электрический массажер
71879726,Общие характеристики,Гарантийный срок,12 мес
71879726,Питание,Питание,От батареек (2 шт АА)
71879726,Технические особенности,Количество режимов работы,3
71879726,Дополнительная информация,Тип массажера,импульсный; Миостимулятор для мышц; для мышц
71879726,Дополнительная информация,Зона массажа,голова; лопатки; Шея плечи
71879726,Дополнительная информация,Действие,расслабляющий эффект; лечебное; Оздоровительный
71879726,Дополнительная информация,Мин. продолжительность автономной работы,180 мин
71879726,Дополнительная информация,Доп. опции массажера,вибрация; биотоки; уменьшает напряжение в мышцах
71879726,Дополнительная информация,Количество роликов,0
71879726,Дополнительная информация,Комплектация,Батарейки - 2 шт; Упаковочная коробка - 1 шт; Массажер импульсный - 1 шт
71879726,Дополнительная информация,Страна производства,Россия
71879726,Габариты,Высота предмета,3 см
71879726,Габариты,Ширина предмета,15 см
71879726,Габариты,Глубина предмета,15 см
71879726,Габариты,Вес без упаковки (кг),0.17 кг
71879726,Габариты,Вес с упаковкой (кг),0.25 кг
71879726,Габариты,Длина упаковки,23 см
71879726,Габариты,Высота упаковки,6 см
71879726,Габариты,Ширина упаковки,21 см
229398109,Основная информация,Цвет,зеленый
229398109,Общие характеристики,Модель,EMS
229398109,Общие характеристики,Гарантийный срок,12 месяцев
229398109,Питание,Питание,USB
229398109,Технические особенности,Количество режимов работы,7 режимов
229398109,Насадки,Количество насадок,1 шт.
229398109,Дополнительная информация,Тип массажера,электроимпульсный; микротоковый массажер для лица; рф лифтинг и микротоки
229398109,Дополнительная информация,Зона массажа,зона вокруг глаз; лицо; шея
229398109,Дополнительная информация,Действие,устранение отеков и темных кругов; омоложение кожи и лифтинг эффект; выравнивает цвет лица
229398109,Дополнительная информация,Доп. опции массажера,электромиостимуляция; вибромассаж; ионофорез
229398109,Дополнительная информация,Комплектация,кабель usb; пластиковая насадка для режима очищения; скребок гуаша в подарок; коробка; Инструкция на русском языке; массажер для лица
229398109,Дополнительная информация,Страна производства,Китай
229398109,Габариты,Высота предмета,16.7 см
229398109,Габариты,Ширина предмета,5.7 см
229398109,Габариты,Глубина предмета,4.9 см
229398109,Габариты,Вес без упаковки (кг),0.15 кг
229398109,Габариты,Вес с упаковкой (кг),0.36 кг
229398109,Габариты,Длина упаковки,20 см
229398109,Габариты,Высота упаковки,7 см
229398109,Габариты,Ширина упаковки,10 см
81549518,Основная информация,Цвет,белый; серый
81549518,Общие характеристики,Модель,Миостимулятор
81549518,Общие характеристики,Гарантийный срок,1 год
81549518,Питание,Питание,USB
81549518,Технические особенности,Количество режимов работы,6 режимов; 9 уровней интенсивности
81549518,Насадки,Количество насадок,3 шт.
81549518,Дополнительная информация,Тип массажера,акупунктурный/акупрессурный; электроимпульсный; комбинированный
81549518,Дополнительная информация,Зона массажа,шея; спина; плечи
81549518,Дополнительная информация,Форма массажера,воротник
81549518,Дополнительная информация,Действие,массаж шеи; снимает спазмы и напряжение; Облегчает боль
81549518,Дополнительная информация,Мин. продолжительность автономной работы,15 мин
81549518,Дополнительная информация,Доп. опции массажера,нагрев; акупунктурный массаж; Автоматическое выключение
81549518,Дополнительная информация,Количество роликов,нет роликов
81549518,Дополнительная информация,Комплектация,USB кабель для зарядки - 1шт.; Массажер для шеи- 1 шт; инструкция
81549518,Габариты,Высота предмета,16 см
81549518,Габариты,Ширина предмета,4.5 см
81549518,Габариты,Глубина предмета,15 см
81549518,Габариты,Вес без упаковки (кг),0.2 кг
81549518,Габариты,Вес с упаковкой (кг),0.26 кг
81549518,Габариты,Длина упаковки,15 см
81549518,Габариты,Высота упаковки,20 см
81549518,Габариты,Ширина упаковки,7 см
240667779,Основная информация,Цвет,черный
240667779,Общие характеристики,Модель,Виброплатформа
240667779,Общие характеристики,Гарантийный срок,1 год
240667779,Питание,Питание,от сети
240667779,Технические особенности,Количество режимов работы,99
240667779,Дополнительная информация,Тип массажера,виброплатформа; Лимфодренажный
240667779,Дополнительная информация,Зона массажа,ягодицы; ноги; живот
240667779,Дополнительная информация,Действие,для похудения; Лимфодренажный массажер; антицеллюлитный
240667779,Дополнительная информация,Доп. опции массажера,вибромассаж
240667779,Дополнительная информация,Количество роликов,206324729
240667779,Дополнительная информация,Комплектация,виброплатформа 1 шт.
240667779,Дополнительная информация,Страна производства,Китай
240667779,Габариты,Высота предмета,31 см
240667779,Габариты,Ширина предмета,53 см
240667779,Габариты,Глубина предмета,13 см
240667779,Габариты,Вес без упаковки (кг),10 кг
240667779,Габариты,Вес с упаковкой (кг),8 кг
240667779,Габариты,Длина упаковки,57 см
240667779,Габариты,Высота упаковки,17 см
240667779,Габариты,Ширина упаковки,42 см
170075078,Общие характеристики,Количество предметов в упаковке,1 шт.
170075078,Материалы,Материал изделия,abs-пластик; пластик
170075078,Дополнительная информация,Зона массажа,лицо; шея; зона вокруг глаз
170075078,Дополнительная информация,Действие,Уход за кожей; лифтинг от морщин; Миостимулятор против отеков
170075078,Дополнительная информация,Страна производства,Китай
170075078,Дополнительная информация,Комплектация,массажер; USB-зарядка
170075078,Габариты,Ширина предмета,12 см
170075078,Габариты,Высота предмета,12 см
170075078,Габариты,Вес товара с упаковкой (г),150 г
170075078,Габариты,Длина упаковки,12 см
170075078,Габариты,Высота упаковки,10 см
170075078,Габариты,Ширина упаковки,10 см
177877982,Основная информация,Цвет,шоколадный
177877982,Общие характеристики,Модель,массажер для ног электрический
177877982,Общие характеристики,Гарантийный срок,1 год
177877982,Питание,Питание,от сети 220В
177877982,Технические особенности,Количество режимов работы,3; 5 режимов интенсивности
177877982,Дополнительная информация,Тип массажера,массаж ног; Лимфодренажный электромассажер для ног; Поддержка и восстановление
177877982,Дополнительная информация,Зона массажа,стопы; ноги; ступни
177877982,Дополнительная информация,Форма массажера,напольная платформа
177877982,Дополнительная информация,Действие,Расслабление; снятие мышечного напряжения; инфракрасное прогревание
177877982,Дополнительная информация,Мин. продолжительность автономной работы,15 мин
177877982,Дополнительная информация,Доп. опции массажера,таймер; Прогрев; миостимулятор
177877982,Дополнительная информация,Количество роликов,2
177877982,Дополнительная информация,Комплектация,"массажер для ног - 1 шт., инструкция на русском языке - 1 шт."
177877982,Дополнительная информация,Страна производства,Китай
177877982,Габариты,Высота предмета,20 см
177877982,Габариты,Ширина предмета,24 см
177877982,Габариты,Глубина предмета,20 см
177877982,Габариты,Вес без упаковки (кг),3.4 кг
177877982,Габариты,Вес с упаковкой (кг),4.2 кг
177877982,Габариты,Длина упаковки,27 см
177877982,Габариты,Высота упаковки,39 см
177877982,Габариты,Ширина упаковки,46 см
154962159,Основная информация,Цвет,черничный
154962159,Общие характеристики,Модель,Микротоновый; Миостимулятор; голевой массажный пластырь
154962159,Дополнительная информация,Действие,Микротоковый массаж
154962159,Дополнительная информация,Страна производства,Китай
154962159,Габариты,Высота предмета,1 см
154962159,Габариты,Длина упаковки,38 см
154962159,Габариты,Высота упаковки,3 см
154962159,Габариты,Ширина упаковки,18 см
87665607,Основная информация,Цвет,белый
87665607,Общие характеристики,Модель,G20
87665607,Общие характеристики,Гарантийный срок,1 год
87665607,Питание,Питание,от сети; от аккумулятора
87665607,Технические особенности,Количество режимов работы,15 уровней интенсивности; 4 техники массажа
87665607,Дополнительная информация,Тип массажера,EMS массажер; электрический массажер; температурный массажер
87665607,Дополнительная информация,Зона массажа,шея; плечи
87665607,Дополнительная информация,Действие,Расслабление и снятие усталости; Снятие болевых ощущений и нервного напряжения; Массаж шейно-воротниковой зоны
87665607,Дополнительная информация,Доп. опции массажера,дистанционное управление; подарок на Новый год
87665607,Дополнительная информация,Количество роликов,3; 3 подвижные головки
87665607,Дополнительная информация,Комплектация,кабель зарядки - 1 шт; Документация- 1 шт; Массажер - 1шт
87665607,Дополнительная информация,Страна производства,Китай
87665607,Дополнительная информация,Срок эксплуатации,2 года
87665607,Габариты,Высота предмета,8 см
87665607,Габариты,Ширина предмета,14 см
87665607,Габариты,Глубина предмета,8 см
87665607,Габариты,Вес без упаковки (кг),0.16 кг
87665607,Габариты,Вес с упаковкой (кг),0.5 кг
87665607,Габариты,Длина упаковки,7 см
87665607,Габариты,Высота упаковки,20 см
87665607,Габариты,Ширина упаковки,20 см
94481874,Общие характеристики,Модель,Плакаты А4 Биологически Активных Точек
94481874,Общие характеристики,Гарантийный срок,14 дней
94481874,Технические особенности,Количество режимов работы,15 режимов
94481874,Дополнительная информация,Тип массажера,вибромассажер; электроимпульсный
94481874,Дополнительная информация,Зона массажа,бедра; живот; ягодицы
94481874,Дополнительная информация,Действие,для похудения; антицеллюлитный
94481874,Дополнительная информация,Комплектация,"4 плаката: спереди, сзади на позвоночнике и лице"
94481874,Дополнительная информация,Страна производства,Россия
94481874,Габариты,Вес с упаковкой (кг),0.1 кг
94481874,Габариты,Длина упаковки,35 см
94481874,Габариты,Высота упаковки,1 см
94481874,Габариты,Ширина упаковки,22 см
180402727,Основная информация,Цвет,белый
180402727,Общие характеристики,Модель,Косметический микротоковый вибромассажер для лица
180402727,Общие характеристики,Гарантийный срок,1 год
180402727,Питание,Питание,USB; от аккумулятора
180402727,Технические особенности,Количество режимов работы,4
180402727,Дополнительная информация,Тип массажера,вибромассажер; электроимпульсный; микротоковый
180402727,Дополнительная информация,Зона массажа,овал лица; подбородок; лицо
180402727,Дополнительная информация,Действие,омолаживание; против морщин; лифтинг подтяжка
180402727,Дополнительная информация,Мин. продолжительность автономной работы,180 мин
180402727,Дополнительная информация,Доп. опции массажера,микротоки от морщин прыщей отеков; борьба с несовершенствами; электромассажер миостимулятор
180402727,Дополнительная информация,Комплектация,кабель для зарядки; интсрукция; массажер
180402727,Дополнительная информация,Страна производства,Китай
180402727,Габариты,Вес с упаковкой (кг),0.9 кг
180402727,Габариты,Длина упаковки,6 см
180402727,Габариты,Высота упаковки,22 см
180402727,Габариты,Ширина упаковки,6 см
235840654,Основная информация,Цвет,черный
235840654,Питание,Питание,от аккумулятора
235840654,Технические особенности,Количество режимов работы,7 режимов
235840654,Насадки,Количество насадок,1 шт.
235840654,Дополнительная информация,Тип массажера,вибромассажер; электроимпульсный; массажер косметический
235840654,Дополнительная информация,Зона массажа,зона вокруг глаз; лицо; шея
235840654,Дополнительная информация,Действие,против морщин; против пигментации; против акне
235840654,Дополнительная информация,Доп. опции массажера,таймер; ems для лица; автовыключение
235840654,Дополнительная информация,Количество роликов,5
235840654,Дополнительная информация,Комплектация,Инструкция на русском языке; Type-C; Аппарат MX-200; подставка для массажера; подарочная упаковка; Кольцо фиксатор для ватного диска или космет. салфетки
235840654,Габариты,Вес без упаковки (кг),0.4 кг
235840654,Габариты,Вес с упаковкой (кг),0.46 кг
235840654,Габариты,Длина упаковки,21 см
235840654,Габариты,Высота упаковки,9 см
235840654,Габариты,Ширина упаковки,16 см
87685422,Основная информация,Цвет,серебристый
87685422,Общие характеристики,Количество предметов в упаковке,1
87685422,Материалы,Материал изделия,пластик
87685422,Дополнительная информация,Зона массажа,шея; лицо; тело
87685422,Дополнительная информация,Действие,лифтинг; восстановление; омолаживание
87685422,Дополнительная информация,Страна производства,Тайвань
87685422,Дополнительная информация,Комплектация,Гарантийный талон - 1шт; 1шт инструкция; Электрический массажер Biolift 100m
87685422,Габариты,Ширина предмета,14.2 см
87685422,Габариты,Высота предмета,11 см
87685422,Габариты,Вес товара с упаковкой (г),372 г
87685422,Габариты,Длина упаковки,9 см
87685422,Габариты,Высота упаковки,12 см
87685422,Габариты,Ширина упаковки,15 см
242323118,Основная информация,Цвет,белый
242323118,Общие характеристики,Модель,BodyRave
242323118,Общие характеристики,Гарантийный срок,1 год
242323118,Питание,Питание,от аккумулятора; USB
242323118,Технические особенности,Количество режимов работы,7 режимов
242323118,Дополнительная информация,Тип массажера,микротоковый массажер для лица; электроимпульсный; рф лифтинг и микротоки
242323118,Дополнительная информация,Зона массажа,лицо; шея; зона вокруг глаз
242323118,Дополнительная информация,Действие,лифтинг; омоложение против морщин; Подтяжка лица
242323118,Дополнительная информация,Доп. опции массажера,электромиостимуляция; фонофорез; инфракрасный излучатель
242323118,Дополнительная информация,Количество роликов,0
242323118,Дополнительная информация,Комплектация,аппарат; кольцо для режима CLEAN; блок питания; инструкция; 3 маски для лица; USB провод; зарядная станция
242323118,Дополнительная информация,Страна производства,Китай
242323118,Габариты,Высота предмета,16 см
242323118,Габариты,Ширина предмета,3 см
242323118,Габариты,Вес без упаковки (кг),0.3 кг
242323118,Габариты,Вес с упаковкой (кг),0.56 кг
242323118,Габариты,Длина упаковки,20 см
242323118,Габариты,Высота упаковки,8 см
242323118,Габариты,Ширина упаковки,14 см
177854660,Основная информация,Цвет,черный
177854660,Общие характеристики,Модель,Mini massager
177854660,Питание,Питание,USB; от аккумулятора
177854660,Технические особенности,Количество режимов работы,8 шт.
177854660,Дополнительная информация,Тип массажера,электроимпульсный
177854660,Дополнительная информация,Зона массажа,бедра; спина; руки
177854660,Дополнительная информация,Действие,улучшение кровообращения; снятие мышечного напряжения; улучшение сна
177854660,Дополнительная информация,Мин. продолжительность автономной работы,15 мин
177854660,Дополнительная информация,Доп. опции массажера,электромиостимуляция
177854660,Дополнительная информация,Страна производства,Китай
177854660,Габариты,Высота предмета,2 см
177854660,Габариты,Ширина предмета,15 см
177854660,Габариты,Глубина предмета,6 см
177854660,Габариты,Вес без упаковки (кг),0.03 кг
177854660,Габариты,Вес с упаковкой (кг),0.05 кг
177854660,Габариты,Длина упаковки,16 см
177854660,Габариты,Высота упаковки,2 см
177854660,Габариты,Ширина упаковки,8 см
175548998,Основная информация,Цвет,черный; синий
175548998,Общие характеристики,Модель,массажер миостимулятор
175548998,Питание,Питание,USB
175548998,Насадки,Количество насадок,1 шт.
175548998,Дополнительная информация,Тип массажера,вибромассажер; постукивающий; электроимпульсный
175548998,Дополнительная информация,Зона массажа,спина; поясница; шея
175548998,Дополнительная информация,Действие,массаж для всего тела; массаж восстанавливающий; антицеллюлитный массаж
175548998,Дополнительная информация,Доп. опции массажера,вибромассаж
175548998,Дополнительная информация,Комплектация,USB-1шт.; миостимулятор-1шт.
175548998,Дополнительная информация,Страна производства,Китай
175548998,Габариты,Вес без упаковки (кг),0.4 кг
175548998,Габариты,Вес с упаковкой (кг),0.65 кг
175548998,Габариты,Длина упаковки,16 см
175548998,Габариты,Высота упаковки,2 см
175548998,Габариты,Ширина упаковки,8 см
212300288,Основная информация,Цвет,розовый
212300288,Общие характеристики,Модель,косметический аппарат
212300288,Общие характеристики,Гарантийный срок,1 год
212300288,Питание,Питание,от аккумулятора
212300288,Технические особенности,Количество режимов работы,7 режимов
212300288,Насадки,Количество насадок,1 шт.
212300288,Дополнительная информация,Тип массажера,вибромассажер; электроимпульсный; тепловой
212300288,Дополнительная информация,Зона массажа,лицо; зона вокруг глаз; шея
212300288,Дополнительная информация,Действие,против морщин; снятие отечности; очищение
212300288,Дополнительная информация,Мин. продолжительность автономной работы,60 мин
212300288,Дополнительная информация,Доп. опции массажера,вибромассаж; электромиостимуляция; ионофорез
212300288,Дополнительная информация,Количество роликов,1 шт.
212300288,Дополнительная информация,Комплектация,подставка -1 шт.; USB кабель -1 шт.; кольцо для закрепления - 1шт.; гель для ионофореза -1шт.; Инструкция - 1шт.; подарочная упаковка -1шт.
212300288,Дополнительная информация,Страна производства,Китай
212300288,Дополнительная информация,Срок эксплуатации,1 год
212300288,Габариты,Высота предмета,18 см
212300288,Габариты,Ширина предмета,6 см
212300288,Габариты,Глубина предмета,6 см
212300288,Габариты,Вес без упаковки (кг),0.3 кг
212300288,Габариты,Вес с упаковкой (кг),0.35 кг
212300288,Габариты,Длина упаковки,21 см
212300288,Габариты,Высота упаковки,11 см
212300288,Габариты,Ширина упаковки,16 см
227023748,Основная информация,Цвет,черный
227023748,Общие характеристики,Модель,VIBRANCE
227023748,Общие характеристики,Гарантийный срок,1 год
227023748,Питание,Питание,220; от сети
227023748,Технические особенности,Количество режимов работы,5
227023748,Дополнительная информация,Зона массажа,"для ног, для похудения, для пресса живота, для тела; для бедер и ягодиц, для стоп, для стопы"
227023748,Дополнительная информация,Доп. опции массажера,таймер; автовыключение; лимфодренажный миостимулятор
227023748,Дополнительная информация,Количество роликов,нет
227023748,Дополнительная информация,Комплектация,Провод для подключения к 220 В - 1 шт; Виброплатформа - 1 шт; Пульт ДУ - 1 шт; крепления - 2 шт
227023748,Дополнительная информация,Страна производства,Китай
227023748,Габариты,Высота предмета,17 см
227023748,Габариты,Ширина предмета,52 см
227023748,Габариты,Глубина предмета,58 см
227023748,Габариты,Вес без упаковки (кг),9 кг
227023748,Габариты,Вес с упаковкой (кг),8.5 кг
227023748,Габариты,Длина упаковки,58 см
227023748,Габариты,Высота упаковки,17 см
227023748,Габариты,Ширина упаковки,43 см
188936420,Основная информация,Цвет,черный
188936420,Питание,Питание,USB; от аккумулятора; от сети
188936420,Технические особенности,Количество режимов работы,8 режимов; 19 уровней мощности
188936420,Дополнительная информация,Тип массажера,электроимпульсный; для ног; для шеи
188936420,Дополнительная информация,Зона массажа,тело; руки; шея
188936420,Дополнительная информация,Действие,Снятие усталости; Массаж; релаксация
188936420,Дополнительная информация,Доп. опции массажера,электромиостимуляция; беспроводной массаж; массаж пресса
188936420,Дополнительная информация,Количество роликов,1
188936420,Дополнительная информация,Страна производства,Китай
188936420,Габариты,Вес с упаковкой (кг),0.4 кг
188936420,Габариты,Длина упаковки,8 см
188936420,Габариты,Высота упаковки,16 см
188936420,Габариты,Ширина упаковки,2 см
48076520,Основная информация,Цвет,светло-розовый; жемчужный
48076520,Общие характеристики,Модель,rf лифтинг аппарат
48076520,Общие характеристики,Гарантийный срок,1 год
48076520,Питание,Питание,Встроенный аккумулятор
48076520,Технические особенности,Количество режимов работы,4
48076520,Насадки,Количество насадок,1 шт.
48076520,Дополнительная информация,Тип массажера,радиочастотный; микротоковый; электрический
48076520,Дополнительная информация,Зона массажа,лицо; зона вокруг глаз; зона декольте
48076520,Дополнительная информация,Действие,лифтинг; против морщин; омолаживание
48076520,Дополнительная информация,Доп. опции массажера,электромиостимуляция; охлаждение; функция подогрева
48076520,Дополнительная информация,Количество роликов,нет
48076520,Дополнительная информация,Комплектация,гарантийный талон; Инструкция на русском языке; чехол для хранения; USB-кабель для зарядки; массажер для лица электрический
48076520,Дополнительная информация,Страна производства,Китай
48076520,Габариты,Высота предмета,17 см
48076520,Габариты,Ширина предмета,5 см
48076520,Габариты,Глубина предмета,5 см
48076520,Габариты,Вес без упаковки (кг),0.17 кг
48076520,Габариты,Вес с упаковкой (кг),0.47 кг
48076520,Габариты,Длина упаковки,22 см
48076520,Габариты,Высота упаковки,6 см
48076520,Габариты,Ширина упаковки,13 см
217984877,Основная информация,Цвет,черный
217984877,Общие характеристики,Модель,массажер для спины
217984877,Общие характеристики,Гарантийный срок,12 месяцев
217984877,Питание,Питание,от сети; от прикуривателя автомобиля; USB
217984877,Насадки,Количество насадок,16 шт.
217984877,Дополнительная информация,Тип массажера,роликовый; не лимфодренажный массажер миостимулятор для стоп
217984877,Дополнительная информация,Зона массажа,голова; шея; спина
217984877,Дополнительная информация,Действие,Расслабление; снятие мышечного напряжения; восстановление
217984877,Дополнительная информация,Мин. продолжительность автономной работы,15 мин
217984877,Дополнительная информация,Доп. опции массажера,вибромассаж; автовыключение
217984877,Дополнительная информация,Количество роликов,16
217984877,Дополнительная информация,Комплектация,массажер; блок питания; шнур питания в прикуриватель
217984877,Дополнительная информация,Страна производства,Китай
217984877,Габариты,Высота предмета,20 см
217984877,Габариты,Ширина предмета,41 см
217984877,Габариты,Глубина предмета,20 см
217984877,Габариты,Вес без упаковки (кг),1.33 кг
217984877,Габариты,Вес с упаковкой (кг),1.64 кг
217984877,Габариты,Длина упаковки,44 см
217984877,Габариты,Высота упаковки,18 см
217984877,Габариты,Ширина упаковки,18 см
168306102,Основная информация,Цвет,черный
168306102,Общие характеристики,Модель,EMS1
168306102,Общие характеристики,Гарантийный срок,1 год
168306102,Питание,Питание,от аккумулятора
168306102,Дополнительная информация,Тип массажера,Вибромассаж; ультразвуковой массаж; электромиостимуляция
168306102,Дополнительная информация,Зона массажа,воротниковая зона; ноги; живот
168306102,Дополнительная информация,Действие,снятие напряжения; улучшает метаболизм; Укрепление мышц
168306102,Дополнительная информация,Доп. опции массажера,вибромассаж; ультразвуковой массаж; электромиостимуляция
168306102,Дополнительная информация,Комплектация,базовая комплектация; массажер-1шт
168306102,Дополнительная информация,Страна производства,Китай
168306102,Габариты,Высота предмета,2 см
168306102,Габариты,Ширина предмета,9 см
168306102,Габариты,Глубина предмета,2 см
168306102,Габариты,Вес без упаковки (кг),0.1 кг
168306102,Габариты,Вес с упаковкой (кг),0.13 кг
168306102,Габариты,Длина упаковки,16 см
168306102,Габариты,Высота упаковки,2 см
168306102,Габариты,Ширина упаковки,9 см
155538674,Основная информация,Цвет,белый; белый глянец
155538674,Общие характеристики,Количество предметов в упаковке,1 шт.
155538674,Материалы,Материал изделия,abs пластик; медицинская сталь
155538674,Дополнительная информация,Зона массажа,зона вокруг глаз; лицо; шея
155538674,Дополнительная информация,Действие,омолаживание; против морщин; лифтинг
155538674,Дополнительная информация,Страна производства,Китай
155538674,Дополнительная информация,Комплектация,контактный гель; Инструкция - 1 шт; Зарядный кабель - 1 шт; массажер для лица - 1 шт
155538674,Габариты,Ширина предмета,4 см
155538674,Габариты,Высота предмета,16 см
155538674,Габариты,Вес товара с упаковкой (г),500 г
155538674,Габариты,Длина упаковки,20 см
155538674,Габариты,Высота упаковки,5 см
155538674,Габариты,Ширина упаковки,10 см
271250239,Основная информация,Цвет,черный
271250239,Общие характеристики,Гарантийный срок,1 год
271250239,Питание,Питание,USB; от аккумулятора; от сети
271250239,Технические особенности,Количество режимов работы,8 режимов
271250239,Дополнительная информация,Тип массажера,вибромассажер; электроимпульсный; микротоковый
271250239,Дополнительная информация,Зона массажа,спина; живот; ноги
271250239,Дополнительная информация,Действие,восстановление; улучшение кровообращения; Снятие усталости
271250239,Дополнительная информация,Мин. продолжительность автономной работы,15 мин
271250239,Дополнительная информация,Доп. опции массажера,массаж пресса; микротоковый лимфодренажный восстанавливающий массаж; электромиостимуляция
271250239,Дополнительная информация,Комплектация,Датчик управление 1шт; Бабочка резиновый 1шт; кабель USB 1шт; Миостимулятор массажер бабочка
271250239,Дополнительная информация,Страна производства,Китай
271250239,Габариты,Высота предмета,16 см
271250239,Габариты,Ширина предмета,6 см
271250239,Габариты,Глубина предмета,1 см
271250239,Габариты,Вес без упаковки (кг),0.2 кг
271250239,Габариты,Вес с упаковкой (кг),0.25 кг
271250239,Габариты,Длина упаковки,17 см
271250239,Габариты,Высота упаковки,3 см
271250239,Габариты,Ширина упаковки,8 см
18777442,Основная информация,Цвет,белый
18777442,Общие характеристики,Модель,многофункциональный аппарат для лица 5 в 1; электрический массажер с микротоками; миостимулятор для лица
18777442,Общие характеристики,Гарантийный срок,1 год
18777442,Технические особенности,Количество режимов работы,12
18777442,Дополнительная информация,Тип массажера,микротоковый массажер; массажер для лица электрический; миостимулятор для лица
18777442,Дополнительная информация,Зона массажа,зона вокруг глаз; шея и декольте; лицо
18777442,Дополнительная информация,Действие,rf-лифтинг для подтяжки овала лица; массажер для лица от морщин и отеков; для лица массажер с микротоками
18777442,Дополнительная информация,Доп. опции массажера,термолифтинг; rf лифтинг аппарат для лица; микротоки аппарат для лица профессиональный
18777442,Дополнительная информация,Комплектация,электрический массажер для лица-1 шт
18777442,Дополнительная информация,Страна производства,Китай
18777442,Габариты,Высота предмета,15 см
18777442,Габариты,Ширина предмета,5 см
18777442,Габариты,Глубина предмета,4 см
18777442,Габариты,Длина упаковки,22 см
18777442,Габариты,Высота упаковки,7 см
18777442,Габариты,Ширина упаковки,14 см
181547475,Общие характеристики,Модель,вибромассажер для спины
181547475,Питание,Питание,от сети; USB; от аккумулятора
181547475,Технические особенности,Количество режимов работы,6 режимов работы; 19 уровней мощности
181547475,Дополнительная информация,Зона массажа,ноги; стопы; тело
181547475,Дополнительная информация,Действие,Микротоковый массаж; Расслабление и снятие усталости; массажер для ног электрический
181547475,Дополнительная информация,Доп. опции массажера,беспроводной массаж; автовыключение; Регулируемая скорость
181547475,Дополнительная информация,Страна производства,Китай
181547475,Габариты,Вес с упаковкой (кг),0.155 кг
181547475,Габариты,Длина упаковки,32 см
181547475,Габариты,Высота упаковки,3 см
181547475,Габариты,Ширина упаковки,14 см
159488078,Общие характеристики,Модель,Pulse Massage
159488078,Общие характеристики,Гарантийный срок,14 дней
159488078,Габариты,Длина упаковки,8 см
159488078,Габариты,Высота упаковки,15 см
159488078,Габариты,Ширина упаковки,10 см
90737644,Основная информация,Цвет,глубокий черный; дуб черный; иссиня-черный; черный; черный графит
90737644,Общие характеристики,Количество предметов в упаковке,6
90737644,Материалы,Материал изделия,липучка; пластиковый пульт управления
90737644,Дополнительная информация,Зона массажа,икры; Массаж всех групп мышц; Ноги / Спина / Шея / Руки / Ягодицы
90737644,Дополнительная информация,Действие,"спортивный, сжигает жир, для тела, миостимулятор, стимуляция, похудения; сбросить лишний вес, диета, накачать мышцы, прокачать, красивое тело; электрическими импульсами через накладку стимулирует"
90737644,Дополнительная информация,Страна производства,Китай
90737644,Дополнительная информация,Комплектация,упаковка; 3 пульта управления; инструкция; 3 липучки в блистере
90737644,Габариты,Ширина предмета,19 см
90737644,Габариты,Высота предмета,20 см
90737644,Габариты,Вес товара с упаковкой (г),200 г
90737644,Габариты,Длина упаковки,6 см
90737644,Габариты,Высота упаковки,25 см
90737644,Габариты,Ширина упаковки,24 см
153482366,Основная информация,Цвет,глубокий черный
153482366,Общие характеристики,Модель,Trainer
153482366,Общие характеристики,Гарантийный срок,6 месяцев
153482366,Питание,Питание,от батареек
153482366,Технические особенности,Количество режимов работы,6
153482366,Насадки,Количество насадок,1 шт.
153482366,Дополнительная информация,Тип массажера,электроимпульсный; вибромассажер; тепловой
153482366,Дополнительная информация,Зона массажа,пресс; живот; тело
153482366,Дополнительная информация,Действие,Массажер электрический для тела; стимуляция мышц; тренажер для похудения
153482366,Дополнительная информация,Доп. опции массажера,вибромассаж; электромиостимуляция; Регулируемая скорость
153482366,Дополнительная информация,Количество роликов,6
153482366,Дополнительная информация,Комплектация,Электро токовый массажер для пресса; Пульт
153482366,Дополнительная информация,Страна производства,Китай
153482366,Габариты,Длина упаковки,24 см
153482366,Габариты,Высота упаковки,20 см
153482366,Габариты,Ширина упаковки,4 см
68712051,Основная информация,Цвет,черный
68712051,Материалы,Материал изделия,пластик; силикон; неопрен
68712051,Дополнительная информация,Вид застежки,липучка; Кнопки нержавеющая сталь
68712051,Дополнительная информация,Особенности модели,корректирующий эффект; эластичный материал; гипоаллергенный материал
68712051,Дополнительная информация,Комплектация,Миостимулятор массажер - 1 шт.
68712051,Дополнительная информация,Страна производства,Китай
68712051,Габариты,Ширина предмета,25 см
68712051,Габариты,Вес товара с упаковкой (г),140 г
211071648,Основная информация,Цвет,черный; синий; серый
211071648,Общие характеристики,Модель,Универсальный
211071648,Питание,Питание,USB; от аккумулятора; На аккумуляторной батарее
211071648,Технические особенности,Количество режимов работы,8 режимов; 19 уровней мощности
211071648,Дополнительная информация,Тип массажера,бабочка; электроимпульсный; мини стимулятор
211071648,Дополнительная информация,Зона массажа,Шеи; ног; спины
211071648,Дополнительная информация,Действие,оздоровление мышц; миостимулятор; антицеллюлитный вибромассажер
211071648,Дополнительная информация,Мин. продолжительность автономной работы,15 мин
211071648,Дополнительная информация,Доп. опции массажера,электромиостимуляция; вибрационный; беспроводной массаж
211071648,Дополнительная информация,Комплектация,Проводник Бабочка - 1 шт.; Контроллер - 1 шт.; инструкция; USB - кабель
211071648,Дополнительная информация,Страна производства,Китай
211071648,Габариты,Высота предмета,6 см
211071648,Габариты,Ширина предмета,15 см
211071648,Габариты,Глубина предмета,3 см
211071648,Габариты,Вес без упаковки (кг),0.25 кг
211071648,Габариты,Вес с упаковкой (кг),0.3 кг
211071648,Габариты,Длина упаковки,16 см
211071648,Габариты,Высота упаковки,4 см
211071648,Габариты,Ширина упаковки,7 см
276616461,Основная информация,Цвет,белый глянец
276616461,Общие характеристики,Модель,М99
276616461,Общие характеристики,Гарантийный срок,1 год
276616461,Питание,Питание,от аккумулятора
276616461,Технические особенности,Количество режимов работы,7 режимов
276616461,Насадки,Количество насадок,1 шт.
276616461,Дополнительная информация,Тип массажера,вибромассажер; электроимпульсный; тепловой
276616461,Дополнительная информация,Зона массажа,зона вокруг глаз; лицо; шея
276616461,Дополнительная информация,Форма массажера,ручной электромассажер
276616461,Дополнительная информация,Действие,против морщин; очищение; снятие отечности
276616461,Дополнительная информация,Мин. продолжительность автономной работы,60 мин
276616461,Дополнительная информация,Доп. опции массажера,вибромассаж; ионофорез; электромиостимуляция
276616461,Дополнительная информация,Количество роликов,1 шт.
276616461,Дополнительная информация,Комплектация,Массажер - 1 шт.; Подставка - 1 шт.; Зарядное устройство - 1 шт.; кольцо для закрепления - 1 шт.; гель для ионофореза - 1 шт.; Инструкция - 1 шт.; рецепты масок - 1 шт.; подарочная упаковка - 1 шт.
276616461,Дополнительная информация,Страна производства,Китай
276616461,Дополнительная информация,Срок эксплуатации,бессрочно
276616461,Габариты,Высота предмета,18 см
276616461,Габариты,Ширина предмета,6 см
276616461,Габариты,Глубина предмета,6 см
276616461,Габариты,Вес без упаковки (кг),0.5 кг
276616461,Габариты,Вес с упаковкой (кг),0.5 кг
276616461,Габариты,Длина упаковки,21 см
276616461,Габариты,Высота упаковки,11 см
276616461,Габариты,Ширина упаковки,16 см
220698426,Основная информация,Цвет,черный
220698426,Общие характеристики,Модель,микротоки
220698426,Питание,Питание,USB
220698426,Технические особенности,Количество режимов работы,3
220698426,Дополнительная информация,Тип массажера,вибромассажер; электроимпульсный; тепловой
220698426,Дополнительная информация,Зона массажа,лицо; шея; зона вокруг глаз
220698426,Дополнительная информация,Действие,лифтинг; против морщин; снятие отечности
220698426,Дополнительная информация,Мин. продолжительность автономной работы,120 мин
220698426,Дополнительная информация,Доп. опции массажера,электромиостимуляция; вибромассаж; оздоровление
220698426,Дополнительная информация,Комплектация,Пульт; 2 электрода; шнур USB
220698426,Дополнительная информация,Страна производства,Германия
220698426,Габариты,Ширина предмета,64 см
220698426,Габариты,Вес с упаковкой (кг),0.3 кг
220698426,Габариты,Длина упаковки,12 см
220698426,Габариты,Высота упаковки,8 см
220698426,Габариты,Ширина упаковки,23 см
366415225,Основная информация,Цвет,белый
366415225,Общие характеристики,Модель,BodyRave
366415225,Общие характеристики,Гарантийный срок,1 год
366415225,Питание,Питание,от аккумулятора; USB
366415225,Технические особенности,Количество режимов работы,7 режимов
366415225,Дополнительная информация,Тип массажера,микротоковый массажер для лица; электроимпульсный; рф лифтинг и микротоки
366415225,Дополнительная информация,Зона массажа,лицо; шея; зона вокруг глаз
366415225,Дополнительная информация,Действие,лифтинг; омоложение против морщин; Подтяжка лица
366415225,Дополнительная информация,Доп. опции массажера,электромиостимуляция; фонофорез; инфракрасный излучатель
366415225,Дополнительная информация,Количество роликов,0
366415225,Дополнительная информация,Комплектация,аппарат; кольцо для режима CLEAN; 2 маски для лица; гель; Инструкция на русском языке; подставка; USB - кабель
366415225,Дополнительная информация,Страна производства,Китай
366415225,Габариты,Высота предмета,17.5 см
366415225,Габариты,Ширина предмета,6.5 см
366415225,Габариты,Глубина предмета,6 см
366415225,Габариты,Вес без упаковки (кг),0.3 кг
366415225,Габариты,Вес с упаковкой (кг),0.4 кг
366415225,Габариты,Длина упаковки,20 см
366415225,Габариты,Высота упаковки,8 см
366415225,Габариты,Ширина упаковки,14 см
207492675,Основная информация,Цвет,белый
207492675,Общие характеристики,Модель,косметический аппарат
207492675,Общие характеристики,Гарантийный срок,1 год
207492675,Питание,Питание,от аккумулятора
207492675,Технические особенности,Количество режимов работы,5
207492675,Дополнительная информация,Тип массажера,Микротоки аппарат для лица; Микротоковый массажер; Массажер для лица
207492675,Дополнительная информация,Зона массажа,зона лица; зона вокруг глаз; Зона подбородка
207492675,Дополнительная информация,Действие,против морщин; очищение лица; Микротоковый лифтинг
207492675,Дополнительная информация,Доп. опции массажера,функция подогрева и охлаждения; рф лифтинг; RF лифтинг
207492675,Дополнительная информация,Комплектация,Аппарат для лица; USB провод; подставка для массажера; подарочная коробка
207492675,Дополнительная информация,Страна производства,Китай
207492675,Габариты,Высота предмета,17.5 см
207492675,Габариты,Ширина предмета,5.5 см
207492675,Габариты,Глубина предмета,6.7 см
207492675,Габариты,Вес с упаковкой (кг),0.5 кг
207492675,Габариты,Длина упаковки,19 см
207492675,Габариты,Высота упаковки,11 см
207492675,Габариты,Ширина упаковки,23 см
143500860,Основная информация,Цвет,черный матовый
143500860,Дополнительная информация,Зона массажа,стопы; ноги; пятки
143500860,Дополнительная информация,Страна производства,Китай
131866637,Основная информация,Цвет,белый
131866637,Общие характеристики,Модель,KS-996-1D
131866637,Общие характеристики,Гарантийный срок,красота и здоровье
131866637,Технические особенности,Количество режимов работы,4
131866637,Дополнительная информация,Тип массажера,микротоковый; для ног; для всего тела
131866637,Дополнительная информация,Зона массажа,массаж тела; массажер для ног электрический; массаж спины и поясницы
131866637,Дополнительная информация,Действие,"улучшение кровообращения, восстановление; расслабление шеи; профилактика остеохондроза"
131866637,Дополнительная информация,Доп. опции массажера,Автомобильная подушка; беспроводной массажер; косметический массажер
131866637,Дополнительная информация,Страна производства,Китай
131866637,Габариты,Высота предмета,15 см
131866637,Габариты,Ширина предмета,8 см
131866637,Габариты,Глубина предмета,8 см
131866637,Габариты,Вес без упаковки (кг),0.2 кг
131866637,Габариты,Вес с упаковкой (кг),0.3 кг
131866637,Габариты,Длина упаковки,15 см
131866637,Габариты,Высота упаковки,19 см
131866637,Габариты,Ширина упаковки,5 см
248833861,Основная информация,Цвет,черный; оранжевый
248833861,Общие характеристики,Гарантийный срок,2 года
248833861,Питание,Питание,от сети 230В
248833861,Технические особенности,Количество режимов работы,4 режима работы; 5 уровней интенсивности
248833861,Дополнительная информация,Тип массажера,роликовый; тепловой
248833861,Дополнительная информация,Зона массажа,ступни; ноги
248833861,Дополнительная информация,Действие,снятие напряжения; Расслабление
248833861,Дополнительная информация,Мин. продолжительность автономной работы,15 мин
248833861,Дополнительная информация,Доп. опции массажера,автовыключение; функция подогрева
248833861,Дополнительная информация,Количество роликов,2 шт
248833861,Дополнительная информация,Комплектация,"Массажер - 1шт., инструкция на русском - 1шт., пульт - 1шт."
248833861,Дополнительная информация,Страна производства,Китай
248833861,Габариты,Вес без упаковки (кг),3.2 кг
248833861,Габариты,Длина упаковки,46 см
248833861,Габариты,Высота упаковки,38 см
248833861,Габариты,Ширина упаковки,23 см
212341753,Основная информация,Цвет,белый; черный
212341753,Общие характеристики,Модель,массажер для тела
212341753,Питание,Питание,USB; от аккумулятора
212341753,Технические особенности,Количество режимов работы,3
212341753,Дополнительная информация,Тип массажера,Массажный прибор
212341753,Дополнительная информация,Зона массажа,бедра; живот; тело
212341753,Дополнительная информация,Действие,коррекция фигуры; моделирование; упругость
212341753,Дополнительная информация,Доп. опции массажера,вибромассаж; электромиостимуляция
212341753,Дополнительная информация,Комплектация,пояс для похудения - 1 шт; USB - кабель для зарядки - 1 шт; инструкция
212341753,Дополнительная информация,Страна производства,Китай
212341753,Габариты,Ширина предмета,12 см
212341753,Габариты,Вес с упаковкой (кг),0.5 кг
212341753,Габариты,Длина упаковки,25 см
212341753,Габариты,Высота упаковки,5 см
212341753,Габариты,Ширина упаковки,13 см
256787604,Основная информация,Цвет,черный
256787604,Общие характеристики,Модель,IZISTRONG
256787604,Общие характеристики,Гарантийный срок,2 года
256787604,Питание,Питание,от сети
256787604,Технические особенности,Количество режимов работы,99 режимов
256787604,Насадки,Количество насадок,1 шт.
256787604,Дополнительная информация,Тип массажера,магнитно-акупунктурный; массажер для всего тела; оздоровление
256787604,Дополнительная информация,Зона массажа,живот; ягодицы; ноги
256787604,Дополнительная информация,Действие,улучшение кровообращения; восстановление; коррекция фигуры
256787604,Дополнительная информация,Мин. продолжительность автономной работы,15 мин
256787604,Дополнительная информация,Доп. опции массажера,вибромассаж
256787604,Дополнительная информация,Комплектация,виброплатформа-1 шт; Экспандер-2 шт; Зарядка-1шт; инструкция-1 шт; Пульт-1шт
256787604,Габариты,Высота предмета,12.5 см
256787604,Габариты,Ширина предмета,52 см
256787604,Габариты,Глубина предмета,32 см
256787604,Габариты,Вес без упаковки (кг),8 кг
256787604,Габариты,Вес с упаковкой (кг),8 кг
256787604,Габариты,Длина упаковки,57 см
256787604,Габариты,Высота упаковки,17 см
256787604,Габариты,Ширина упаковки,43 см
204075090,Основная информация,Цвет,черный
204075090,Общие характеристики,Модель,Mini massager
204075090,Питание,Питание,USB; от аккумулятора
204075090,Технические особенности,Количество режимов работы,8 шт.
204075090,Дополнительная информация,Тип массажера,электроимпульсный
204075090,Дополнительная информация,Зона массажа,бедра; спина; руки
204075090,Дополнительная информация,Действие,улучшение кровообращения; тонизирование; снятие мышечного напряжения
204075090,Дополнительная информация,Мин. продолжительность автономной работы,15 мин
204075090,Дополнительная информация,Доп. опции массажера,электромиостимуляция
204075090,Дополнительная информация,Комплектация,1. Миостимулятор; 2. Коврик для ног; 3. USB кабель зарядки; 4. Инструкция
204075090,Дополнительная информация,Страна производства,Китай
204075090,Габариты,Высота предмета,2 см
204075090,Габариты,Ширина предмета,29 см
204075090,Габариты,Глубина предмета,27 см
204075090,Габариты,Вес без упаковки (кг),0.1 кг
204075090,Габариты,Вес с упаковкой (кг),0.16 кг
204075090,Габариты,Длина упаковки,33 см
204075090,Габариты,Высота упаковки,3 см
204075090,Габариты,Ширина упаковки,14 см
370579939,Основная информация,Цвет,черный
370579939,Питание,Питание,USB
370579939,Технические особенности,Количество режимов работы,8
370579939,Дополнительная информация,Тип массажера,электроимпульсный
370579939,Дополнительная информация,Зона массажа,живот
370579939,Дополнительная информация,Действие,коррекция фигуры; лифтинг
370579939,Дополнительная информация,Страна производства,Китай
370579939,Габариты,Длина упаковки,24 см
370579939,Габариты,Высота упаковки,3 см
370579939,Габариты,Ширина упаковки,15 см
154898610,Основная информация,Цвет,белый; серый
154898610,Общие характеристики,Модель,Миостимулятор массажер JT-Н88
154898610,Общие характеристики,Гарантийный срок,1 год
154898610,Питание,Питание,Аккумулятор встроенный; USB
154898610,Технические особенности,Количество режимов работы,6 режимов импульсного массажа; 4 режима вибромассажа; 15 уровней мощности
154898610,Насадки,Количество насадок,9 шт.
154898610,Дополнительная информация,Тип массажера,импульсный; электростимуляция; с подогревом
154898610,Дополнительная информация,Зона массажа,воротниковая зона; шея и голова; плечи и спина
154898610,Дополнительная информация,Форма массажера,ручной электромассажер
154898610,Дополнительная информация,Действие,"расслабляет, снимает усталость и стресс; снимает головную боль и спазмы; улучшает кровообращение и мозговую деятельность"
154898610,Дополнительная информация,Мин. продолжительность автономной работы,60 мин
154898610,Дополнительная информация,Доп. опции массажера,подогрев; автоматическое отключение и usb шнур; электроды
154898610,Дополнительная информация,Количество роликов,5
154898610,Дополнительная информация,Комплектация,Импульсный массажер - 1шт; инструкция - 1шт; usb-провод - 1шт
154898610,Дополнительная информация,Страна производства,Китай
154898610,Габариты,Высота предмета,7 см
154898610,Габариты,Ширина предмета,15 см
154898610,Габариты,Глубина предмета,15 см
154898610,Габариты,Вес без упаковки (кг),0.2 кг
154898610,Габариты,Вес с упаковкой (кг),0.4 кг
154898610,Габариты,Длина упаковки,23 см
154898610,Габариты,Высота упаковки,10 см
154898610,Габариты,Ширина упаковки,20 см
186309593,Основная информация,Цвет,белый; серебристый
186309593,Общие характеристики,Модель,Электростимулятор мышц
186309593,Общие характеристики,Гарантийный срок,1 год
186309593,Питание,Питание,USB; от аккумулятора; от прикуривателя автомобиля
186309593,Технические особенности,Количество режимов работы,6 режимов; 20 шагов мощности
186309593,Дополнительная информация,Тип массажера,электроимпульсный; электромассажер; от остеохондроза
186309593,Дополнительная информация,Зона массажа,шея и плечи; шейный отдел позвоночника; шейный массажер
186309593,Дополнительная информация,Действие,"Оздоровление, снимает стресс; Электроимпульсный массаж; электромассажер для шеи"
186309593,Дополнительная информация,Мин. продолжительность автономной работы,120 мин
186309593,Дополнительная информация,Доп. опции массажера,функция подогрева; импульсный массаж; миостимуляция
186309593,Дополнительная информация,Количество роликов,4 электроимпульсные массажные головки
186309593,Дополнительная информация,Страна производства,Китай
186309593,Габариты,Высота предмета,15 см
186309593,Габариты,Ширина предмета,16 см
186309593,Габариты,Вес без упаковки (кг),0.2 кг
186309593,Габариты,Вес с упаковкой (кг),0.3 кг
186309593,Габариты,Длина упаковки,19 см
186309593,Габариты,Высота упаковки,8 см
186309593,Габариты,Ширина упаковки,20 см
256528965,Основная информация,Цвет,черный
256528965,Общие характеристики,Гарантийный срок,1 год
256528965,Технические особенности,Количество режимов работы,7 режимов
256528965,Дополнительная информация,Тип массажера,вибромассажер; RF-лифтинг; массажер косметический
256528965,Дополнительная информация,Зона массажа,лицо; шея; зона вокруг глаз
256528965,Дополнительная информация,Действие,лифтинг; упругость; снятие отечности
256528965,Дополнительная информация,Мин. продолжительность автономной работы,40 мин
256528965,Дополнительная информация,Доп. опции массажера,поддержание температуры; таймер; ems для лица
256528965,Дополнительная информация,Комплектация,микротоковый массажер в подарочной упаковке
256528965,Габариты,Вес без упаковки (кг),0.4 кг
256528965,Габариты,Вес с упаковкой (кг),0.5 кг
256528965,Габариты,Длина упаковки,21 см
256528965,Габариты,Высота упаковки,9 см
256528965,Габариты,Ширина упаковки,16 см
251341860,Основная информация,Цвет,бежевый
251341860,Общие характеристики,Модель,вакуумный
251341860,Общие характеристики,Гарантийный срок,12 месяцев
251341860,Питание,Питание,от адаптера
251341860,Технические особенности,Количество режимов работы,12 режимов
251341860,Дополнительная информация,Тип массажера,Вакуумный лимфодренажный для ног; массажёр для живота; Антицеллюлитный массаж и lpg массаж
251341860,Дополнительная информация,Зона массажа,тело; ягодицы; ноги
251341860,Дополнительная информация,Действие,"от целлюлита; похудение для женщин; для похудения, коррекция фигуры"
251341860,Дополнительная информация,Доп. опции массажера,беспроводной массаж; вибромассаж; защита от перегрева
251341860,Дополнительная информация,Количество роликов,0
251341860,Дополнительная информация,Комплектация,вакуумный массажер - 1 шт; фильтры - 5 шт; массажное масло - 2 шт; USB-провод - 1 шт; инструкция на русском языке все для похудения женщин
251341860,Дополнительная информация,Страна производства,Китай
251341860,Габариты,Длина упаковки,23 см
251341860,Габариты,Высота упаковки,10 см
251341860,Габариты,Ширина упаковки,13 см
167314362,Общие характеристики,Модель,электро стимулятор лимофдренажный микротоки; массажер для ног электрический; вибромассажер для спины
167314362,Питание,Питание,от сети; USB; от аккумулятора
167314362,Технические особенности,Количество режимов работы,6 режимов работы; 19 уровней мощности
167314362,Дополнительная информация,Зона массажа,ноги; стопы; тело
167314362,Дополнительная информация,Действие,Микротоковый массаж; Расслабление и снятие усталости; массажер для ног электрический
167314362,Дополнительная информация,Мин. продолжительность автономной работы,15 мин
167314362,Дополнительная информация,Доп. опции массажера,беспроводной массаж; автовыключение; Регулируемая скорость
167314362,Дополнительная информация,Комплектация,EMS массажер для стоп коврик - 1 шт; блок управления режимами - 1шт; usb провод вод - 1 шт; Инструкция - 1 шт
167314362,Дополнительная информация,Страна производства,Китай
167314362,Габариты,Вес без упаковки (кг),0.2 кг
167314362,Габариты,Вес с упаковкой (кг),0.23 кг
167314362,Габариты,Длина упаковки,32 см
167314362,Габариты,Высота упаковки,3 см
167314362,Габариты,Ширина упаковки,14 см
346876183,Основная информация,Цвет,белый
346876183,Общие характеристики,Модель,D 002
346876183,Общие характеристики,Гарантийный срок,1 год
346876183,Питание,Питание,от аккумулятора
346876183,Технические особенности,Количество режимов работы,6 режимов
346876183,Насадки,Количество насадок,1 шт.
346876183,Дополнительная информация,Тип массажера,электроимпульсный; тепловой; вибромассажер
346876183,Дополнительная информация,Зона массажа,лицо; шея; зона вокруг глаз
346876183,Дополнительная информация,Форма массажера,ручной электромассажер
346876183,Дополнительная информация,Действие,очищение; против морщин; снятие отечности
346876183,Дополнительная информация,Мин. продолжительность автономной работы,60 мин
346876183,Дополнительная информация,Доп. опции массажера,вибромассажер; ионофорез; электромиостимуляция
346876183,Дополнительная информация,Количество роликов,1 шт.
346876183,Дополнительная информация,Комплектация,массажер; зарядное устройство; кольцо для закрепления; инструкция; подарочная упаковка; подставка; USB кабель; гель для ионофореза
346876183,Дополнительная информация,Страна производства,Китай
346876183,Дополнительная информация,Срок эксплуатации,бессрочно
346876183,Габариты,Высота предмета,16.5 см
346876183,Габариты,Ширина предмета,4 см
346876183,Габариты,Глубина предмета,3 см
346876183,Габариты,Вес без упаковки (кг),0.5 кг
346876183,Габариты,Вес с упаковкой (кг),0.5 кг
346876183,Габариты,Длина упаковки,23 см
346876183,Габариты,Высота упаковки,11 см
346876183,Габариты,Ширина упаковки,13 см
198153403,Основная информация,Цвет,черный
198153403,Дополнительная информация,Тип массажера,постукивающий; электроимпульсный
198153403,Дополнительная информация,Зона массажа,ноги; стопы
198153403,Дополнительная информация,Действие,улучшение метаболизма; укрепление мышц стопы; Снятие усталости
198153403,Дополнительная информация,Мин. продолжительность автономной работы,15 мин
198153403,Дополнительная информация,Доп. опции массажера,"избавление от бессонницы; повышение иммунитета; укрепление мышц ног, икр"
198153403,Дополнительная информация,Комплектация,массажер электрический для ног
198153403,Дополнительная информация,Страна производства,Китай
198153403,Габариты,Вес с упаковкой (кг),0.16 кг
198153403,Габариты,Длина упаковки,33 см
198153403,Габариты,Высота упаковки,4 см
198153403,Габариты,Ширина упаковки,15 см
155143944,Основная информация,Цвет,белый; серый; серебристый
155143944,Общие характеристики,Модель,Миостимулятор массажер JT-809
155143944,Общие характеристики,Гарантийный срок,1 год
155143944,Питание,Питание,Аккумулятор встроенный; USB
155143944,Технические особенности,Количество режимов работы,6 режимов импульсного массажа; 3 нагревательных режима; 9 уровней мощности
155143944,Насадки,Количество насадок,4 шт.
155143944,Дополнительная информация,Тип массажера,импульсный; электростимуляция; с подогревом
155143944,Дополнительная информация,Зона массажа,воротниковая зона; шея и голова; плечи и спина
155143944,Дополнительная информация,Действие,"расслабляет, снимает усталость и стресс; снимает головную боль и спазмы; улучшает кровообращение и мозговую деятельность"
155143944,Дополнительная информация,Мин. продолжительность автономной работы,60 мин
155143944,Дополнительная информация,Доп. опции массажера,подогрев; автоматическое отключение и usb шнур; электроды
155143944,Дополнительная информация,Комплектация,Импульсный массажер - 1 шт.; USB кабель - 1 шт.; Инструкция - 1 шт.
155143944,Дополнительная информация,Страна производства,Китай
155143944,Габариты,Высота предмета,7 см
155143944,Габариты,Ширина предмета,14 см
155143944,Габариты,Глубина предмета,15 см
155143944,Габариты,Вес без упаковки (кг),0.2 кг
155143944,Габариты,Вес с упаковкой (кг),0.4 кг
155143944,Габариты,Длина упаковки,21 см
155143944,Габариты,Высота упаковки,9 см
155143944,Габариты,Ширина упаковки,21 см
222657645,Основная информация,Цвет,красный
222657645,Общие характеристики,Модель,002
222657645,Общие характеристики,Гарантийный срок,1 год
222657645,Питание,Питание,от аккумулятора
222657645,Технические особенности,Количество режимов работы,5
222657645,Дополнительная информация,Тип массажера,роликовый; вибромассажер; электроимпульсный
222657645,Дополнительная информация,Зона массажа,голова; шея; лицо
222657645,Дополнительная информация,Действие,лифтинг; против морщин; снятие отечности
222657645,Дополнительная информация,Доп. опции массажера,ультразвуковой массаж; электромиостимуляция
222657645,Дополнительная информация,Количество роликов,4
222657645,Дополнительная информация,Комплектация,зарядная станция-подставка - 1 шт; USB шнур питания - 1 шт; инструкция рус яз - 1 шт; уплотнительный наполнитель коробки - 3 шт; Массажер - 1 шт
222657645,Дополнительная информация,Страна производства,Китай
222657645,Габариты,Высота предмета,10 см
222657645,Габариты,Ширина предмета,10 см
222657645,Габариты,Вес с упаковкой (кг),0.5 кг
222657645,Габариты,Длина упаковки,15 см
222657645,Габариты,Высота упаковки,15 см
222657645,Габариты,Ширина упаковки,15 см
251341862,Основная информация,Цвет,темно-серый
251341862,Общие характеристики,Модель,электрический
251341862,Общие характеристики,Гарантийный срок,12 месяцев
251341862,Питание,Питание,от адаптера
251341862,Технические особенности,Количество режимов работы,12 режимов
251341862,Дополнительная информация,Тип массажера,Вакуумный лимфодренажный для ног; массажёр для живота; Антицеллюлитный массаж и lpg массаж
251341862,Дополнительная информация,Зона массажа,тело; ягодицы; ноги
251341862,Дополнительная информация,Действие,"от целлюлита; похудение для женщин; для похудения, коррекция фигуры"
251341862,Дополнительная информация,Доп. опции массажера,беспроводной массаж; вибромассаж; защита от перегрева
251341862,Дополнительная информация,Количество роликов,0
251341862,Дополнительная информация,Комплектация,вакуумный массажер - 1 шт; фильтры - 5 шт; массажное масло - 2 шт; USB-провод - 1 шт; инструкция на русском языке все для похудения женщин
251341862,Дополнительная информация,Страна производства,Китай
251341862,Габариты,Длина упаковки,23 см
251341862,Габариты,Высота упаковки,10 см
251341862,Габариты,Ширина упаковки,13 см
186823795,Основная информация,Цвет,белый бриллиант
186823795,Общие характеристики,Модель,беспроводной массаж
186823795,Общие характеристики,Гарантийный срок,1 год
186823795,Питание,Питание,от аккумулятора; USB; от прикуривателя автомобиля
186823795,Технические особенности,Количество режимов работы,4
186823795,Насадки,Количество насадок,1 шт.
186823795,Дополнительная информация,Тип массажера,вибромассажер; стильный массажер для дома; подголовник массаж ок
186823795,Дополнительная информация,Зона массажа,голова; тело; шея
186823795,Дополнительная информация,Действие,расслабляющий; антистресс; оздоровление
186823795,Дополнительная информация,Мин. продолжительность автономной работы,800 мин
186823795,Дополнительная информация,Доп. опции массажера,вибромассаж; таймер; выбор режима
186823795,Дополнительная информация,Количество роликов,10
186823795,Дополнительная информация,Комплектация,Массажный вибромассажер - 1шт.; Инструкция руководство массажёра - 1 шт.; Заводская коробка электро массажера - 1 шт.; Кабель USB - 1 шт.
186823795,Дополнительная информация,Страна производства,Китай
186823795,Габариты,Высота предмета,14 см
186823795,Габариты,Ширина предмета,14 см
186823795,Габариты,Глубина предмета,15 см
186823795,Габариты,Вес без упаковки (кг),0.3 кг
186823795,Габариты,Вес с упаковкой (кг),0.6 кг
186823795,Габариты,Длина упаковки,18 см
186823795,Габариты,Высота упаковки,18 см
186823795,Габариты,Ширина упаковки,18 см
177616027,Основная информация,Цвет,серый
177616027,Общие характеристики,Модель,вибрационная
177616027,Общие характеристики,Гарантийный срок,1 год
177616027,Питание,Питание,от сети
177616027,Технические особенности,Количество режимов работы,9
177616027,Дополнительная информация,Тип массажера,вибромассажер; роликовый; накидка
177616027,Дополнительная информация,Зона массажа,спина; тело; ноги
177616027,Дополнительная информация,Действие,успокаивающее; снятие отечности; снятие мышечного напряжения
177616027,Дополнительная информация,Доп. опции массажера,вибромассаж; таймер; функция подогрева
177616027,Дополнительная информация,Количество роликов,20
177616027,Дополнительная информация,Комплектация,массажный матрас для тела; массажер для шеи и плеч; ароматическая подушка валик; Инструкция на русском языке
177616027,Дополнительная информация,Страна производства,Китай
177616027,Габариты,Высота предмета,162 см
177616027,Габариты,Ширина предмета,50 см
177616027,Габариты,Вес с упаковкой (кг),4 кг
177616027,Габариты,Длина упаковки,49 см
177616027,Габариты,Высота упаковки,21 см
177616027,Габариты,Ширина упаковки,36 см
325196430,Основная информация,Цвет,черный
325196430,Общие характеристики,Модель,косметический аппарат
325196430,Общие характеристики,Гарантийный срок,1 год
325196430,Питание,Питание,от аккумулятора
325196430,Технические особенности,Количество режимов работы,5
325196430,Дополнительная информация,Тип массажера,Микротоки аппарат для лица; Микротоковый массажер; Массажер для лица
325196430,Дополнительная информация,Зона массажа,зона лица; зона вокруг глаз; Зона подбородка
325196430,Дополнительная информация,Действие,очищение; питание; увлажнение
325196430,Дополнительная информация,Доп. опции массажера,функция подогрева и охлаждения; рф лифтинг; RF лифтинг
325196430,Дополнительная информация,Комплектация,Аппарат для лица; USB провод; подставка для массажера; подарочная коробка
325196430,Дополнительная информация,Страна производства,Китай
325196430,Дополнительная информация,Срок эксплуатации,бессрочно
325196430,Габариты,Высота предмета,17.5 см
325196430,Габариты,Ширина предмета,5.5 см
325196430,Габариты,Глубина предмета,6.7 см
325196430,Габариты,Вес с упаковкой (кг),0.5 кг
325196430,Габариты,Длина упаковки,19 см
325196430,Габариты,Высота упаковки,11 см
325196430,Габариты,Ширина упаковки,23 см
206955272,Основная информация,Цвет,белый
206955272,Общие характеристики,Модель,KH-960
206955272,Общие характеристики,Гарантийный срок,красота и здоровье
206955272,Питание,Питание,от аккумулятора; USB
206955272,Технические особенности,Количество режимов работы,7 шт.
206955272,Дополнительная информация,Тип массажера,микротоковый; для ног; для всего тела
206955272,Дополнительная информация,Зона массажа,массаж тела; массажер для ног электрический; массаж спины и поясницы
206955272,Дополнительная информация,Действие,"улучшение кровообращения, восстановление; расслабление шеи; профилактика остеохондроза"
206955272,Дополнительная информация,Доп. опции массажера,Автомобильная подушка; беспроводной массажер; косметический массажер
206955272,Дополнительная информация,Комплектация,массажер; usb провод
206955272,Дополнительная информация,Страна производства,Китай
206955272,Габариты,Высота предмета,15 см
206955272,Габариты,Ширина предмета,8 см
206955272,Габариты,Глубина предмета,8 см
206955272,Габариты,Вес без упаковки (кг),0.16 кг
206955272,Габариты,Вес с упаковкой (кг),0.35 кг
206955272,Габариты,Длина упаковки,19 см
206955272,Габариты,Высота упаковки,20 см
206955272,Габариты,Ширина упаковки,8 см
219461941,Основная информация,Цвет,черный
219461941,Общие характеристики,Модель,Bx-810
219461941,Общие характеристики,Гарантийный срок,1 год
219461941,Питание,Питание,от аккумулятора; USB
219461941,Технические особенности,Количество режимов работы,4 шт.
219461941,Насадки,Количество насадок,10 шт.
219461941,Дополнительная информация,Тип массажера,вибромассажер; магнитно-акупунктурный; тепловой
219461941,Дополнительная информация,Зона массажа,голова; тело; шея
219461941,Дополнительная информация,Действие,улучшение кровообращения; антистресс; расслабляющий
219461941,Дополнительная информация,Мин. продолжительность автономной работы,800 мин
219461941,Дополнительная информация,Доп. опции массажера,вибромассаж; выбор режима; инфракрасный излучатель
219461941,Дополнительная информация,Количество роликов,10; инфракрасный нагрев
219461941,Дополнительная информация,Комплектация,Массажный вибромассажер - 1 шт.; Инструкция руководство массажёра - 1 шт; Кабель USB - 1 шт.; Заводская коробка электро массажера - 1 шт.; bluetooth
219461941,Дополнительная информация,Страна производства,Китай
219461941,Габариты,Высота предмета,15.5 см
219461941,Габариты,Ширина предмета,15.5 см
219461941,Габариты,Глубина предмета,15.5 см
219461941,Габариты,Вес без упаковки (кг),0.24 кг
219461941,Габариты,Вес с упаковкой (кг),0.35 кг
219461941,Габариты,Длина упаковки,17 см
219461941,Габариты,Высота упаковки,17 см
219461941,Габариты,Ширина упаковки,17 см
251341861,Основная информация,Цвет,зеленый
251341861,Общие характеристики,Модель,антицеллюлитный
251341861,Общие характеристики,Гарантийный срок,12 месяцев
251341861,Питание,Питание,от адаптера
251341861,Технические особенности,Количество режимов работы,12 режимов
251341861,Дополнительная информация,Тип массажера,Вакуумный лимфодренажный для ног; массажёр для живота; Антицеллюлитный массаж и lpg массаж
251341861,Дополнительная информация,Зона массажа,тело; ягодицы; ноги
251341861,Дополнительная информация,Действие,"от целлюлита; похудение для женщин; для похудения, коррекция фигуры"
251341861,Дополнительная информация,Доп. опции массажера,беспроводной массаж; вибромассаж; защита от перегрева
251341861,Дополнительная информация,Количество роликов,0
251341861,Дополнительная информация,Комплектация,вакуумный массажер - 1 шт; фильтры - 5 шт; массажное масло - 2 шт; USB-провод - 1 шт; инструкция на русском языке все для похудения женщин
251341861,Дополнительная информация,Страна производства,Китай
251341861,Габариты,Длина упаковки,24 см
251341861,Габариты,Высота упаковки,11 см
251341861,Габариты,Ширина упаковки,14 см
263597292,Основная информация,Цвет,бежевый
263597292,Общие характеристики,Модель,массажер для спины и тела
263597292,Общие характеристики,Гарантийный срок,6 месяцев
263597292,Питание,Питание,от сети; от прикуривателя автомобиля
263597292,Технические особенности,Количество режимов работы,3 режима
263597292,Насадки,Количество насадок,16 шт.
263597292,Дополнительная информация,Тип массажера,роликовый; не лимфодренажный массажер миостимулятор для стоп; тепловой
263597292,Дополнительная информация,Зона массажа,бедра; ноги; спина
263597292,Дополнительная информация,Действие,Расслабление; снятие напряжения; Снятие усталости
263597292,Дополнительная информация,Доп. опции массажера,вибромассаж; не виброплатформа
263597292,Дополнительная информация,Количество роликов,16
263597292,Дополнительная информация,Комплектация,массажер для шеи; блок питания
263597292,Габариты,Высота предмета,19 см
263597292,Габариты,Ширина предмета,41 см
263597292,Габариты,Глубина предмета,20 см
263597292,Габариты,Вес без упаковки (кг),1.33 кг
263597292,Габариты,Вес с упаковкой (кг),1.64 кг
263597292,Габариты,Длина упаковки,42 см
263597292,Габариты,Высота упаковки,20 см
263597292,Габариты,Ширина упаковки,20 см
358212202,Основная информация,Цвет,черный
358212202,Общие характеристики,Модель,Массажер для ног с подогревом
358212202,Общие характеристики,Гарантийный срок,5 лет
358212202,Питание,Питание,от сети
358212202,Технические особенности,Количество режимов работы,5 режимов; 9 уровней интенсивности
358212202,Дополнительная информация,Тип массажера,Роликовый электромассажер; массажер для стоп; массажер для ног электрический
358212202,Дополнительная информация,Зона массажа,ноги; стопы
358212202,Дополнительная информация,Форма массажера,напольная платформа
358212202,Дополнительная информация,Действие,снятие отечности; улучшение кровообращения; лимфодренаж
358212202,Дополнительная информация,Мин. продолжительность автономной работы,15 мин
358212202,Дополнительная информация,Доп. опции массажера,регулировка интенсивности; функция подогрева; пульт ДУ
358212202,Дополнительная информация,Количество роликов,2
358212202,Дополнительная информация,Комплектация,массажер для ног; пульт управления; Инструкция на русском языке
358212202,Дополнительная информация,Страна производства,Китай
358212202,Дополнительная информация,Срок эксплуатации,бессрочно
358212202,Габариты,Вес без упаковки (кг),4.15 кг
358212202,Габариты,Вес с упаковкой (кг),5.7 кг
358212202,Габариты,Длина упаковки,47 см
358212202,Габариты,Высота упаковки,41 см
358212202,Габариты,Ширина упаковки,28 см
196739566,Основная информация,Цвет,шоколадный
196739566,Общие характеристики,Модель,оздоровление
196739566,Общие характеристики,Гарантийный срок,2 года
196739566,Питание,Питание,от сети 220В
196739566,Технические особенности,Количество режимов работы,5 режимов работы; 9 уровней интенсивности
196739566,Дополнительная информация,Тип массажера,роликовый; акупунктурный/акупрессурный; воздушно-компрессионный
196739566,Дополнительная информация,Зона массажа,стопы; ноги; ступни
196739566,Дополнительная информация,Форма массажера,напольная платформа
196739566,Дополнительная информация,Действие,снятие мышечного напряжения; снятие отечности; улучшение кровообращения
196739566,Дополнительная информация,Мин. продолжительность автономной работы,15 мин
196739566,Дополнительная информация,Доп. опции массажера,регулировка интенсивности; функция подогрева; пульт ДУ
196739566,Дополнительная информация,Количество роликов,2
196739566,Дополнительная информация,Комплектация,массажер для ног - 1 шт; пульт д/у - 1 шт; Инструкция на русском языке - 1 шт
196739566,Дополнительная информация,Страна производства,Китай
196739566,Габариты,Высота предмета,20 см
196739566,Габариты,Ширина предмета,24 см
196739566,Габариты,Глубина предмета,20 см
196739566,Габариты,Вес без упаковки (кг),4 кг
196739566,Габариты,Длина упаковки,47 см
196739566,Габариты,Высота упаковки,41 см
196739566,Габариты,Ширина упаковки,28 см
239995237,Основная информация,Цвет,черный; белый
239995237,Технические особенности,Максимальный вес (кг),120 кг
239995237,Дополнительная информация,Модель тренажера,массажер для похудения; Пояс для пресса; Для пресса живота
239995237,Дополнительная информация,Система нагрузки,электромагнитная; миостимулятор
239995237,Дополнительная информация,Комплектация,Тренажёр для пресса живота; Сумка для тренажёра
239995237,Дополнительная информация,Страна производства,Китай
239995237,Габариты,Высота предмета,13.5 см
239995237,Габариты,Длина предмета,140 см
239995237,Габариты,Ширина предмета,13.5 см
239995237,Габариты,Вес без упаковки (кг),0.42 кг
239995237,Габариты,Длина упаковки,10 см
239995237,Габариты,Высота упаковки,20 см
239995237,Габариты,Ширина упаковки,16 см
312601189,Основная информация,Цвет,черный
312601189,Общие характеристики,Модель,микротоковый массажер 7 в 1
312601189,Питание,Питание,от аккумулятора; USB; от сети
312601189,Технические особенности,Количество режимов работы,3 режима
312601189,Насадки,Количество насадок,1 шт.
312601189,Дополнительная информация,Тип массажера,микротоковый; вибромассажер; тепловой
312601189,Дополнительная информация,Зона массажа,зона вокруг глаз; шея; лицо
312601189,Дополнительная информация,Форма массажера,ручной электромассажер
312601189,Дополнительная информация,Действие,омолаживание; против морщин; снятие отечности
312601189,Дополнительная информация,Мин. продолжительность автономной работы,15 мин
312601189,Дополнительная информация,Доп. опции массажера,от аккумулятора; USB; от сети
312601189,Дополнительная информация,Количество роликов,1 шт.
312601189,Дополнительная информация,Комплектация,Косметический аппарат - 1шт; Зарядный кабель - 1шт; упаковочная коробка
312601189,Дополнительная информация,Страна производства,Китай
312601189,Габариты,Вес с упаковкой (кг),0.13 кг
312601189,Габариты,Длина упаковки,17 см
312601189,Габариты,Высота упаковки,7 см
312601189,Габариты,Ширина упаковки,15 см
177613721,Основная информация,Цвет,серый
177613721,Общие характеристики,Модель,матрас вибрационный
177613721,Общие характеристики,Гарантийный срок,1 год
177613721,Питание,Питание,от сети
177613721,Технические особенности,Количество режимов работы,9
177613721,Дополнительная информация,Тип массажера,вибромассажер; роликовый; тепловой
177613721,Дополнительная информация,Зона массажа,ноги; спина; шея
177613721,Дополнительная информация,Действие,ароматерапия; снятие отечности; улучшение кровообращения
177613721,Дополнительная информация,Доп. опции массажера,таймер; функция подогрева; вибромассаж
177613721,Дополнительная информация,Количество роликов,20 роликов в подушке для шеи
177613721,Дополнительная информация,Комплектация,массажер для тела; массажер для ног; роликовый массажер для шеи и спины; ароматическая подушка валик для шеи; Инструкция на русском языке
177613721,Дополнительная информация,Страна производства,Китай
177613721,Габариты,Высота предмета,165 см
177613721,Габариты,Ширина предмета,50 см
177613721,Габариты,Вес с упаковкой (кг),5 кг
177613721,Габариты,Длина упаковки,62 см
177613721,Габариты,Высота упаковки,21 см
177613721,Габариты,Ширина упаковки,36 см
161953258,Основная информация,Цвет,розовый
161953258,Общие характеристики,Количество предметов в упаковке,3
161953258,Материалы,Материал изделия,пластик; abs-пластик
161953258,Дополнительная информация,Зона массажа,овал лица; подбородок; лицо
161953258,Дополнительная информация,Действие,против морщин; лифтинг подтяжка; миостимулятор для омоложения
161953258,Дополнительная информация,Страна производства,Китай
161953258,Дополнительная информация,Комплектация,кабель для зарядки; инструкция; rf лифтинг бандаж
161953258,Габариты,Вес товара с упаковкой (г),166 г
161953258,Габариты,Длина упаковки,6 см
161953258,Габариты,Высота упаковки,22 см
161953258,Габариты,Ширина упаковки,6 см
250134925,Основная информация,Цвет,черный
250134925,Общие характеристики,Модель,оздоровление
250134925,Общие характеристики,Гарантийный срок,2 года
250134925,Питание,Питание,от сети 220В
250134925,Технические особенности,Количество режимов работы,5 режимов работы; 9 уровней интенсивности
250134925,Дополнительная информация,Тип массажера,тепловой; воздушно-компрессионный; массаж ног
250134925,Дополнительная информация,Зона массажа,ноги; лодыжки; стопы
250134925,Дополнительная информация,Действие,Расслабление; снятие мышечного напряжения; инфракрасное прогревание
250134925,Дополнительная информация,Мин. продолжительность автономной работы,15 мин
250134925,Дополнительная информация,Доп. опции массажера,Прогрев; вибромассаж; компрессия
250134925,Дополнительная информация,Количество роликов,2 шт
250134925,Дополнительная информация,Комплектация,"массажер для ног - 1 шт., инструкция на русском языке - 1 шт."
250134925,Дополнительная информация,Страна производства,Китай
250134925,Габариты,Вес без упаковки (кг),4.15 кг
250134925,Габариты,Длина упаковки,47 см
250134925,Габариты,Высота упаковки,41 см
250134925,Габариты,Ширина упаковки,28 см
173244161,Основная информация,Цвет,фиолетовый
173244161,Общие характеристики,Модель,миостимулятор микротоки от прыщей отеков
173244161,Общие характеристики,Гарантийный срок,1 год
173244161,Питание,Питание,USB; от аккумулятора
173244161,Технические особенности,Количество режимов работы,7
173244161,Дополнительная информация,Тип массажера,вибромассажер; электроимпульсный
173244161,Дополнительная информация,Зона массажа,вокруг глаз; лицо; зона вокруг глаз
173244161,Дополнительная информация,Действие,beauty омолаживание подтяжка лица; аппарат против морщин от второго подбородка; rf лифтинг подтяжка
173244161,Дополнительная информация,Мин. продолжительность автономной работы,180 мин
173244161,Дополнительная информация,Комплектация,подставка; USB кабель; массажер
173244161,Дополнительная информация,Страна производства,Китай
173244161,Габариты,Вес с упаковкой (кг),0.9 кг
173244161,Габариты,Длина упаковки,12 см
173244161,Габариты,Высота упаковки,19 см
173244161,Габариты,Ширина упаковки,7 см
263597293,Основная информация,Цвет,черный
263597293,Общие характеристики,Модель,массажер для шеи спины и тела
263597293,Общие характеристики,Гарантийный срок,6 месяцев
263597293,Питание,Питание,от сети; от прикуривателя автомобиля
263597293,Дополнительная информация,Тип массажера,роликовый; не лимфодренажный массажер миостимулятор для стоп
263597293,Дополнительная информация,Зона массажа,спина; тело; шея
263597293,Дополнительная информация,Действие,Расслабление; снятие напряжения; Снятие усталости
263597293,Дополнительная информация,Доп. опции массажера,вибромассаж; не виброплатформа
263597293,Дополнительная информация,Комплектация,массажер; блок питания
263597293,Габариты,Высота предмета,19 см
263597293,Габариты,Ширина предмета,41 см
263597293,Габариты,Глубина предмета,20 см
263597293,Габариты,Вес без упаковки (кг),1.33 кг
263597293,Габариты,Вес с упаковкой (кг),1.64 кг
263597293,Габариты,Длина упаковки,42 см
263597293,Габариты,Высота упаковки,20 см
263597293,Габариты,Ширина упаковки,20 см
404377554,Основная информация,Цвет,белый
404377554,Общие характеристики,Модель,BodyRave
404377554,Общие характеристики,Гарантийный срок,1 год
404377554,Питание,Питание,от сети
404377554,Технические особенности,Количество режимов работы,5 режимов; 12 режимов
404377554,Дополнительная информация,Тип массажера,вибрационный; роликовый; электроимпульсный
404377554,Дополнительная информация,Зона массажа,лицо; тело; зона вокруг глаз
404377554,Дополнительная информация,Форма массажера,ручной электромассажер
404377554,Дополнительная информация,Действие,лифтинг; омолаживание; против морщин
404377554,Дополнительная информация,Мин. продолжительность автономной работы,144 мин
404377554,Дополнительная информация,Доп. опции массажера,вибромассаж; электромиостимуляция; эффект иглоукалывания
404377554,Дополнительная информация,Количество роликов,2
404377554,Дополнительная информация,Комплектация,массажер; Провод для зарядки; инструкция; коробка; 2 маски для лица; токопроводящий гель
404377554,Дополнительная информация,Страна производства,Китай
404377554,Габариты,Высота предмета,18 см
404377554,Габариты,Ширина предмета,10 см
404377554,Габариты,Глубина предмета,5.5 см
404377554,Габариты,Вес без упаковки (кг),0.18 кг
404377554,Габариты,Вес с упаковкой (кг),0.35 кг
404377554,Габариты,Длина упаковки,19 см
404377554,Габариты,Высота упаковки,11 см
404377554,Габариты,Ширина упаковки,9 см
333501473,Основная информация,Цвет,черный
333501473,Общие характеристики,Модель,массажер перкуссионный
333501473,Питание,Питание,от аккумулятора
333501473,Технические особенности,Количество режимов работы,6 режимов
333501473,Насадки,Количество насадок,6 шт.
333501473,Дополнительная информация,Тип массажера,перкуссионный; вибрационный; тепловой
333501473,Дополнительная информация,Зона массажа,ноги; тело; руки
333501473,Дополнительная информация,Форма массажера,массажный пистолет
333501473,Дополнительная информация,Действие,восстановление; разогревающее; тонизирование
333501473,Дополнительная информация,Мин. продолжительность автономной работы,480 мин
333501473,Дополнительная информация,Доп. опции массажера,дисплей; регулировка скорости; функция подогрева
333501473,Дополнительная информация,Комплектация,"массажер, 6 насадок, провод зарядки"
333501473,Дополнительная информация,Страна производства,Китай
333501473,Габариты,Высота предмета,21 см
333501473,Габариты,Ширина предмета,27 см
333501473,Габариты,Глубина предмета,6 см
333501473,Габариты,Вес без упаковки (кг),0.48 кг
333501473,Габариты,Вес с упаковкой (кг),0.58 кг
333501473,Габариты,Длина упаковки,26 см
333501473,Габариты,Высота упаковки,6 см
333501473,Габариты,Ширина упаковки,21 см
173241582,Основная информация,Цвет,белый
173241582,Общие характеристики,Модель,Косметический микротоковый вибромассажер для лица
173241582,Общие характеристики,Гарантийный срок,1 год
173241582,Питание,Питание,USB; от аккумулятора
173241582,Технические особенности,Количество режимов работы,4
173241582,Дополнительная информация,Тип массажера,вибромассажер; электроимпульсный; микротоковый
173241582,Дополнительная информация,Зона массажа,овал лица; подбородок; лицо
173241582,Дополнительная информация,Действие,омолаживание; против морщин; лифтинг подтяжка
173241582,Дополнительная информация,Мин. продолжительность автономной работы,180 мин
173241582,Дополнительная информация,Доп. опции массажера,микротоки от морщин прыщей отеков; борьба с несовершенствами; электромассажер миостимулятор
173241582,Дополнительная информация,Комплектация,кабель для зарядки; интсрукция; массажер
173241582,Дополнительная информация,Страна производства,Китай
173241582,Габариты,Вес с упаковкой (кг),0.9 кг
173241582,Габариты,Длина упаковки,11 см
173241582,Габариты,Высота упаковки,17 см
173241582,Габариты,Ширина упаковки,7 см
212188612,Основная информация,Цвет,белый
212188612,Общие характеристики,Модель,Электростимулятор мышц
212188612,Общие характеристики,Гарантийный срок,1 год
212188612,Питание,Питание,USB провод; от аккумулятора; Беспроводной
212188612,Технические особенности,Количество режимов работы,"6 режимов, 15 скоростей, подогрев"
212188612,Дополнительная информация,Тип массажера,"импульсный; микротоковый, тепловой; электрический перкуссионный"
212188612,Дополнительная информация,Зона массажа,"шея, плечи,; спина; воротниковая зона"
212188612,Дополнительная информация,Действие,"Инфракрасный и тепловой нагрев мышц; Оздоровление, снимает стресс; Электроимпульсный массаж"
212188612,Дополнительная информация,Мин. продолжительность автономной работы,120 мин
212188612,Дополнительная информация,Доп. опции массажера,функция подогрева; импульсный массаж; лифтинг
212188612,Дополнительная информация,Количество роликов,6
212188612,Дополнительная информация,Комплектация,массажер; кабель зарядки; инструкция; специальный увлажняющий гель - алоэ.
212188612,Дополнительная информация,Страна производства,Китай
212188612,Габариты,Высота предмета,5 см
212188612,Габариты,Ширина предмета,13.8 см
212188612,Габариты,Глубина предмета,15 см
212188612,Габариты,Вес без упаковки (кг),0.142 кг
212188612,Габариты,Вес с упаковкой (кг),0.369 кг
212188612,Габариты,Длина упаковки,21 см
212188612,Габариты,Высота упаковки,7 см
212188612,Габариты,Ширина упаковки,21 см
188139306,Основная информация,Цвет,белый
188139306,Общие характеристики,Модель,беспроводной
188139306,Общие характеристики,Гарантийный срок,1 год
188139306,Питание,Питание,USB; от аккумулятора; USB Type-C
188139306,Технические особенности,Количество режимов работы,4
188139306,Дополнительная информация,Тип массажера,вибромассажер; роликовый; электроимпульсный
188139306,Дополнительная информация,Зона массажа,лицо; шея; зона вокруг глаз
188139306,Дополнительная информация,Форма массажера,ручной электромассажер
188139306,Дополнительная информация,Действие,омоложение увлажнение; RF лифтинг; Подтяжка лица
188139306,Дополнительная информация,Мин. продолжительность автономной работы,300 мин
188139306,Дополнительная информация,Доп. опции массажера,вибромассаж; электромиостимуляция; эффект иглоукалывания
188139306,Дополнительная информация,Количество роликов,2
188139306,Дополнительная информация,Комплектация,1 коробка; 1 Импульсный массажер; 1 Инструкция по эксплуатации; 1 зарядка USB
188139306,Дополнительная информация,Страна производства,Китай
188139306,Габариты,Высота предмета,15 см
188139306,Габариты,Ширина предмета,6.3 см
188139306,Габариты,Глубина предмета,6.2 см
188139306,Габариты,Вес без упаковки (кг),0.18 кг
188139306,Габариты,Вес с упаковкой (кг),0.24 кг
188139306,Габариты,Длина упаковки,7 см
188139306,Габариты,Высота упаковки,22 см
188139306,Габариты,Ширина упаковки,11 см
270163270,Основная информация,Цвет,черный матовый; черный
270163270,Общие характеристики,Модель,360 градусов
270163270,Общие характеристики,Гарантийный срок,2 года
270163270,Питание,Питание,от сети 230В
270163270,Технические особенности,Количество режимов работы,5 режимов; 9 уровней интенсивности
270163270,Дополнительная информация,Тип массажера,роликовый; электрический; вибромассажер
270163270,Дополнительная информация,Зона массажа,ступни; ноги; стопы
270163270,Дополнительная информация,Форма массажера,напольная платформа
270163270,Дополнительная информация,Действие,снятие отечности; улучшение кровообращения; лимфодренаж
270163270,Дополнительная информация,Мин. продолжительность автономной работы,15 мин
270163270,Дополнительная информация,Доп. опции массажера,пульт ДУ; регулировка интенсивности; функция подогрева
270163270,Дополнительная информация,Количество роликов,2 шт
270163270,Дополнительная информация,Комплектация,Массажер - 1 шт; пульт - 1 шт; Инструкция на русском языке - 1 шт
270163270,Дополнительная информация,Страна производства,Китай
270163270,Дополнительная информация,Срок эксплуатации,бессрочно
270163270,Габариты,Вес без упаковки (кг),4.15 кг
270163270,Габариты,Вес с упаковкой (кг),5.7 кг
270163270,Габариты,Длина упаковки,47 см
270163270,Габариты,Высота упаковки,41 см
270163270,Габариты,Ширина упаковки,28 см
229184600,Основная информация,Цвет,белый
229184600,Общие характеристики,Модель,уход за лицом
229184600,Питание,Питание,USB
229184600,Технические особенности,Мощность устройства (Вт),4 Вт
229184600,Насадки,Количество насадок в комплекте,1 насадка
229184600,Материалы,Материал корпуса,металл и пластик
229184600,Дополнительная информация,Назначение косметического прибора,массаж; омоложение кожи; лифтинг
229184600,Дополнительная информация,Вид воздействия,микротоки
229184600,Дополнительная информация,Область применения,для лица; микротоковый аппарат для лица
229184600,Дополнительная информация,Возрастные ограничения,16+
229184600,Дополнительная информация,Противопоказания,гиперчувствительность к току
229184600,Дополнительная информация,Комплектация,массажер для подтяжки лица 1шт; Зарядный кабель usb 1шт; упаковочная коробка 1шт; Упаковочный пакет 1шт
229184600,Дополнительная информация,Страна производства,Китай
229184600,Габариты,Высота предмета,14 см
229184600,Габариты,Ширина предмета,12 см
229184600,Габариты,Глубина предмета,5 см
229184600,Габариты,Диаметр предмета,7 см
229184600,Габариты,Вес товара с упаковкой (г),185 г
229184600,Габариты,Длина упаковки,19 см
229184600,Габариты,Высота упаковки,7 см
229184600,Габариты,Ширина упаковки,12 см
255756352,Основная информация,Цвет,белый
255756352,Общие характеристики,Модель,массажер
255756352,Общие характеристики,Гарантийный срок,1 год
255756352,Питание,Питание,от аккумулятора
255756352,Дополнительная информация,Тип массажера,Микротоки аппарат для лица; Микротоковый массажер; Массажер для лица
255756352,Дополнительная информация,Зона массажа,зона лица; зона вокруг глаз; Зона подбородка
255756352,Дополнительная информация,Действие,против морщин; очищение лица; Микротоковый лифтинг
255756352,Дополнительная информация,Доп. опции массажера,функция подогрева и охлаждения; рф лифтинг; RF лифтинг
255756352,Дополнительная информация,Комплектация,Аппарат для лица; USB провод; подставка для массажера; подарочная коробка
255756352,Габариты,Высота предмета,17.5 см
255756352,Габариты,Ширина предмета,5.5 см
255756352,Габариты,Глубина предмета,6.7 см
255756352,Габариты,Вес с упаковкой (кг),0.5 кг
255756352,Габариты,Длина упаковки,17 см
255756352,Габариты,Высота упаковки,23 см
255756352,Габариты,Ширина упаковки,10 см
260831249,Основная информация,Цвет,белый
260831249,Общие характеристики,Модель,косметический аппарат
260831249,Общие характеристики,Гарантийный срок,1 год
260831249,Питание,Питание,от аккумулятора
260831249,Технические особенности,Количество режимов работы,7 режимов
260831249,Дополнительная информация,Тип массажера,тепловой; вибромассажер
260831249,Дополнительная информация,Зона массажа,лицо; шея; зона вокруг глаз
260831249,Дополнительная информация,Действие,лифтинг; омолаживание; против морщин
260831249,Дополнительная информация,Мин. продолжительность автономной работы,60 мин
260831249,Дополнительная информация,Доп. опции массажера,ионофорез; электромиостимуляция; функция подогрева
260831249,Дополнительная информация,Комплектация,Массажер микротоковый - 1 шт.; Инструкция на русском языке - 1 шт
260831249,Дополнительная информация,Страна производства,Китай
260831249,Габариты,Высота предмета,16 см
260831249,Габариты,Ширина предмета,5 см
260831249,Габариты,Глубина предмета,5 см
260831249,Габариты,Вес с упаковкой (кг),0.23 кг
260831249,Габариты,Длина упаковки,22 см
260831249,Габариты,Высота упаковки,9 см
260831249,Габариты,Ширина упаковки,14 см
208374018,Основная информация,Цвет,белый; золотистый
208374018,Общие характеристики,Гарантийный срок,1 год
208374018,Питание,Питание,от аккумулятора
208374018,Насадки,Количество насадок,1 шт.
208374018,Дополнительная информация,Тип массажера,роликовый; электрический; микротоковый
208374018,Дополнительная информация,Зона массажа,лицо; зона вокруг глаз; шея
208374018,Дополнительная информация,Действие,лифтинг; оздоровление; омолаживание
208374018,Дополнительная информация,Доп. опции массажера,роллер; RF лифтинг; против морщин
208374018,Дополнительная информация,Количество роликов,4
208374018,Дополнительная информация,Комплектация,Инструкция на русском языке; гарантийный талон; Type C - USB кабель для зарядки; чехол для хранения; Роликовый массажер для лица
208374018,Дополнительная информация,Страна производства,Китай
208374018,Габариты,Высота предмета,13 см
208374018,Габариты,Ширина предмета,10 см
208374018,Габариты,Вес с упаковкой (кг),0.75 кг
208374018,Габариты,Длина упаковки,21 см
208374018,Габариты,Высота упаковки,12 см
208374018,Габариты,Ширина упаковки,13 см
215876768,Основная информация,Цвет,черный
215876768,Общие характеристики,Модель,EMS
215876768,Питание,Питание,аккумулятор; USB
215876768,Технические особенности,Количество режимов работы,8
215876768,Дополнительная информация,Тип массажера,электроимпульсный
215876768,Дополнительная информация,Зона массажа,ноги; стопы
215876768,Дополнительная информация,Действие,Микротоковый массаж; миостимулятор электрический; Расслабление и снятие усталости
215876768,Дополнительная информация,Мин. продолжительность автономной работы,15 мин
215876768,Дополнительная информация,Доп. опции массажера,лимфодренажный массаж; Восстанавливающий массаж
215876768,Дополнительная информация,Комплектация,Коврик массажный 1шт.; Шнур питания 1шт.; Контроллер 1шт.
215876768,Дополнительная информация,Страна производства,Китай
215876768,Габариты,Высота предмета,33 см
215876768,Габариты,Ширина предмета,29 см
215876768,Габариты,Глубина предмета,3 см
215876768,Габариты,Вес с упаковкой (кг),0.2 кг
215876768,Габариты,Длина упаковки,35 см
215876768,Габариты,Высота упаковки,4 см
215876768,Габариты,Ширина упаковки,17 см
4861381,Основная информация,Цвет,розовый
4861381,Дополнительная информация,Зона массажа,шея; лицо; зона вокруг глаз
4861381,Дополнительная информация,Действие,лифтинг; против морщин; массаж
4861381,Дополнительная информация,Страна производства,Тайвань
4861381,Дополнительная информация,Комплектация,инструкция по применению; гарантийный талон; Аппарат для микротоковой терапии для лица - 1 шт
4861381,Габариты,Ширина предмета,10 см
4861381,Габариты,Высота предмета,20.5 см
4861381,Габариты,Вес товара с упаковкой (г),228 г
4861381,Габариты,Длина упаковки,8 см
4861381,Габариты,Высота упаковки,20 см
4861381,Габариты,Ширина упаковки,13 см
203491674,Основная информация,Цвет,белый; черный
203491674,Общие характеристики,Количество предметов в упаковке,5 шт.
203491674,Материалы,Материал изделия,abs-пластик; медицинская сталь; модель DRY - 1005
203491674,Дополнительная информация,Зона массажа,лицо; шея; декольте
203491674,Дополнительная информация,Действие,снятие отечности; против морщин; очищение
203491674,Дополнительная информация,Страна производства,Китай
203491674,Дополнительная информация,Комплектация,Массажер - 1 шт.; Подставка - 1 шт.; USB кабель - 1 шт.; кольцо для закрепления - 1 шт.; гель для ионофореза - 1 шт.; Инструкция - 1 шт.; подарочная упаковка - 1 шт.
203491674,Габариты,Ширина предмета,5 см
203491674,Габариты,Высота предмета,18 см
203491674,Габариты,Вес товара с упаковкой (г),500 г
203491674,Габариты,Длина упаковки,21 см
203491674,Габариты,Высота упаковки,11 см
203491674,Габариты,Ширина упаковки,16 см
299214296,Основная информация,Цвет,серебристый
299214296,Общие характеристики,Модель,"23 февраля, новый год"
299214296,Питание,Питание,от аккумулятора
299214296,Технические особенности,Количество режимов работы,32; 32 режима
299214296,Насадки,Количество насадок,4 шт.
299214296,Дополнительная информация,Тип массажера,вибромассажер; постукивающий; ударно-кулачковый
299214296,Дополнительная информация,Зона массажа,"тело,ноги,шея"
299214296,Дополнительная информация,Действие,снятие мышечного напряжения; лимфодренажный; антицеллюлитный
299214296,Дополнительная информация,Мин. продолжительность автономной работы,360 мин
299214296,Дополнительная информация,Комплектация,Инструкция - 1 шт.; насадки 4 шт; кабель для зарядки 1 шт; Многофункциональный массажер - 1 шт
299214296,Дополнительная информация,Страна производства,Китай
299214296,Габариты,Высота предмета,14 см
299214296,Габариты,Ширина предмета,13 см
299214296,Габариты,Глубина предмета,5 см
299214296,Габариты,Вес без упаковки (кг),0.48 кг
299214296,Габариты,Вес с упаковкой (кг),0.58 кг
299214296,Габариты,Длина упаковки,22 см
299214296,Габариты,Высота упаковки,6 см
299214296,Габариты,Ширина упаковки,18 см
258814932,Дополнительная информация,Действие,восстановление
258814932,Габариты,Длина упаковки,31 см
258814932,Габариты,Высота упаковки,8 см
258814932,Габариты,Ширина упаковки,28 см
166102139,Основная информация,Цвет,серый
166102139,Общие характеристики,Количество предметов в упаковке,6
166102139,Материалы,Материал изделия,abs пластик; металл
166102139,Дополнительная информация,Зона массажа,"массажер для ног шеи тела спины лица; Спина, шея, плечи, ноги, руки, бедра, поясница; антицеллюлитный массажер от целлюлита"
166102139,Дополнительная информация,Действие,"вибромассажер электрический для тела; перкуссионный пистолет массажер электрический лимфодренажный для дома и автомобиля; лифтинг, против морщин, омолаживание"
166102139,Дополнительная информация,Страна производства,Китай
166102139,Дополнительная информация,Комплектация,"вибрационный массажер; массажер для ног; массажер для тела; массажный пистолет; перкуссионный массажер 4 насадки, кабель для зарядки по USB"
166102139,Габариты,Вес товара с упаковкой (г),723 г
166102139,Габариты,Длина упаковки,22 см
166102139,Габариты,Высота упаковки,8 см
166102139,Габариты,Ширина упаковки,24 см
173244160,Основная информация,Цвет,розовый
173244160,Общие характеристики,Модель,миостимулятор микротоки от прыщей отеков
173244160,Общие характеристики,Гарантийный срок,1 год
173244160,Питание,Питание,USB; от аккумулятора
173244160,Технические особенности,Количество режимов работы,7
173244160,Дополнительная информация,Тип массажера,вибромассажер; электроимпульсный
173244160,Дополнительная информация,Зона массажа,вокруг глаз; лицо; зона вокруг глаз
173244160,Дополнительная информация,Действие,beauty омолаживание подтяжка лица; аппарат против морщин от второго подбородка; rf лифтинг подтяжка
173244160,Дополнительная информация,Мин. продолжительность автономной работы,180 мин
173244160,Дополнительная информация,Комплектация,подставка; USB кабель; массажер
173244160,Дополнительная информация,Страна производства,Китай
173244160,Габариты,Вес с упаковкой (кг),0.9 кг
173244160,Габариты,Длина упаковки,12 см
173244160,Габариты,Высота упаковки,19 см
173244160,Габариты,Ширина упаковки,7 см
370282193,Основная информация,Цвет,черный
370282193,Питание,Питание,от сети
370282193,Технические особенности,Количество режимов работы,3 режима интенсивности и скорости
370282193,Дополнительная информация,Тип массажера,роликовый; электроимпульсный; вибромассажер
370282193,Дополнительная информация,Зона массажа,шея; спина; тело
370282193,Дополнительная информация,Форма массажера,воротник
370282193,Дополнительная информация,Действие,массажная подушка для шеи и спины; Массажер электрический для тела шиацу антицеллюлитный; Массажер электрический для дома и аксессуар для автомобиля
370282193,Дополнительная информация,Мин. продолжительность автономной работы,15 мин
370282193,Дополнительная информация,Доп. опции массажера,инфракрасный подогрев; вибромассаж; автомобильный
370282193,Дополнительная информация,Количество роликов,16; по 8 роликов в 2 узлах
370282193,Дополнительная информация,Комплектация,Массажер - 1шт; Блок питания от сети - 1шт.; автомобильный блок в прикуриватель - 1шт.
370282193,Дополнительная информация,Страна производства,Китай
370282193,Габариты,Высота предмета,40 см
370282193,Габариты,Ширина предмета,18 см
370282193,Габариты,Глубина предмета,17 см
370282193,Габариты,Вес без упаковки (кг),1 кг
370282193,Габариты,Вес с упаковкой (кг),1.3 кг
370282193,Габариты,Длина упаковки,41 см
370282193,Габариты,Высота упаковки,18 см
370282193,Габариты,Ширина упаковки,19 см
164229128,Основная информация,Цвет,белый
164229128,Общие характеристики,Модель,электрический массажер
164229128,Общие характеристики,Гарантийный срок,1 год
164229128,Питание,Питание,USB
164229128,Технические особенности,Количество режимов работы,7 режимов; 7
164229128,Насадки,Количество насадок,1 шт.
164229128,Дополнительная информация,Тип массажера,аппарат микротоки для лица; гальванические микротоки; подарок женщине на 8 марта
164229128,Дополнительная информация,Зона массажа,лицо; зона вокруг глаз; шея
164229128,Дополнительная информация,Действие,Массаж; от отеков; массаж лица
164229128,Дополнительная информация,Мин. продолжительность автономной работы,5 мин
164229128,Дополнительная информация,Доп. опции массажера,миостимулятор; лимфодренажный массажер; гальваник спа аппарат от морщин на микростоках
164229128,Дополнительная информация,Комплектация,USB шнур; подставка; насадка для очищения лица; микротоковый массажер; увлажняющие маски в подарок
164229128,Дополнительная информация,Страна производства,Китай
164229128,Дополнительная информация,Срок эксплуатации,бессрочно
164229128,Габариты,Высота предмета,20 см
164229128,Габариты,Ширина предмета,16 см
164229128,Габариты,Глубина предмета,11 см
164229128,Габариты,Вес без упаковки (кг),0.15 кг
164229128,Габариты,Длина упаковки,23 см
164229128,Габариты,Высота упаковки,10 см
164229128,Габариты,Ширина упаковки,16 см
237275893,Основная информация,Цвет,серый; белый; серебристый
237275893,Общие характеристики,Модель,Микротоковый
237275893,Питание,Питание,USB; от аккумулятора
237275893,Технические особенности,Количество режимов работы,6 режимов; 9 шагов мощности
237275893,Дополнительная информация,Тип массажера,электроимпульсный
237275893,Дополнительная информация,Зона массажа,шея
237275893,Дополнительная информация,Действие,восстановление; снятие мышечного напряжения; улучшение кровообращения
237275893,Дополнительная информация,Мин. продолжительность автономной работы,15 мин
237275893,Дополнительная информация,Доп. опции массажера,вибромассаж; импульсный массаж; Имитация иглоукалывания
237275893,Дополнительная информация,Количество роликов,3 электроимпульсные массажные головки; 3 активных контакта для массирования
237275893,Дополнительная информация,Комплектация,Импульсный массажер; Инструкция на русском языке; коробка
237275893,Габариты,Высота предмета,15 см
237275893,Габариты,Ширина предмета,17 см
237275893,Габариты,Глубина предмета,5 см
237275893,Габариты,Вес без упаковки (кг),0.2 кг
237275893,Габариты,Вес с упаковкой (кг),0.2 кг
237275893,Габариты,Длина упаковки,18 см
237275893,Габариты,Высота упаковки,6 см
237275893,Габариты,Ширина упаковки,18 см
354626462,Основная информация,Цвет,белый
354626462,Общие характеристики,Количество предметов в упаковке,3
354626462,Материалы,Материал изделия,abs-пластик; пластик
354626462,Дополнительная информация,Зона массажа,вокруг глаз; зона вокруг глаз
354626462,Дополнительная информация,Действие,beauty омолаживание подтяжка лица; миостимулятор аппарат против морщин
354626462,Дополнительная информация,Страна производства,Китай
354626462,Дополнительная информация,Комплектация,подставка; USB кабель; массажер
354626462,Габариты,Вес товара с упаковкой (г),166 г
354626462,Габариты,Длина упаковки,9 см
354626462,Габариты,Высота упаковки,15 см
354626462,Габариты,Ширина упаковки,5 см
226792329,Основная информация,Цвет,черный; розовый
226792329,Общие характеристики,Гарантийный срок,1 год
226792329,Питание,Питание,от аккумулятора; USB; от сети
226792329,Технические особенности,Количество режимов работы,7 шт.
226792329,Дополнительная информация,Тип массажера,электроимпульсный; вибромассажер; микротоковый
226792329,Дополнительная информация,Зона массажа,зона вокруг глаз; лицо; шея
226792329,Дополнительная информация,Действие,против морщин; снятие отечности
226792329,Дополнительная информация,Доп. опции массажера,лифтинг; микротоки; миостимулятор
226792329,Дополнительная информация,Комплектация,кольцо для закрепления салфетки; подставка; инструкция; USB провод; Аппарат для лица
226792329,Дополнительная информация,Страна производства,Китай
226792329,Габариты,Вес с упаковкой (кг),0.8 кг
226792329,Габариты,Длина упаковки,22 см
226792329,Габариты,Высота упаковки,7 см
226792329,Габариты,Ширина упаковки,10 см
359523903,Основная информация,Цвет,черный
359523903,Общие характеристики,Модель,"Массажер для шеи, плеч, спины и тела"
359523903,Общие характеристики,Гарантийный срок,2 года
359523903,Питание,Питание,от сети; от прикуривателя автомобиля; от прикуривателя машины
359523903,Технические особенности,Количество режимов работы,3 режима интенсивности и скорости; 3 режима; инфракрасный подогрев
359523903,Дополнительная информация,Тип массажера,роликовый; электроимпульсный; вибромассажер
359523903,Дополнительная информация,Зона массажа,шея; спина; тело
359523903,Дополнительная информация,Форма массажера,воротник
359523903,Дополнительная информация,Действие,массажная подушка для шеи и спины; Массажер электрический для тела шиацу антицеллюлитный; Массажер электрический для дома и аксессуар для автомобиля
359523903,Дополнительная информация,Мин. продолжительность автономной работы,15 мин
359523903,Дополнительная информация,Доп. опции массажера,вибромассаж; функция подогрева; автомобильный
359523903,Дополнительная информация,Количество роликов,16; по 8 роликов в 2 узлах
359523903,Дополнительная информация,Комплектация,Массажер - 1шт; блок питания от сети - 1шт; автомобильный блок в прикуриватель - 1шт.
359523903,Дополнительная информация,Страна производства,Китай
359523903,Дополнительная информация,Срок эксплуатации,бессрочно
359523903,Габариты,Высота предмета,17 см
359523903,Габариты,Ширина предмета,18 см
359523903,Габариты,Глубина предмета,40 см
359523903,Габариты,Вес без упаковки (кг),1 кг
359523903,Габариты,Вес с упаковкой (кг),1.3 кг
359523903,Габариты,Длина упаковки,18 см
359523903,Габариты,Высота упаковки,40 см
359523903,Габариты,Ширина упаковки,18 см
177755412,Основная информация,Цвет,коричневый
177755412,Общие характеристики,Модель,Classic
177755412,Общие характеристики,Гарантийный срок,1 год
177755412,Питание,Питание,от сети
177755412,Технические особенности,Количество режимов работы,9
177755412,Дополнительная информация,Тип массажера,вибромассажер; роликовый; тепловой
177755412,Дополнительная информация,Зона массажа,ноги; тело; спина
177755412,Дополнительная информация,Действие,снятие отечности; улучшение кровообращения; успокаивающее
177755412,Дополнительная информация,Доп. опции массажера,вибромассаж; таймер; функция подогрева
177755412,Дополнительная информация,Количество роликов,20
177755412,Дополнительная информация,Комплектация,массажер матрас кресло для тела; подушка массажер для шеи и спины; ароматическая подушка валик
177755412,Дополнительная информация,Страна производства,Китай
177755412,Габариты,Высота предмета,165 см
177755412,Габариты,Ширина предмета,50 см
177755412,Габариты,Вес с упаковкой (кг),4 кг
177755412,Габариты,Длина упаковки,48 см
177755412,Габариты,Высота упаковки,21 см
177755412,Габариты,Ширина упаковки,36 см
159396020,Основная информация,Цвет,белый
159396020,Общие характеристики,Модель,1906
159396020,Общие характеристики,Гарантийный срок,1 год
159396020,Питание,Питание,Встроенный аккумулятор
159396020,Технические особенности,Количество режимов работы,6 режимов работы; 2 тепловых режима; электромассажер
159396020,Дополнительная информация,Тип массажера,вибромассажер; импульсный электрический массажер; массажер электрический для тела шиацу
159396020,Дополнительная информация,Зона массажа,"массажер для шеи, плеч и спины; массажер для головы и тела; Электроимпульсный массажер шейных позвонков"
159396020,Дополнительная информация,Форма массажера,воротник
159396020,Дополнительная информация,Действие,"массажер для тела, для спины, для шеи; релаксация; снятие стресса"
159396020,Дополнительная информация,Мин. продолжительность автономной работы,15 мин
159396020,Дополнительная информация,Доп. опции массажера,вибромассаж; миостимулятор для тела; микротоковый массажер
159396020,Дополнительная информация,Количество роликов,2
159396020,Дополнительная информация,Комплектация,Массажер электронный - 1шт; коробка; Гарантийный талон - 1 шт; USB - шнур 1шт.
159396020,Дополнительная информация,Страна производства,Китай
159396020,Габариты,Высота предмета,4.5 см
159396020,Габариты,Ширина предмета,18.5 см
159396020,Габариты,Вес без упаковки (кг),0.2 кг
159396020,Габариты,Вес с упаковкой (кг),0.3 кг
159396020,Габариты,Длина упаковки,19 см
159396020,Габариты,Высота упаковки,6 см
159396020,Габариты,Ширина упаковки,20 см
200527796,Основная информация,Цвет,белый
200527796,Общие характеристики,Количество предметов в упаковке,1 шт.
200527796,Материалы,Материал изделия,пластик; нержавеющая сталь; abs-пластик
200527796,Дополнительная информация,Зона массажа,лицо; шея; Вокруг глаз
200527796,Дополнительная информация,Действие,против морщин; лифтинг; омолаживание
200527796,Дополнительная информация,Страна производства,Китай
200527796,Дополнительная информация,Комплектация,Микротоковый массажер; USB-зарядка; инструкция; мешочек для хранения
200527796,Габариты,Ширина предмета,6.5 см
200527796,Габариты,Высота предмета,10 см
200527796,Габариты,Вес товара с упаковкой (г),330 г
200527796,Габариты,Длина упаковки,14 см
200527796,Габариты,Высота упаковки,5 см
200527796,Габариты,Ширина упаковки,14 см
90029941,Основная информация,Цвет,темно-розовый
90029941,Общие характеристики,Модель,массажер для омоложения кожи
90029941,Питание,Питание,USB
90029941,Технические особенности,Количество режимов работы,Два режима работы
90029941,Дополнительная информация,Тип массажера,3D массаж; микротоковый; роликовый
90029941,Дополнительная информация,Зона массажа,"Для подбородка скул вокруг глаз, шея; лицо"
90029941,Дополнительная информация,Действие,омоложение; лифтинг; против морщин
90029941,Дополнительная информация,Мин. продолжительность автономной работы,5 мин
90029941,Дополнительная информация,Доп. опции массажера,автовыключение; Регулируемая скорость
90029941,Дополнительная информация,Количество роликов,4 массажных ролика
90029941,Дополнительная информация,Комплектация,Массажер - 1шт; Инструкция на русском - 1шт; Инструкция на английском - 1шт; usb провод (без адаптера) - 1 шт
90029941,Дополнительная информация,Страна производства,Китай
90029941,Габариты,Высота предмета,6.5 см
90029941,Габариты,Ширина предмета,7 см
90029941,Габариты,Глубина предмета,7 см
90029941,Габариты,Вес без упаковки (кг),0.18 кг
90029941,Габариты,Вес с упаковкой (кг),0.37 кг
90029941,Габариты,Длина упаковки,8 см
90029941,Габариты,Высота упаковки,15 см
90029941,Габариты,Ширина упаковки,11 см
226792328,Основная информация,Цвет,белый; черный
226792328,Общие характеристики,Гарантийный срок,1 год
226792328,Питание,Питание,от аккумулятора; USB; от сети
226792328,Технические особенности,Количество режимов работы,7 шт.
226792328,Дополнительная информация,Тип массажера,электроимпульсный; вибромассажер; микротоковый
226792328,Дополнительная информация,Зона массажа,зона вокруг глаз; лицо; шея
226792328,Дополнительная информация,Действие,против морщин; снятие отечности
226792328,Дополнительная информация,Доп. опции массажера,лифтинг; микротоки; миостимулятор
226792328,Дополнительная информация,Комплектация,кольцо для закрепления салфетки; подставка; инструкция; USB провод; Аппарат для лица
226792328,Дополнительная информация,Страна производства,Китай
226792328,Габариты,Вес с упаковкой (кг),0.8 кг
226792328,Габариты,Длина упаковки,22 см
226792328,Габариты,Высота упаковки,7 см
226792328,Габариты,Ширина упаковки,10 см
293174131,Основная информация,Цвет,белый; бежевый; золотистый
293174131,Общие характеристики,Модель,Микротоковый массажер RFLY М99
293174131,Общие характеристики,Гарантийный срок,2 года
293174131,Питание,Питание,от аккумулятора; от сети
293174131,Технические особенности,Количество режимов работы,7 режимов
293174131,Дополнительная информация,Тип массажера,ультразвуковой; вибрационный; электроимпульсный
293174131,Дополнительная информация,Зона массажа,лицо; зона вокруг глаз; шея
293174131,Дополнительная информация,Форма массажера,ручной электромассажер
293174131,Дополнительная информация,Действие,подтяжка кожи и мышц лица; омоложение против морщин; лифтинг терапия
293174131,Дополнительная информация,Мин. продолжительность автономной работы,60 мин
293174131,Дополнительная информация,Доп. опции массажера,индикация выбранного режима; регулировка интенсивности; автовыключение
293174131,Дополнительная информация,Комплектация,микротоковый массажер; фиксирующее кольцо; USB кабель; зарядная станция; инструкция на русском; контактный гель; Маска для лица; Мешочек для хранения
293174131,Дополнительная информация,Страна производства,Китай
293174131,Габариты,Высота предмета,17 см
293174131,Габариты,Ширина предмета,4.2 см
293174131,Габариты,Глубина предмета,3.2 см
293174131,Габариты,Вес с упаковкой (кг),0.55 кг
293174131,Габариты,Длина упаковки,20 см
293174131,Габариты,Высота упаковки,5 см
293174131,Габариты,Ширина упаковки,13 см
279333423,Основная информация,Цвет,черный
279333423,Общие характеристики,Модель,массажер для похудения
279333423,Общие характеристики,Гарантийный срок,5 лет
279333423,Питание,Питание,от сети
279333423,Технические особенности,Количество режимов работы,99 режимов; 10 программ тренировок
279333423,Дополнительная информация,Тип массажера,магнитно-акупунктурный; оздоровление; Массажер для ног
279333423,Дополнительная информация,Зона массажа,ягодицы; ноги; живот
279333423,Дополнительная информация,Действие,улучшение кровообращения; улучшение сна; спорт
279333423,Дополнительная информация,Доп. опции массажера,вибромассаж; вибромассажер для тела; массажер для спины
279333423,Дополнительная информация,Количество роликов,массажер для спины; Кардиотренажер; массажер для тела
279333423,Дополнительная информация,Комплектация,Виброплатформа - 1 шт; экспандер - 2 шт; инструкция; пульт ДУ - 1шт
279333423,Дополнительная информация,Страна производства,Китай
279333423,Дополнительная информация,Срок эксплуатации,5 лет
279333423,Габариты,Высота предмета,12.5 см
279333423,Габариты,Ширина предмета,52 см
279333423,Габариты,Глубина предмета,32 см
279333423,Габариты,Вес без упаковки (кг),9 кг
279333423,Габариты,Вес с упаковкой (кг),9 кг
279333423,Габариты,Длина упаковки,42 см
279333423,Габариты,Высота упаковки,17 см
279333423,Габариты,Ширина упаковки,52 см
370578988,Основная информация,Цвет,белый текстурный
370578988,Общие характеристики,Модель,микротоковый массажер 7 в 1
370578988,Питание,Питание,от аккумулятора; USB; от сети
370578988,Технические особенности,Количество режимов работы,3 режима
370578988,Насадки,Количество насадок,1 шт.
370578988,Дополнительная информация,Тип массажера,вибромассажер; тепловой; микротоки
370578988,Дополнительная информация,Зона массажа,лицо; шея; зона вокруг глаз
370578988,Дополнительная информация,Форма массажера,ручной электромассажер
370578988,Дополнительная информация,Действие,лифтинг; лимфодренажное действие; от отеков
370578988,Дополнительная информация,Мин. продолжительность автономной работы,15 мин
370578988,Дополнительная информация,Доп. опции массажера,вибромассаж; светотерапия; функция подогрева
370578988,Дополнительная информация,Количество роликов,1 шт.
370578988,Дополнительная информация,Комплектация,Косметический аппарат - 1шт; Зарядный кабель - 1шт; упаковочная коробка
370578988,Дополнительная информация,Страна производства,Китай
370578988,Габариты,Вес с упаковкой (кг),0.13 кг
370578988,Габариты,Длина упаковки,17 см
370578988,Габариты,Высота упаковки,7 см
370578988,Габариты,Ширина упаковки,15 см
173244164,Основная информация,Цвет,белый
173244164,Общие характеристики,Модель,миостимулятор микротоки от прыщей отеков
173244164,Общие характеристики,Гарантийный срок,1 год
173244164,Питание,Питание,USB; от аккумулятора
173244164,Технические особенности,Количество режимов работы,7
173244164,Дополнительная информация,Тип массажера,вибромассажер; электроимпульсный
173244164,Дополнительная информация,Зона массажа,вокруг глаз; лицо; зона вокруг глаз
173244164,Дополнительная информация,Действие,beauty омолаживание подтяжка лица; аппарат против морщин от второго подбородка; rf лифтинг подтяжка
173244164,Дополнительная информация,Мин. продолжительность автономной работы,180 мин
173244164,Дополнительная информация,Комплектация,подставка; USB кабель; массажер
173244164,Дополнительная информация,Страна производства,Китай
173244164,Габариты,Вес с упаковкой (кг),0.9 кг
173244164,Габариты,Длина упаковки,12 см
173244164,Габариты,Высота упаковки,19 см
173244164,Габариты,Ширина упаковки,7 см
236178371,Основная информация,Цвет,бежевый; бежевый нейтральный
236178371,Общие характеристики,Модель,массажер для шеи
236178371,Общие характеристики,Гарантийный срок,6 мес.; полгода
236178371,Питание,Питание,от сети; от прикуривателя автомобиля; от прикуривателя машины
236178371,Технические особенности,Количество режимов работы,3 режима интенсивности и скорости; 6 режимов
236178371,Дополнительная информация,Тип массажера,роликовый; не перкуссионный вибромассажер пистолет для глаз; не лимфодренажный массажер миостимулятор для стоп
236178371,Дополнительная информация,Зона массажа,"для ног шеи тела спины лица; лицо не против морщин; Спина, шея, плечи, ноги, руки, бедра, поясница, живот"
236178371,Дополнительная информация,Действие,массажная подушка для шеи и спины; Массажер электрический для тела шиацу антицеллюлитный; Массажер электрический для дома и аксессуар для автомобиля
236178371,Дополнительная информация,Мин. продолжительность автономной работы,15 мин
236178371,Дополнительная информация,Доп. опции массажера,не виброплатформа; не перкуссионный массажер пистолет; массажер не для глаз
236178371,Дополнительная информация,Количество роликов,16; по 8 роликов в 2 узлах
236178371,Дополнительная информация,Комплектация,массажер - 1шт.; Блок питания от сети - 1шт.; автомобильный блок в прикуриватель - 1шт.; подарок
236178371,Дополнительная информация,Страна производства,Китай
236178371,Габариты,Высота предмета,18 см
236178371,Габариты,Ширина предмета,41 см
236178371,Габариты,Глубина предмета,14 см
236178371,Габариты,Вес с упаковкой (кг),1.3 кг
236178371,Габариты,Длина упаковки,42 см
236178371,Габариты,Высота упаковки,20 см
236178371,Габариты,Ширина упаковки,20 см
431364629,Питание,Питание,от сети; от аккумулятора; USB
431364629,Дополнительная информация,Действие,восстановление
431364629,Габариты,Вес с упаковкой (кг),1 кг
431364629,Габариты,Длина упаковки,31 см
431364629,Габариты,Высота упаковки,4 см
431364629,Габариты,Ширина упаковки,17 см
383760972,Основная информация,Цвет,серый; белый
383760972,Технические особенности,Максимальный вес (кг),250 кг
383760972,Дополнительная информация,Модель тренажера,AST-300V
383760972,Дополнительная информация,Система нагрузки,электромагнитная
383760972,Дополнительная информация,Комплектация,массажер; электроды 4 шт; пульт управления; Шнур питания; инструкция
383760972,Дополнительная информация,Страна производства,Китай
383760972,Габариты,Высота предмета,6 см
383760972,Габариты,Длина предмета,35 см
383760972,Габариты,Ширина предмета,25 см
383760972,Габариты,Вес без упаковки (кг),1.2 кг
383760972,Габариты,Длина упаковки,34 см
383760972,Габариты,Высота упаковки,10 см
383760972,Габариты,Ширина упаковки,38 см
229767050,Основная информация,Цвет,фиолетовый
229767050,Общие характеристики,Гарантийный срок,1 год
229767050,Питание,Питание,от аккумулятора; USB; от сети
229767050,Технические особенности,Количество режимов работы,7 шт.
229767050,Дополнительная информация,Тип массажера,электроимпульсный; вибромассажер; микротоковый
229767050,Дополнительная информация,Зона массажа,зона вокруг глаз; лицо; шея
229767050,Дополнительная информация,Действие,против морщин; снятие отечности
229767050,Дополнительная информация,Доп. опции массажера,лифтинг; микротоки; миостимулятор
229767050,Дополнительная информация,Комплектация,кольцо для закрепления салфетки; подставка; инструкция; USB провод; Аппарат для лица
229767050,Дополнительная информация,Страна производства,Китай
229767050,Габариты,Вес с упаковкой (кг),0.8 кг
229767050,Габариты,Длина упаковки,20 см
229767050,Габариты,Высота упаковки,6 см
229767050,Габариты,Ширина упаковки,12 см
345036723,Основная информация,Цвет,черный
345036723,Общие характеристики,Модель,электрический
345036723,Общие характеристики,Гарантийный срок,12 месяцев
345036723,Питание,Питание,от адаптера
345036723,Технические особенности,Количество режимов работы,12 режимов
345036723,Дополнительная информация,Тип массажера,Вакуумный лимфодренажный для ног; массажёр для живота; Антицеллюлитный массаж и lpg массаж
345036723,Дополнительная информация,Зона массажа,тело; ягодицы; ноги
345036723,Дополнительная информация,Действие,"от целлюлита; похудение для женщин; для похудения, коррекция фигуры"
345036723,Дополнительная информация,Доп. опции массажера,беспроводной массаж; вибромассаж; защита от перегрева
345036723,Дополнительная информация,Количество роликов,0
345036723,Дополнительная информация,Комплектация,вакуумный массажер - 1 шт; фильтры - 5 шт; массажное масло - 2 шт; USB-провод - 1 шт; инструкция на русском языке все для похудения женщин
345036723,Дополнительная информация,Страна производства,Китай
345036723,Габариты,Длина упаковки,23 см
345036723,Габариты,Высота упаковки,10 см
345036723,Габариты,Ширина упаковки,13 см
198129723,Основная информация,Цвет,белый; серебристый
198129723,Общие характеристики,Модель,шейный массажер
198129723,Общие характеристики,Гарантийный срок,1 год
198129723,Питание,Питание,USB; от аккумулятора; от прикуривателя автомобиля
198129723,Технические особенности,Количество режимов работы,6 режимов; 20 шагов мощности
198129723,Дополнительная информация,Тип массажера,электроимпульсный; тепловой; электромассажер
198129723,Дополнительная информация,Зона массажа,шея и плечи; шейный отдел позвоночника; воротниковая зона
198129723,Дополнительная информация,Действие,"Инфракрасный и тепловой нагрев мышц; Оздоровление, снимает стресс; улучшение сна"
198129723,Дополнительная информация,Мин. продолжительность автономной работы,120 мин
198129723,Дополнительная информация,Доп. опции массажера,функция нагрева; импульсный массаж; от остеохондроза
198129723,Дополнительная информация,Количество роликов,4 электроимпульсные массажные головки
198129723,Дополнительная информация,Страна производства,Китай
198129723,Габариты,Высота предмета,15 см
198129723,Габариты,Ширина предмета,16 см
198129723,Габариты,Вес без упаковки (кг),0.2 кг
198129723,Габариты,Вес с упаковкой (кг),0.4 кг
198129723,Габариты,Длина упаковки,22 см
198129723,Габариты,Высота упаковки,9 см
198129723,Габариты,Ширина упаковки,23 см
208468175,Основная информация,Цвет,белый; черный
208468175,Общие характеристики,Гарантийный срок,1 год
208468175,Питание,Питание,от аккумулятора; USB; от сети
208468175,Технические особенности,Количество режимов работы,7 шт.
208468175,Дополнительная информация,Тип массажера,электроимпульсный; вибромассажер; микротоковый
208468175,Дополнительная информация,Зона массажа,зона вокруг глаз; лицо; шея
208468175,Дополнительная информация,Действие,против морщин; снятие отечности
208468175,Дополнительная информация,Доп. опции массажера,лифтинг; микротоки; миостимулятор
208468175,Дополнительная информация,Комплектация,кольцо для закрепления салфетки; подставка; инструкция; USB провод; Аппарат для лица
208468175,Дополнительная информация,Страна производства,Китай
208468175,Габариты,Вес с упаковкой (кг),0.8 кг
208468175,Габариты,Длина упаковки,20 см
208468175,Габариты,Высота упаковки,6 см
208468175,Габариты,Ширина упаковки,12 см
244960431,Основная информация,Цвет,черный
244960431,Общие характеристики,Модель,JL-A10
244960431,Общие характеристики,Гарантийный срок,1 год
244960431,Питание,Питание,от сети
244960431,Технические особенности,Количество режимов работы,3
244960431,Насадки,Количество насадок,1 шт.
244960431,Дополнительная информация,Тип массажера,вибромассажер; Микротоковый массажер; лимфодренажный массажер
244960431,Дополнительная информация,Зона массажа,голова; тело; ноги
244960431,Дополнительная информация,Действие,улучшение кровообращения; коррекция фигуры; тонизирование
244960431,Дополнительная информация,Доп. опции массажера,инфракрасный излучатель; миостимулятор; EMS
244960431,Дополнительная информация,Количество роликов,22 головки
244960431,Дополнительная информация,Комплектация,Массажер для тела проводной; Инструкция на русском языке; 4 массажных масла
244960431,Дополнительная информация,Страна производства,Китай
244960431,Габариты,Высота предмета,17 см
244960431,Габариты,Ширина предмета,9 см
244960431,Габариты,Глубина предмета,9 см
244960431,Габариты,Вес без упаковки (кг),0.36 кг
244960431,Габариты,Вес с упаковкой (кг),0.71 кг
244960431,Габариты,Длина упаковки,26 см
244960431,Габариты,Высота упаковки,14 см
244960431,Габариты,Ширина упаковки,11 см
18777443,Основная информация,Цвет,золотистый
18777443,Общие характеристики,Модель,Электрический массажер для лица; миостимуляция и хромотерапия; рф-лифтинг и микротоки
18777443,Общие характеристики,Гарантийный срок,1 год
18777443,Технические особенности,Количество режимов работы,3 режима вибромассажа; 6 режимов led-терапия; микротоки и rf-лифтинг
18777443,Дополнительная информация,Тип массажера,микротоковый массажер для омоложения; rf-лифтинг аппарат; миостимулятор
18777443,Дополнительная информация,Зона массажа,носугубные складки; контуринг скул и овала лица; лицо
18777443,Дополнительная информация,Действие,термолифтинг; подтяжка овала лица; антивозрастной уход
18777443,Дополнительная информация,Доп. опции массажера,вибромассаж; электромиостимуляция; подарок для женщины
18777443,Дополнительная информация,Комплектация,Инструкция на русском языке; массажер для лица - 1 шт; USB кабель удлиненный с адаптером
18777443,Дополнительная информация,Страна производства,Китай
18777443,Габариты,Высота предмета,15 см
18777443,Габариты,Ширина предмета,5 см
18777443,Габариты,Глубина предмета,4 см
18777443,Габариты,Длина упаковки,22 см
18777443,Габариты,Высота упаковки,7 см
18777443,Габариты,Ширина упаковки,14 см
265981268,Основная информация,Цвет,белый
265981268,Общие характеристики,Модель,"rf-лифтинг микротоковый, косметический аппарат"
265981268,Общие характеристики,Гарантийный срок,1 год
265981268,Питание,Питание,от аккумулятора; Беспроводной
265981268,Технические особенности,Количество режимов работы,7 режимов
265981268,Дополнительная информация,Тип массажера,вибромассажер; электроимпульсный; тепловой
265981268,Дополнительная информация,Зона массажа,лицо; шея; зона вокруг глаз
265981268,Дополнительная информация,Действие,снятие отечности; против морщин; очищение
265981268,Дополнительная информация,Мин. продолжительность автономной работы,60 мин
265981268,Дополнительная информация,Доп. опции массажера,электромиостимуляция; ионофорез; вибромассаж
265981268,Дополнительная информация,Количество роликов,1
265981268,Дополнительная информация,Комплектация,Массажер - 1шт; кольцо для закрепления - 1 шт; USB - кабель - 1 шт; Инструкция на русском языке; Подставка - 1
265981268,Дополнительная информация,Страна производства,Китай
265981268,Габариты,Высота предмета,17.5 см
265981268,Габариты,Ширина предмета,6.5 см
265981268,Габариты,Глубина предмета,6 см
265981268,Габариты,Вес без упаковки (кг),0.4 кг
265981268,Габариты,Вес с упаковкой (кг),0.5 кг
265981268,Габариты,Длина упаковки,21 см
265981268,Габариты,Высота упаковки,9 см
265981268,Габариты,Ширина упаковки,14 см
109059870,Основная информация,Цвет,белый
109059870,Общие характеристики,Модель,"Массажер для шеи и плеч электрический, импульсный, вибромассажный"
109059870,Общие характеристики,Гарантийный срок,1 год
109059870,Питание,Питание,"Встроенная батарея, заряжаемая от USB"
109059870,Технические особенности,Количество режимов работы,10
109059870,Дополнительная информация,Тип массажера,импульсный; электростимуляция; с подогревом
109059870,Дополнительная информация,Зона массажа,"шея, плечи, спина; воротниковая зона; голова"
109059870,Дополнительная информация,Действие,"Улучшает сон и общее самочувствие; расслабляет, снимает усталость и стресс; массажная подушка"
109059870,Дополнительная информация,Мин. продолжительность автономной работы,15 мин
109059870,Дополнительная информация,Доп. опции массажера,миостимуляция; лимфодренажный массажер; акупунктурный
109059870,Дополнительная информация,Количество роликов,нет
109059870,Дополнительная информация,Комплектация,Руководство пользователя (русский язык); Импульсный массажер для шеи; ДУ пульт управления
109059870,Дополнительная информация,Страна производства,Китай
109059870,Габариты,Высота предмета,5 см
109059870,Габариты,Ширина предмета,16 см
109059870,Габариты,Глубина предмета,15 см
109059870,Габариты,Вес без упаковки (кг),0.15 кг
109059870,Габариты,Вес с упаковкой (кг),0.2 кг
109059870,Габариты,Длина упаковки,15 см
109059870,Габариты,Высота упаковки,6 см
109059870,Габариты,Ширина упаковки,16 см
261224690,Основная информация,Цвет,черный
261224690,Общие характеристики,Модель,EMS Foot Massager
261224690,Питание,Питание,USB
261224690,Технические особенности,Количество режимов работы,8
261224690,Дополнительная информация,Тип массажера,электроимпульсный
261224690,Дополнительная информация,Зона массажа,ноги; стопы
261224690,Дополнительная информация,Действие,улучшение кровообращения; успокаивающее; снимает усталость
261224690,Дополнительная информация,Доп. опции массажера,электромиостимуляция
261224690,Габариты,Длина упаковки,23 см
261224690,Габариты,Высота упаковки,3 см
261224690,Габариты,Ширина упаковки,15 см
403235880,Основная информация,Цвет,бежевый
403235880,Питание,Питание,от сети
403235880,Технические особенности,Количество режимов работы,3 режима интенсивности и скорости
403235880,Дополнительная информация,Тип массажера,роликовый; электроимпульсный; вибромассажер
403235880,Дополнительная информация,Зона массажа,шея; спина; тело
403235880,Дополнительная информация,Форма массажера,воротник
403235880,Дополнительная информация,Действие,массажная подушка для шеи и спины; Массажер электрический для тела шиацу антицеллюлитный; Массажер электрический для дома и аксессуар для автомобиля
403235880,Дополнительная информация,Мин. продолжительность автономной работы,15 мин
403235880,Дополнительная информация,Доп. опции массажера,инфракрасный подогрев; вибромассаж; автомобильный
403235880,Дополнительная информация,Количество роликов,16; по 8 роликов в 2 узлах
403235880,Дополнительная информация,Комплектация,Массажер - 1шт; Блок питания от сети - 1шт.; автомобильный блок в прикуриватель - 1шт.
403235880,Дополнительная информация,Страна производства,Китай
403235880,Габариты,Высота предмета,40 см
403235880,Габариты,Ширина предмета,18 см
403235880,Габариты,Глубина предмета,17 см
403235880,Габариты,Вес без упаковки (кг),1 кг
403235880,Габариты,Вес с упаковкой (кг),1.3 кг
403235880,Габариты,Длина упаковки,41 см
403235880,Габариты,Высота упаковки,18 см
403235880,Габариты,Ширина упаковки,19 см
242400366,Основная информация,Цвет,белый; розовый; фиолетовый
242400366,Общие характеристики,Модель,электрический массажер для лица
242400366,Общие характеристики,Гарантийный срок,1 год
242400366,Питание,Питание,USB
242400366,Технические особенности,Количество режимов работы,7 режимов
242400366,Насадки,Количество насадок,1 шт.
242400366,Дополнительная информация,Тип массажера,вибромассажер; rf-лифтинг; микротоковый
242400366,Дополнительная информация,Зона массажа,лицо; зона вокруг глаз; шея
242400366,Дополнительная информация,Действие,омолаживание; лифтинг; очищение
242400366,Дополнительная информация,Мин. продолжительность автономной работы,120 мин
242400366,Дополнительная информация,Доп. опции массажера,вибромассаж; функция подогрева; массаж для глаз
242400366,Дополнительная информация,Количество роликов,1 шт.
242400366,Дополнительная информация,Комплектация,"USB шнур, подставка, насадка для очищения лица, микротоковый массажер"
242400366,Дополнительная информация,Страна производства,Китай
242400366,Габариты,Высота предмета,18 см
242400366,Габариты,Ширина предмета,5 см
242400366,Габариты,Вес без упаковки (кг),0.4 кг
242400366,Габариты,Вес с упаковкой (кг),0.45 кг
242400366,Габариты,Длина упаковки,23 см
242400366,Габариты,Высота упаковки,10 см
242400366,Габариты,Ширина упаковки,16 см
370580375,Основная информация,Цвет,черный
370580375,Общие характеристики,Модель,микротоковый массажер 7 в 1
370580375,Питание,Питание,от аккумулятора; USB; от сети
370580375,Технические особенности,Количество режимов работы,3 режима
370580375,Насадки,Количество насадок,1 шт.
370580375,Дополнительная информация,Тип массажера,микротоковый; вибромассажер; тепловой
370580375,Дополнительная информация,Зона массажа,зона вокруг глаз; шея; лицо
370580375,Дополнительная информация,Форма массажера,ручной электромассажер
370580375,Дополнительная информация,Действие,омолаживание; против морщин; снятие отечности
370580375,Дополнительная информация,Мин. продолжительность автономной работы,15 мин
370580375,Дополнительная информация,Доп. опции массажера,от аккумулятора; USB; от сети
370580375,Дополнительная информация,Количество роликов,1 шт.
370580375,Дополнительная информация,Комплектация,Косметический аппарат - 1шт; Зарядный кабель - 1шт; упаковочная коробка
370580375,Дополнительная информация,Страна производства,Китай
370580375,Габариты,Вес с упаковкой (кг),0.13 кг
370580375,Габариты,Длина упаковки,17 см
370580375,Габариты,Высота упаковки,7 см
370580375,Габариты,Ширина упаковки,15 см
370280506,Основная информация,Цвет,бежевый
370280506,Питание,Питание,от сети
370280506,Технические особенности,Количество режимов работы,3 режима интенсивности и скорости
370280506,Дополнительная информация,Тип массажера,роликовый; электроимпульсный; вибромассажер
370280506,Дополнительная информация,Зона массажа,шея; спина; тело
370280506,Дополнительная информация,Форма массажера,воротник
370280506,Дополнительная информация,Действие,массажная подушка для шеи и спины; Массажер электрический для тела шиацу антицеллюлитный; Массажер электрический для дома и аксессуар для автомобиля
370280506,Дополнительная информация,Мин. продолжительность автономной работы,15 мин
370280506,Дополнительная информация,Доп. опции массажера,инфракрасный подогрев; вибромассаж; автомобильный
370280506,Дополнительная информация,Количество роликов,16; по 8 роликов в 2 узлах
370280506,Дополнительная информация,Комплектация,Массажер - 1шт; Блок питания от сети - 1шт.; автомобильный блок в прикуриватель - 1шт.
370280506,Дополнительная информация,Страна производства,Китай
370280506,Габариты,Высота предмета,40 см
370280506,Габариты,Ширина предмета,18 см
370280506,Габариты,Глубина предмета,17 см
370280506,Габариты,Вес без упаковки (кг),1 кг
370280506,Габариты,Вес с упаковкой (кг),1.3 кг
370280506,Габариты,Длина упаковки,41 см
370280506,Габариты,Высота упаковки,18 см
370280506,Габариты,Ширина упаковки,19 см
266565943,Основная информация,Цвет,черный
266565943,Общие характеристики,Модель,H5
266565943,Материалы,Материал корпуса,ABS
266565943,Дополнительная информация,Назначение косметического прибора,мезотерапия; увлажнение; омоложение кожи
266565943,Дополнительная информация,Вид воздействия,электромиостимуляция; ems; микротоки
266565943,Дополнительная информация,Область применения,для всего тела; для кожи головы; для лица
266565943,Дополнительная информация,Возрастные ограничения,18+
266565943,Дополнительная информация,Противопоказания,ОРВИ; детский возраст; кардиостимулятор
266565943,Дополнительная информация,Комплектация,коробка; индукционная подставка; гидропен H5; зарядный кабель; адаптер питания; инструкция по применению; удерживающее кольцо - 2 шт; картридж на 12 игл -2 шт
266565943,Дополнительная информация,Страна производства,Китай
266565943,Габариты,Вес товара с упаковкой (г),655 г
266565943,Габариты,Длина упаковки,19 см
266565943,Габариты,Высота упаковки,8 см
266565943,Габариты,Ширина упаковки,15 см
94481875,Общие характеристики,Модель,Плакаты А3 Биологически Активных Точек
94481875,Общие характеристики,Гарантийный срок,14 дней
94481875,Технические особенности,Количество режимов работы,15 режимов
94481875,Дополнительная информация,Тип массажера,вибромассажер; электроимпульсный
94481875,Дополнительная информация,Зона массажа,бедра; живот; ягодицы
94481875,Дополнительная информация,Действие,для похудения; антицеллюлитный
94481875,Дополнительная информация,Комплектация,"4 плаката: спереди, сзади на позвоночнике и лице"
94481875,Дополнительная информация,Страна производства,Россия
94481875,Габариты,Вес с упаковкой (кг),0.1 кг
94481875,Габариты,Длина упаковки,38 см
94481875,Габариты,Высота упаковки,1 см
94481875,Габариты,Ширина упаковки,49 см
417604657,Основная информация,Цвет,черный
417604657,Общие характеристики,Модель,PRO - 1
417604657,Общие характеристики,Гарантийный срок,2 года
417604657,Питание,Питание,от сети
417604657,Технические особенности,Количество режимов работы,120 режимов скорости; 8 автоматических программ
417604657,Насадки,Количество насадок,1 шт.
417604657,Дополнительная информация,Тип массажера,оздоровление; вибрационный; магнитный
417604657,Дополнительная информация,Зона массажа,ягодицы; ноги; живот
417604657,Дополнительная информация,Форма массажера,для похудения
417604657,Дополнительная информация,Действие,улучшение кровообращения; спорт; улучшение сна
417604657,Дополнительная информация,Мин. продолжительность автономной работы,15 мин
417604657,Дополнительная информация,Доп. опции массажера,воспроизведение музыки; антицеллюлитный массажер; вибромассажер
417604657,Дополнительная информация,Количество роликов,массажер для тела; Кардиотренажер; тренажер для похудения
417604657,Дополнительная информация,Комплектация,"экспандер - 2 шт; Инструкция на русском языке; пульт ДУ - 1шт; Подарки - фитнес резинки (4шт), скалка(1шт)"
417604657,Дополнительная информация,Страна производства,Китай
417604657,Габариты,Высота предмета,15 см
417604657,Габариты,Ширина предмета,35 см
417604657,Габариты,Глубина предмета,35 см
417604657,Габариты,Вес без упаковки (кг),9 кг
417604657,Габариты,Вес с упаковкой (кг),10 кг
417604657,Габариты,Длина упаковки,64 см
417604657,Габариты,Высота упаковки,20 см
417604657,Габариты,Ширина упаковки,43 см
33915463,Основная информация,Цвет,фиолетовый
33915463,Общие характеристики,Модель,rf-лифтинг аппарат; массажер с микротоками электрический; led-хромотерапия
33915463,Общие характеристики,Гарантийный срок,1 год
33915463,Технические особенности,Количество режимов работы,12 режимов массажа лица; 5 типов аппаратного ухода
33915463,Дополнительная информация,Тип массажера,Электрический многофункциональный аппарат для ухода за лицом; массажер для лица от морщин и отеков с микротоками; функция нагрева и высока мощность
33915463,Дополнительная информация,Зона массажа,лицо; шея; зона подбородка
33915463,Дополнительная информация,Действие,против морщин; лифтинг лица; микротоковая терапия
33915463,Дополнительная информация,Доп. опции массажера,термолифтинг; миостимулятор; подарок жене
33915463,Дополнительная информация,Комплектация,Инструкция на русском языке; USB кабель удлиненный с адаптером; электрический аппарат для лица
33915463,Дополнительная информация,Страна производства,Китай
33915463,Габариты,Высота предмета,15 см
33915463,Габариты,Ширина предмета,5 см
33915463,Габариты,Глубина предмета,4 см
33915463,Габариты,Длина упаковки,22 см
33915463,Габариты,Высота упаковки,7 см
33915463,Габариты,Ширина упаковки,14 см
195992623,Общие характеристики,Модель,аппарат
195992623,Общие характеристики,Гарантийный срок,12 месяцев
195992623,Питание,Питание,Батарейки АА (4шт).
195992623,Материалы,Материал корпуса,Пластик ударопрочный
195992623,Дополнительная информация,Противопоказания,"кровотечения, онкология, гипертония 2Б-3стадии,; кардиостимулятор, беременность, эпилепсия,; металлические импланты в области воздействия"
195992623,Дополнительная информация,Комплектация,Элемент питания АА-4шт; Чехол для хранения аппарата-1шт; Электростимулятор Тренажер Маркелова-1шт; Инструкция по применению на 65 страницах с гарантийным талоном-1шт; Отвертка-1шт
195992623,Дополнительная информация,Страна производства,Россия
195992623,Габариты,Вес товара без упаковки (г),235 г
195992623,Габариты,Вес товара с упаковкой (г),580 г
195992623,Габариты,Длина упаковки,23 см
195992623,Габариты,Высота упаковки,4 см
195992623,Габариты,Ширина упаковки,15 см
195992623,Документы,Регистрационное удостоверение,ФСР 2011/11334
416407275,Основная информация,Цвет,черный; серый; красный; синий; зеленый
416407275,Общие характеристики,Гарантийный срок,1 год
416407275,Питание,Питание,от аккумулятора
416407275,Технические особенности,Количество режимов работы,6 режимов
416407275,Насадки,Количество насадок,6 шт.
416407275,Дополнительная информация,Действие,восстановление; питание
416407275,Дополнительная информация,Мин. продолжительность автономной работы,480 мин
416407275,Габариты,Вес с упаковкой (кг),9 кг
416407275,Габариты,Длина упаковки,21 см
416407275,Габариты,Высота упаковки,6 см
416407275,Габариты,Ширина упаковки,26 см
266566716,Основная информация,Цвет,черный
266566716,Общие характеристики,Модель,H5 Gold
266566716,Материалы,Материал корпуса,abs-пластик
266566716,Дополнительная информация,Назначение косметического прибора,массаж; мезотерапия; омоложение кожи
266566716,Дополнительная информация,Вид воздействия,микротоки; емс; микронидлинг
266566716,Дополнительная информация,Область применения,для всего тела; для кожи головы; для лица
266566716,Дополнительная информация,Возрастные ограничения,18+
266566716,Дополнительная информация,Противопоказания,ОРВИ; воспалительные процессы; онкозаболевания
266566716,Дополнительная информация,Комплектация,индукционная подставка; гидропен H5; коробка; зарядный кабель; адаптер; инструкция по использованию; удерживающее кольцо - 2 шт; картридж 12 игл - 2 шт
266566716,Дополнительная информация,Страна производства,Китай
266566716,Габариты,Вес товара с упаковкой (г),655 г
266566716,Габариты,Длина упаковки,19 см
266566716,Габариты,Высота упаковки,8 см
266566716,Габариты,Ширина упаковки,15 см
165415885,Основная информация,Цвет,черный; синий
165415885,Дополнительная информация,Модель тренажера,фитнес; спортивный; складной
165415885,Дополнительная информация,Система нагрузки,электромагнитная
165415885,Дополнительная информация,Комплектация,тренажер; USB кабель
165415885,Дополнительная информация,Страна производства,Китай
165415885,Габариты,Длина упаковки,16 см
165415885,Габариты,Высота упаковки,2 см
165415885,Габариты,Ширина упаковки,8 см
232088903,Основная информация,Цвет,коричневый
232088903,Общие характеристики,Модель,массажный матрас
232088903,Питание,Питание,от сети
232088903,Технические особенности,Количество режимов работы,9
232088903,Дополнительная информация,Тип массажера,вибромассажер; роликовый; тепловой
232088903,Дополнительная информация,Зона массажа,ноги; спина; шея
232088903,Дополнительная информация,Действие,восстановление
232088903,Дополнительная информация,Доп. опции массажера,инфракрасный прогрев; Съемные части
232088903,Дополнительная информация,Количество роликов,12
232088903,Дополнительная информация,Комплектация,"ароматическая подушка валик; массажная подушка с роликами для шеи и плеч съемная; матрас вибрационный для всего тела для спины, поясницы и для ног; массажер для ног с роликами; Инструкция на русском языке; пульт управления на русском языке"
232088903,Габариты,Вес с упаковкой (кг),5 кг
232088903,Габариты,Длина упаковки,61 см
232088903,Габариты,Высота упаковки,20 см
232088903,Габариты,Ширина упаковки,36 см
362191797,Основная информация,Цвет,коричневый
362191797,Общие характеристики,Модель,BodyRave
362191797,Общие характеристики,Гарантийный срок,1 год
362191797,Питание,Питание,от сети
362191797,Технические особенности,Количество режимов работы,5 режимов; 12 режимов
362191797,Дополнительная информация,Тип массажера,вибрационный; роликовый; электроимпульсный
362191797,Дополнительная информация,Зона массажа,лицо; тело; зона вокруг глаз
362191797,Дополнительная информация,Форма массажера,ручной электромассажер
362191797,Дополнительная информация,Действие,лифтинг; омолаживание; против морщин
362191797,Дополнительная информация,Мин. продолжительность автономной работы,144 мин
362191797,Дополнительная информация,Доп. опции массажера,вибромассаж; электромиостимуляция; эффект иглоукалывания
362191797,Дополнительная информация,Количество роликов,2
362191797,Дополнительная информация,Комплектация,массажер; Провод для зарядки; инструкция; коробка; 2 маски для лица; токопроводящий гель
362191797,Дополнительная информация,Страна производства,Китай
362191797,Габариты,Высота предмета,18 см
362191797,Габариты,Ширина предмета,10 см
362191797,Габариты,Глубина предмета,5.5 см
362191797,Габариты,Вес без упаковки (кг),0.18 кг
362191797,Габариты,Вес с упаковкой (кг),0.35 кг
362191797,Габариты,Длина упаковки,19 см
362191797,Габариты,Высота упаковки,11 см
362191797,Габариты,Ширина упаковки,9 см
153160292,Основная информация,Цвет,черный
153160292,Общие характеристики,Модель,Массажер для ног
153160292,Общие характеристики,Гарантийный срок,1 год
153160292,Питание,Питание,аккумуляторный
153160292,Технические особенности,Количество режимов работы,9
153160292,Насадки,Количество насадок,1 шт.
153160292,Дополнительная информация,Тип массажера,электроимпульсный; миостимуляторный; электрический
153160292,Дополнительная информация,Зона массажа,ноги; стопы; икры
153160292,Дополнительная информация,Действие,Микротоковый массаж; миостимулятор электрический; Расслабление и снятие усталости
153160292,Дополнительная информация,Доп. опции массажера,Микротоковый массаж; лимфодренажный; восстанавливающий
153160292,Дополнительная информация,Комплектация,Массажер электрический - 1 шт; блок регулятор режимов - 1 шт; Провод для зарядки - 1 шт
153160292,Дополнительная информация,Страна производства,Китай
153160292,Габариты,Вес без упаковки (кг),0.2 кг
153160292,Габариты,Вес с упаковкой (кг),0.2 кг
153160292,Габариты,Длина упаковки,15 см
153160292,Габариты,Высота упаковки,33 см
153160292,Габариты,Ширина упаковки,4 см
219809298,Основная информация,Цвет,розовый
219809298,Общие характеристики,Модель,LED терапия
219809298,Питание,Питание,от аккумулятора
219809298,Материалы,Материал корпуса,abs-пластик
219809298,Дополнительная информация,Назначение косметического прибора,омоложение кожи; массаж; лимфодренаж
219809298,Дополнительная информация,Вид воздействия,микротоки
219809298,Дополнительная информация,Область применения,для лица; для тела; для шеи
219809298,Дополнительная информация,Возрастные ограничения,18 +; для взрослых
219809298,Дополнительная информация,Противопоказания,аллергическая реакция; беременность; воспалительные процессы
219809298,Дополнительная информация,Комплектация,массажер 1 шт; кабель для зарядки 1 шт; руководство пользователя; гарантийный талон
219809298,Дополнительная информация,Страна производства,Китай
219809298,Габариты,Ширина предмета,5 см
219809298,Габариты,Вес товара с упаковкой (г),200 г
219809298,Габариты,Длина упаковки,16 см
219809298,Габариты,Высота упаковки,13 см
219809298,Габариты,Ширина упаковки,3 см
312601146,Основная информация,Цвет,белый текстурный
312601146,Общие характеристики,Модель,микротоковый массажер 7 в 1
312601146,Питание,Питание,от аккумулятора; USB; от сети
312601146,Технические особенности,Количество режимов работы,3 режима
312601146,Насадки,Количество насадок,1 шт.
312601146,Дополнительная информация,Тип массажера,вибромассажер; тепловой; микротоки
312601146,Дополнительная информация,Зона массажа,лицо; шея; зона вокруг глаз
312601146,Дополнительная информация,Форма массажера,ручной электромассажер
312601146,Дополнительная информация,Действие,лифтинг; лимфодренажное действие; от отеков
312601146,Дополнительная информация,Мин. продолжительность автономной работы,15 мин
312601146,Дополнительная информация,Доп. опции массажера,вибромассаж; светотерапия; функция подогрева
312601146,Дополнительная информация,Количество роликов,1 шт.
312601146,Дополнительная информация,Комплектация,Косметический аппарат - 1шт; Зарядный кабель - 1шт; упаковочная коробка
312601146,Дополнительная информация,Страна производства,Китай
312601146,Габариты,Вес с упаковкой (кг),0.13 кг
312601146,Габариты,Длина упаковки,17 см
312601146,Габариты,Высота упаковки,7 см
312601146,Габариты,Ширина упаковки,15 см
17796422,Основная информация,Цвет,белый; золотистый
17796422,Общие характеристики,Количество предметов в упаковке,1 шт
17796422,Материалы,Материал изделия,пластик
17796422,Дополнительная информация,Зона массажа,лицо; шея; зона вокруг глаз
17796422,Дополнительная информация,Действие,лифтинг; против морщин; роллер для лица
17796422,Дополнительная информация,Страна производства,Китай
17796422,Дополнительная информация,Комплектация,Инструкция на русском языке; гарантийный талон на русском языке; Type-C - USB Кабель для зарядки; Массажер электрический для лица; Тканевый чехол для хранения
17796422,Габариты,Ширина предмета,10 см
17796422,Габариты,Высота предмета,13 см
17796422,Габариты,Вес товара с упаковкой (г),710 г
17796422,Габариты,Длина упаковки,21 см
17796422,Габариты,Высота упаковки,12 см
17796422,Габариты,Ширина упаковки,13 см
229767313,Основная информация,Цвет,белый
229767313,Общие характеристики,Гарантийный срок,1 год
229767313,Питание,Питание,от аккумулятора; USB; от сети
229767313,Технические особенности,Количество режимов работы,7 шт.
229767313,Дополнительная информация,Тип массажера,электроимпульсный; вибромассажер; микротоковый
229767313,Дополнительная информация,Зона массажа,зона вокруг глаз; лицо; шея
229767313,Дополнительная информация,Действие,против морщин; снятие отечности
229767313,Дополнительная информация,Доп. опции массажера,лифтинг; микротоки; миостимулятор
229767313,Дополнительная информация,Комплектация,кольцо для закрепления салфетки; подставка; инструкция; USB провод; Аппарат для лица
229767313,Дополнительная информация,Страна производства,Китай
229767313,Габариты,Вес с упаковкой (кг),0.8 кг
229767313,Габариты,Длина упаковки,20 см
229767313,Габариты,Высота упаковки,6 см
229767313,Габариты,Ширина упаковки,12 см
343085766,Основная информация,Цвет,белый
343085766,Общие характеристики,Модель,DRY-007
343085766,Общие характеристики,Гарантийный срок,12 мес
343085766,Питание,Питание,220 В
343085766,Технические особенности,Количество режимов работы,4 режима
343085766,Дополнительная информация,Тип массажера,вибромассажер; электроимпульсный; токовый
343085766,Дополнительная информация,Зона массажа,лицо; зона вокруг глаз; декольте
343085766,Дополнительная информация,Форма массажера,ручной электромассажер
343085766,Дополнительная информация,Действие,лифтинг; очищение; против морщин
343085766,Дополнительная информация,Мин. продолжительность автономной работы,60 мин
343085766,Дополнительная информация,Доп. опции массажера,вибромассаж; ультразвуковой массаж
343085766,Дополнительная информация,Комплектация,Массажер - 1 шт.; Зарядный провод USB - 1 шт.; кольцо для крепления
343085766,Дополнительная информация,Страна производства,Китай
343085766,Габариты,Высота предмета,16 см
343085766,Габариты,Ширина предмета,6 см
343085766,Габариты,Глубина предмета,5 см
343085766,Габариты,Вес без упаковки (кг),0.15 кг
343085766,Габариты,Вес с упаковкой (кг),0.2 кг
343085766,Габариты,Длина упаковки,22 см
343085766,Габариты,Высота упаковки,7 см
343085766,Габариты,Ширина упаковки,12 см
160512409,Основная информация,Цвет,бежевый; коричневый
160512409,Общие характеристики,Количество предметов в упаковке,3 шт
160512409,Материалы,Материал изделия,искусственная кожа; пластик
160512409,Дополнительная информация,Зона массажа,спина; шея; плечи
160512409,Дополнительная информация,Действие,массажер для спины и шеи; Массажер электрический для тела шиацу
160512409,Дополнительная информация,Страна производства,Китай
160512409,Дополнительная информация,Комплектация,электрический массажер для шеи; блок питания 220в; Автомобильный блок питания
160512409,Габариты,Высота предмета,19 см
160512409,Габариты,Вес товара с упаковкой (г),1000 г
160512409,Габариты,Длина упаковки,18 см
160512409,Габариты,Высота упаковки,18 см
160512409,Габариты,Ширина упаковки,41 см
224084105,Основная информация,Цвет,черный; бежевый
224084105,Общие характеристики,Модель,Массажер для тела электрический
224084105,Питание,Питание,от аккумулятора; USB
224084105,Технические особенности,Количество режимов работы,4 режима
224084105,Насадки,Количество насадок,1 шт.
224084105,Дополнительная информация,Тип массажера,вибромассажер; тепловой; массажер для дома
224084105,Дополнительная информация,Зона массажа,"тело; Для головы; спина, шея, плечи"
224084105,Дополнительная информация,Действие,акупунктурный массаж; массажная подушка с подогревом; массажер для шеи и плеч
224084105,Дополнительная информация,Мин. продолжительность автономной работы,140 мин
224084105,Дополнительная информация,Доп. опции массажера,массажер для автомобиля и самолета; шиацу тайский массаж; шейно-воротниковая зона
224084105,Дополнительная информация,Комплектация,подушка для сна; вибромассажер; шнурок регулировки; кабель для зарядки
224084105,Габариты,Вес с упаковкой (кг),0.7 кг
224084105,Габариты,Длина упаковки,29 см
224084105,Габариты,Высота упаковки,14 см
224084105,Габариты,Ширина упаковки,31 см
143706614,Основная информация,Цвет,белый
143706614,Общие характеристики,Количество предметов в упаковке,4 шт.
143706614,Материалы,Материал изделия,abc пластик
143706614,Дополнительная информация,Зона массажа,лицо; шея; зона вокруг глаз
143706614,Дополнительная информация,Действие,очищение; против морщин; снятие отечности
143706614,Дополнительная информация,Страна производства,Китай
143706614,Дополнительная информация,Комплектация,Массажер - 1 шт.; USB-кабель для зарядного устройства - 1 шт.; Подставка - 1 шт.; Инструкция - 1 шт.; Подарочная коробка - 1 шт.
143706614,Габариты,Ширина предмета,5 см
143706614,Габариты,Высота предмета,17.5 см
143706614,Габариты,Вес товара с упаковкой (г),480 г
143706614,Габариты,Длина упаковки,22 см
143706614,Габариты,Высота упаковки,9 см
143706614,Габариты,Ширина упаковки,16 см
255482119,Основная информация,Цвет,черный
255482119,Общие характеристики,Гарантийный срок,2 года
255482119,Питание,Питание,от сети 220В
255482119,Дополнительная информация,Зона массажа,стопы; лодыжки
255482119,Дополнительная информация,Действие,восстановление
255482119,Дополнительная информация,Мин. продолжительность автономной работы,15 мин
255482119,Дополнительная информация,Комплектация,Массажер - 1 шт; Инструкция на русском - 1шт
255482119,Дополнительная информация,Страна производства,Китай
255482119,Габариты,Высота предмета,20 см
255482119,Габариты,Ширина предмета,60 см
255482119,Габариты,Глубина предмета,40 см
255482119,Габариты,Вес без упаковки (кг),4 кг
255482119,Габариты,Длина упаковки,47 см
255482119,Габариты,Высота упаковки,41 см
255482119,Габариты,Ширина упаковки,28 см
418686538,Основная информация,Цвет,коричневый
418686538,Общие характеристики,Модель,Classic
418686538,Общие характеристики,Гарантийный срок,1 год
418686538,Питание,Питание,от сети
418686538,Технические особенности,Количество режимов работы,9
418686538,Дополнительная информация,Тип массажера,вибромассажер; роликовый; тепловой
418686538,Дополнительная информация,Зона массажа,ноги; тело; спина
418686538,Дополнительная информация,Действие,снятие отечности; улучшение кровообращения; успокаивающее
418686538,Дополнительная информация,Доп. опции массажера,вибромассаж; таймер; функция подогрева
418686538,Дополнительная информация,Количество роликов,20
418686538,Дополнительная информация,Комплектация,массажер матрас кресло для тела; подушка массажер для шеи и спины; ароматическая подушка валик
418686538,Дополнительная информация,Страна производства,Китай
418686538,Габариты,Высота предмета,165 см
418686538,Габариты,Ширина предмета,50 см
418686538,Габариты,Вес с упаковкой (кг),4 кг
418686538,Габариты,Длина упаковки,48 см
418686538,Габариты,Высота упаковки,21 см
418686538,Габариты,Ширина упаковки,36 см
371756284,Основная информация,Цвет,бежевый
371756284,Общие характеристики,Модель,Оригинальная модель
371756284,Общие характеристики,Гарантийный срок,10 лет
371756284,Питание,Питание,от сети; от прикуривателя
371756284,Технические особенности,Количество режимов работы,3 режима интенсивности и скорости; инфракрасный подогрев
371756284,Дополнительная информация,Тип массажера,роликовый; электроимпульсный; вибромассажер
371756284,Дополнительная информация,Зона массажа,шея; спина; тело
371756284,Дополнительная информация,Форма массажера,накидка
371756284,Дополнительная информация,Действие,массажная подушка для шеи и спины; Массажер электрический для тела шиацу антицеллюлитный; Массажер электрический для дома и аксессуар для автомобиля
371756284,Дополнительная информация,Мин. продолжительность автономной работы,15 мин
371756284,Дополнительная информация,Доп. опции массажера,функция подогрева; автомобильный
371756284,Дополнительная информация,Количество роликов,16; по 8 роликов в 2 узлах
371756284,Дополнительная информация,Комплектация,Массажер; Коробка; Прикуриватель; Переходник для розеток
371756284,Дополнительная информация,Страна производства,Китай
371756284,Дополнительная информация,Срок эксплуатации,Без срочное
371756284,Габариты,Длина упаковки,39 см
371756284,Габариты,Высота упаковки,16 см
371756284,Габариты,Ширина упаковки,16 см
140699703,Основная информация,Цвет,белый
140699703,Общие характеристики,Количество предметов в упаковке,3
140699703,Материалы,Материал изделия,пластик; abs-пластик
140699703,Дополнительная информация,Зона массажа,овал лица; подбородок; лицо
140699703,Дополнительная информация,Действие,лифтинг подтяжка; против морщин; миостимулятор для омоложения
140699703,Дополнительная информация,Страна производства,Китай
140699703,Дополнительная информация,Комплектация,кабель для зарядки; инструкция; rf лифтинг бандаж
140699703,Габариты,Вес товара с упаковкой (г),166 г
140699703,Габариты,Длина упаковки,11 см
140699703,Габариты,Высота упаковки,17 см
140699703,Габариты,Ширина упаковки,7 см
159659909,Основная информация,Цвет,белый
159659909,Дополнительная информация,Зона массажа,Лицо; Шея; Вокруг глаз
159659909,Дополнительная информация,Действие,лифтинг; чистка лица; микротоки аппарат
159659909,Дополнительная информация,Страна производства,Китай
159659909,Дополнительная информация,Комплектация,Подставка - 1 шт; USB кабель - 1шт; Инструкция - 1 шт; Фирменный мешочек - 1 шт; Микротоковый массажер для лица и шеи - 1 шт.
159659909,Габариты,Ширина предмета,5 см
159659909,Габариты,Высота предмета,18 см
159659909,Габариты,Вес товара с упаковкой (г),422 г
159659909,Габариты,Длина упаковки,23 см
159659909,Габариты,Высота упаковки,9 см
159659909,Габариты,Ширина упаковки,16 см
181271983,Основная информация,Цвет,черный
181271983,Общие характеристики,Модель,массажер для шеи
181271983,Общие характеристики,Гарантийный срок,6 мес; 180 дней; пол года
181271983,Питание,Питание,от сети; от прикуривателя автомобиля; от прикуривателя машины
181271983,Дополнительная информация,Тип массажера,роликовый; не перкуссионный вибромассажер пистолет для глаз; не лимфодренажный массажер миостимулятор для стоп
181271983,Дополнительная информация,Зона массажа,для ног; для шеи; для тела
181271983,Дополнительная информация,Действие,Расслабление; снятие напряжения; Снятие усталости
181271983,Дополнительная информация,Доп. опции массажера,инфракрасный прогрев; вибромассаж; автовыключение
181271983,Дополнительная информация,Количество роликов,16
181271983,Дополнительная информация,Страна производства,Китай
181271983,Габариты,Длина упаковки,41 см
181271983,Габариты,Высота упаковки,18 см
181271983,Габариты,Ширина упаковки,17 см
226159793,Основная информация,Цвет,бежевый
226159793,Общие характеристики,Модель,массажер для шеи
226159793,Питание,Питание,от сети; от прикуривателя автомобиля; от прикуривателя машины
226159793,Насадки,Количество насадок,16 шт.
226159793,Дополнительная информация,Тип массажера,вибромассажер
226159793,Дополнительная информация,Зона массажа,для ног; для шеи; для тела
226159793,Дополнительная информация,Действие,Расслабление; снятие напряжения; Снятие усталости
226159793,Дополнительная информация,Мин. продолжительность автономной работы,15 мин
226159793,Дополнительная информация,Доп. опции массажера,вибромассаж; автовыключение; подарок на 8 марта
226159793,Дополнительная информация,Количество роликов,16 шт.
226159793,Дополнительная информация,Комплектация,коробка; массажер; блок питания; шнур питания в прикуриватель; инструкция; подарок на 8 марта
226159793,Дополнительная информация,Страна производства,Китай
226159793,Габариты,Высота предмета,19 см
226159793,Габариты,Ширина предмета,41 см
226159793,Габариты,Глубина предмета,20 см
226159793,Габариты,Вес без упаковки (кг),1.33 кг
226159793,Габариты,Вес с упаковкой (кг),1.64 кг
226159793,Габариты,Длина упаковки,41 см
226159793,Габариты,Высота упаковки,17 см
226159793,Габариты,Ширина упаковки,18 см
165450701,Основная информация,Цвет,черный; серый
165450701,Дополнительная информация,Модель тренажера,фитнес; спортивный; складной
165450701,Дополнительная информация,Система нагрузки,электромагнитная
165450701,Дополнительная информация,Комплектация,тренажер; USB кабель
165450701,Габариты,Длина упаковки,16 см
165450701,Габариты,Высота упаковки,4 см
165450701,Габариты,Ширина упаковки,34 см
222658505,Основная информация,Цвет,белый
222658505,Общие характеристики,Модель,rf лифтинг аппарат
222658505,Питание,Питание,USB-C
222658505,Технические особенности,Мощность устройства (Вт),5 Вт
222658505,Насадки,Количество насадок в комплекте,1 насадка
222658505,Материалы,Материал корпуса,абс пластик; Медицинская сталь
222658505,Дополнительная информация,Назначение косметического прибора,оздоровление и омолаживание; домашние подарки; от акне и черных точек
222658505,Дополнительная информация,Вид воздействия,EMS микротоки; криотерапия; фонофорез
222658505,Дополнительная информация,Область применения,для массажа лица; от морщин; для кожи вокруг глаз
222658505,Дополнительная информация,Возрастные ограничения,18+
222658505,Дополнительная информация,Комплектация,Пластиковое кольцо для крепления х/б салфетки; подставка; Аппарат для лица; Презентабельная упаковка; тканевые маски в подарок; провод для usb зарядки; Цветная русскоязычная инструкция
222658505,Дополнительная информация,Страна производства,Китай
222658505,Габариты,Вес товара с упаковкой (г),700 г
222658505,Габариты,Длина упаковки,21 см
222658505,Габариты,Высота упаковки,8 см
222658505,Габариты,Ширина упаковки,14 см
338492344,Основная информация,Цвет,белый
338492344,Общие характеристики,Модель,"Массажер для шеи, плеч, спины и тела"
338492344,Общие характеристики,Гарантийный срок,2 года
338492344,Питание,Питание,от сети; от прикуривателя автомобиля; от прикуривателя машины
338492344,Технические особенности,Количество режимов работы,3 режима интенсивности и скорости; 3 режима; инфракрасный подогрев
338492344,Дополнительная информация,Тип массажера,роликовый; электроимпульсный; вибромассажер
338492344,Дополнительная информация,Зона массажа,шея; спина; тело
338492344,Дополнительная информация,Форма массажера,воротник
338492344,Дополнительная информация,Действие,массажная подушка для шеи и спины; Массажер электрический для тела шиацу антицеллюлитный; Массажер электрический для дома и аксессуар для автомобиля
338492344,Дополнительная информация,Мин. продолжительность автономной работы,15 мин
338492344,Дополнительная информация,Доп. опции массажера,вибромассаж; функция подогрева; автомобильный
338492344,Дополнительная информация,Количество роликов,16; по 8 роликов в 2 узлах
338492344,Дополнительная информация,Комплектация,Массажер - 1шт; блок питания от сети - 1шт; автомобильный блок в прикуриватель - 1шт.
338492344,Дополнительная информация,Страна производства,Китай
338492344,Дополнительная информация,Срок эксплуатации,бессрочно
338492344,Габариты,Высота предмета,17 см
338492344,Габариты,Ширина предмета,18 см
338492344,Габариты,Глубина предмета,40 см
338492344,Габариты,Вес без упаковки (кг),1 кг
338492344,Габариты,Вес с упаковкой (кг),1.3 кг
338492344,Габариты,Длина упаковки,18 см
338492344,Габариты,Высота упаковки,40 см
338492344,Габариты,Ширина упаковки,18 см
245908579,Основная информация,Цвет,белый
245908579,Общие характеристики,Гарантийный срок,1 год
245908579,Питание,Питание,от аккумулятора
245908579,Технические особенности,Количество режимов работы,7 режимов
245908579,Насадки,Количество насадок,1 шт.
245908579,Дополнительная информация,Тип массажера,вибромассажер; электроимпульсный; тепловой
245908579,Дополнительная информация,Зона массажа,зона вокруг глаз; лицо; шея
245908579,Дополнительная информация,Действие,против морщин; снятие отечности; очищение
245908579,Дополнительная информация,Мин. продолжительность автономной работы,60 мин
245908579,Дополнительная информация,Доп. опции массажера,вибромассаж; электромиостимуляция; ионофорез
245908579,Дополнительная информация,Комплектация,Массажер - 1 шт.; Подставка - 1 шт.; USB кабель - 1 шт.; кольцо для закрепления - 1шт.; Инструкция - 1 шт.
245908579,Дополнительная информация,Страна производства,Китай
245908579,Габариты,Высота предмета,17.5 см
245908579,Габариты,Ширина предмета,6.5 см
245908579,Габариты,Вес с упаковкой (кг),0.36 кг
245908579,Габариты,Длина упаковки,21 см
245908579,Габариты,Высота упаковки,11 см
245908579,Габариты,Ширина упаковки,16 см
260152044,Основная информация,Цвет,черный
260152044,Питание,Питание,от сети; от прикуривателя автомобиля
260152044,Дополнительная информация,Тип массажера,роликовый; не перкуссионный вибромассажер пистолет для глаз; не лимфодренажный массажер миостимулятор для стоп
260152044,Дополнительная информация,Зона массажа,для ног; для шеи; для тела
260152044,Дополнительная информация,Действие,Расслабление; снятие напряжения; Снятие усталости
260152044,Дополнительная информация,Доп. опции массажера,вибромассаж; автовыключение; не виброплатформа
260152044,Дополнительная информация,Количество роликов,16
260152044,Дополнительная информация,Комплектация,коробка; массажер
260152044,Габариты,Вес с упаковкой (кг),1.3 кг
260152044,Габариты,Длина упаковки,42 см
260152044,Габариты,Высота упаковки,20 см
260152044,Габариты,Ширина упаковки,20 см
230916733,Основная информация,Цвет,черный
230916733,Общие характеристики,Модель,Перкуссионный массажер
230916733,Питание,Питание,от сети
230916733,Технические особенности,Количество режимов работы,6; ударный массажер; массажер ручной электрический
230916733,Насадки,Количество насадок,4 шт.
230916733,Дополнительная информация,Тип массажера,вибромассажер; ударно-кулачковый; перкуссионный антицеллюлитный
230916733,Дополнительная информация,Зона массажа,"для тела, для спины, для шеи; для бедер, для ягодиц, для рук; Для ног, для лица"
230916733,Дополнительная информация,Действие,"устранение боли в мышцах; восстановление после травм; для спины, так и для ягодиц, для ног и рук"
230916733,Дополнительная информация,Доп. опции массажера,Регулируемая скорость; лимфодренаж; Насадки для всех групп мышц
230916733,Дополнительная информация,Количество роликов,массажер пистолет лучше чем массажная подушка; аккумуляторный массажер; 4 МАССАЖНЫХ РОЛИКОВ
230916733,Дополнительная информация,Комплектация,Инструкция - 1 шт; Массажер перкуссионный; 4 различных насадок
230916733,Дополнительная информация,Страна производства,Китай
230916733,Габариты,Вес без упаковки (кг),0.8 кг
230916733,Габариты,Вес с упаковкой (кг),0.85 кг
230916733,Габариты,Длина упаковки,21 см
230916733,Габариты,Высота упаковки,20 см
230916733,Габариты,Ширина упаковки,6 см
169414840,Основная информация,Цвет,черный
169414840,Общие характеристики,Модель,"Модель S, для стоп"
169414840,Питание,Питание,USB; от аккумулятора
169414840,Дополнительная информация,Зона массажа,ноги
169414840,Дополнительная информация,Действие,Микротоковый массаж; Расслабление и снятие усталости; массажер для ног электрический
169414840,Дополнительная информация,Комплектация,Аппарат для физиотерапии; массажный коврик; массажер миостимулятор для ног; массажер для ног электрический; EMS массажер для стоп
169414840,Габариты,Вес с упаковкой (кг),0.25 кг
169414840,Габариты,Длина упаковки,33 см
169414840,Габариты,Высота упаковки,3 см
169414840,Габариты,Ширина упаковки,11 см
210693520,Основная информация,Цвет,черный
210693520,Общие характеристики,Модель,Biopen Q2
210693520,Материалы,Материал корпуса,abs-пластик
210693520,Дополнительная информация,Назначение косметического прибора,лифтинг; мезотерапия; лимфодренаж
210693520,Дополнительная информация,Вид воздействия,микротоки
210693520,Дополнительная информация,Область применения,для лица; для волос; для тела
210693520,Дополнительная информация,Возрастные ограничения,18+
210693520,Дополнительная информация,Противопоказания,ОРВИ; заболеваниях сердечно-сосудистой системы; периоды беременности и лактации
210693520,Дополнительная информация,Комплектация,"коробка; аппарат; 2 картриджа на 25 игл; Руководство по эксплуатации; магнитная подставка, адаптер и кабель для зарядки"
210693520,Дополнительная информация,Страна производства,Китай
210693520,Габариты,Вес товара с упаковкой (г),655 г
210693520,Габариты,Длина упаковки,20 см
210693520,Габариты,Высота упаковки,7 см
210693520,Габариты,Ширина упаковки,15 см
366415188,Основная информация,Цвет,белый
366415188,Общие характеристики,Модель,BodyRave
366415188,Общие характеристики,Гарантийный срок,1 год
366415188,Питание,Питание,от аккумулятора; USB
366415188,Технические особенности,Количество режимов работы,7 режимов
366415188,Дополнительная информация,Тип массажера,микротоковый массажер для лица; электроимпульсный; рф лифтинг и микротоки
366415188,Дополнительная информация,Зона массажа,лицо; шея; зона вокруг глаз
366415188,Дополнительная информация,Действие,лифтинг; омоложение против морщин; Подтяжка лица
366415188,Дополнительная информация,Доп. опции массажера,электромиостимуляция; фонофорез; инфракрасный излучатель
366415188,Дополнительная информация,Количество роликов,0
366415188,Дополнительная информация,Комплектация,аппарат; кольцо для режима CLEAN; блок питания; инструкция; USB провод; зарядная станция; 2 маски для лица; токопроводящий гель
366415188,Дополнительная информация,Страна производства,Китай
366415188,Габариты,Высота предмета,16 см
366415188,Габариты,Ширина предмета,3 см
366415188,Габариты,Вес без упаковки (кг),0.3 кг
366415188,Габариты,Вес с упаковкой (кг),0.56 кг
366415188,Габариты,Длина упаковки,20 см
366415188,Габариты,Высота упаковки,8 см
366415188,Габариты,Ширина упаковки,14 см
260154250,Основная информация,Цвет,бежевый
260154250,Питание,Питание,от сети; от прикуривателя автомобиля
260154250,Дополнительная информация,Тип массажера,роликовый; не перкуссионный вибромассажер пистолет для глаз; не лимфодренажный массажер миостимулятор для стоп
260154250,Дополнительная информация,Зона массажа,для ног; для шеи; для тела
260154250,Дополнительная информация,Действие,Расслабление; снятие напряжения; Снятие усталости
260154250,Дополнительная информация,Доп. опции массажера,вибромассаж; автовыключение; не виброплатформа
260154250,Дополнительная информация,Количество роликов,16
260154250,Дополнительная информация,Комплектация,коробка; массажер
260154250,Габариты,Вес с упаковкой (кг),1.3 кг
260154250,Габариты,Длина упаковки,42 см
260154250,Габариты,Высота упаковки,20 см
260154250,Габариты,Ширина упаковки,20 см
230916736,Основная информация,Цвет,красный
230916736,Общие характеристики,Модель,Перкуссионный массажер
230916736,Питание,Питание,от сети
230916736,Технические особенности,Количество режимов работы,6; ударный массажер; массажер ручной электрический
230916736,Насадки,Количество насадок,4 шт.
230916736,Дополнительная информация,Тип массажера,вибромассажер; ударно-кулачковый; перкуссионный антицеллюлитный
230916736,Дополнительная информация,Зона массажа,"для тела, для спины, для шеи; для бедер, для ягодиц, для рук; Для ног, для лица"
230916736,Дополнительная информация,Действие,"устранение боли в мышцах; восстановление после травм; для спины, так и для ягодиц, для ног и рук"
230916736,Дополнительная информация,Доп. опции массажера,Регулируемая скорость; лимфодренаж; Насадки для всех групп мышц
230916736,Дополнительная информация,Количество роликов,массажер пистолет лучше чем массажная подушка; аккумуляторный массажер; 4 МАССАЖНЫХ РОЛИКОВ
230916736,Дополнительная информация,Комплектация,Инструкция - 1 шт; Массажер перкуссионный; 4 различных насадок
230916736,Дополнительная информация,Страна производства,Китай
230916736,Габариты,Вес без упаковки (кг),0.8 кг
230916736,Габариты,Вес с упаковкой (кг),0.85 кг
230916736,Габариты,Длина упаковки,21 см
230916736,Габариты,Высота упаковки,20 см
230916736,Габариты,Ширина упаковки,6 см
281702211,Основная информация,Цвет,оранжевый; глубокий черный
281702211,Общие характеристики,Гарантийный срок,2 года
281702211,Питание,Питание,от сети 220В
281702211,Технические особенности,Количество режимов работы,4 режима работы; 5 уровней интенсивности
281702211,Дополнительная информация,Тип массажера,роликовый; компрессионный
281702211,Дополнительная информация,Зона массажа,стопы; пятки
281702211,Дополнительная информация,Действие,Расслабление; оздоровление; Снятие усталости
281702211,Дополнительная информация,Мин. продолжительность автономной работы,15 мин
281702211,Дополнительная информация,Доп. опции массажера,подогрев; дистанционное управление
281702211,Дополнительная информация,Количество роликов,2
281702211,Дополнительная информация,Комплектация,"Массажер - 1шт., Инструкция на русском - 1 шт."
281702211,Дополнительная информация,Страна производства,Китай
281702211,Габариты,Вес без упаковки (кг),3.2 кг
281702211,Габариты,Вес с упаковкой (кг),4.5 кг
281702211,Габариты,Длина упаковки,46 см
281702211,Габариты,Высота упаковки,38 см
281702211,Габариты,Ширина упаковки,23 см
160513836,Основная информация,Цвет,бежевый
160513836,Общие характеристики,Количество предметов в упаковке,3 шт
160513836,Материалы,Материал изделия,искусственная кожа; пластик
160513836,Дополнительная информация,Зона массажа,спина; шея; плечи
160513836,Дополнительная информация,Действие,массажер для спины и шеи; Массажер электрический для тела шиацу
160513836,Дополнительная информация,Страна производства,Китай
160513836,Дополнительная информация,Комплектация,электрический массажер для шеи; блок питания 220в; Автомобильный блок питания
160513836,Габариты,Высота предмета,19 см
160513836,Габариты,Вес товара с упаковкой (г),1000 г
160513836,Габариты,Длина упаковки,18 см
160513836,Габариты,Высота упаковки,18 см
160513836,Габариты,Ширина упаковки,41 см
80864816,Основная информация,Цвет,белый
80864816,Общие характеристики,Количество предметов в упаковке,1 шт.
80864816,Материалы,Материал изделия,abs-пластик; медицинская сталь
80864816,Дополнительная информация,Зона массажа,зона вокруг глаз; шея; лицо
80864816,Дополнительная информация,Действие,лифтинг; омолаживание; против морщин
80864816,Дополнительная информация,Страна производства,Китай
80864816,Дополнительная информация,Комплектация,Массажер - 1 шт; зарядный шнур - 1 шт; Инструкция на русском языке - 1 шт; Подарочная упаковка - 1 шт; Сумочка для хранения - 1 шт.
80864816,Габариты,Ширина предмета,8 см
80864816,Габариты,Высота предмета,10 см
80864816,Габариты,Вес товара с упаковкой (г),300 г
80864816,Габариты,Длина упаковки,17 см
80864816,Габариты,Высота упаковки,7 см
80864816,Габариты,Ширина упаковки,13 см
331334521,Основная информация,Цвет,черный
331334521,Общие характеристики,Модель,электростимуляция
331334521,Материалы,Материал изделия,ткань; текстиль; медицинский пластик
331334521,Дополнительная информация,Вид реабилитационного тренажера,миостимулятор; электростимулятор; массажер
331334521,Дополнительная информация,Страна производства,Китай
331334521,Дополнительная информация,Назначение тренажера,для реабилитации после инсульта; массажер электрический; аппарат для физиотерапии
331334521,Дополнительная информация,Комплектация,стимулятор; ремень; провод usb; распылитель; удлинитель ремня; тренажерный мячик для руки; зарядное устройство; резинка для пальцев рук
331334521,Габариты,Ширина предмета,18 см
331334521,Габариты,Высота предмета,18 см
331334521,Габариты,Глубина предмета,4 см
331334521,Габариты,Вес без упаковки (кг),0.25 кг
331334521,Габариты,Вес с упаковкой (кг),0.38 кг
331334521,Габариты,Длина упаковки,20 см
331334521,Габариты,Высота упаковки,6 см
331334521,Габариты,Ширина упаковки,15 см
142542013,Основная информация,Цвет,розовый
142542013,Общие характеристики,Количество предметов в упаковке,3
142542013,Материалы,Материал изделия,пластик; abs-пластик
142542013,Дополнительная информация,Зона массажа,овал лица; подбородок; лицо
142542013,Дополнительная информация,Действие,против морщин; лифтинг подтяжка; миостимулятор для омоложения
142542013,Дополнительная информация,Страна производства,Китай
142542013,Дополнительная информация,Комплектация,кабель для зарядки; инструкция; rf лифтинг бандаж
142542013,Габариты,Вес товара с упаковкой (г),166 г
142542013,Габариты,Длина упаковки,11 см
142542013,Габариты,Высота упаковки,17 см
142542013,Габариты,Ширина упаковки,7 см
15847178,Общие характеристики,Количество предметов в упаковке,не лимфодренажный массажер миостимулятор для стоп
15847178,Материалы,Материал изделия,экокожа; похудеть; сжигание жира
15847178,Дополнительная информация,Зона массажа,"лицо; для ног шеи тела спины лица; Спина, шея, плечи, ноги, руки, бедра, поясница"
15847178,Дополнительная информация,Действие,массажная подушка для шеи и спины; Массажер электрический для дома и автомобиля; Массажер электрический для тела шиацу
15847178,Дополнительная информация,Страна производства,Республика Корея
15847178,Дополнительная информация,Комплектация,Адаптер автомобильный 12 Вт; массажер для шеи и плеч; кабель 220В; коробка; инструкция
15847178,Габариты,Длина упаковки,11 см
15847178,Габариты,Высота упаковки,19 см
15847178,Габариты,Ширина упаковки,32 см
145412566,Основная информация,Цвет,белый
145412566,Общие характеристики,Количество предметов в упаковке,3
145412566,Материалы,Материал изделия,abs-пластик; пластик
145412566,Дополнительная информация,Зона массажа,вокруг глаз; лицо; зона вокруг глаз
145412566,Дополнительная информация,Действие,beauty омолаживание подтяжка лица; аппарат против морщин от второго подбородка; rf лифтинг подтяжка
145412566,Дополнительная информация,Страна производства,Китай
145412566,Дополнительная информация,Комплектация,подставка; USB кабель; массажер
145412566,Габариты,Вес товара с упаковкой (г),166 г
145412566,Габариты,Длина упаковки,12 см
145412566,Габариты,Высота упаковки,19 см
145412566,Габариты,Ширина упаковки,7 см
258381724,Основная информация,Цвет,белый
258381724,Общие характеристики,Модель,М8807
258381724,Общие характеристики,Гарантийный срок,нет
258381724,Питание,Питание,от сети; от аккумулятора
258381724,Насадки,Количество насадок в комплекте,1 насадка
258381724,Материалы,Материал корпуса,abs-пластик
258381724,Дополнительная информация,Назначение косметического прибора,массаж; омоложение кожи; увлажнение
258381724,Дополнительная информация,Вид воздействия,микротоки
258381724,Дополнительная информация,Область применения,для глаз; для лица; для шеи
258381724,Дополнительная информация,Возрастные ограничения,15+
258381724,Дополнительная информация,Противопоказания,индивидуальная непереносимость; кожные заболеваниях в зоне воздействия; эпилепсия
258381724,Дополнительная информация,Комплектация,Массажер - 1 шт.; Подставка - 1 шт.; USB кабель - 1 шт.; кольцо для закрепления - 1 шт.; Инструкция - 1 шт.; упаковка - 1 шт.
258381724,Дополнительная информация,Страна производства,Китай
258381724,Дополнительная информация,Срок эксплуатации,10 лет
258381724,Габариты,Высота предмета,18 см
258381724,Габариты,Ширина предмета,5 см
258381724,Габариты,Глубина предмета,6 см
258381724,Габариты,Диаметр предмета,5 см
258381724,Габариты,Вес товара с упаковкой (г),250 г
258381724,Габариты,Длина упаковки,24 см
258381724,Габариты,Высота упаковки,7 см
258381724,Габариты,Ширина упаковки,14 см
236182252,Основная информация,Цвет,черный
236182252,Общие характеристики,Модель,массажер для шеи
236182252,Общие характеристики,Гарантийный срок,6 мес.; полгода
236182252,Питание,Питание,от сети; от прикуривателя автомобиля
236182252,Технические особенности,Количество режимов работы,3 режима интенсивности и скорости; 6 режимов
236182252,Дополнительная информация,Тип массажера,роликовый; не вакуумный лимфодренажный массажер; не миостимулятор для стоп
236182252,Дополнительная информация,Зона массажа,"для ног шеи тела спины лица; лицо не против морщин; Спина, шея, плечи, ноги, руки, бедра, поясница, живот"
236182252,Дополнительная информация,Действие,массажная подушка для шеи и спины; Массажер электрический для тела шиацу антицеллюлитный; Массажер электрический для дома и аксессуар для автомобиля
236182252,Дополнительная информация,Мин. продолжительность автономной работы,15 мин
236182252,Дополнительная информация,Доп. опции массажера,не перкуссионный массажер пистолет; не виброплатформа; массажер не для глаз
236182252,Дополнительная информация,Количество роликов,16; по 8 роликов в 2 узлах
236182252,Дополнительная информация,Комплектация,массажер - 1шт.; Блок питания от сети - 1шт.; автомобильный блок в прикуриватель - 1шт.; гарантийный талон; подарок
236182252,Дополнительная информация,Страна производства,Китай
236182252,Габариты,Высота предмета,18 см
236182252,Габариты,Ширина предмета,41 см
236182252,Габариты,Глубина предмета,14 см
236182252,Габариты,Вес с упаковкой (кг),1.3 кг
236182252,Габариты,Длина упаковки,42 см
236182252,Габариты,Высота упаковки,20 см
236182252,Габариты,Ширина упаковки,20 см
151556802,Основная информация,Цвет,белый
151556802,Дополнительная информация,Зона массажа,поясница; живот; ягодицы
151556802,Дополнительная информация,Страна производства,Китай
151556802,Габариты,Длина упаковки,5 см
151556802,Габариты,Высота упаковки,23 см
151556802,Габариты,Ширина упаковки,13 см
370261818,Основная информация,Цвет,белый; светло-золотистый; кремовый
370261818,Общие характеристики,Модель,косметический микротоковый аппарат LED для лица и шеи
370261818,Общие характеристики,Гарантийный срок,1 год
370261818,Питание,Питание,от аккумулятора; USB
370261818,Технические особенности,Количество режимов работы,7 режимов работы
370261818,Дополнительная информация,Тип массажера,микротоковый массажер для лица; аппарат рф лифтинг и микротоки; косметический прибор мезотерапия для лица
370261818,Дополнительная информация,Зона массажа,лицо; зона вокруг глаз; шея
370261818,Дополнительная информация,Действие,подтяжка кожи и мышц лица; омоложение против морщин; лифтинг терапия
370261818,Дополнительная информация,Доп. опции массажера,электро миостимулятор; чистка; LED (ЛЕД) свет
370261818,Дополнительная информация,Комплектация,Электрический массажер для лица; кольцо для режима очищения; инструкция на русском языке; usb провод; зарядная станция; маска для лица; контактный гель; мешочек для хранения
370261818,Дополнительная информация,Страна производства,Китай
370261818,Габариты,Высота предмета,17 см
370261818,Габариты,Ширина предмета,4.2 см
370261818,Габариты,Глубина предмета,3.2 см
370261818,Габариты,Вес с упаковкой (кг),0.55 кг
370261818,Габариты,Длина упаковки,20 см
370261818,Габариты,Высота упаковки,5 см
370261818,Габариты,Ширина упаковки,13 см
222657647,Основная информация,Цвет,розовый
222657647,Общие характеристики,Модель,массажная
222657647,Общие характеристики,Гарантийный срок,1 год
222657647,Питание,Питание,от аккумулятора
222657647,Технические особенности,Количество режимов работы,5
222657647,Дополнительная информация,Тип массажера,роликовый; вибромассажер; электроимпульсный
222657647,Дополнительная информация,Зона массажа,голова; шея; лицо
222657647,Дополнительная информация,Действие,лифтинг; против морщин; снятие отечности
222657647,Дополнительная информация,Доп. опции массажера,ультразвуковой массаж; электромиостимуляция
222657647,Дополнительная информация,Количество роликов,4
222657647,Дополнительная информация,Комплектация,зарядная станция-подставка - 1 шт; USB шнур питания - 1 шт; инструкция рус яз - 1 шт; уплотнительный наполнитель коробки - 3 шт; Массажер - 1 шт
222657647,Дополнительная информация,Страна производства,Китай
222657647,Габариты,Высота предмета,10 см
222657647,Габариты,Ширина предмета,10 см
222657647,Габариты,Вес с упаковкой (кг),0.5 кг
222657647,Габариты,Длина упаковки,15 см
222657647,Габариты,Высота упаковки,15 см
222657647,Габариты,Ширина упаковки,15 см
265000912,Основная информация,Цвет,розовый; фиолетовый; белый
265000912,Общие характеристики,Модель,микротоки аппарат электрический вибромассажер
265000912,Общие характеристики,Гарантийный срок,1 год
265000912,Питание,Питание,USB
265000912,Технические особенности,Количество режимов работы,7 режимов
265000912,Насадки,Количество насадок,1 шт.
265000912,Дополнительная информация,Тип массажера,вибромассажер; rf-лифтинг; микротоковый
265000912,Дополнительная информация,Зона массажа,лицо; зона вокруг глаз; шея
265000912,Дополнительная информация,Действие,омолаживание; лифтинг; очищение
265000912,Дополнительная информация,Мин. продолжительность автономной работы,120 мин
265000912,Дополнительная информация,Доп. опции массажера,вибромассаж; функция подогрева; массаж для глаз
265000912,Дополнительная информация,Количество роликов,1 шт.
265000912,Дополнительная информация,Комплектация,"USB шнур, подставка, насадка для очищения лица, микротоковый массажер"
265000912,Дополнительная информация,Страна производства,Китай
265000912,Габариты,Высота предмета,18 см
265000912,Габариты,Ширина предмета,5 см
265000912,Габариты,Вес без упаковки (кг),0.4 кг
265000912,Габариты,Вес с упаковкой (кг),0.45 кг
265000912,Габариты,Длина упаковки,23 см
265000912,Габариты,Высота упаковки,10 см
265000912,Габариты,Ширина упаковки,16 см
176754879,Общие характеристики,Модель,аппарат для домашнего использования
176754879,Общие характеристики,Гарантийный срок,1 год; 3 года
176754879,Питание,Питание,от батареек; от аккумулятора
176754879,Технические особенности,Количество режимов работы,28 программ и режимов; 95 частот; 26 программ
176754879,Материалы,Материал корпуса,металл; пластик; стекло
176754879,Дополнительная информация,Вид воздействия,микротоки; магнитотерапия; прессотерапия/лимфодренаж
176754879,Дополнительная информация,Область применения,для всего тела; для спины; для суставов
176754879,Дополнительная информация,Потребляемая мощность,0.48 Вт
176754879,Дополнительная информация,Частота (кГц),0.09 кГц
176754879,Дополнительная информация,Противопоказания,кардиостимулятор; индивидуальная непереносимость тока; эпилепсия
176754879,Дополнительная информация,Комплектация,Руководство по эксплуатации; Батарейки мизинчиковые ААА - 2 шт.; Электроды самоклеящиеся 5х5 см - 4 шт.; Кабель соединительный - 1 шт.; Электростимулятор чрескожный БиоТЭНС; Потребительская тара
176754879,Дополнительная информация,Страна производства,Россия
176754879,Габариты,Высота предмета,3.5 см
176754879,Габариты,Ширина предмета,6 см
176754879,Габариты,Длина предмета,19.5 см
176754879,Габариты,Вес товара без упаковки (г),150 г
176754879,Габариты,Вес товара с упаковкой (г),400 г
176754879,Габариты,Длина упаковки,22 см
176754879,Габариты,Высота упаковки,7 см
176754879,Габариты,Ширина упаковки,17 см
176754879,Документы,Регистрационное удостоверение,РЗН 2022/18135
49468221,Основная информация,Цвет,белый
49468221,Дополнительная информация,Зона массажа,шея; лицо; зона декольте
49468221,Дополнительная информация,Действие,лифтинг; омоложение; против морщин
49468221,Дополнительная информация,Страна производства,Китай
49468221,Дополнительная информация,Комплектация,Инструкция по эксплуатации - 1 шт; Блок питания - 1 шт; Зарядное устройство с базой - 1 шт; массажер для лица электрический - 1 шт
49468221,Габариты,Вес товара с упаковкой (г),940 г
49468221,Габариты,Длина упаковки,9 см
49468221,Габариты,Высота упаковки,22 см
49468221,Габариты,Ширина упаковки,18 см
316853212,Основная информация,Цвет,коричневый
316853212,Общие характеристики,Модель,оздоровление
316853212,Общие характеристики,Гарантийный срок,2 года
316853212,Питание,Питание,от сети
316853212,Технические особенности,Количество режимов работы,5 режимов работы; 9 уровней интенсивности
316853212,Дополнительная информация,Тип массажера,роликовый; тепловой; вибромассажер
316853212,Дополнительная информация,Зона массажа,стопы; ноги; ступни
316853212,Дополнительная информация,Форма массажера,напольная платформа
316853212,Дополнительная информация,Действие,Снятие усталости; снятие мышечного напряжения; снятие отечности
316853212,Дополнительная информация,Мин. продолжительность автономной работы,15 мин
316853212,Дополнительная информация,Доп. опции массажера,вибромассаж; регулировка интенсивности; функция подогрева
316853212,Дополнительная информация,Количество роликов,2
316853212,Дополнительная информация,Комплектация,Массажер - 1 шт; пульт д/у - 1 шт; шнур питания - 1 шт; Инструкция на русском языке - 1 шт
316853212,Дополнительная информация,Страна производства,Китай
316853212,Дополнительная информация,Срок эксплуатации,Не ограничен
316853212,Габариты,Высота предмета,22 см
316853212,Габариты,Ширина предмета,25 см
316853212,Габариты,Глубина предмета,25 см
316853212,Габариты,Вес без упаковки (кг),4.1 кг
316853212,Габариты,Вес с упаковкой (кг),5.7 кг
316853212,Габариты,Длина упаковки,47 см
316853212,Габариты,Высота упаковки,41 см
316853212,Габариты,Ширина упаковки,28 см
102415520,Основная информация,Цвет,бежевый
102415520,Общие характеристики,Модель,Mio
102415520,Материалы,Материал корпуса,Пластик (ABC)
102415520,Дополнительная информация,Назначение косметического прибора,вибромассаж; микротоковый массаж
102415520,Дополнительная информация,Страна производства,Китай
102415520,Габариты,Вес товара с упаковкой (г),1000 г
102415520,Габариты,Длина упаковки,12 см
102415520,Габариты,Высота упаковки,18 см
102415520,Габариты,Ширина упаковки,12 см
30582312,Основная информация,Цвет,бежевый
30582312,Материалы,Материал изделия,дерево; бук
30582312,Дополнительная информация,Зона массажа,"шея и плечи; ноги, руки, живот, поясница, шея, бедра; Тело, голени, бедра, ягодицы, бока, живот, руки"
30582312,Дополнительная информация,Действие,Антицеллюлитный массаж; массажер для ног; массажер для спины
30582312,Дополнительная информация,Страна производства,Россия
30582312,Дополнительная информация,Комплектация,ролик с шипами; Паспорт изделия
30582312,Общие характеристики,Количество предметов в упаковке (шт.),1 шт.
30582312,Габариты,Ширина предмета,21 см
30582312,Габариты,Высота предмета,13 см
209436534,Основная информация,Цвет,белый
209436534,Общие характеристики,Количество предметов в упаковке,1 шт.
209436534,Материалы,Материал изделия,abs-пластик
209436534,Дополнительная информация,Зона массажа,лицо; зона вокруг глаз; руки и шея
209436534,Дополнительная информация,Действие,"Снятие отечности и усталости лица; вибромассаж для лица и тела; лфитинг, омоложение и разглаживание"
209436534,Дополнительная информация,Страна производства,Китай
209436534,Дополнительная информация,Комплектация,массажер; батарейки
209436534,Габариты,Ширина предмета,9 см
209436534,Габариты,Высота предмета,12 см
209436534,Габариты,Вес товара с упаковкой (г),130 г
209436534,Габариты,Длина упаковки,13 см
209436534,Габариты,Высота упаковки,16 см
209436534,Габариты,Ширина упаковки,7 см
29979779,Основная информация,Цвет,черный
29979779,Материалы,Материал изделия,пластик; силикон; неопрен
29979779,Дополнительная информация,Вид застежки,липучка; гелевая накладка
29979779,Дополнительная информация,Особенности модели,сжигает подкожный жир и приводит мышцы живота и всего организма в тонус
29979779,Дополнительная информация,Комплектация,коробка; паспорт; миостимулятор 3 шт; накладки 3 шт
29979779,Дополнительная информация,Страна производства,Китай
29979779,Габариты,Ширина предмета,19 см
199730528,Основная информация,Цвет,белый
199730528,Общие характеристики,Количество предметов в упаковке,4 шт.
199730528,Дополнительная информация,Действие,лифтинг; омолаживание; против морщин
199730528,Дополнительная информация,Страна производства,Китай
199730528,Дополнительная информация,Комплектация,бьюти бокс; массажер электрический 1 шт; Контактный гель 1 шт; Гидрогелевые патчи 1шт; инструкция 1шт; гипоаллергенная маска для лица - 1шт; массажер гуаша
199730528,Габариты,Вес товара с упаковкой (г),550 г
199730528,Габариты,Длина упаковки,15 см
199730528,Габариты,Высота упаковки,9 см
199730528,Габариты,Ширина упаковки,22 см
251190726,Основная информация,Цвет,теплый белый
251190726,Общие характеристики,Модель,1 шт.
251190726,Общие характеристики,Гарантийный срок,1 год
251190726,Питание,Питание,от прикуривателя автомобиля; от аккумулятора; от батареек
251190726,Технические особенности,Количество режимов работы,3 режима
251190726,Насадки,Количество насадок,4 шт.
251190726,Дополнительная информация,Тип массажера,роликовый; не вакуумный лимфодренажный массажер; не миостимулятор для стоп
251190726,Дополнительная информация,Зона массажа,плечи; бедра; живот
251190726,Дополнительная информация,Действие,снятие мышечного напряжения
251190726,Дополнительная информация,Доп. опции массажера,не перкуссионный массажер пистолет; не виброплатформа; массажер не для глаз
251190726,Дополнительная информация,Количество роликов,1 шт.
251190726,Дополнительная информация,Комплектация,коробка; массажер; блок питания
251190726,Дополнительная информация,Страна производства,Китай
251190726,Габариты,Вес без упаковки (кг),1.3 кг
251190726,Габариты,Вес с упаковкой (кг),1.49 кг
251190726,Габариты,Длина упаковки,25 см
251190726,Габариты,Высота упаковки,18 см
251190726,Габариты,Ширина упаковки,18 см
245400956,Основная информация,Цвет,черный
245400956,Общие характеристики,Гарантийный срок,1.5 года
245400956,Питание,Питание,от аккумулятора; портативный
245400956,Технические особенности,Количество режимов работы,99 режимов
245400956,Насадки,Количество насадок,8 шт.
245400956,Дополнительная информация,Тип массажера,вибромассажер; перкуссионный; ударно-кулачковый
245400956,Дополнительная информация,Зона массажа,"тело; спина; Для шеи, бедер, рук, ягодиц, ног , живота от жира"
245400956,Дополнительная информация,Действие,снятие мышечного напряжения; восстановление; Лимфодренажный массаж от целлюлита
245400956,Дополнительная информация,Мин. продолжительность автономной работы,420 мин
245400956,Дополнительная информация,Доп. опции массажера,вибромассаж
245400956,Дополнительная информация,Количество роликов,8шт; 8 массажных роликов
245400956,Дополнительная информация,Комплектация,Перкуссионный массажер - 1шт; насадки - 8шт; Сумка - кейс; Инструкция на русском языке; зарядный кабель; подарочная коробка; Видеокурс массажа; Конструктор питания
245400956,Габариты,Вес с упаковкой (кг),1.4 кг
245400956,Габариты,Длина упаковки,29 см
245400956,Габариты,Высота упаковки,11 см
245400956,Габариты,Ширина упаковки,25 см
163458244,Основная информация,Цвет,белый
163458244,Общие характеристики,Количество предметов в упаковке,1 шт.
163458244,Материалы,Материал изделия,abs-пластик; нержавеющая сталь
163458244,Дополнительная информация,Зона массажа,зона вокруг глаз; лицо; шея
163458244,Дополнительная информация,Действие,против акне; против морщин; лифтинг
163458244,Дополнительная информация,Комплектация,Массажер - 1 шт; Инструкция на русском языке - 1 шт; USB кабель - 1 шт; Подарочная коробка - 1 шт; токопроводящий гель - 1шт
163458244,Габариты,Ширина предмета,7 см
163458244,Габариты,Высота предмета,17 см
163458244,Габариты,Вес товара с упаковкой (г),795 г
163458244,Габариты,Длина упаковки,25 см
163458244,Габариты,Высота упаковки,17 см
163458244,Габариты,Ширина упаковки,10 см
149488507,Основная информация,Цвет,фиолетовый
149488507,Общие характеристики,Количество предметов в упаковке,3
149488507,Материалы,Материал изделия,abs-пластик; пластик
149488507,Дополнительная информация,Зона массажа,вокруг глаз; лицо; зона вокруг глаз
149488507,Дополнительная информация,Действие,beauty омолаживание подтяжка лица; аппарат против морщин от второго подбородка; rf лифтинг подтяжка
149488507,Дополнительная информация,Страна производства,Китай
149488507,Дополнительная информация,Комплектация,подставка; USB кабель; массажер
149488507,Габариты,Вес товара с упаковкой (г),166 г
149488507,Габариты,Длина упаковки,12 см
149488507,Габариты,Высота упаковки,19 см
149488507,Габариты,Ширина упаковки,7 см
206239818,Основная информация,Цвет,белый
206239818,Габариты,Вес товара с упаковкой (г),300 г
206239818,Габариты,Длина упаковки,6 см
206239818,Габариты,Высота упаковки,16 см
206239818,Габариты,Ширина упаковки,14 см
244394808,Основная информация,Цвет,бежевый; теплый бежевый; светло-бежевый; серо-бежевый; бежевый лайт
244394808,Общие характеристики,Модель,массажер для шеи спины и плеч с подогревом
244394808,Общие характеристики,Гарантийный срок,1 год
244394808,Питание,Питание,от аккумулятора; Type-C; от прикуривателя в автомобиле
244394808,Технические особенности,Количество режимов работы,3 режима; не лимфодренажный массажер миостимулятор для стоп
244394808,Дополнительная информация,Тип массажера,роликовый; тепловой; разминающий
244394808,Дополнительная информация,Зона массажа,"спина и шея; плечи и поясница; руки, ноги и бедра"
244394808,Дополнительная информация,Форма массажера,воротник
244394808,Дополнительная информация,Действие,массирующее; расслабляющее; разогревающее
244394808,Дополнительная информация,Мин. продолжительность автономной работы,10 мин
244394808,Дополнительная информация,Доп. опции массажера,инфракрасный нагрев; массажная подушка; Массажер электрический для тела шиацу антицеллюлитный
244394808,Дополнительная информация,Количество роликов,6; 3
244394808,Дополнительная информация,Комплектация,массажер для шеи - 1 шт; инструкция
244394808,Дополнительная информация,Страна производства,Китай
244394808,Дополнительная информация,Срок эксплуатации,бессрочно
244394808,Габариты,Высота предмета,15 см
244394808,Габариты,Ширина предмета,15 см
244394808,Габариты,Глубина предмета,23 см
244394808,Габариты,Вес с упаковкой (кг),2 кг
244394808,Габариты,Длина упаковки,24 см
244394808,Габариты,Высота упаковки,15 см
244394808,Габариты,Ширина упаковки,15 см
354637348,Основная информация,Цвет,белый
354637348,Общие характеристики,Количество предметов в упаковке,3
354637348,Материалы,Материал изделия,пластик; abs-пластик
354637348,Дополнительная информация,Зона массажа,овал лица; подбородок; лицо
354637348,Дополнительная информация,Действие,против морщин; лифтинг подтяжка; миостимулятор для омоложения
354637348,Дополнительная информация,Страна производства,Китай
354637348,Дополнительная информация,Комплектация,кабель для зарядки; инструкция; rf лифтинг бандаж
354637348,Габариты,Вес товара с упаковкой (г),166 г
354637348,Габариты,Длина упаковки,12 см
354637348,Габариты,Высота упаковки,18 см
354637348,Габариты,Ширина упаковки,7 см
239568299,Основная информация,Цвет,белый
239568299,Общие характеристики,Модель,rf лифтинг аппарат
239568299,Материалы,Материал корпуса,абс пластик
239568299,Дополнительная информация,Назначение косметического прибора,оздоровление и омолаживание; домашние подарки; от акне и черных точек
239568299,Дополнительная информация,Вид воздействия,криотерапия; фонофорез; EMS микротоки
239568299,Дополнительная информация,Область применения,от морщин; для массажа лица; для кожи вокруг глаз
239568299,Дополнительная информация,Возрастные ограничения,18+
239568299,Дополнительная информация,Комплектация,подставка; провод для usb зарядки
239568299,Дополнительная информация,Страна производства,Китай
239568299,Габариты,Вес товара с упаковкой (г),700 г
239568299,Габариты,Длина упаковки,10 см
239568299,Габариты,Высота упаковки,10 см
239568299,Габариты,Ширина упаковки,10 см
405657557,Основная информация,Цвет,розовый; белый
405657557,Общие характеристики,Количество предметов в упаковке,1 шт.
405657557,Материалы,Материал изделия,abs-пластик
405657557,Дополнительная информация,Зона массажа,лицо
405657557,Дополнительная информация,Действие,улучшение кровообращения; эластичность; лифтинг
405657557,Дополнительная информация,Комплектация,массаже 1 шт в коробке
405657557,Габариты,Вес товара с упаковкой (г),400 г
405657557,Габариты,Длина упаковки,33 см
405657557,Габариты,Высота упаковки,8 см
405657557,Габариты,Ширина упаковки,14 см
14568528,Основная информация,Цвет,бежевый
14568528,Общие характеристики,Количество предметов в упаковке,не лимфодренажный массажер миостимулятор для стоп
14568528,Материалы,Материал изделия,массажер; массажер; массажер
14568528,Дополнительная информация,Зона массажа,"лицо; для ног шеи тела спины лица; Спина, шея, плечи, ноги, руки, бедра, поясница"
14568528,Дополнительная информация,Действие,массажная подушка для шеи и спины; Массажер электрический для дома и автомобиля; Массажер электрический для тела шиацу
14568528,Дополнительная информация,Страна производства,Республика Корея
14568528,Дополнительная информация,Комплектация,коробка; адаптер 220 В - 1 шт; Массажер для спины и шеи - 1 шт; Адаптер прикуривателя- 1шт; косметические принадлежности; массажер для тела
14568528,Габариты,Вес товара с упаковкой (г),1000 г
14568528,Габариты,Длина упаковки,17 см
14568528,Габариты,Высота упаковки,16 см
14568528,Габариты,Ширина упаковки,38 см
229767312,Основная информация,Цвет,розовый
229767312,Общие характеристики,Гарантийный срок,1 год
229767312,Питание,Питание,от аккумулятора; USB; от сети
229767312,Технические особенности,Количество режимов работы,7 шт.
229767312,Дополнительная информация,Тип массажера,электроимпульсный; вибромассажер; микротоковый
229767312,Дополнительная информация,Зона массажа,зона вокруг глаз; лицо; шея
229767312,Дополнительная информация,Действие,против морщин; снятие отечности
229767312,Дополнительная информация,Доп. опции массажера,лифтинг; микротоки; миостимулятор
229767312,Дополнительная информация,Комплектация,кольцо для закрепления салфетки; подставка; инструкция; USB провод; Аппарат для лица
229767312,Дополнительная информация,Страна производства,Китай
229767312,Габариты,Вес с упаковкой (кг),0.8 кг
229767312,Габариты,Длина упаковки,20 см
229767312,Габариты,Высота упаковки,6 см
229767312,Габариты,Ширина упаковки,12 см
397455530,Основная информация,Цвет,синий
397455530,Общие характеристики,Модель,TENS/EMS massager
397455530,Общие характеристики,Гарантийный срок,365
397455530,Питание,Питание,от аккумулятора
397455530,Технические особенности,Количество режимов работы,10 режимов
397455530,Насадки,Количество насадок,8 шт.
397455530,Дополнительная информация,Тип массажера,электроимпульсный
397455530,Дополнительная информация,Зона массажа,бедра; живот; ноги
397455530,Дополнительная информация,Действие,коррекция фигуры; восстановление; улучшение кровообращения
397455530,Дополнительная информация,Доп. опции массажера,таймер; электромиостимуляция; регулировка интенсивности
397455530,Дополнительная информация,Комплектация,кабель для электродов-2 шт.; инструкция-1 шт.; зарядный кабель; миостимулятор; Электроды - 8 шт.
397455530,Дополнительная информация,Страна производства,Китай
397455530,Габариты,Высота предмета,12 см
397455530,Габариты,Ширина предмета,6 см
397455530,Габариты,Вес без упаковки (кг),0.09 кг
397455530,Габариты,Вес с упаковкой (кг),0.27 кг
397455530,Габариты,Длина упаковки,7 см
397455530,Габариты,Высота упаковки,5 см
397455530,Габариты,Ширина упаковки,10 см
268558045,Основная информация,Цвет,белый
268558045,Питание,Питание,от батареек; от сети
268558045,Дополнительная информация,Тип массажера,Ударный; электромиостимуляция; Электрофорез
268558045,Дополнительная информация,Зона массажа,бедра; живот; плечи
268558045,Дополнительная информация,Действие,восстановление; разогревающее; успокаивающее
268558045,Дополнительная информация,Доп. опции массажера,массаж; электрические импульсы; миостимуляция
268558045,Габариты,Вес с упаковкой (кг),0.5 кг
268558045,Габариты,Длина упаковки,24 см
268558045,Габариты,Высота упаковки,5 см
268558045,Габариты,Ширина упаковки,19 см
212081515,Основная информация,Цвет,серый
212081515,Общие характеристики,Модель,мини массажер
212081515,Общие характеристики,Гарантийный срок,1 год
212081515,Питание,Питание,220В (5А); 3 батарейки ААА; USB-шнур
212081515,Технические особенности,Количество режимов работы,9
212081515,Дополнительная информация,Тип массажера,электроимпульсный; миостимулятор для тела электрический; вибрационный
212081515,Дополнительная информация,Зона массажа,"шея, голова; ноги,живот; спина поясница"
212081515,Дополнительная информация,Действие,миостимуляция; массажер для мышц; оздоровление
212081515,Дополнительная информация,Доп. опции массажера,электрофорез; электромиостимуляция; микротоки
212081515,Дополнительная информация,Количество роликов,импульсный массажер; мини массажер для тела; электромассажер-миостимулятор
212081515,Дополнительная информация,Комплектация,электро массажер; Электроды; блок питания; шнуры к электродам; инструкция
212081515,Дополнительная информация,Страна производства,Китай
212081515,Габариты,Вес с упаковкой (кг),0.9 кг
212081515,Габариты,Длина упаковки,27 см
212081515,Габариты,Высота упаковки,11 см
212081515,Габариты,Ширина упаковки,10 см
187998611,Основная информация,Цвет,черный; серебристый
187998611,Общие характеристики,Модель,Intension MS-66
187998611,Общие характеристики,Гарантийный срок,10 лет
187998611,Питание,Питание,от аккумулятора; от сети
187998611,Технические особенности,Количество режимов работы,24
187998611,Дополнительная информация,Тип массажера,микротоковый; электроимпульсный; Расслабляющий
187998611,Дополнительная информация,Зона массажа,живот; спина; бедра
187998611,Дополнительная информация,Действие,восстановление; коррекция фигуры; снятие мышечного напряжения
187998611,Дополнительная информация,Мин. продолжительность автономной работы,60 мин
187998611,Дополнительная информация,Доп. опции массажера,электромиостимуляция; эффект иглоукалывания; автовыключение
187998611,Дополнительная информация,Количество роликов,14 электродов
187998611,Дополнительная информация,Комплектация,основной блок; Электроды 50*50 мм - 6 пар; Электроды 50*100 мм - 1 пара; Соединительный провод - 4 шт; USB-кабель; адаптер питания; Мешочек для хранения; руководство пользователя; гарантийный талон
187998611,Дополнительная информация,Страна производства,Китай
187998611,Габариты,Высота предмета,1.5 см
187998611,Габариты,Ширина предмета,6 см
187998611,Габариты,Глубина предмета,13 см
187998611,Габариты,Вес без упаковки (кг),0.4 кг
187998611,Габариты,Вес с упаковкой (кг),0.6 кг
187998611,Габариты,Длина упаковки,15 см
187998611,Габариты,Высота упаковки,7 см
187998611,Габариты,Ширина упаковки,10 см
236596238,Основная информация,Цвет,белый
236596238,Дополнительная информация,Зона массажа,спина; тело; руки
236596238,Габариты,Вес с упаковкой (кг),0.23 кг
236596238,Габариты,Длина упаковки,17 см
236596238,Габариты,Высота упаковки,5 см
236596238,Габариты,Ширина упаковки,11 см
365851028,Основная информация,Цвет,белый
365851028,Общие характеристики,Гарантийный срок,1 год
365851028,Питание,Питание,220В (5А); 3 батарейки ААА; USB-шнур
365851028,Технические особенности,Количество режимов работы,8
365851028,Дополнительная информация,Тип массажера,магнитно-акупунктурный; постукивающий; электроимпульсная
365851028,Дополнительная информация,Зона массажа,ноги; плечи; тело
365851028,Дополнительная информация,Действие,для массажа; для тренировки мышц; для похудения
365851028,Дополнительная информация,Доп. опции массажера,автовыключение; электромиостимуляция; регулируемая скорость
365851028,Дополнительная информация,Комплектация,блок питания; инструкция; Шнуры электроды - 2 шт; Электроды (патчи) - 16 шт; Терапевтические тапочки - 1 шт
365851028,Дополнительная информация,Страна производства,Китай
365851028,Габариты,Вес без упаковки (кг),0.3 кг
365851028,Габариты,Вес с упаковкой (кг),0.58 кг
365851028,Габариты,Длина упаковки,11 см
365851028,Габариты,Высота упаковки,10 см
365851028,Габариты,Ширина упаковки,27 см
114150729,Основная информация,Цвет,белый
114150729,Общие характеристики,Модель,Косметологический аппарат В-333
114150729,Питание,Питание,от сети
114150729,Насадки,Количество насадок в комплекте,24
114150729,Дополнительная информация,Назначение косметического прибора,лимфодренаж; массаж; против целлюлита
114150729,Дополнительная информация,Вид воздействия,электронейростимуляция
114150729,Дополнительная информация,Область применения,для всего тела; для груди; для лица
114150729,Дополнительная информация,Комплектация,"косметологическое оборудование; аппарат миостимуляции-1шт; Электроды (долговечные, сменные) -10 шт; кабели для подключения -1 комплект; Руководство пользователя на русском языке; гарантийный талон; Упаковка (транспортировочная коробка)"
114150729,Дополнительная информация,Страна производства,Китай
114150729,Габариты,Высота предмета,46 см
114150729,Габариты,Ширина предмета,39 см
114150729,Габариты,Глубина предмета,21 см
114150729,Габариты,Вес товара с упаковкой (г),5900 г
114150729,Габариты,Длина упаковки,46 см
114150729,Габариты,Высота упаковки,22 см
114150729,Габариты,Ширина упаковки,40 см
306073689,Основная информация,Цвет,черный; серебристый
306073689,Общие характеристики,Гарантийный срок,10 лет
306073689,Питание,Питание,от аккумулятора; от сети
306073689,Технические особенности,Количество режимов работы,24
306073689,Дополнительная информация,Тип массажера,микротоковый; электроимпульсный; Расслабляющий
306073689,Дополнительная информация,Зона массажа,живот; спина; ноги
306073689,Дополнительная информация,Действие,восстановление; коррекция фигуры; снятие мышечного напряжения
306073689,Дополнительная информация,Мин. продолжительность автономной работы,60 мин
306073689,Дополнительная информация,Доп. опции массажера,электромиостимуляция; эффект иглоукалывания; автовыключение
306073689,Дополнительная информация,Количество роликов,14 электродов
306073689,Дополнительная информация,Комплектация,основной блок; Электроды 50*50 мм - 6 пар; Электроды 50*100 мм - 1 пара; Соединительный провод - 4 шт; USB-кабель; адаптер питания; Мешочек для хранения; руководство пользователя; гарантийный талон
306073689,Дополнительная информация,Страна производства,Китай
306073689,Габариты,Высота предмета,1.5 см
306073689,Габариты,Ширина предмета,6 см
306073689,Габариты,Глубина предмета,13 см
306073689,Габариты,Вес без упаковки (кг),0.9 кг
306073689,Габариты,Вес с упаковкой (кг),1 кг
306073689,Габариты,Длина упаковки,34 см
306073689,Габариты,Высота упаковки,8 см
306073689,Габариты,Ширина упаковки,22 см
260607223,Основная информация,Цвет,черный
260607223,Общие характеристики,Модель,микротоковый аппарат для терапии
260607223,Общие характеристики,Гарантийный срок,1 год
260607223,Питание,Питание,от аккумулятора; от сети; от прикуривателя автомобиля
260607223,Технические особенности,Количество режимов работы,6 режимов
260607223,Дополнительная информация,Тип массажера,электроимпульсный; миостимулятор; микротоковой
260607223,Дополнительная информация,Зона массажа,руки; ноги; бедра
260607223,Дополнительная информация,Форма массажера,манжета
260607223,Дополнительная информация,Действие,восстановление; физиотерапия; электростимуляция
260607223,Дополнительная информация,Доп. опции массажера,восстановление подвижности конечностей; для реабилитации после инсульта; инвалид
260607223,Дополнительная информация,Комплектация,стимулятор; ремень; провод usb; распылитель; удлинитель ремня; тренажерный мячик для руки
260607223,Дополнительная информация,Страна производства,Китай
260607223,Дополнительная информация,Срок эксплуатации,5 лет
260607223,Габариты,Высота предмета,18 см
260607223,Габариты,Ширина предмета,18 см
260607223,Габариты,Глубина предмета,4 см
260607223,Габариты,Вес без упаковки (кг),0.25 кг
260607223,Габариты,Вес с упаковкой (кг),0.33 кг
260607223,Габариты,Длина упаковки,20 см
260607223,Габариты,Высота упаковки,6 см
260607223,Габариты,Ширина упаковки,15 см
418581928,Основная информация,Цвет,черный
418581928,Общие характеристики,Гарантийный срок,1 мес
418581928,Питание,Питание,от аккумулятора
418581928,Технические особенности,Количество режимов работы,8
418581928,Насадки,Количество насадок,2 шт.
418581928,Дополнительная информация,Тип массажера,электроимпульсный
418581928,Дополнительная информация,Зона массажа,живот; спина; шея
418581928,Дополнительная информация,Форма массажера,бабочка
418581928,Дополнительная информация,Действие,коррекция фигуры; против растяжек; против морщин
418581928,Дополнительная информация,Мин. продолжительность автономной работы,15 мин
418581928,Дополнительная информация,Доп. опции массажера,автовыключение; дисплей
418581928,Дополнительная информация,Комплектация,Массажер бабочка миостимулятор 2 шт; сменные пластины 2 шт
418581928,Дополнительная информация,Страна производства,Китай
418581928,Дополнительная информация,Срок эксплуатации,1 год
418581928,Габариты,Высота предмета,16 см
418581928,Габариты,Ширина предмета,5 см
418581928,Габариты,Глубина предмета,1 см
418581928,Габариты,Вес без упаковки (кг),0.3 кг
418581928,Габариты,Вес с упаковкой (кг),0.34 кг
418581928,Габариты,Длина упаковки,16 см
418581928,Габариты,Высота упаковки,5 см
418581928,Габариты,Ширина упаковки,12 см
418588315,Основная информация,Цвет,черный
418588315,Общие характеристики,Гарантийный срок,1 мес
418588315,Питание,Питание,от аккумулятора
418588315,Технические особенности,Количество режимов работы,8
418588315,Насадки,Количество насадок,2 шт.
418588315,Дополнительная информация,Тип массажера,электроимпульсный
418588315,Дополнительная информация,Зона массажа,живот; спина; бедра
418588315,Дополнительная информация,Форма массажера,бабочка
418588315,Дополнительная информация,Действие,коррекция фигуры; против растяжек; против морщин
418588315,Дополнительная информация,Мин. продолжительность автономной работы,15 мин
418588315,Дополнительная информация,Доп. опции массажера,автовыключение; дисплей
418588315,Дополнительная информация,Комплектация,Массажер бабочка миостимулятор 2 шт; сменные пластины 2 шт
418588315,Дополнительная информация,Страна производства,Китай
418588315,Дополнительная информация,Срок эксплуатации,1 год
418588315,Габариты,Высота предмета,16 см
418588315,Габариты,Ширина предмета,5 см
418588315,Габариты,Глубина предмета,1 см
418588315,Габариты,Вес без упаковки (кг),0.1 кг
418588315,Габариты,Вес с упаковкой (кг),0.3 кг
418588315,Габариты,Длина упаковки,16 см
418588315,Габариты,Высота упаковки,4 см
418588315,Габариты,Ширина упаковки,13 см
314738795,Основная информация,Цвет,серый
314738795,Общие характеристики,Модель,Миостимулятор - микротоковый массажер для красоты и здоровья
314738795,Питание,Питание,от батареек; от сети
314738795,Технические особенности,Количество режимов работы,15 режимов; 8 программ; 4 электрода-насадки
314738795,Дополнительная информация,Тип массажера,вибромассажер; электроимпульсный; микротоковый
314738795,Дополнительная информация,Зона массажа,бедра; живот; ягодицы
314738795,Дополнительная информация,Действие,Укрепление и восстановление мышц; похудение и снятие отечности; реабилитация после инсульта и травм
314738795,Дополнительная информация,Комплектация,Инструмент для терапии Цифровой меридиан; аппликаторы электроды 4 шт; кабель питания от сети USB
314738795,Дополнительная информация,Страна производства,Китай
314738795,Габариты,Вес без упаковки (кг),0.2 кг
314738795,Габариты,Вес с упаковкой (кг),0.4 кг
314738795,Габариты,Длина упаковки,24 см
314738795,Габариты,Высота упаковки,5 см
314738795,Габариты,Ширина упаковки,20 см
85701168,Материалы,Материал изделия,ABS (пластик)
85701168,Дополнительная информация,Страна производства,Великобритания
85701168,Дополнительная информация,Комплектация,инструкция; сумка для хранения; Зонд; тренажер; батарейки 2 шт
85701168,Габариты,Длина упаковки,21 см
85701168,Габариты,Высота упаковки,6 см
85701168,Габариты,Ширина упаковки,18 см
418584790,Основная информация,Цвет,черный
418584790,Общие характеристики,Гарантийный срок,1 мес
418584790,Питание,Питание,от аккумулятора
418584790,Технические особенности,Количество режимов работы,8
418584790,Насадки,Количество насадок,1 шт.
418584790,Дополнительная информация,Тип массажера,электроимпульсный
418584790,Дополнительная информация,Зона массажа,живот; спина; шея
418584790,Дополнительная информация,Форма массажера,бабочка
418584790,Дополнительная информация,Действие,коррекция фигуры; против растяжек; тренировка мышц
418584790,Дополнительная информация,Мин. продолжительность автономной работы,15 мин
418584790,Дополнительная информация,Доп. опции массажера,автовыключение; дисплей
418584790,Дополнительная информация,Комплектация,Тренажер бабочка; пульт управления; дополнительная сменная пластина
418584790,Дополнительная информация,Страна производства,Китай
418584790,Дополнительная информация,Срок эксплуатации,1 год
418584790,Габариты,Высота предмета,16 см
418584790,Габариты,Ширина предмета,5.2 см
418584790,Габариты,Глубина предмета,1 см
418584790,Габариты,Вес без упаковки (кг),0.12 кг
418584790,Габариты,Вес с упаковкой (кг),0.28 кг
418584790,Габариты,Длина упаковки,16 см
418584790,Габариты,Высота упаковки,3 см
418584790,Габариты,Ширина упаковки,13 см
313142574,Общие характеристики,Модель,Rehab Glove EMS
313142574,Дополнительная информация,Вид реабилитационного тренажера,"Зона применения: Предплечье, запястье, икроножные мышцы, колено, бедра; Действие: Микротоковый массаж и миостимуляция; Количество режимов: 6"
313142574,Дополнительная информация,Страна производства,Китай
313142574,Дополнительная информация,Назначение тренажера,Количество уровней интенсивности: 19; Выходное напряжение: 5 В; Зарядка: Type-C
313142574,Дополнительная информация,Комплектация,Cтимулятор - 1 шт; Ремень - 1 шт; Провод USB - 1 шт Распылитель - 1 шт; Удлинитель ремня - 1 шт; Блок питания зарядки - 1 шт
313142574,Габариты,Вес с упаковкой (кг),0.3 кг
313142574,Габариты,Длина упаковки,20 см
313142574,Габариты,Высота упаковки,5 см
313142574,Габариты,Ширина упаковки,15 см
281044797,Габариты,Вес с упаковкой (кг),0.23 кг
281044797,Габариты,Длина упаковки,15 см
281044797,Габариты,Высота упаковки,5 см
281044797,Габариты,Ширина упаковки,10 см
321178342,Основная информация,Цвет,белый
321178342,Общие характеристики,Модель,EMS 200
321178342,Общие характеристики,Гарантийный срок,14 дней
321178342,Питание,Питание,USB; от батареек; от сети
321178342,Технические особенности,Количество режимов работы,8
321178342,Насадки,Количество насадок,2 шт.
321178342,Дополнительная информация,Тип массажера,электроимпульсный; вибромассажер; электрический массажер
321178342,Дополнительная информация,Зона массажа,бедра; живот; плечи
321178342,Дополнительная информация,Действие,восстановление; улучшение кровообращения; упругость
321178342,Дополнительная информация,Мин. продолжительность автономной работы,15 мин
321178342,Дополнительная информация,Доп. опции массажера,электромиостимуляция; эффект иглоукалывания; перкуссионный
321178342,Дополнительная информация,Количество роликов,для похудения; массаж для кровообращения
321178342,Дополнительная информация,Комплектация,массажер-1шт; провод для подключения электродов к массажеры-1шт; Шнур для зарядки-1шт; подставка для хранения электродов; Адаптер-1шт
321178342,Дополнительная информация,Страна производства,Китай
321178342,Габариты,Вес с упаковкой (кг),0.25 кг
321178342,Габариты,Длина упаковки,20 см
321178342,Габариты,Высота упаковки,20 см
321178342,Габариты,Ширина упаковки,8 см
353888946,Дополнительная информация,Страна производства,Китай
353888946,Дополнительная информация,Цвет,Белый
353888946,Дополнительная информация,Назначение косметического прибора,Аппарат миостимуляции для тела; Формирование фигуры; уход за телом
353888946,Дополнительная информация,Возрастные ограничения,16+
353888946,Дополнительная информация,Область применения,для всего тела; для груди; для ног
353888946,Дополнительная информация,Противопоказания,ОРВИ; онкозаболевания желудка; периоды беременности и лактации
353888946,Габариты,Длина упаковки,29 см
353888946,Габариты,Высота упаковки,22 см
353888946,Габариты,Ширина упаковки,31 см
147669017,Общие характеристики,Модель,массажер; Миостимулятор; Миоток
147669017,Общие характеристики,Гарантийный срок,массажер для поясницы; массажер миостимулятор; 1 год
147669017,Питание,Питание,USB; от аккумулятора
147669017,Технические особенности,Количество режимов работы,24 режима массажа; 20 уровней интенсивности
147669017,Насадки,Количество насадок,6 шт.
147669017,Дополнительная информация,Тип массажера,электрический; мышечный; электроимпульсный
147669017,Дополнительная информация,Зона массажа,Плечи / Шея / Спина / Ягодицы; Спина / Живот / Поясница
147669017,Дополнительная информация,Действие,"Массаж спины, шеи, тела и лица; Массаж для похудения и против целлюлита; Массажёр для омоложения"
147669017,Дополнительная информация,Мин. продолжительность автономной работы,240 мин
147669017,Дополнительная информация,Доп. опции массажера,тренажеры; тренажер для пресса; тренажеры и фитнес
147669017,Дополнительная информация,Комплектация,"Миостимулятор 1шт. Электроды 6шт, Кабель USB 1шт; Адаптер 220V; Инструкция на русском языке; кабель для электродов 2 шт"
147669017,Дополнительная информация,Страна производства,Китай
147669017,Габариты,Высота предмета,9 см
147669017,Габариты,Вес без упаковки (кг),0.06 кг
147669017,Габариты,Вес с упаковкой (кг),0.4 кг
147669017,Габариты,Длина упаковки,16 см
147669017,Габариты,Высота упаковки,8 см
147669017,Габариты,Ширина упаковки,9 см
355476774,Основная информация,Цвет,черный матовый
355476774,Общие характеристики,Модель,TENS/EMS massager
355476774,Общие характеристики,Гарантийный срок,1 год
355476774,Питание,Питание,от аккумулятора
355476774,Технические особенности,Количество режимов работы,28 режимов
355476774,Насадки,Количество насадок,10 шт.
355476774,Дополнительная информация,Тип массажера,электроимпульсный
355476774,Дополнительная информация,Зона массажа,бедра; тело; ноги
355476774,Дополнительная информация,Действие,упругость; укрепление
355476774,Дополнительная информация,Доп. опции массажера,индикация времени до окончания процедуры; регулировка интенсивности; таймер
355476774,Дополнительная информация,Комплектация,миостимулятор; электроды - 10 шт.; провода для электродов - 2 шт.; зарядное устройство; Инструкция на русском языке
355476774,Дополнительная информация,Страна производства,Китай
355476774,Габариты,Высота предмета,12 см
355476774,Габариты,Ширина предмета,6 см
355476774,Габариты,Вес без упаковки (кг),0.09 кг
355476774,Габариты,Вес с упаковкой (кг),0.49 кг
355476774,Габариты,Длина упаковки,15 см
355476774,Габариты,Высота упаковки,7 см
355476774,Габариты,Ширина упаковки,10 см
238025311,Основная информация,Цвет,белый
238025311,Питание,Питание,от батареек; от сети
238025311,Насадки,Количество насадок,2 шт.
238025311,Дополнительная информация,Тип массажера,постукивающий; вибромассажер; электроимпульсный
238025311,Дополнительная информация,Зона массажа,живот; спина; тело
238025311,Дополнительная информация,Действие,восстановление; коррекция фигуры; снятие мышечного напряжения
238025311,Дополнительная информация,Доп. опции массажера,вибромассаж; электромиостимуляция; эффект иглоукалывания
238025311,Дополнительная информация,Комплектация,Миостимулятор 1шт.; Электрод 2шт.; Зарядный провод 1шт.; батарейки 2шт.
238025311,Дополнительная информация,Страна производства,Китай
238025311,Габариты,Высота предмета,16 см
238025311,Габариты,Ширина предмета,6 см
238025311,Габариты,Длина упаковки,24 см
238025311,Габариты,Высота упаковки,5 см
238025311,Габариты,Ширина упаковки,20 см
65754115,Основная информация,Цвет,черный
65754115,Общие характеристики,Модель,Smart-FitSmart-Fit
65754115,Питание,Питание,от батареек
65754115,Технические особенности,Количество режимов работы,6 режимов
65754115,Насадки,Количество насадок,3 шт.
65754115,Дополнительная информация,Тип массажера,вибромассажер; электроимпульсный
65754115,Дополнительная информация,Зона массажа,пресс; Предплечья; проблемные зоны для тела
65754115,Дополнительная информация,Действие,"Массаж; коррекция фигуры, омоложение; расслабление"
65754115,Дополнительная информация,Доп. опции массажера,вибромассаж; электромиостимуляция
65754115,Дополнительная информация,Комплектация,3 - шт.; массажер для тела; коробка; накладки 3 штуки
65754115,Дополнительная информация,Страна производства,Китай
65754115,Габариты,Высота предмета,2.5 см
65754115,Габариты,Ширина предмета,15 см
65754115,Габариты,Глубина предмета,2.5 см
65754115,Габариты,Вес без упаковки (кг),0.18 кг
65754115,Габариты,Вес с упаковкой (кг),0.2 кг
65754115,Габариты,Длина упаковки,22 см
65754115,Габариты,Высота упаковки,3 см
65754115,Габариты,Ширина упаковки,20 см
316936466,Основная информация,Цвет,черный
316936466,Общие характеристики,Модель,Антицеллюлитный
316936466,Питание,Питание,USB; от сети
316936466,Технические особенности,Количество режимов работы,8 режимов
316936466,Дополнительная информация,Тип массажера,вибромассажер; электроимпульсный; миостимуляция
316936466,Дополнительная информация,Зона массажа,живот; тело; ягодицы
316936466,Дополнительная информация,Форма массажера,пояс
316936466,Дополнительная информация,Действие,фиксация; укрепление; восстановление
316936466,Дополнительная информация,Мин. продолжительность автономной работы,20 мин
316936466,Дополнительная информация,Доп. опции массажера,автовыключение; вибромассаж; электромиостимуляция
316936466,Дополнительная информация,Комплектация,пояс массажер; контроллер; Кабель питания USB; инструкция к применению
316936466,Дополнительная информация,Страна производства,Китай
316936466,Габариты,Высота предмета,14 см
316936466,Габариты,Ширина предмета,115 см
316936466,Габариты,Глубина предмета,2 см
316936466,Габариты,Вес без упаковки (кг),0.2 кг
316936466,Габариты,Вес с упаковкой (кг),0.2 кг
316936466,Габариты,Длина упаковки,27 см
316936466,Габариты,Высота упаковки,3 см
316936466,Габариты,Ширина упаковки,16 см
381576603,Основная информация,Цвет,белый
381576603,Общие характеристики,Модель,микротоковый массажер цифровой меридиан
381576603,Питание,Питание,от сети; от батареек
381576603,Технические особенности,Количество режимов работы,6 режимов массажа; 6 шт
381576603,Насадки,Количество насадок,4 шт.
381576603,Дополнительная информация,Тип массажера,вибромассажер; микротоковый импульсный миостимулятор; электроимпульсный
381576603,Дополнительная информация,Зона массажа,спина; тело; шея
381576603,Дополнительная информация,Форма массажера,массажный аппарат
381576603,Дополнительная информация,Действие,снятие мышечного напряжения; восстановление; коррекция фигуры
381576603,Дополнительная информация,Мин. продолжительность автономной работы,40 мин
381576603,Дополнительная информация,Доп. опции массажера,вибромассаж; электромиостимуляция; регулировка интенсивности
381576603,Дополнительная информация,Комплектация,кабель питания от сети USB; инструкция; батарейки 3 шт; 2 парных кабеля для электродов; картонная коробка; аппликаторы электроды 4 шт
381576603,Дополнительная информация,Страна производства,Китай
381576603,Габариты,Высота предмета,16 см
381576603,Габариты,Ширина предмета,6 см
381576603,Габариты,Глубина предмета,2 см
381576603,Габариты,Вес без упаковки (кг),0.1 кг
381576603,Габариты,Вес с упаковкой (кг),0.5 кг
381576603,Габариты,Длина упаковки,24 см
381576603,Габариты,Высота упаковки,5 см
381576603,Габариты,Ширина упаковки,19 см
389079589,Основная информация,Цвет,черный
389079589,Габариты,Вес с упаковкой (кг),0.2 кг
389079589,Габариты,Длина упаковки,20 см
389079589,Габариты,Высота упаковки,10 см
389079589,Габариты,Ширина упаковки,10 см
19237483,Основная информация,Цвет,бирюзовый
19237483,Материалы,Материал изделия,пластик; силикон
19237483,Дополнительная информация,Диаметр,28 мм
19237483,Дополнительная информация,Страна производства,Великобритания
19237483,Дополнительная информация,Комплектация,зарядное устройство; аккумулятор; блок управления; соединительные кабели; зонд 1шт.
19237483,Габариты,Длина упаковки,15 см
19237483,Габариты,Высота упаковки,4 см
19237483,Габариты,Ширина упаковки,20 см
179825304,Габариты,Длина упаковки,16 см
179825304,Габариты,Высота упаковки,6 см
179825304,Габариты,Ширина упаковки,8 см
267674032,Питание,Питание,от батареек; от сети
267674032,Технические особенности,Количество режимов работы,8 режимов
267674032,Дополнительная информация,Тип массажера,электроимпульсный
267674032,Дополнительная информация,Зона массажа,тело; спина; стопы
267674032,Дополнительная информация,Действие,улучшение кровообращения; питание
267674032,Дополнительная информация,Комплектация,массажер; Тапочки-электроды; перчатки-электроды; носки-электроды; Нарукавники-электроды; 16 липучек электродов; Два шнура для накладок; Адаптер к массажеру
267674032,Дополнительная информация,Страна производства,Китай
267674032,Габариты,Вес с упаковкой (кг),1 кг
267674032,Габариты,Длина упаковки,28 см
267674032,Габариты,Высота упаковки,11 см
267674032,Габариты,Ширина упаковки,11 см
190597588,Общие характеристики,Модель,миостимулятор для пресса и ягодиц
190597588,Питание,Питание,от аккумулятора; зарядка от USB кабеля
190597588,Технические особенности,Количество режимов работы,8
190597588,Дополнительная информация,Тип массажера,вибромассажер; электроимпульсный
190597588,Дополнительная информация,Зона массажа,"руки, шея, плечи; спина, поясница, ноги; пресс и ягодицы"
190597588,Дополнительная информация,Действие,"коррекция фигуры; уменьшение дряблости кожи, увеличение мышечной массы; Укрепление мышц"
190597588,Дополнительная информация,Мин. продолжительность автономной работы,15 мин
190597588,Дополнительная информация,Доп. опции массажера,беспроводной массаж; вибромассаж; антицеллюлитный массаж
190597588,Дополнительная информация,Комплектация,Электромассажер 1 шт; Кабель юсб 1 шт
190597588,Дополнительная информация,Страна производства,Китай
190597588,Габариты,Ширина предмета,7 см
190597588,Габариты,Вес с упаковкой (кг),0.15 кг
190597588,Габариты,Длина упаковки,16 см
190597588,Габариты,Высота упаковки,3 см
190597588,Габариты,Ширина упаковки,8 см
282095932,Основная информация,Цвет,синий; белый
282095932,Питание,Питание,USB; от сети
282095932,Технические особенности,Количество режимов работы,8 режимов
282095932,Насадки,Количество насадок,4 шт.
282095932,Дополнительная информация,Тип массажера,вибромассажер; электроимпульсный; магнитно-акупунктурный
282095932,Дополнительная информация,Зона массажа,спина; тело; руки
282095932,Дополнительная информация,Действие,снятие мышечного напряжения; моделирование
282095932,Дополнительная информация,Доп. опции массажера,электромиостимуляция; эффект иглоукалывания; вибромассаж
282095932,Дополнительная информация,Комплектация,Массажер миостимулятор - 1 шт.; Шнур USB Type-C - 1 шт.; провода 1 м; электроды - 4 шт.
282095932,Дополнительная информация,Страна производства,Китай
282095932,Габариты,Высота предмета,12 см
282095932,Габариты,Ширина предмета,6 см
282095932,Габариты,Глубина предмета,2 см
282095932,Габариты,Вес без упаковки (кг),0.1 кг
282095932,Габариты,Вес с упаковкой (кг),0.25 кг
282095932,Габариты,Длина упаковки,17 см
282095932,Габариты,Высота упаковки,5 см
282095932,Габариты,Ширина упаковки,11 см
355755700,Основная информация,Цвет,голубой
355755700,Общие характеристики,Модель,002
355755700,Общие характеристики,Гарантийный срок,14 дней
355755700,Питание,Питание,от аккумулятора; от сети
355755700,Технические особенности,Количество режимов работы,6 режимов
355755700,Дополнительная информация,Тип массажера,электро-импульсивный; вибрационный
355755700,Дополнительная информация,Зона массажа,живот; спина; талия
355755700,Дополнительная информация,Форма массажера,пояс
355755700,Дополнительная информация,Действие,коррекция фигуры; упругость; похудение
355755700,Дополнительная информация,Мин. продолжительность автономной работы,15 мин
355755700,Дополнительная информация,Доп. опции массажера,автовыключение; регулировка интенсивности; электромиостимуляция
355755700,Дополнительная информация,Количество роликов,роликов нет
355755700,Дополнительная информация,Комплектация,электрический пояс для похудения; блок управления; пояс регулировка талии; кабель Type-cкабель Type-c; Коробка для стимулятора; тренажер для похудения
355755700,Дополнительная информация,Страна производства,Китай
355755700,Дополнительная информация,Срок эксплуатации,бессрочно
355755700,Габариты,Высота предмета,35 см
355755700,Габариты,Ширина предмета,58 см
355755700,Габариты,Глубина предмета,30 см
355755700,Габариты,Вес с упаковкой (кг),0.5 кг
355755700,Габариты,Длина упаковки,20 см
355755700,Габариты,Высота упаковки,2 см
355755700,Габариты,Ширина упаковки,10 см
169247603,Основная информация,Цвет,розовый; черный
169247603,Общие характеристики,Модель,массажер от целлюлита
169247603,Питание,Питание,от аккумулятора; миостимулятор USB; Массажер электрический
169247603,Технические особенности,Количество режимов работы,10; аппарат для похудения; миостимулятор для тела
169247603,Дополнительная информация,Тип массажера,вибромассажер; миостимулятор; для мышц пресса
169247603,Дополнительная информация,Зона массажа,для спины; миостимулятор для пресса; для живота
169247603,Дополнительная информация,Действие,антицеллюлитный массажер; массажер для тела электрический; массажер для живота похудения
169247603,Дополнительная информация,Мин. продолжительность автономной работы,20 мин
169247603,Дополнительная информация,Доп. опции массажера,вибрационный; Микротоковый; импульсный
169247603,Дополнительная информация,Комплектация,Массажер электрический - 1 шт; USB - кабель для зарядки - 1 шт; Инструкция на русском языке - 1 шт
169247603,Габариты,Высота предмета,4 см
169247603,Габариты,Ширина предмета,24 см
169247603,Габариты,Глубина предмета,4 см
169247603,Габариты,Вес без упаковки (кг),0.3 кг
169247603,Габариты,Вес с упаковкой (кг),0.5 кг
169247603,Габариты,Длина упаковки,13 см
169247603,Габариты,Высота упаковки,5 см
169247603,Габариты,Ширина упаковки,25 см
199860699,Основная информация,Цвет,черный
199860699,Общие характеристики,Модель,МассажНогEMS
199860699,Питание,Питание,от аккумулятора
199860699,Технические особенности,Количество режимов работы,9
199860699,Дополнительная информация,Тип массажера,электроимпульсный
199860699,Дополнительная информация,Зона массажа,стопы
199860699,Дополнительная информация,Форма массажера,напольная платформа
199860699,Дополнительная информация,Действие,снятие мышечного напряжения; тонизирование; улучшение кровообращения
199860699,Дополнительная информация,Мин. продолжительность автономной работы,15 мин
199860699,Дополнительная информация,Доп. опции массажера,автовыключение; электромиостимуляция; эффект иглоукалывания
199860699,Дополнительная информация,Комплектация,"Массажный коврик, Инструкция на русском языке, Блок управления, USB кабель"
199860699,Дополнительная информация,Страна производства,Китай
199860699,Габариты,Высота предмета,3 см
199860699,Габариты,Ширина предмета,29 см
199860699,Габариты,Глубина предмета,16 см
199860699,Габариты,Вес без упаковки (кг),0.25 кг
199860699,Габариты,Вес с упаковкой (кг),0.3 кг
199860699,Габариты,Длина упаковки,30 см
199860699,Габариты,Высота упаковки,2 см
199860699,Габариты,Ширина упаковки,17 см
147855472,Основная информация,Цвет,черный
147855472,Общие характеристики,Модель,Миостимулятор EMS-250
147855472,Общие характеристики,Гарантийный срок,3 года
147855472,Питание,Питание,USB
147855472,Технические особенности,Количество режимов работы,2
147855472,Насадки,Количество насадок,1 шт.
147855472,Дополнительная информация,Тип массажера,массажер миостимулятор
147855472,Дополнительная информация,Зона массажа,Мышцы ягодиц
147855472,Дополнительная информация,Действие,"Массаж, миостимулятор, тренажер для мышц"
147855472,Дополнительная информация,Мин. продолжительность автономной работы,5 мин
147855472,Дополнительная информация,Доп. опции массажера,миостимулятор
147855472,Дополнительная информация,Количество роликов,миостимулятор
147855472,Дополнительная информация,Комплектация,Прибор - 1 шт; Инструкция - 1 шт
147855472,Дополнительная информация,Страна производства,Китай
147855472,Габариты,Высота предмета,2 см
147855472,Габариты,Ширина предмета,19 см
147855472,Габариты,Глубина предмета,5 см
147855472,Габариты,Вес без упаковки (кг),0.04 кг
147855472,Габариты,Вес с упаковкой (кг),0.3 кг
147855472,Габариты,Длина упаковки,33 см
147855472,Габариты,Высота упаковки,27 см
147855472,Габариты,Ширина упаковки,6 см
211950533,Основная информация,Цвет,глубокий черный
211950533,Общие характеристики,Модель,Trainer
211950533,Общие характеристики,Гарантийный срок,6 месяцев
211950533,Питание,Питание,от батареек
211950533,Технические особенности,Количество режимов работы,6
211950533,Дополнительная информация,Тип массажера,электроимпульсный; вибромассажер; тепловой
211950533,Дополнительная информация,Зона массажа,пресс; живот; тело
211950533,Дополнительная информация,Действие,Массажер электрический для тела; стимуляция мышц; тренажер для похудения
211950533,Дополнительная информация,Доп. опции массажера,вибромассаж; электромиостимуляция; Регулируемая скорость
211950533,Дополнительная информация,Количество роликов,6
211950533,Дополнительная информация,Комплектация,Электро токовый массажер для пресса; Пульт
211950533,Дополнительная информация,Страна производства,Китай
211950533,Габариты,Длина упаковки,23 см
211950533,Габариты,Высота упаковки,20 см
211950533,Габариты,Ширина упаковки,3 см
351587032,Основная информация,Цвет,голубой
351587032,Общие характеристики,Гарантийный срок,14 дней
351587032,Питание,Питание,от аккумулятора
351587032,Технические особенности,Количество режимов работы,6
351587032,Дополнительная информация,Тип массажера,электроимпульсный
351587032,Дополнительная информация,Зона массажа,тело; ягодицы; живот
351587032,Дополнительная информация,Форма массажера,пояс
351587032,Дополнительная информация,Действие,коррекция фигуры; лифтинг; укрепление
351587032,Дополнительная информация,Доп. опции массажера,регулировка интенсивности; пульт ДУ
351587032,Дополнительная информация,Комплектация,пояс-миостимулятор; Пульт; подарочная упаковка
351587032,Дополнительная информация,Страна производства,Китай
351587032,Габариты,Высота предмета,8.5 см
351587032,Габариты,Ширина предмета,127 см
351587032,Габариты,Глубина предмета,0.1 см
351587032,Габариты,Вес с упаковкой (кг),0.35 кг
351587032,Габариты,Длина упаковки,27 см
351587032,Габариты,Высота упаковки,4 см
351587032,Габариты,Ширина упаковки,18 см
154413759,Общие характеристики,Модель,мини массажер тренажер
154413759,Дополнительная информация,Страна производства,Китай
154413759,Габариты,Вес без упаковки (кг),0.05 кг
154413759,Габариты,Вес с упаковкой (кг),0.09 кг
154413759,Габариты,Длина упаковки,8 см
154413759,Габариты,Высота упаковки,2 см
154413759,Габариты,Ширина упаковки,5 см
218561678,Общие характеристики,Модель,Trainer
218561678,Общие характеристики,Гарантийный срок,6 месяцев
218561678,Питание,Питание,от батареек
218561678,Технические особенности,Количество режимов работы,6
218561678,Дополнительная информация,Тип массажера,электроимпульсный; вибромассажер; тепловой
218561678,Дополнительная информация,Зона массажа,пресс; живот; тело
218561678,Дополнительная информация,Действие,Массажер электрический для тела; стимуляция мышц; тренажер для похудения
218561678,Дополнительная информация,Доп. опции массажера,вибромассаж; электромиостимуляция; Регулируемая скорость
218561678,Дополнительная информация,Количество роликов,6
218561678,Дополнительная информация,Комплектация,Электро токовый массажер для пресса; Пульт
218561678,Дополнительная информация,Страна производства,Китай
218561678,Габариты,Длина упаковки,24 см
218561678,Габариты,Высота упаковки,4 см
218561678,Габариты,Ширина упаковки,21 см
207684394,Основная информация,Цвет,черный
207684394,Питание,Питание,от батареек; ААА 2 шт
207684394,Технические особенности,Количество режимов работы,4 шт.
207684394,Дополнительная информация,Тип массажера,вибромассажер
207684394,Дополнительная информация,Зона массажа,живот; бедра; руки
207684394,Дополнительная информация,Действие,коррекция фигуры; лифтинг; упругость
207684394,Дополнительная информация,Доп. опции массажера,вибромассаж; электромиостимуляция
207684394,Дополнительная информация,Комплектация,Три вибромассажера + три накладки - 1 шт
207684394,Дополнительная информация,Страна производства,Китай
207684394,Габариты,Вес с упаковкой (кг),0.4 кг
207684394,Габариты,Длина упаковки,24 см
207684394,Габариты,Высота упаковки,4 см
207684394,Габариты,Ширина упаковки,21 см
216256641,Основная информация,Цвет,белый
216256641,Общие характеристики,Модель,VACU NeoBody
216256641,Общие характеристики,Гарантийный срок,1 год
216256641,Питание,Питание,Li-Ion аккумулятор
216256641,Технические особенности,Количество режимов работы,3
216256641,Насадки,Количество насадок,5 шт.
216256641,Дополнительная информация,Тип массажера,вакуумный; вибромассажер; Антицеллюлитный
216256641,Дополнительная информация,Зона массажа,тело; ягодицы; ноги
216256641,Дополнительная информация,Действие,коррекция фигуры; для похудения; против растяжек
216256641,Дополнительная информация,Мин. продолжительность автономной работы,15 мин
216256641,Дополнительная информация,Доп. опции массажера,Антицеллюлитный; лимфодренаж; массажер электрический
216256641,Дополнительная информация,Комплектация,Вакуумный массажер Gezatone VACU NeoBody – 1 шт.; Сменные насадки – 5 шт.; Инструкция по эксплуатации – 1 шт.; Гарантийный талон - 1 шт.
216256641,Дополнительная информация,Страна производства,Тайвань
216256641,Габариты,Вес без упаковки (кг),0.32 кг
216256641,Габариты,Вес с упаковкой (кг),0.6 кг
216256641,Габариты,Длина упаковки,23 см
216256641,Габариты,Высота упаковки,8 см
216256641,Габариты,Ширина упаковки,16 см
248288568,Основная информация,Цвет,белый
248288568,Общие характеристики,Модель,электромассажер
248288568,Питание,Питание,от батареек; от сети
248288568,Технические особенности,Количество режимов работы,8 режимов
248288568,Насадки,Количество насадок,4 шт.
248288568,Дополнительная информация,Тип массажера,электроимпульсный; механический
248288568,Дополнительная информация,Зона массажа,бедра; живот; плечи
248288568,Дополнительная информация,Действие,Массаж; электрические импульсы; миостимуляция
248288568,Дополнительная информация,Мин. продолжительность автономной работы,100 мин
248288568,Дополнительная информация,Доп. опции массажера,ударный; электромиостимуляция; электрофорез
248288568,Дополнительная информация,Количество роликов,без роликов
248288568,Дополнительная информация,Комплектация,Цифровой меридиан; Электроды; 4; шт; адаптер; батарейки; подставка
248288568,Дополнительная информация,Страна производства,Китай
248288568,Габариты,Высота предмета,10 см
248288568,Габариты,Ширина предмета,8 см
248288568,Габариты,Глубина предмета,5 см
248288568,Габариты,Вес без упаковки (кг),0.2 кг
248288568,Габариты,Вес с упаковкой (кг),0.4 кг
248288568,Габариты,Длина упаковки,24 см
248288568,Габариты,Высота упаковки,5 см
248288568,Габариты,Ширина упаковки,20 см
264221158,Общие характеристики,Гарантийный срок,14 дней
264221158,Питание,Питание,USB
264221158,Технические особенности,Количество режимов работы,24
264221158,Дополнительная информация,Действие,восстановление
264221158,Дополнительная информация,Доп. опции массажера,электромиостимуляция
264221158,Дополнительная информация,Страна производства,Китай
264221158,Габариты,Вес с упаковкой (кг),0.2 кг
264221158,Габариты,Длина упаковки,17 см
264221158,Габариты,Высота упаковки,7 см
264221158,Габариты,Ширина упаковки,11 см
322913969,Основная информация,Цвет,белый; синий
322913969,Общие характеристики,Гарантийный срок,12
322913969,Питание,Питание,от аккумулятора; от батареек; от сети
322913969,Технические особенности,Количество режимов работы,8 режимов; 16 режимов
322913969,Насадки,Количество насадок,2 шт.
322913969,Дополнительная информация,Тип массажера,электроимпульсный; ультразвуковой; вибрационный
322913969,Дополнительная информация,Зона массажа,тело; спина; живот
322913969,Дополнительная информация,Действие,восстановление; улучшение кровообращения; снятие мышечного напряжения
322913969,Дополнительная информация,Мин. продолжительность автономной работы,180 мин
322913969,Дополнительная информация,Доп. опции массажера,автовыключение; электромиостимуляция; эффект иглоукалывания
322913969,Дополнительная информация,Комплектация,массажер миостимулятор; кабель; Электроды; упаковка
322913969,Дополнительная информация,Страна производства,Китай
322913969,Габариты,Высота предмета,5 см
322913969,Габариты,Ширина предмета,17 см
322913969,Габариты,Глубина предмета,5 см
322913969,Габариты,Вес без упаковки (кг),0.04 кг
322913969,Габариты,Вес с упаковкой (кг),0.05 кг
322913969,Габариты,Длина упаковки,24 см
322913969,Габариты,Высота упаковки,5 см
322913969,Габариты,Ширина упаковки,19 см
312901173,Основная информация,Цвет,белый
312901173,Габариты,Вес с упаковкой (кг),0.23 кг
312901173,Габариты,Длина упаковки,24 см
312901173,Габариты,Высота упаковки,5 см
312901173,Габариты,Ширина упаковки,19 см
225747953,Дополнительная информация,Страна производства,Китай
225747953,Дополнительная информация,Назначение косметического прибора,миостимуляции; Аппарат для миостимуляции
225747953,Дополнительная информация,Цвет,Теплый серый
225747953,Габариты,Длина упаковки,47 см
225747953,Габариты,Высота упаковки,22 см
225747953,Габариты,Ширина упаковки,41 см
251230891,Основная информация,Цвет,черный; серебристый
251230891,Общие характеристики,Модель,VOXORIA MIO
251230891,Общие характеристики,Гарантийный срок,1 год на устройство
251230891,Питание,Питание,от аккумулятора
251230891,Технические особенности,Количество режимов работы,36 режимов
251230891,Насадки,Количество насадок,10 шт.
251230891,Дополнительная информация,Тип массажера,электроимпульсный
251230891,Дополнительная информация,Зона массажа,тело; ноги; спина
251230891,Дополнительная информация,Действие,коррекция фигуры; снятие мышечного напряжения; снятие отечности
251230891,Дополнительная информация,Мин. продолжительность автономной работы,600 мин
251230891,Дополнительная информация,Доп. опции массажера,автовыключение; таймер; электромиостимуляция
251230891,Дополнительная информация,Комплектация,Миостимулятор - 1 шт; Электроды - 10 шт; кабель для электродов - 2 шт; кабель для зарядки - 1 шт; Блок питания - 1 шт; коробка - 1 шт; Инструкция - 1 шт
251230891,Дополнительная информация,Страна производства,Китай
251230891,Габариты,Высота предмета,12 см
251230891,Габариты,Ширина предмета,6 см
251230891,Габариты,Глубина предмета,1 см
251230891,Габариты,Вес без упаковки (кг),0.85 кг
251230891,Габариты,Вес с упаковкой (кг),0.4 кг
251230891,Габариты,Длина упаковки,17 см
251230891,Габариты,Высота упаковки,9 см
251230891,Габариты,Ширина упаковки,9 см
226314337,Дополнительная информация,Комплектация,тренажёр Eva (1 шт.); соединительные провода (L-CPT) (2 шт.); 4 электродных контакта 50x50 мм (E-CM5050); 4 электродных контакта для лица 30x50 мм (E-CM3050); 10 циркулярных электродных контактов диаметром 25 мм (E-CM25); щелочные батарейки AA напряжением 1.5 В (2 шт.); отделяемое поясное крепление (1 шт.); Сумка для хранения (1 шт.); Руководство пользователя (1 шт.)
226314337,Дополнительная информация,Страна производства,Великобритания
226314337,Габариты,Вес товара с упаковкой (г),500 г
226314337,Габариты,Длина упаковки,21 см
226314337,Габариты,Высота упаковки,6 см
226314337,Габариты,Ширина упаковки,18 см
360630281,Основная информация,Цвет,черный
360630281,Общие характеристики,Модель,Biolift4 M13
360630281,Общие характеристики,Гарантийный срок,1 год
360630281,Питание,Питание,от аккумулятора
360630281,Технические особенности,Количество режимов работы,10
360630281,Дополнительная информация,Тип массажера,электроимпульсный
360630281,Дополнительная информация,Зона массажа,живот; тело
360630281,Дополнительная информация,Форма массажера,пояс
360630281,Дополнительная информация,Действие,укрепление; моделирование; восстановление
360630281,Дополнительная информация,Доп. опции массажера,дисплей; индикация включения; регулировка интенсивности
360630281,Дополнительная информация,Комплектация,Пояс с электродами; пульт управления; Сумочка для переноски; инструкция по эксплуатации; провод зарядки
360630281,Дополнительная информация,Страна производства,Тайвань
360630281,Дополнительная информация,Срок эксплуатации,3 года
360630281,Габариты,Высота предмета,27 см
360630281,Габариты,Ширина предмета,8 см
360630281,Габариты,Глубина предмета,18 см
360630281,Габариты,Вес без упаковки (кг),0.7 кг
360630281,Габариты,Вес с упаковкой (кг),0.7 кг
360630281,Габариты,Длина упаковки,27 см
360630281,Габариты,Высота упаковки,8 см
360630281,Габариты,Ширина упаковки,18 см
387714846,Основная информация,Цвет,белый
387714846,Общие характеристики,Модель,Миостимулятор для тела
387714846,Общие характеристики,Гарантийный срок,1 год
387714846,Питание,Питание,от сети
387714846,Технические особенности,Количество режимов работы,5
387714846,Насадки,Количество насадок,1 шт.
387714846,Дополнительная информация,Тип массажера,вибромассажер; микротоковый массажер для тела; тепловой
387714846,Дополнительная информация,Зона массажа,живот; ягодицы; тело
387714846,Дополнительная информация,Форма массажера,ручной электромассажер
387714846,Дополнительная информация,Действие,коррекция фигуры; против растяжек и целлюлита; для похудения
387714846,Дополнительная информация,Доп. опции массажера,вибромассаж; термолифтинг; rf-лифтинг тела
387714846,Дополнительная информация,Комплектация,Инструкция на русском языке; массажер электрический
387714846,Дополнительная информация,Страна производства,Китай
387714846,Габариты,Высота предмета,10 см
387714846,Габариты,Ширина предмета,12 см
387714846,Габариты,Глубина предмета,18 см
387714846,Габариты,Вес без упаковки (кг),0.47 кг
387714846,Габариты,Вес с упаковкой (кг),0.5 кг
387714846,Габариты,Длина упаковки,19 см
387714846,Габариты,Высота упаковки,11 см
387714846,Габариты,Ширина упаковки,13 см
315410371,Основная информация,Цвет,белый
315410371,Общие характеристики,Модель,электромассажер
315410371,Питание,Питание,от батареек; от сети
315410371,Технические особенности,Количество режимов работы,8 режимов
315410371,Насадки,Количество насадок,2 шт.
315410371,Дополнительная информация,Тип массажера,электроимпульсный; механический
315410371,Дополнительная информация,Зона массажа,бедра; живот; плечи
315410371,Дополнительная информация,Действие,Массаж; электрические импульсы; миостимуляция
315410371,Дополнительная информация,Мин. продолжительность автономной работы,100 мин
315410371,Дополнительная информация,Доп. опции массажера,ударный; электромиостимуляция; электрофорез
315410371,Дополнительная информация,Количество роликов,без роликов
315410371,Дополнительная информация,Комплектация,Цифровой меридиан; электроды 2шт; адаптер; батарейки; подставка
315410371,Дополнительная информация,Страна производства,Китай
315410371,Габариты,Высота предмета,10 см
315410371,Габариты,Ширина предмета,8 см
315410371,Габариты,Глубина предмета,2 см
315410371,Габариты,Вес без упаковки (кг),0.2 кг
315410371,Габариты,Вес с упаковкой (кг),0.4 кг
315410371,Габариты,Длина упаковки,24 см
315410371,Габариты,Высота упаковки,5 см
315410371,Габариты,Ширина упаковки,20 см
231599744,Общие характеристики,Модель,BT804
231599744,Питание,Питание,от батареек; от сети
231599744,Технические особенности,Количество режимов работы,12 функций; 8 программ
231599744,Дополнительная информация,Тип массажера,электроимпульсный; акупунктурный; миостимуляция
231599744,Дополнительная информация,Зона массажа,живот; руки; для интимных зон
231599744,Дополнительная информация,Действие,восстановление; снятие мышечного напряжения; снятие отечности
231599744,Дополнительная информация,Доп. опции массажера,электрод вагинальный женский здоровья; автовыключение; электромиостимуляция
231599744,Дополнительная информация,Комплектация,миостимулятор; 1 пара перчаток М; патчи 4шт; зонд электрод 1шт; провод переходник 3 шт; адаптер; Батарейки.
231599744,Дополнительная информация,Страна производства,Китай
231599744,Габариты,Вес с упаковкой (кг),0.5 кг
231599744,Габариты,Длина упаковки,19 см
231599744,Габариты,Высота упаковки,5 см
231599744,Габариты,Ширина упаковки,19 см
209568635,Основная информация,Цвет,черный
209568635,Дополнительная информация,Зона массажа,бедра; живот; ноги
209568635,Дополнительная информация,Действие,коррекция фигуры; Лечение целлюлита; стимуляция мышц электронными импульсами
209568635,Дополнительная информация,Комплектация,пояс-миостимулятор
209568635,Дополнительная информация,Страна производства,Китай
209568635,Габариты,Длина упаковки,24 см
209568635,Габариты,Высота упаковки,4 см
209568635,Габариты,Ширина упаковки,21 см
252040073,Основная информация,Цвет,белый
252040073,Общие характеристики,Модель,Mionica
252040073,Питание,Питание,полимерный калиевый аккумулятор
252040073,Дополнительная информация,Действие,укрепление; восстановление
252040073,Дополнительная информация,Доп. опции массажера,"Параметры таймера: 10 минут, 20 минут, 30 минут, 45 минут, 60 и 90 минут"
252040073,Дополнительная информация,Комплектация,Корпус 1 шт; Вагинальный зонд 1 шт; электропровод 1 шт; Адаптер (включая шнур питания) 1 шт; руководство пользователя 1 шт
252040073,Габариты,Вес с упаковкой (кг),0.5 кг
252040073,Габариты,Длина упаковки,20 см
252040073,Габариты,Высота упаковки,4 см
252040073,Габариты,Ширина упаковки,18 см
303471880,Общие характеристики,Модель,миостимулятор
303471880,Питание,Питание,от батареек
303471880,Дополнительная информация,Тип массажера,вибромассажер; постукивающий; электроимпульсный
303471880,Дополнительная информация,Зона массажа,бедра; живот; тело
303471880,Дополнительная информация,Действие,укрепление; тонизирование; улучшение кровообращения
303471880,Дополнительная информация,Доп. опции массажера,автовыключение; вибромассаж; электромиостимуляция
303471880,Дополнительная информация,Комплектация,тренажер1шт
303471880,Дополнительная информация,Срок эксплуатации,бессрочно
303471880,Габариты,Высота предмета,17 см
303471880,Габариты,Ширина предмета,20 см
303471880,Габариты,Вес без упаковки (кг),0.2 кг
303471880,Габариты,Вес с упаковкой (кг),0.3 кг
303471880,Габариты,Длина упаковки,21 см
303471880,Габариты,Высота упаковки,6 см
303471880,Габариты,Ширина упаковки,18 см
226794955,Дополнительная информация,Комплектация,Тренажер Perfect BEAUTY (1 шт.); соединительные провода (L-CPT) (2 шт.); 4 электродных контакта 50x50 мм (E-CM5050); 4 электродных контакта для лица 30x50 мм (E-CM3050); щелочные батарейки AA напряжением 1.5 В (2 шт.); отделяемое поясное крепление (1 шт.); Сумка для хранения (1 шт.); Руководство пользователя (1 шт.)
226794955,Дополнительная информация,Страна производства,Великобритания
226794955,Габариты,Вес товара с упаковкой (г),500 г
226794955,Габариты,Длина упаковки,21 см
226794955,Габариты,Высота упаковки,6 см
226794955,Габариты,Ширина упаковки,18 см
289722163,Основная информация,Цвет,черный
289722163,Общие характеристики,Модель,Антицеллюлитный
289722163,Питание,Питание,USB; от сети
289722163,Технические особенности,Количество режимов работы,8 режимов
289722163,Дополнительная информация,Тип массажера,вибромассажер; электроимпульсный; миостимуляция
289722163,Дополнительная информация,Зона массажа,живот; тело; ягодицы
289722163,Дополнительная информация,Действие,фиксация; укрепление; восстановление
289722163,Дополнительная информация,Мин. продолжительность автономной работы,20 мин
289722163,Дополнительная информация,Доп. опции массажера,автовыключение; вибромассаж; электромиостимуляция
289722163,Дополнительная информация,Комплектация,пояс массажер; контроллер; Кабель питания USB; инструкция к применению
289722163,Дополнительная информация,Страна производства,Китай
289722163,Габариты,Высота предмета,14 см
289722163,Габариты,Ширина предмета,110 см
289722163,Габариты,Глубина предмета,2 см
289722163,Габариты,Вес без упаковки (кг),0.2 кг
289722163,Габариты,Вес с упаковкой (кг),0.3 кг
289722163,Габариты,Длина упаковки,36 см
289722163,Габариты,Высота упаковки,6 см
289722163,Габариты,Ширина упаковки,18 см
152741697,Основная информация,Цвет,черный
152741697,Общие характеристики,Модель,Medi Lift Plus
152741697,Общие характеристики,Гарантийный срок,1 год
152741697,Питание,Питание,от аккумулятора
152741697,Дополнительная информация,Комплектация,сыворотка YA-MAN Medili Lift Moisture Serum сыворотка для глубокого увлажнения кожи 50 г; Маска из медицинского силикона - 1 шт; EMS контроллер (миостимулятор) - 2 шт; Инструкция на русском языке - 1 шт; Сетевой адаптер - 1 шт
152741697,Дополнительная информация,Страна производства,Япония
152741697,Габариты,Высота предмета,6 см
152741697,Габариты,Вес товара с упаковкой (г),220 г
152741697,Габариты,Длина упаковки,19 см
152741697,Габариты,Высота упаковки,21 см
152741697,Габариты,Ширина упаковки,5 см
259328627,Основная информация,Цвет,серый
259328627,Общие характеристики,Гарантийный срок,массажер миостимулятор
259328627,Питание,Питание,от сети; от батареек; USB (в комплекте)
259328627,Технические особенности,Количество режимов работы,8
259328627,Насадки,Количество насадок,2 шт.
259328627,Дополнительная информация,Тип массажера,Косметический массажер; спортивный постукивающий электроимпульсный; не вибромассажер подушка
259328627,Дополнительная информация,Зона массажа,тело; руки и ноги; спина пресс руки и ноги для пресса
259328627,Дополнительная информация,Действие,массаж тела в домашних условиях; Массаж для похудения и против целлюлита; улучшение метаболизма укрепление мышц и кожи
259328627,Дополнительная информация,Мин. продолжительность автономной работы,20 мин
259328627,Дополнительная информация,Доп. опции массажера,Импульсное вибрационное расслабляющее вибрационный; Оздоровление организма микротоковый массажер; избавление от бессонницы повышение иммунитета перкуссионный
259328627,Дополнительная информация,Количество роликов,без роликов; электроимпульсный тепловой электростимулятор; коррекция фигуры для похудения упругость
259328627,Дополнительная информация,Комплектация,электрический массажер антицеллюлитный для тела; Микротоковый EMS массажный аппарат - 1 шт; USB провод; инструкция; коробка
259328627,Дополнительная информация,Страна производства,Китай
259328627,Габариты,Вес без упаковки (кг),0.7 кг
259328627,Габариты,Вес с упаковкой (кг),1 кг
259328627,Габариты,Длина упаковки,25 см
259328627,Габариты,Высота упаковки,6 см
259328627,Габариты,Ширина упаковки,20 см
313653841,Основная информация,Цвет,белый
313653841,Общие характеристики,Модель,меридиан
313653841,Питание,Питание,от батареек; от сети 220V
313653841,Технические особенности,Количество режимов работы,6 режимов
313653841,Насадки,Количество насадок,4 шт.
313653841,Дополнительная информация,Тип массажера,электрический; Меридиан
313653841,Дополнительная информация,Зона массажа,Все тело шея спина ноги плечи руки ягодицы живо
313653841,Дополнительная информация,Действие,массаж тела в домашних условиях
313653841,Дополнительная информация,Мин. продолжительность автономной работы,40 мин
313653841,Дополнительная информация,Доп. опции массажера,Лечебный; Реалкс; реабилитация
313653841,Дополнительная информация,Количество роликов,без роликов
313653841,Дополнительная информация,Комплектация,"Зарядное устройство, массажер, электроды"
313653841,Дополнительная информация,Страна производства,Китай
313653841,Габариты,Вес с упаковкой (кг),0.3 кг
313653841,Габариты,Длина упаковки,19 см
313653841,Габариты,Высота упаковки,5 см
313653841,Габариты,Ширина упаковки,24 см
248313961,Основная информация,Цвет,черный
248313961,Общие характеристики,Модель,EMS Smart Fitness
248313961,Питание,Питание,от батареек
248313961,Технические особенности,Количество режимов работы,6 режимов
248313961,Насадки,Количество насадок,3 шт.
248313961,Дополнительная информация,Тип массажера,вибромассажер
248313961,Дополнительная информация,Зона массажа,живот; руки
248313961,Дополнительная информация,Действие,стимулятор кровообращения; Массаж; омолаживание
248313961,Дополнительная информация,Доп. опции массажера,вибромассаж
248313961,Дополнительная информация,Комплектация,тренажер миостимулятор
248313961,Дополнительная информация,Страна производства,Китай
248313961,Габариты,Высота предмета,12 см
248313961,Габариты,Ширина предмета,19 см
248313961,Габариты,Глубина предмета,12 см
248313961,Габариты,Вес без упаковки (кг),0.3 кг
248313961,Габариты,Вес с упаковкой (кг),0.3 кг
248313961,Габариты,Длина упаковки,22 см
248313961,Габариты,Высота упаковки,3 см
248313961,Габариты,Ширина упаковки,21 см
272657295,Питание,Питание,от батареек; от сети
272657295,Технические особенности,Количество режимов работы,8 режимов
272657295,Дополнительная информация,Тип массажера,вибромассажер
272657295,Дополнительная информация,Зона массажа,тело; руки; ноги
272657295,Дополнительная информация,Действие,восстановление; укрепление
272657295,Дополнительная информация,Доп. опции массажера,вибромассаж
272657295,Дополнительная информация,Комплектация,массажер; 16 липучек электродов; Два шнура для накладок; Адаптер к массажеру
272657295,Дополнительная информация,Страна производства,Китай
272657295,Габариты,Вес с упаковкой (кг),1 кг
272657295,Габариты,Длина упаковки,18 см
272657295,Габариты,Высота упаковки,8 см
272657295,Габариты,Ширина упаковки,7 см
279668560,Общие характеристики,Гарантийный срок,14 дней
279668560,Питание,Питание,от аккумулятора
279668560,Технические особенности,Количество режимов работы,8 режимов
279668560,Дополнительная информация,Тип массажера,миостимулятор; электростимулятор; пояс для пресса
279668560,Дополнительная информация,Зона массажа,пресс; спина; живот
279668560,Дополнительная информация,Форма массажера,пояс
279668560,Дополнительная информация,Действие,укрепление; улучшение кровообращения; похудение
279668560,Дополнительная информация,Комплектация,"пояс, контроллер, инструкция, usb-провод"
279668560,Габариты,Вес с упаковкой (кг),0.25 кг
279668560,Габариты,Длина упаковки,25 см
279668560,Габариты,Высота упаковки,3 см
279668560,Габариты,Ширина упаковки,14 см
296821028,Основная информация,Цвет,голубой; голубой тиффани
296821028,Питание,Питание,от батареек
296821028,Технические особенности,Количество режимов работы,8
296821028,Дополнительная информация,Действие,упругость; укрепление
296821028,Дополнительная информация,Страна производства,Китай
296821028,Габариты,Вес с упаковкой (кг),0.25 кг
296821028,Габариты,Длина упаковки,15 см
296821028,Габариты,Высота упаковки,10 см
296821028,Габариты,Ширина упаковки,6 см
319973063,Основная информация,Цвет,черный
319973063,Питание,Питание,USB
319973063,Технические особенности,Количество режимов работы,8 режимов; 19 уровней интенсивности
319973063,Дополнительная информация,Тип массажера,электроимпульсный; электроимпульсный
319973063,Дополнительная информация,Зона массажа,живот; спина; бедра
319973063,Дополнительная информация,Форма массажера,пояс
319973063,Дополнительная информация,Действие,коррекция фигуры; улучшение кровообращения; похудение
319973063,Дополнительная информация,Мин. продолжительность автономной работы,60 мин
319973063,Дополнительная информация,Доп. опции массажера,вибромассаж
319973063,Дополнительная информация,Комплектация,Пояс миостимулятор для пресса-1 шт.; Контроллер-1 шт.; Зарядка USB - 1 шт.
319973063,Дополнительная информация,Страна производства,Китай
319973063,Габариты,Высота предмета,3 см
319973063,Габариты,Ширина предмета,15 см
319973063,Габариты,Глубина предмета,15 см
319973063,Габариты,Вес без упаковки (кг),0.6 кг
319973063,Габариты,Вес с упаковкой (кг),0.8 кг
319973063,Габариты,Длина упаковки,24 см
319973063,Габариты,Высота упаковки,3 см
319973063,Габариты,Ширина упаковки,15 см
238408711,Основная информация,Цвет,черный
238408711,Общие характеристики,Модель,массажер электрический; миостимулятор для пресса для похудения
238408711,Питание,Питание,"От порта USB, От сети 220В"
238408711,Технические особенности,Количество режимов работы,18
238408711,Насадки,Количество насадок,3 шт.
238408711,Дополнительная информация,Тип массажера,электроимпульсный
238408711,Дополнительная информация,Зона массажа,руки; мышцы пресса; мышцы ног
238408711,Дополнительная информация,Действие,Тренажер для пресса; пояс миостимулятор; миостимулятор для пресса
238408711,Дополнительная информация,Мин. продолжительность автономной работы,20 мин
238408711,Дополнительная информация,Комплектация,2 насадки для рук; 1 насадка для живота
238408711,Дополнительная информация,Страна производства,Китай
238408711,Габариты,Ширина предмета,10 см
238408711,Габариты,Вес с упаковкой (кг),0.3 кг
238408711,Габариты,Длина упаковки,22 см
238408711,Габариты,Высота упаковки,3 см
238408711,Габариты,Ширина упаковки,20 см
183518025,Основная информация,Цвет,черный
183518025,Питание,Питание,от батареек
183518025,Технические особенности,Количество режимов работы,8
183518025,Дополнительная информация,Тип массажера,вибромассажер
183518025,Дополнительная информация,Зона массажа,тело
183518025,Дополнительная информация,Страна производства,Китай
183518025,Габариты,Вес без упаковки (кг),0.98 кг
183518025,Габариты,Вес с упаковкой (кг),0.1 кг
183518025,Габариты,Длина упаковки,26 см
183518025,Габариты,Высота упаковки,4 см
183518025,Габариты,Ширина упаковки,16 см
120097589,Основная информация,Цвет,белый
120097589,Общие характеристики,Гарантийный срок,6 месяцев
120097589,Питание,Питание,от батареек; от сети; USB
120097589,Технические особенности,Количество режимов работы,8; цифровой меридиан терапия инструмент; Стимулятор мышц
120097589,Насадки,Количество насадок,4 шт.
120097589,Дополнительная информация,Тип массажера,массажер акупунктурный для точечного массажа по биологически активным точкам; замена иглоукалывания для реабилитации после травм и переломов; универсальный прибор для восстановления всех групп мышц
120097589,Дополнительная информация,Зона массажа,Массаж всех групп мышц для тела шеи плеч спины; для крестцового отдела поясницы рук ягодиц бедер ног; Массаж для реабилитации после травм позвоночника коленей локтей связок
120097589,Дополнительная информация,Действие,Иммунитет оздоровление профилактика; массаж для тела в домашних условиях; массажер для похудения тела живота ягодиц
120097589,Дополнительная информация,Мин. продолжительность автономной работы,15 мин
120097589,Дополнительная информация,Доп. опции массажера,Регулировка мощности; микротоки автовыключение; вибромассаж электромассажер цифровой меридиан
120097589,Дополнительная информация,Количество роликов,ролики отсутствуют; Массажёр на липучках
120097589,Дополнительная информация,Комплектация,Антицеллюлитный массажер - 1 шт; батарейки 3 шт; блок питания 1 шт; подарочная коробка; насадки 4 штуки; массажер; Липучки на массажер; Массажёр на липучках; Миостимулятор для тела; Миостимулятор для лица; Миостимулятор для ног
120097589,Дополнительная информация,Страна производства,Китай
120097589,Габариты,Высота предмета,15 см
120097589,Габариты,Ширина предмета,7 см
120097589,Габариты,Глубина предмета,2 см
120097589,Габариты,Вес без упаковки (кг),0.2 кг
120097589,Габариты,Вес с упаковкой (кг),0.5 кг
120097589,Габариты,Длина упаковки,20 см
120097589,Габариты,Высота упаковки,6 см
120097589,Габариты,Ширина упаковки,24 см
11925396,Основная информация,Цвет,голубой
11925396,Общие характеристики,Модель,H1018
11925396,Общие характеристики,Гарантийный срок,6 мес
11925396,Питание,Питание,от батареек
11925396,Насадки,Количество насадок,1 шт.
11925396,Дополнительная информация,Тип массажера,миостимулятор
11925396,Дополнительная информация,Зона массажа,тело
11925396,Дополнительная информация,Комплектация,инструкция; блок; провод; гарантийный талон
11925396,Дополнительная информация,Страна производства,Китай
11925396,Габариты,Высота предмета,3 см
11925396,Габариты,Ширина предмета,3 см
11925396,Габариты,Глубина предмета,3 см
11925396,Габариты,Вес без упаковки (кг),0.23 кг
11925396,Габариты,Вес с упаковкой (кг),0.23 кг
11925396,Габариты,Длина упаковки,21 см
11925396,Габариты,Высота упаковки,4 см
11925396,Габариты,Ширина упаковки,16 см
222888040,Основная информация,Цвет,черный
222888040,Дополнительная информация,Действие,эластичность
222888040,Габариты,Вес с упаковкой (кг),0.5 кг
222888040,Габариты,Длина упаковки,17 см
222888040,Габариты,Высота упаковки,5 см
222888040,Габариты,Ширина упаковки,10 см
219469592,Основная информация,Цвет,серый
219469592,Питание,Питание,от батареек
219469592,Технические особенности,Количество режимов работы,8 режимов
219469592,Дополнительная информация,Тип массажера,электрический массажер; расслабляющий и восстанавливающий; электроимпульсный
219469592,Дополнительная информация,Зона массажа,шейный отдел позвоночника; шея; спина
219469592,Дополнительная информация,Форма массажера,воротник
219469592,Дополнительная информация,Действие,лифтинг; разогревающее; снятие отечности
219469592,Дополнительная информация,Мин. продолжительность автономной работы,60 мин
219469592,Дополнительная информация,Доп. опции массажера,автовыключение; регулировка интенсивности; функция подогрева
219469592,Дополнительная информация,Количество роликов,2
219469592,Дополнительная информация,Комплектация,массажер для шеи; инструкция; батарейки
219469592,Дополнительная информация,Страна производства,Китай
219469592,Габариты,Вес с упаковкой (кг),0.2 кг
219469592,Габариты,Длина упаковки,19 см
219469592,Габариты,Высота упаковки,6 см
219469592,Габариты,Ширина упаковки,17 см
257896573,Основная информация,Цвет,голубой
257896573,Питание,Питание,USB
257896573,Технические особенности,Количество режимов работы,2 режима
257896573,Дополнительная информация,Тип массажера,роликовый
257896573,Дополнительная информация,Зона массажа,голова; плечи; стопы
257896573,Дополнительная информация,Действие,для роста волос; от выпадения волос; улучшение сна
257896573,Дополнительная информация,Мин. продолжительность автономной работы,120 мин
257896573,Дополнительная информация,Доп. опции массажера,вибромассаж
257896573,Дополнительная информация,Количество роликов,4
257896573,Дополнительная информация,Страна производства,Китай
257896573,Габариты,Вес с упаковкой (кг),0.3 кг
257896573,Габариты,Длина упаковки,13 см
257896573,Габариты,Высота упаковки,10 см
257896573,Габариты,Ширина упаковки,12 см
406310144,Основная информация,Цвет,белый
406310144,Общие характеристики,Гарантийный срок,6 месяцев
406310144,Технические особенности,Количество режимов работы,6
406310144,Дополнительная информация,Тип массажера,миостимулятор; электрический; Расслабляющий
406310144,Дополнительная информация,Зона массажа,шея; плечи
406310144,Дополнительная информация,Действие,снятие мышечного напряжения; восстановление; разогревающее
406310144,Дополнительная информация,Доп. опции массажера,электромиостимуляция; функция подогрева; эффект иглоукалывания
406310144,Дополнительная информация,Количество роликов,6 импульсных пластин для массажа
406310144,Дополнительная информация,Комплектация,коробка; USB кабель; инструкция; массажер
406310144,Дополнительная информация,Страна производства,Китай
406310144,Габариты,Вес с упаковкой (кг),0.3 кг
406310144,Габариты,Длина упаковки,19 см
406310144,Габариты,Высота упаковки,7 см
406310144,Габариты,Ширина упаковки,19 см
243792269,Основная информация,Цвет,черный
243792269,Общие характеристики,Модель,Burn Fat
243792269,Общие характеристики,Гарантийный срок,3 мес.
243792269,Питание,Питание,220 В
243792269,Технические особенности,Количество режимов работы,10 режимов; 30 интенсивность; автомат. режимы по 15мин
243792269,Дополнительная информация,Тип массажера,Миостимулятор EMS - TENS; антицеллюлитный массажер; электроимпульсный
243792269,Дополнительная информация,Зона массажа,для ягодиц; пресс; для похудения живота
243792269,Дополнительная информация,Действие,миостимуляция; Массаж; Лимфодренажный массажер
243792269,Дополнительная информация,Доп. опции массажера,акупунктурный массажер; тренажер для похудения живота и бедер; тренажер для похудения
243792269,Дополнительная информация,Комплектация,Набедренный бандаж 1шт; удлиняющий пояс 1шт; контроллер 1шт; пульт 1шт; USB зарядка; инструкция на русском языке по куар-коду.
243792269,Дополнительная информация,Страна производства,Китай
243792269,Габариты,Вес с упаковкой (кг),0.38 кг
243792269,Габариты,Длина упаковки,28 см
243792269,Габариты,Высота упаковки,6 см
243792269,Габариты,Ширина упаковки,18 см
265830088,Основная информация,Цвет,черный
265830088,Общие характеристики,Модель,реабилитационный тренажер
265830088,Материалы,Материал изделия,abs-пластик; нейлон; металл
265830088,Дополнительная информация,Вид реабилитационного тренажера,массажер; тренажер; для ног
265830088,Дополнительная информация,Страна производства,Китай
265830088,Дополнительная информация,Назначение тренажера,для локтевого сустава; для голеностопного сустава; для реабилитации после инсульта
265830088,Дополнительная информация,Комплектация,Тренажер-1 шт; ремень-1 шт; удлинитель ремня-1 шт; распылитель-1 шт; провод USB-1шт; инструкция
265830088,Габариты,Ширина предмета,15 см
265830088,Габариты,Высота предмета,5 см
265830088,Габариты,Глубина предмета,11 см
265830088,Габариты,Вес без упаковки (кг),0.25 кг
265830088,Габариты,Вес с упаковкой (кг),0.3 кг
265830088,Габариты,Длина упаковки,20 см
265830088,Габариты,Высота упаковки,5 см
265830088,Габариты,Ширина упаковки,13 см
52241526,Основная информация,Цвет,черный
52241526,Технические особенности,Максимальный вес (кг),180 кг
52241526,Дополнительная информация,Модель тренажера,для пресса; для ног; подарочная
52241526,Дополнительная информация,Система нагрузки,электромагнитная; механическая; комплексная
52241526,Дополнительная информация,Комплектация,коробка; паспорт; накладки 3 шт; массажер косметический 3 шт
52241526,Дополнительная информация,Страна производства,Китай
52241526,Габариты,Высота предмета,2.5 см
52241526,Габариты,Длина предмета,17 см
52241526,Габариты,Глубина предмета,0.5 см
52241526,Габариты,Ширина предмета,15 см
52241526,Габариты,Длина упаковки,26 см
52241526,Габариты,Высота упаковки,6 см
52241526,Габариты,Ширина упаковки,23 см
430188471,Основная информация,Цвет,белый
430188471,Питание,Питание,от батареек
430188471,Дополнительная информация,Комплектация,блок питания; инструкция; Шнуры электроды - 2 шт; Электроды (патчи) - 16 шт; Терапевтические тапочки - 1 шт
430188471,Дополнительная информация,Страна производства,Китай
430188471,Габариты,Высота предмета,10 см
430188471,Габариты,Ширина предмета,27 см
430188471,Габариты,Глубина предмета,10 см
430188471,Габариты,Вес с упаковкой (кг),0.6 кг
430188471,Габариты,Длина упаковки,11 см
430188471,Габариты,Высота упаковки,10 см
430188471,Габариты,Ширина упаковки,27 см
161953259,Основная информация,Цвет,белый
161953259,Общие характеристики,Количество предметов в упаковке,3
161953259,Материалы,Материал изделия,пластик; abs-пластик
161953259,Дополнительная информация,Зона массажа,овал лица; подбородок; лицо
161953259,Дополнительная информация,Действие,против морщин; лифтинг подтяжка; миостимулятор для омоложения
161953259,Дополнительная информация,Страна производства,Китай
161953259,Дополнительная информация,Комплектация,кабель для зарядки; инструкция; rf лифтинг бандаж
161953259,Габариты,Вес товара с упаковкой (г),166 г
161953259,Габариты,Длина упаковки,6 см
161953259,Габариты,Высота упаковки,22 см
161953259,Габариты,Ширина упаковки,6 см
321087355,Основная информация,Цвет,терракотовый; розово-коричневый
321087355,Питание,Питание,от аккумулятора
321087355,Технические особенности,Количество режимов работы,4 режима
321087355,Дополнительная информация,Тип массажера,электроимпульсный; тепловой; вибрационный
321087355,Дополнительная информация,Зона массажа,лицо; шея; зона вокруг глаз
321087355,Дополнительная информация,Форма массажера,ручной электромассажер
321087355,Дополнительная информация,Действие,лифтинг; омолаживание; против морщин
321087355,Дополнительная информация,Мин. продолжительность автономной работы,60 мин
321087355,Дополнительная информация,Доп. опции массажера,вибромассаж; дисплей; функция подогрева
321087355,Дополнительная информация,Комплектация,Массажер + 1 подарок (мешочек) USB провод для зарядки
321087355,Дополнительная информация,Страна производства,Китай
321087355,Габариты,Высота предмета,17 см
321087355,Габариты,Ширина предмета,5 см
321087355,Габариты,Глубина предмета,5 см
321087355,Габариты,Вес без упаковки (кг),0.25 кг
321087355,Габариты,Вес с упаковкой (кг),0.25 кг
321087355,Габариты,Длина упаковки,21 см
321087355,Габариты,Высота упаковки,7 см
321087355,Габариты,Ширина упаковки,9 см
284200562,Общие характеристики,Модель,001
284200562,Питание,Питание,от сети
284200562,Технические особенности,Количество режимов работы,6; 6 режимов
284200562,Дополнительная информация,Комплектация,"зарядное, батарейки, пластны, аппарат"
284200562,Дополнительная информация,Страна производства,Китай
284200562,Габариты,Длина упаковки,24 см
284200562,Габариты,Высота упаковки,5 см
284200562,Габариты,Ширина упаковки,20 см
156386684,Основная информация,Цвет,белый; черный
156386684,Общие характеристики,Модель,массажер от целлюлита
156386684,Питание,Питание,от аккумулятора; миостимулятор USB; Массажер электрический
156386684,Технические особенности,Количество режимов работы,10; аппарат для похудения; миостимулятор для тела
156386684,Дополнительная информация,Тип массажера,вибромассажер; миостимулятор; для мышц пресса
156386684,Дополнительная информация,Зона массажа,для спины; миостимулятор для пресса; для живота
156386684,Дополнительная информация,Действие,антицеллюлитный массажер; массажер для тела электрический; массажер для живота похудения
156386684,Дополнительная информация,Мин. продолжительность автономной работы,20 мин
156386684,Дополнительная информация,Доп. опции массажера,вибрационный; Микротоковый; импульсный
156386684,Дополнительная информация,Комплектация,Массажер электрический - 1 шт; USB - кабель для зарядки - 1 шт; Инструкция на русском языке - 1 шт
156386684,Габариты,Высота предмета,4 см
156386684,Габариты,Ширина предмета,24 см
156386684,Габариты,Глубина предмета,4 см
156386684,Габариты,Вес без упаковки (кг),0.3 кг
156386684,Габариты,Вес с упаковкой (кг),0.5 кг
156386684,Габариты,Длина упаковки,13 см
156386684,Габариты,Высота упаковки,5 см
156386684,Габариты,Ширина упаковки,25 см
51722457,Общие характеристики,Модель,Пульт управления Yamaguchi Controller
51722457,Питание,Питание,Батарейка (1 x CR2032)
51722457,Дополнительная информация,Тип массажера,миостимулятор; электрический; Антицеллюлитный массаж
51722457,Дополнительная информация,Зона массажа,бедра; пресс; Шея плечи ноги руки ягодицы тело мышцы
51722457,Дополнительная информация,Действие,Массаж; тренировка; тренировка и массаж
51722457,Дополнительная информация,Доп. опции массажера,для похудения; для мышц; для тренировок
51722457,Дополнительная информация,Комплектация,пульт управления к миостимуляторам
51722457,Дополнительная информация,Страна производства,Япония
51722457,Габариты,Вес без упаковки (кг),0.07 кг
51722457,Габариты,Вес с упаковкой (кг),0.08 кг
51722457,Габариты,Длина упаковки,2 см
51722457,Габариты,Высота упаковки,12 см
51722457,Габариты,Ширина упаковки,5 см
191290143,Общие характеристики,Модель,BT803
191290143,Общие характеристики,Гарантийный срок,3 мес.
191290143,Питание,Питание,220 В
191290143,Технические особенности,Количество режимов работы,вибромассажер; лимфодренажный массажер; от целлюлита массажер
191290143,Дополнительная информация,Тип массажера,Миостимулятор EMS - TENS; реабилитация; Массажер электрический
191290143,Дополнительная информация,Зона массажа,тело шея плечи руки; спина живот поясница пресс; ягодицы бедра колени стопы ноги
191290143,Дополнительная информация,Действие,оздоровление; миостимуляция; Массаж
191290143,Дополнительная информация,Доп. опции массажера,перкуссионный массажер; акупунктурный массажер; массажер электрический
191290143,Дополнительная информация,Комплектация,"массажер 1шт, электроды 4шт,перчатки 1пара, тапочки 1пара, провод 2шт,адаптер 1шт."
191290143,Дополнительная информация,Страна производства,Китай
191290143,Габариты,Вес с упаковкой (кг),0.75 кг
191290143,Габариты,Длина упаковки,30 см
191290143,Габариты,Высота упаковки,7 см
191290143,Габариты,Ширина упаковки,26 см
74807917,Основная информация,Цвет,белый; синий
74807917,Общие характеристики,Модель,LEM-35
74807917,Общие характеристики,Гарантийный срок,6 месяцев
74807917,Питание,Питание,батарейки; usb (провод в комплекте)
74807917,Технические особенности,Количество режимов работы,10
74807917,Насадки,Количество насадок,4 шт.
74807917,Дополнительная информация,Тип массажера,миостимулятор
74807917,Дополнительная информация,Зона массажа,для тела
74807917,Дополнительная информация,Действие,Массаж
74807917,Дополнительная информация,Комплектация,USB-шнур - 1 шт.; Руководство по эксплуатации - 1 шт. Упаковка - 1 шт.; Электроды - 1 шт.; Массажер для тела - 1 шт.
74807917,Дополнительная информация,Страна производства,Китай
74807917,Габариты,Высота предмета,3 см
74807917,Габариты,Ширина предмета,6.6 см
74807917,Габариты,Глубина предмета,15.3 см
74807917,Габариты,Вес без упаковки (кг),0.28 кг
74807917,Габариты,Вес с упаковкой (кг),0.28 кг
74807917,Габариты,Длина упаковки,24 см
74807917,Габариты,Высота упаковки,5 см
74807917,Габариты,Ширина упаковки,19 см
268558041,Основная информация,Цвет,черный; серый
268558041,Общие характеристики,Модель,Универсальный
268558041,Питание,Питание,от батареек; Работает от батареек; на батарейках
268558041,Технические особенности,Количество режимов работы,6 режимов; 9 уровней интенсивности; 6 шт.
268558041,Насадки,Количество насадок,3 шт.
268558041,Дополнительная информация,Тип массажера,электроимпульсный; миостимулятор; EMS массажер
268558041,Дополнительная информация,Зона массажа,живот; ноги; руки
268558041,Дополнительная информация,Действие,восстановление; коррекция фигуры; укрепление
268558041,Дополнительная информация,Мин. продолжительность автономной работы,15 мин
268558041,Дополнительная информация,Доп. опции массажера,вибромассаж; электромиостимуляция; автовыключение
268558041,Дополнительная информация,Комплектация,Набор из 3 токопроводящих накладок; набор из 3 контроллеров
268558041,Дополнительная информация,Страна производства,Китай
268558041,Габариты,Вес с упаковкой (кг),1.5 кг
268558041,Габариты,Длина упаковки,20 см
268558041,Габариты,Высота упаковки,5 см
268558041,Габариты,Ширина упаковки,15 см
160298010,Основная информация,Цвет,темный синий меланж
160298010,Общие характеристики,Модель,микротоковый массажер; EMS; Миостимулятор
160298010,Общие характеристики,Гарантийный срок,30 дней
160298010,Питание,Питание,от аккумулятора; USB
160298010,Дополнительная информация,Тип массажера,электроимпульсный; миостимулятор; EMS
160298010,Дополнительная информация,Зона массажа,живот; спина; стопы
160298010,Дополнительная информация,Действие,Микротоковый массаж
160298010,Дополнительная информация,Страна производства,Китай
160298010,Габариты,Вес без упаковки (кг),0.13 кг
160298010,Габариты,Вес с упаковкой (кг),0.16 кг
160298010,Габариты,Длина упаковки,20 см
160298010,Габариты,Высота упаковки,3 см
160298010,Габариты,Ширина упаковки,10 см
232413557,Основная информация,Цвет,черный
232413557,Общие характеристики,Модель,003
232413557,Общие характеристики,Гарантийный срок,1 нед
232413557,Питание,Питание,USB
232413557,Технические особенности,Количество режимов работы,8
232413557,Насадки,Количество насадок,1 шт.
232413557,Дополнительная информация,Тип массажера,электроимпульсный
232413557,Дополнительная информация,Зона массажа,бедра; живот; тело
232413557,Дополнительная информация,Действие,восстановление; укрепление; коррекция фигуры
232413557,Дополнительная информация,Мин. продолжительность автономной работы,120 мин
232413557,Дополнительная информация,Доп. опции массажера,автовыключение; электромиостимуляция; таймер
232413557,Дополнительная информация,Количество роликов,0
232413557,Дополнительная информация,Страна производства,Китай
232413557,Габариты,Высота предмета,4 см
232413557,Габариты,Ширина предмета,8 см
232413557,Габариты,Глубина предмета,16 см
232413557,Габариты,Вес без упаковки (кг),0.2 кг
232413557,Габариты,Вес с упаковкой (кг),0.3 кг
232413557,Габариты,Длина упаковки,16 см
232413557,Габариты,Высота упаковки,4 см
232413557,Габариты,Ширина упаковки,8 см
369543748,Общие характеристики,Гарантийный срок,14 дней
369543748,Технические особенности,Количество режимов работы,24
369543748,Дополнительная информация,Тип массажера,электроимпульсный
369543748,Дополнительная информация,Зона массажа,спина; стопы; тело
369543748,Дополнительная информация,Действие,восстановление
369543748,Дополнительная информация,Страна производства,Китай
369543748,Габариты,Вес с упаковкой (кг),0.2 кг
369543748,Габариты,Длина упаковки,17 см
369543748,Габариты,Высота упаковки,7 см
369543748,Габариты,Ширина упаковки,11 см
313722271,Основная информация,Цвет,черный
313722271,Общие характеристики,Модель,HQ185
313722271,Питание,Питание,USB
313722271,Технические особенности,Количество режимов работы,3
313722271,Насадки,Количество насадок,1 шт.
313722271,Дополнительная информация,Тип массажера,вибромассажер; виброплатформа
313722271,Дополнительная информация,Действие,"антистресс, релаксация, уменьшает тревогу"
313722271,Дополнительная информация,Комплектация,массажер; кабель
313722271,Дополнительная информация,Страна производства,Китай
313722271,Габариты,Высота предмета,3 см
313722271,Габариты,Ширина предмета,9 см
313722271,Габариты,Вес с упаковкой (кг),0.09 кг
313722271,Габариты,Длина упаковки,16 см
313722271,Габариты,Высота упаковки,3 см
313722271,Габариты,Ширина упаковки,8 см
231139981,Основная информация,Цвет,серый; белый
231139981,Общие характеристики,Модель,Цифровой меридиан; массажер для спины; микротоковый массажер
231139981,Питание,Питание,USB; от сети
231139981,Дополнительная информация,Тип массажера,микротоковый импульсный миостимулятор; вибромассажер; электроимпульсный
231139981,Дополнительная информация,Зона массажа,плечи; спина; шея
231139981,Дополнительная информация,Действие,снятие мышечного напряжения; снятие отечности; улучшение кровообращения
231139981,Дополнительная информация,Мин. продолжительность автономной работы,40 мин
231139981,Дополнительная информация,Комплектация,Инструмент для терапии Цифровой меридиан; кабель питания от сети USB; аппликаторы электроды 2 шт
231139981,Габариты,Высота предмета,16 см
231139981,Габариты,Ширина предмета,6 см
231139981,Габариты,Вес без упаковки (кг),0.5 кг
231139981,Габариты,Длина упаковки,24 см
231139981,Габариты,Высота упаковки,5 см
231139981,Габариты,Ширина упаковки,20 см
220795333,Основная информация,Цвет,голубой
220795333,Питание,Питание,от батареек
220795333,Технические особенности,Количество режимов работы,8
220795333,Дополнительная информация,Действие,эластичность; укрепление
220795333,Дополнительная информация,Страна производства,Россия
220795333,Габариты,Вес с упаковкой (кг),0.25 кг
220795333,Габариты,Длина упаковки,15 см
220795333,Габариты,Высота упаковки,6 см
220795333,Габариты,Ширина упаковки,10 см
232357064,Основная информация,Цвет,черный
232357064,Общие характеристики,Модель,EMS Smart Fitness
232357064,Питание,Питание,от батареек
232357064,Технические особенности,Количество режимов работы,6
232357064,Насадки,Количество насадок,3 шт.
232357064,Дополнительная информация,Тип массажера,вибромассажер
232357064,Дополнительная информация,Зона массажа,живот; руки
232357064,Дополнительная информация,Действие,стимулятор кровообращения; Массаж; омолаживание
232357064,Дополнительная информация,Доп. опции массажера,вибромассаж
232357064,Дополнительная информация,Комплектация,тренажер миостимулятор
232357064,Дополнительная информация,Страна производства,Китай
232357064,Габариты,Высота предмета,12 см
232357064,Габариты,Ширина предмета,19 см
232357064,Габариты,Глубина предмета,12 см
232357064,Габариты,Вес без упаковки (кг),0.4 кг
232357064,Габариты,Вес с упаковкой (кг),0.3 кг
232357064,Габариты,Длина упаковки,22 см
232357064,Габариты,Высота упаковки,3 см
232357064,Габариты,Ширина упаковки,21 см
354659688,Основная информация,Цвет,бирюзовый
354659688,Общие характеристики,Модель,мини массажер
354659688,Общие характеристики,Гарантийный срок,1 год
354659688,Питание,Питание,220В (5А); USB-шнур
354659688,Технические особенности,Количество режимов работы,8
354659688,Дополнительная информация,Тип массажера,электроимпульсный; миостимулятор для тела электрический
354659688,Дополнительная информация,Зона массажа,"шея, голова; ноги,живот; спина поясница"
354659688,Дополнительная информация,Действие,миостимуляция; массажер для мышц; оздоровление
354659688,Дополнительная информация,Мин. продолжительность автономной работы,60 мин
354659688,Дополнительная информация,Доп. опции массажера,электрофорез; электромиостимуляция; микротоки
354659688,Дополнительная информация,Количество роликов,импульсный массажер; мини массажер для тела; электромассажер-миостимулятор
354659688,Дополнительная информация,Комплектация,электро массажер; Электроды; шнуры к электродам; инструкция
354659688,Дополнительная информация,Страна производства,Китай
354659688,Габариты,Вес с упаковкой (кг),0.9 кг
354659688,Габариты,Длина упаковки,10 см
354659688,Габариты,Высота упаковки,9 см
354659688,Габариты,Ширина упаковки,5 см
177482005,Основная информация,Цвет,белый
177482005,Общие характеристики,Модель,EM49
177482005,Дополнительная информация,Действие,"поможет эффективно проработать проблемные зоны, укрепить мышцы, скорректировать фигуру"
177482005,Габариты,Вес с упаковкой (кг),0.5 кг
177482005,Габариты,Длина упаковки,15 см
177482005,Габариты,Высота упаковки,5 см
177482005,Габариты,Ширина упаковки,10 см
414886841,Основная информация,Цвет,синий; черный
414886841,Общие характеристики,Гарантийный срок,14 дней
414886841,Питание,Питание,USB
414886841,Технические особенности,Количество режимов работы,8 режимов
414886841,Дополнительная информация,Тип массажера,электроимпульсный
414886841,Дополнительная информация,Зона массажа,живот; спина; тело
414886841,Дополнительная информация,Действие,укрепление; питание
414886841,Дополнительная информация,Доп. опции массажера,электромиостимуляция
414886841,Дополнительная информация,Комплектация,пояс-миостимулятор; контроллер; usb-провод; пульверизатор для воды
414886841,Дополнительная информация,Страна производства,Китай
414886841,Габариты,Вес с упаковкой (кг),0.23 кг
414886841,Габариты,Длина упаковки,32 см
414886841,Габариты,Высота упаковки,2 см
414886841,Габариты,Ширина упаковки,18 см
217165605,Основная информация,Цвет,черный
217165605,Общие характеристики,Гарантийный срок,1 мес
217165605,Питание,Питание,USB
217165605,Технические особенности,Количество режимов работы,8
217165605,Дополнительная информация,Зона массажа,живот
217165605,Дополнительная информация,Действие,коррекция фигуры; упругость; моделирование
217165605,Дополнительная информация,Мин. продолжительность автономной работы,3 мин
217165605,Дополнительная информация,Доп. опции массажера,электромиостимуляция; эффект иглоукалывания
217165605,Дополнительная информация,Комплектация,пояс 1 шт контроллер 1 шт зарядка USB 1 шт инструкция
217165605,Дополнительная информация,Страна производства,Китай
217165605,Габариты,Высота предмета,14 см
217165605,Габариты,Ширина предмета,110 см
217165605,Габариты,Глубина предмета,3 см
217165605,Габариты,Вес с упаковкой (кг),0.2 кг
217165605,Габариты,Длина упаковки,24 см
217165605,Габариты,Высота упаковки,3 см
217165605,Габариты,Ширина упаковки,15 см
397642859,Основная информация,Цвет,синий
397642859,Питание,Питание,от аккумулятора
397642859,Технические особенности,Количество режимов работы,18 режимов
397642859,Дополнительная информация,Тип массажера,электро-импульсивный; вибрационный; EMS
397642859,Дополнительная информация,Зона массажа,живот; тело; электрическая стимуляция мышц
397642859,Дополнительная информация,Форма массажера,пояс
397642859,Дополнительная информация,Действие,лифтинг; моделирование; похудение
397642859,Дополнительная информация,Мин. продолжительность автономной работы,60 мин
397642859,Дополнительная информация,Доп. опции массажера,вибромассаж; электромиостимуляция
397642859,Дополнительная информация,Количество роликов,18 уровней интенсивности
397642859,Дополнительная информация,Комплектация,Миостимулятор - 1 шт.; Пульверизатор - 1 шт; USB зарядка - 1 шт; Контроллер - 1 шт.
397642859,Дополнительная информация,Страна производства,Китай
397642859,Габариты,Вес с упаковкой (кг),0.5 кг
397642859,Габариты,Длина упаковки,32 см
397642859,Габариты,Высота упаковки,18 см
397642859,Габариты,Ширина упаковки,2 см
245525396,Основная информация,Цвет,белый
245525396,Общие характеристики,Модель,Кегель массажер для женщин электрический
245525396,Дополнительная информация,Действие,укрепление; восстановление; упругость
245525396,Дополнительная информация,Комплектация,Хост - 1 шт Зонд - 1 шт Стандартные электроды - 2 пары; Абдоминальные электроды - 1 пара Нагрудные электроды - 1 пара; Кабель для зарядки - 1 шт Соединительный провод - 2 шт; Инструкция - 1 шт Упаковочная коробка - 1 шт
245525396,Габариты,Вес с упаковкой (кг),0.42 кг
245525396,Габариты,Длина упаковки,20 см
245525396,Габариты,Высота упаковки,5 см
245525396,Габариты,Ширина упаковки,17 см
320569490,Основная информация,Цвет,черный
320569490,Габариты,Длина упаковки,15 см
320569490,Габариты,Высота упаковки,24 см
320569490,Габариты,Ширина упаковки,3 см
192979999,Основная информация,Цвет,черный
192979999,Общие характеристики,Модель,EMS Abdominal Toning Belt
192979999,Общие характеристики,Гарантийный срок,6 мес
192979999,Питание,Питание,USB; от сети
192979999,Технические особенности,Количество режимов работы,6 шт.
192979999,Дополнительная информация,Тип массажера,электроимпульсный; миостимулятор; электрический
192979999,Дополнительная информация,Зона массажа,живот; спина; тело
192979999,Дополнительная информация,Форма массажера,пояс
192979999,Дополнительная информация,Действие,коррекция фигуры; жиросжигание; Микротоковый массаж
192979999,Дополнительная информация,Мин. продолжительность автономной работы,15 мин
192979999,Дополнительная информация,Доп. опции массажера,миостимулятор; Антицеллюлитный; вибромассаж
192979999,Дополнительная информация,Комплектация,Массажер электрический миостимулятор живота EMS Abdominal Toning Belt для мужчин и женщин; инструкция к применению; кабель usb; картонная коробка
192979999,Дополнительная информация,Страна производства,Китай
192979999,Габариты,Высота предмета,17 см
192979999,Габариты,Ширина предмета,110 см
192979999,Габариты,Глубина предмета,2 см
192979999,Габариты,Вес без упаковки (кг),0.2 кг
192979999,Габариты,Вес с упаковкой (кг),0.2 кг
192979999,Габариты,Длина упаковки,36 см
192979999,Габариты,Высота упаковки,4 см
192979999,Габариты,Ширина упаковки,18 см
103849034,Основная информация,Цвет,белый
103849034,Общие характеристики,Модель,Цифровой массажер миостимулятор
103849034,Питание,Питание,от батареек; от сети
103849034,Технические особенности,Количество режимов работы,8 режимов
103849034,Насадки,Количество насадок,2 шт.
103849034,Дополнительная информация,Тип массажера,постукивающий; ударно-кулачковый; электроимпульсный
103849034,Дополнительная информация,Зона массажа,ноги; руки; тело
103849034,Дополнительная информация,Действие,снятие мышечного напряжения; улучшение кровообращения; упругость
103849034,Дополнительная информация,Доп. опции массажера,вибромассаж; электромиостимуляция; эффект иглоукалывания
103849034,Дополнительная информация,Комплектация,Массажер - 1; Насадки - 2; Кабель питания - 1; Блок для кабеля - 1
103849034,Дополнительная информация,Страна производства,Китай
103849034,Габариты,Вес с упаковкой (кг),0.275 кг
103849034,Габариты,Длина упаковки,24 см
103849034,Габариты,Высота упаковки,5 см
103849034,Габариты,Ширина упаковки,19 см
319718286,Питание,Питание,от аккумулятора
319718286,Технические особенности,Количество режимов работы,8 режимов
319718286,Насадки,Количество насадок,1 шт.
319718286,Дополнительная информация,Тип массажера,электроимпульсный; вибрационный
319718286,Дополнительная информация,Зона массажа,тело
319718286,Дополнительная информация,Форма массажера,манжета
319718286,Дополнительная информация,Действие,укрепление; восстановление
319718286,Дополнительная информация,Мин. продолжительность автономной работы,15 мин
319718286,Дополнительная информация,Страна производства,Китай
319718286,Габариты,Высота предмета,15 см
319718286,Габариты,Ширина предмета,6.5 см
319718286,Габариты,Глубина предмета,6 см
319718286,Габариты,Длина упаковки,15 см
319718286,Габариты,Высота упаковки,7 см
319718286,Габариты,Ширина упаковки,7 см
243021840,Основная информация,Цвет,черный
243021840,Общие характеристики,Модель,массажер; пояс для похудения; миостимулятор
243021840,Питание,Питание,USB
243021840,Технические особенности,Количество режимов работы,8
243021840,Насадки,Количество насадок,1 шт.
243021840,Дополнительная информация,Тип массажера,вибромассажер
243021840,Дополнительная информация,Зона массажа,живот; спина
243021840,Дополнительная информация,Действие,разогревающее; укрепление
243021840,Дополнительная информация,Мин. продолжительность автономной работы,30 мин
243021840,Дополнительная информация,Доп. опции массажера,таймер
243021840,Дополнительная информация,Комплектация,пояс 1 шт
243021840,Дополнительная информация,Страна производства,Китай
243021840,Габариты,Высота предмета,8.5 см
243021840,Габариты,Ширина предмета,110 см
243021840,Габариты,Вес без упаковки (кг),0.4 кг
243021840,Габариты,Длина упаковки,24 см
243021840,Габариты,Высота упаковки,3 см
243021840,Габариты,Ширина упаковки,16 см
196854620,Основная информация,Цвет,черный
196854620,Общие характеристики,Модель,EMS Smart Fitnes
196854620,Общие характеристики,Гарантийный срок,1 месяц
196854620,Питание,Питание,USB
196854620,Технические особенности,Количество режимов работы,6
196854620,Насадки,Количество насадок,1 шт.
196854620,Дополнительная информация,Зона массажа,бедра; живот; ноги
196854620,Дополнительная информация,Действие,коррекция фигуры; Лечение целлюлита; стимуляция мышц электронными импульсами
196854620,Дополнительная информация,Мин. продолжительность автономной работы,15 мин
196854620,Дополнительная информация,Доп. опции массажера,миостимулятор
196854620,Дополнительная информация,Количество роликов,без роликов
196854620,Дополнительная информация,Комплектация,Массажёр для живота; МАССАЖЁР ДЛЯ РУК; массажёр для бёдер; Пульт; Инструкция.
196854620,Дополнительная информация,Страна производства,Китай
196854620,Габариты,Высота предмета,17 см
196854620,Габариты,Глубина предмета,2 см
196854620,Габариты,Вес без упаковки (кг),0.55 кг
196854620,Габариты,Вес с упаковкой (кг),0.4 кг
196854620,Габариты,Длина упаковки,24 см
196854620,Габариты,Высота упаковки,4 см
196854620,Габариты,Ширина упаковки,21 см
228922694,Основная информация,Цвет,черный
228922694,Общие характеристики,Модель,миостимулятор
228922694,Питание,Питание,Встроенный аккумулятор
228922694,Технические особенности,Количество режимов работы,8 шт
228922694,Дополнительная информация,Тип массажера,вибромассажер; электроимпульсный; виброплатформа
228922694,Дополнительная информация,Зона массажа,ноги; шея; спина
228922694,Дополнительная информация,Действие,снятие мышечного напряжения; лифтинг; улучшение кровообращения
228922694,Дополнительная информация,Доп. опции массажера,беспроводной массаж; вибромассаж; дистанционное управление
228922694,Дополнительная информация,Количество роликов,1
228922694,Дополнительная информация,Комплектация,массажер - 1шт
228922694,Дополнительная информация,Страна производства,Китай
228922694,Габариты,Длина упаковки,15 см
228922694,Габариты,Высота упаковки,2 см
228922694,Габариты,Ширина упаковки,9 см
312899254,Основная информация,Цвет,черный
312899254,Габариты,Вес с упаковкой (кг),1.4 кг
312899254,Габариты,Длина упаковки,27 см
312899254,Габариты,Высота упаковки,7 см
312899254,Габариты,Ширина упаковки,20 см
198126599,Основная информация,Цвет,синий
198126599,Габариты,Длина упаковки,15 см
198126599,Габариты,Высота упаковки,3 см
198126599,Габариты,Ширина упаковки,10 см
319223673,Основная информация,Цвет,черный
319223673,Общие характеристики,Модель,Антицеллюлитный
319223673,Питание,Питание,USB; от сети
319223673,Технические особенности,Количество режимов работы,8 режимов
319223673,Дополнительная информация,Тип массажера,вибромассажер; электроимпульсный; миостимуляция
319223673,Дополнительная информация,Зона массажа,живот; тело; ягодицы
319223673,Дополнительная информация,Форма массажера,пояс
319223673,Дополнительная информация,Действие,фиксация; укрепление; восстановление
319223673,Дополнительная информация,Мин. продолжительность автономной работы,20 мин
319223673,Дополнительная информация,Доп. опции массажера,автовыключение; вибромассаж; электромиостимуляция
319223673,Дополнительная информация,Комплектация,пояс массажер; контроллер; Кабель питания USB; инструкция к применению
319223673,Дополнительная информация,Страна производства,Китай
319223673,Габариты,Высота предмета,14 см
319223673,Габариты,Ширина предмета,115 см
319223673,Габариты,Глубина предмета,2 см
319223673,Габариты,Вес без упаковки (кг),0.2 кг
319223673,Габариты,Вес с упаковкой (кг),0.2 кг
319223673,Габариты,Длина упаковки,27 см
319223673,Габариты,Высота упаковки,3 см
319223673,Габариты,Ширина упаковки,16 см
187564837,Основная информация,Цвет,черный
187564837,Общие характеристики,Модель,EMS Foot Massager
187564837,Питание,Питание,USB
187564837,Технические особенности,Количество режимов работы,8
187564837,Насадки,Количество насадок,1 шт.
187564837,Дополнительная информация,Тип массажера,электроимпульсный
187564837,Дополнительная информация,Зона массажа,ноги; стопы
187564837,Дополнительная информация,Действие,улучшение кровообращения; успокаивающее
187564837,Дополнительная информация,Доп. опции массажера,электромиостимуляция
187564837,Дополнительная информация,Комплектация,коврик; кабель; пульт
187564837,Габариты,Вес без упаковки (кг),1 кг
187564837,Габариты,Вес с упаковкой (кг),1 кг
187564837,Габариты,Длина упаковки,25 см
187564837,Габариты,Высота упаковки,25 см
187564837,Габариты,Ширина упаковки,23 см
419428914,Общие характеристики,Модель,"Массажер миостимулятор для тела, спины, шеи и поясницы"
419428914,Технические особенности,Количество режимов работы,15 режимов
419428914,Дополнительная информация,Зона массажа,ноги; плечи; спина
419428914,Дополнительная информация,Действие,восстановление; коррекция фигуры; снятие мышечного напряжения
419428914,Дополнительная информация,Комплектация,Провод 1шт.; Миостимулятор массажер для тела электрический; электроды 4шт.
419428914,Дополнительная информация,Страна производства,Китай
419428914,Габариты,Высота предмета,12 см
419428914,Габариты,Ширина предмета,6 см
419428914,Габариты,Вес с упаковкой (кг),1.35 кг
419428914,Габариты,Длина упаковки,17 см
419428914,Габариты,Высота упаковки,5 см
419428914,Габариты,Ширина упаковки,10 см
201183193,Основная информация,Цвет,черный
201183193,Общие характеристики,Модель,massage belt
201183193,Питание,Питание,USB
201183193,Технические особенности,Количество режимов работы,10 шт.
201183193,Дополнительная информация,Тип массажера,электроимпульсный
201183193,Дополнительная информация,Зона массажа,бедра; живот; ноги
201183193,Дополнительная информация,Действие,тонизирование; упругость; улучшение кровообращения
201183193,Дополнительная информация,Страна производства,Китай
201183193,Габариты,Высота предмета,3 см
201183193,Габариты,Ширина предмета,3 см
201183193,Габариты,Глубина предмета,125 см
201183193,Габариты,Вес с упаковкой (кг),0.16 кг
201183193,Габариты,Длина упаковки,25 см
201183193,Габариты,Высота упаковки,4 см
201183193,Габариты,Ширина упаковки,16 см
90611707,Материалы,Материал изделия,abs пластик
90611707,Дополнительная информация,Страна производства,Китай
90611707,Габариты,Длина упаковки,20 см
90611707,Габариты,Высота упаковки,9 см
90611707,Габариты,Ширина упаковки,17 см
208731978,Основная информация,Цвет,черный
208731978,Материалы,Материал изделия,abs-пластик; ПВХ; ПЭТ
208731978,Дополнительная информация,Зона массажа,"Тело, поясница и живот; Руки, бедра,ноги; плечи"
208731978,Дополнительная информация,Действие,сжигание подкожного жира; коррекция фигуры; лифтинг
208731978,Дополнительная информация,Страна производства,Китай
208731978,Габариты,Ширина предмета,22 см
208731978,Габариты,Высота предмета,11 см
208731978,Габариты,Вес товара с упаковкой (г),122 г
208731978,Габариты,Длина упаковки,26 см
208731978,Габариты,Высота упаковки,6 см
208731978,Габариты,Ширина упаковки,23 см
267825782,Основная информация,Цвет,черный
267825782,Общие характеристики,Модель,EMS Foot Massager
267825782,Питание,Питание,Аккумулятор встроенный; работает без батареек; USB ( в комплекте)
267825782,Технические особенности,Количество режимов работы,6 техник массажа; комбинированный; 9 скоростей
267825782,Дополнительная информация,Тип массажера,спортивный; не скребок гуаша; не вибромассажер подушка
267825782,Дополнительная информация,Зона массажа,для шеи; для пресса; для ног и стопы
267825782,Дополнительная информация,Действие,ортопедический массажер; лимфодренажный и антицеллюлитный эффекты; Оздоровление организма
267825782,Дополнительная информация,Комплектация,"Коврик,USB кабель для зарядки,главный двигатель-дисплей"
267825782,Дополнительная информация,Страна производства,Китай
267825782,Габариты,Глубина предмета,28 см
267825782,Габариты,Вес без упаковки (кг),0.12 кг
267825782,Габариты,Вес с упаковкой (кг),0.2 кг
267825782,Габариты,Длина упаковки,32 см
267825782,Габариты,Высота упаковки,3 см
267825782,Габариты,Ширина упаковки,14 см
293152733,Основная информация,Цвет,серый
293152733,Питание,Питание,USB
293152733,Технические особенности,Количество режимов работы,10 режимов
293152733,Дополнительная информация,Тип массажера,электроимпульсный; тепловой; электростимулятор
293152733,Дополнительная информация,Зона массажа,живот; талия; поясница
293152733,Дополнительная информация,Форма массажера,пояс
293152733,Дополнительная информация,Действие,коррекция фигуры; лифтинг; для похудения
293152733,Дополнительная информация,Доп. опции массажера,функция подогрева; автовыключение; электростимуляция
293152733,Дополнительная информация,Комплектация,электрический пояс для похудения; блок управления; пояс регулировка талии; Кабель Туре-с; Коробка для стимулятора; дозатор для воды
293152733,Дополнительная информация,Страна производства,Китай
293152733,Габариты,Длина упаковки,22 см
293152733,Габариты,Высота упаковки,5 см
293152733,Габариты,Ширина упаковки,20 см
154631379,Основная информация,Цвет,белый
154631379,Общие характеристики,Модель,электрический массажер
154631379,Питание,Питание,от батареек
154631379,Технические особенности,Количество режимов работы,8
154631379,Дополнительная информация,Тип массажера,электроимпульсный
154631379,Дополнительная информация,Зона массажа,тело
154631379,Дополнительная информация,Действие,массаж
154631379,Дополнительная информация,Комплектация,цифровой массажер - 1 шт
154631379,Дополнительная информация,Страна производства,Китай
154631379,Габариты,Высота предмета,15 см
154631379,Габариты,Ширина предмета,17 см
154631379,Габариты,Вес без упаковки (кг),0.25 кг
154631379,Габариты,Вес с упаковкой (кг),0.25 кг
154631379,Габариты,Длина упаковки,8 см
154631379,Габариты,Высота упаковки,20 см
154631379,Габариты,Ширина упаковки,19 см
244282458,Основная информация,Цвет,белый; серый
244282458,Технические особенности,Количество режимов работы,15 режимов
244282458,Дополнительная информация,Тип массажера,электроимпульсный
244282458,Дополнительная информация,Зона массажа,тело; руки; ноги
244282458,Дополнительная информация,Действие,восстановление
244282458,Габариты,Длина упаковки,20 см
244282458,Габариты,Высота упаковки,8 см
244282458,Габариты,Ширина упаковки,20 см
206724212,Основная информация,Цвет,черный
206724212,Питание,Питание,USB
206724212,Технические особенности,Количество режимов работы,8 шт.
206724212,Дополнительная информация,Тип массажера,электроимпульсный
206724212,Дополнительная информация,Зона массажа,руки; стопы
206724212,Дополнительная информация,Действие,снятие мышечного напряжения; снятие отечности; улучшение кровообращения
206724212,Дополнительная информация,Мин. продолжительность автономной работы,15 мин
206724212,Дополнительная информация,Доп. опции массажера,электромиостимуляция
206724212,Дополнительная информация,Комплектация,"LED дисплей, коврик, USB кабель"
206724212,Дополнительная информация,Страна производства,Китай
206724212,Габариты,Ширина предмета,27 см
206724212,Габариты,Вес с упаковкой (кг),0.145 кг
206724212,Габариты,Длина упаковки,32 см
206724212,Габариты,Высота упаковки,3 см
206724212,Габариты,Ширина упаковки,14 см
16329046,Материалы,Материал изделия,abs-пластик
16329046,Дополнительная информация,Страна производства,Китай
16329046,Дополнительная информация,Комплектация,массажер; контроллер; тапочки; вилка; инструкция по применению
195627738,Основная информация,Цвет,синий
195627738,Общие характеристики,Модель,Mini
195627738,Питание,Питание,USB
195627738,Дополнительная информация,Зона массажа,спина; шея; поясница
195627738,Дополнительная информация,Действие,снятие мышечного напряжения; успокаивающее; улучшение кровообращения
195627738,Дополнительная информация,Доп. опции массажера,электромиостимуляция
195627738,Дополнительная информация,Комплектация,массажер; кабель для зарядки
195627738,Габариты,Длина упаковки,15 см
195627738,Габариты,Высота упаковки,3 см
195627738,Габариты,Ширина упаковки,10 см
139113530,Основная информация,Цвет,фиолетовый
139113530,Общие характеристики,Количество предметов в упаковке (шт.),6 шт.
139113530,Материалы,Материал изделия,abs-пластик; гипоаллергенный; высококачественный PP пластик
139113530,Дополнительная информация,Диаметр,2.6 мм
139113530,Дополнительная информация,Особенности секс игрушки,тренажер для интимных мышц; вагинальный; электростимуляция
139113530,Дополнительная информация,Страна производства,Китай
139113530,Дополнительная информация,Комплектация,Чехол для хранения - 1 шт.; Провод соединяющий хост и зонд - 1 шт.; Зонд для влагалища - 1 шт.; Инструкция - 1 шт.; Хост компьютер - 1 шт.
139113530,Габариты,Длина предмета,14 см
139113530,Габариты,Длина упаковки,17 см
139113530,Габариты,Высота упаковки,7 см
139113530,Габариты,Ширина упаковки,11 см
19237484,Основная информация,Цвет,бледно-розовый; черный
19237484,Материалы,Материал изделия,безопасный медицинский пластик; нержавеющая сталь; пластик
19237484,Дополнительная информация,Диаметр,28 мм
19237484,Дополнительная информация,Особенности секс игрушки,тренажер кегеля; миостимулятор для интимных мышц; вагинальный тренажер кегеля
19237484,Дополнительная информация,Страна производства,Россия
19237484,Дополнительная информация,Комплектация,зарядное устройство; инструкция; блок управления; соединительные кабели; зонд 1шт.
19237484,Габариты,Длина упаковки,5 см
19237484,Габариты,Высота упаковки,5 см
19237484,Габариты,Ширина упаковки,20 см
188936997,Основная информация,Цвет,черный
188936997,Дополнительная информация,Зона массажа,спина; тело; живот
188936997,Дополнительная информация,Действие,коррекция фигуры; снятие мышечного напряжения; Снятие болевого синдрома
188936997,Дополнительная информация,Страна производства,Китай
188936997,Габариты,Вес с упаковкой (кг),0.4 кг
188936997,Габариты,Длина упаковки,8 см
188936997,Габариты,Высота упаковки,16 см
188936997,Габариты,Ширина упаковки,2 см
190165312,Общие характеристики,Модель,для спины; электро; для пресса
190165312,Питание,Питание,USB; от аккумулятора; поддержка и восстановление
190165312,Дополнительная информация,Тип массажера,электроимпульсный; вибромассажер; оздоровление
190165312,Дополнительная информация,Зона массажа,живот; тело; спина
190165312,Дополнительная информация,Действие,массажер для тела; массажер для спины; антицеллюлитный массажер
190165312,Дополнительная информация,Доп. опции массажера,Антицеллюлитный; виброплатформа; для похудения живота
190165312,Габариты,Длина упаковки,30 см
190165312,Габариты,Высота упаковки,5 см
190165312,Габариты,Ширина упаковки,20 см
303492392,Общие характеристики,Модель,миостимулятор
303492392,Питание,Питание,от батареек
303492392,Дополнительная информация,Тип массажера,вибромассажер; электроимпульсный
303492392,Дополнительная информация,Зона массажа,бедра; живот; плечи
303492392,Дополнительная информация,Действие,укрепление; питание; снятие отечности
303492392,Дополнительная информация,Доп. опции массажера,автовыключение; вибромассаж; электромиостимуляция
303492392,Дополнительная информация,Комплектация,тренажер1шт
303492392,Дополнительная информация,Срок эксплуатации,бессрочно
303492392,Габариты,Высота предмета,17 см
303492392,Габариты,Ширина предмета,20 см
303492392,Габариты,Вес без упаковки (кг),0.2 кг
303492392,Габариты,Вес с упаковкой (кг),0.3 кг
303492392,Габариты,Длина упаковки,21 см
303492392,Габариты,Высота упаковки,6 см
303492392,Габариты,Ширина упаковки,18 см
235749312,Технические особенности,Количество режимов работы,8
235749312,Дополнительная информация,Тип массажера,постукивающий; электроимпульсный; вибромассажер
235749312,Дополнительная информация,Зона массажа,стопы; ноги; пятки
235749312,Дополнительная информация,Действие,улучшение метаболизма; укрепление мышц стопы; Снятие усталости
235749312,Дополнительная информация,Мин. продолжительность автономной работы,15 мин
235749312,Дополнительная информация,Комплектация,Массажер для тела Массажер электрический миостимулятор
235749312,Дополнительная информация,Страна производства,Китай
235749312,Габариты,Высота предмета,15 см
235749312,Габариты,Длина упаковки,9 см
235749312,Габариты,Высота упаковки,16 см
235749312,Габариты,Ширина упаковки,2 см
111837401,Основная информация,Цвет,белый; синий
111837401,Общие характеристики,Модель,Акупунктурный электромассажер; электронный массажер; Миостимулятор электрический массажер
111837401,Питание,Питание,Батарейки (ААА) 3 шт; USB (кабель в комплекте)
111837401,Технические особенности,Количество режимов работы,8 автоматических режимов
111837401,Насадки,Количество насадок,2 шт.
111837401,Дополнительная информация,Тип массажера,акупунктурный; терапевтический; Расслабляющий импульсный
111837401,Дополнительная информация,Зона массажа,"Спина, плечи, ноги, руки, ягодицы; Живот, Талия; поясница, бедра"
111837401,Дополнительная информация,Действие,Согревающий массаж; магнитотерапия; Расслабление и снятие усталости
111837401,Дополнительная информация,Мин. продолжительность автономной работы,5 мин
111837401,Дополнительная информация,Доп. опции массажера,улучшение кровообращения и общий тонус тела; терапевтический эффект; стимуляция кровообращения
111837401,Дополнительная информация,Количество роликов,нет роликов
111837401,Дополнительная информация,Комплектация,Массажер - миостимулятор - 1 шт; насадки; Инструкция - 1 шт
111837401,Дополнительная информация,Страна производства,Китай
111837401,Габариты,Высота предмета,15 см
111837401,Габариты,Ширина предмета,7 см
111837401,Габариты,Глубина предмета,3 см
111837401,Габариты,Вес без упаковки (кг),0.2 кг
111837401,Габариты,Вес с упаковкой (кг),0.3 кг
111837401,Габариты,Длина упаковки,8 см
111837401,Габариты,Высота упаковки,18 см
111837401,Габариты,Ширина упаковки,10 см
253122237,Основная информация,Цвет,черный
253122237,Дополнительная информация,Действие,разогревающее; снятие мышечного напряжения
253122237,Габариты,Вес с упаковкой (кг),0.3 кг
253122237,Габариты,Длина упаковки,20 см
253122237,Габариты,Высота упаковки,4 см
253122237,Габариты,Ширина упаковки,13 см
236939205,Основная информация,Цвет,черно-синий
236939205,Питание,Питание,USB
236939205,Технические особенности,Количество режимов работы,8; 19
236939205,Насадки,Количество насадок,1 шт.
236939205,Дополнительная информация,Тип массажера,Лимфодренажный; электроимпульсный; постукивающий
236939205,Дополнительная информация,Зона массажа,спина; шея; пресс
236939205,Дополнительная информация,Действие,массажер импульсный лимфодренажный; массажер для спины и шеи электрический; электрический массажер антицеллюлитный для тела
236939205,Дополнительная информация,Доп. опции массажера,электромиостимуляция; вибромассаж; лимфодренаж
236939205,Дополнительная информация,Количество роликов,нет
236939205,Дополнительная информация,Комплектация,Блок; два электрода
236939205,Дополнительная информация,Страна производства,Китай
236939205,Габариты,Высота предмета,16 см
236939205,Габариты,Ширина предмета,7 см
236939205,Габариты,Глубина предмета,3 см
236939205,Габариты,Вес без упаковки (кг),0.14 кг
236939205,Габариты,Вес с упаковкой (кг),0.2 кг
236939205,Габариты,Длина упаковки,18 см
236939205,Габариты,Высота упаковки,4 см
236939205,Габариты,Ширина упаковки,9 см
163743837,Габариты,Длина упаковки,10 см
163743837,Габариты,Высота упаковки,10 см
163743837,Габариты,Ширина упаковки,10 см
231431810,Общие характеристики,Количество предметов в упаковке,1 шт.
231431810,Материалы,Материал изделия,ткань
231431810,Дополнительная информация,Зона массажа,ягодицы и бедра
231431810,Дополнительная информация,Действие,Укрепление мышц
231431810,Дополнительная информация,Страна производства,Китай
231431810,Дополнительная информация,Комплектация,инструкция; миостимулятор; пульт дистанционного управления
231431810,Габариты,Ширина предмета,25 см
231431810,Габариты,Высота предмета,20 см
231431810,Габариты,Вес товара с упаковкой (г),200 г
231431810,Габариты,Длина упаковки,26 см
231431810,Габариты,Высота упаковки,3 см
231431810,Габариты,Ширина упаковки,22 см
242831560,Основная информация,Цвет,белый; белый матовый
242831560,Общие характеристики,Модель,с ems
242831560,Общие характеристики,Гарантийный срок,"1 год в случае поломки, гарантийный ремонт; 3 месяца, в случае поломки обмен на новый"
242831560,Питание,Питание,от аккумулятора
242831560,Технические особенности,Количество режимов работы,15 режимов
242831560,Насадки,Количество насадок,2 шт.
242831560,Дополнительная информация,Тип массажера,вакуумный; электроимпульсный; Лимфодренажный
242831560,Дополнительная информация,Зона массажа,бедра; тело; ягодицы
242831560,Дополнительная информация,Форма массажера,ручной электромассажер
242831560,Дополнительная информация,Действие,коррекция фигуры; против целлюлита; снятие отеков
242831560,Дополнительная информация,Мин. продолжительность автономной работы,60 мин
242831560,Дополнительная информация,Доп. опции массажера,миостимуляция; функция подогрева; инфракрасный излучатель
242831560,Дополнительная информация,Количество роликов,2 ролика
242831560,Дополнительная информация,Комплектация,массажер; провод для электродов; Провод для зарядки; Электроды 4шт; инструкция; паспорт; масло 2шт; бархатный мешочек; коробка
242831560,Дополнительная информация,Страна производства,Китай
242831560,Дополнительная информация,Срок эксплуатации,1 год
242831560,Габариты,Высота предмета,14 см
242831560,Габариты,Ширина предмета,6 см
242831560,Габариты,Глубина предмета,8 см
242831560,Габариты,Вес без упаковки (кг),0.2 кг
242831560,Габариты,Вес с упаковкой (кг),1 кг
242831560,Габариты,Длина упаковки,18 см
242831560,Габариты,Высота упаковки,10 см
242831560,Габариты,Ширина упаковки,15 см
282292160,Основная информация,Цвет,черный
282292160,Питание,Питание,от батареек
282292160,Технические особенности,Количество режимов работы,8
282292160,Дополнительная информация,Тип массажера,вибромассажер
282292160,Дополнительная информация,Зона массажа,тело
282292160,Дополнительная информация,Действие,укрепление
282292160,Дополнительная информация,Страна производства,Китай
282292160,Габариты,Вес без упаковки (кг),0.98 кг
282292160,Габариты,Вес с упаковкой (кг),0.1 кг
282292160,Габариты,Длина упаковки,26 см
282292160,Габариты,Высота упаковки,4 см
282292160,Габариты,Ширина упаковки,16 см
170346702,Основная информация,Цвет,розовый
170346702,Питание,Питание,USB; от аккумулятора
170346702,Дополнительная информация,Комплектация,пояс для похудения - 1 шт; USB - кабель для зарядки - 1 шт; инструкция
170346702,Дополнительная информация,Срок эксплуатации,6 месяцев
170346702,Габариты,Вес с упаковкой (кг),0.45 кг
170346702,Габариты,Длина упаковки,13 см
170346702,Габариты,Высота упаковки,5 см
170346702,Габариты,Ширина упаковки,25 см
190528950,Основная информация,Цвет,черный; синий
190528950,Общие характеристики,Модель,Y-905Z
190528950,Общие характеристики,Гарантийный срок,1 год
190528950,Питание,Питание,USB
190528950,Технические особенности,Количество режимов работы,8
190528950,Насадки,Количество насадок,1 шт.
190528950,Дополнительная информация,Тип массажера,электроимпульсный; вибромассажер
190528950,Дополнительная информация,Зона массажа,тело; ноги; шея
190528950,Дополнительная информация,Действие,коррекция фигуры; снятие отечности; улучшение кровообращения
190528950,Дополнительная информация,Мин. продолжительность автономной работы,120 мин
190528950,Дополнительная информация,Доп. опции массажера,электромиостимуляция
190528950,Дополнительная информация,Комплектация,один электромассажер
190528950,Дополнительная информация,Страна производства,Китай
190528950,Габариты,Высота предмета,2 см
190528950,Габариты,Вес без упаковки (кг),0.19 кг
190528950,Габариты,Вес с упаковкой (кг),0.21 кг
190528950,Габариты,Длина упаковки,18 см
190528950,Габариты,Высота упаковки,2 см
190528950,Габариты,Ширина упаковки,9 см
249674630,Основная информация,Цвет,белый
249674630,Общие характеристики,Модель,Миостимулятор для лица и тела
249674630,Общие характеристики,Гарантийный срок,1 год
249674630,Питание,Питание,USB; от аккумулятора; от сети
249674630,Технические особенности,Количество режимов работы,6 режимов
249674630,Дополнительная информация,Тип массажера,электроимпульсный; вибрационный; микротоковый
249674630,Дополнительная информация,Зона массажа,лицо; подбородок; овал лица
249674630,Дополнительная информация,Действие,лифтинг; против морщин; омолаживание
249674630,Дополнительная информация,Мин. продолжительность автономной работы,15 мин
249674630,Дополнительная информация,Доп. опции массажера,эффект иглоукалывания; автовыключение
249674630,Дополнительная информация,Комплектация,массажер; кабель для зарядки; пульт дистанционный; импульсные пластыри; кабель 1.2 м; Эластичная лента
249674630,Дополнительная информация,Страна производства,Китай
249674630,Габариты,Высота предмета,18 см
249674630,Габариты,Ширина предмета,5 см
249674630,Габариты,Глубина предмета,2.4 см
249674630,Габариты,Вес с упаковкой (кг),0.24 кг
249674630,Габариты,Длина упаковки,19 см
249674630,Габариты,Высота упаковки,6 см
249674630,Габариты,Ширина упаковки,10 см
179633280,Основная информация,Цвет,синий
179633280,Общие характеристики,Модель,Mini
179633280,Питание,Питание,USB
179633280,Дополнительная информация,Зона массажа,спина; шея; поясница
179633280,Дополнительная информация,Действие,снятие мышечного напряжения; успокаивающее; улучшение кровообращения
179633280,Дополнительная информация,Доп. опции массажера,электромиостимуляция
179633280,Дополнительная информация,Комплектация,массажер; кабель для зарядки
179633280,Габариты,Длина упаковки,15 см
179633280,Габариты,Высота упаковки,3 см
179633280,Габариты,Ширина упаковки,10 см
195627583,Основная информация,Цвет,синий
195627583,Общие характеристики,Модель,Mini
195627583,Питание,Питание,USB
195627583,Дополнительная информация,Зона массажа,спина; шея; поясница
195627583,Дополнительная информация,Действие,снятие мышечного напряжения; успокаивающее; улучшение кровообращения
195627583,Дополнительная информация,Доп. опции массажера,электромиостимуляция
195627583,Дополнительная информация,Комплектация,массажер; кабель для зарядки
195627583,Габариты,Длина упаковки,15 см
195627583,Габариты,Высота упаковки,3 см
195627583,Габариты,Ширина упаковки,10 см
195627585,Основная информация,Цвет,черный
195627585,Общие характеристики,Модель,EMS Foot Massager
195627585,Питание,Питание,USB
195627585,Технические особенности,Количество режимов работы,8
195627585,Дополнительная информация,Тип массажера,электроимпульсный
195627585,Дополнительная информация,Зона массажа,ноги; стопы
195627585,Дополнительная информация,Действие,улучшение кровообращения; успокаивающее
195627585,Дополнительная информация,Доп. опции массажера,электромиостимуляция
195627585,Дополнительная информация,Комплектация,коврик; кабель; пульт
195627585,Габариты,Длина упаковки,23 см
195627585,Габариты,Высота упаковки,3 см
195627585,Габариты,Ширина упаковки,15 см
108673217,Основная информация,Цвет,белый
108673217,Материалы,Материал изделия,нержавеющая сталь; медицинский сплав; пластик
108673217,Дополнительная информация,Диаметр,28 мм
108673217,Дополнительная информация,Особенности секс игрушки,укрепление интимных мышц; электростимуляция; дистанционное управление
108673217,Дополнительная информация,Страна производства,Китай
108673217,Дополнительная информация,Комплектация,Батарейки ААА 2шт; Косметичка для хранения 1шт; Русская инструкция; Провод и миостимулятор 1шт; лубрикант на водной основе 3шт
108673217,Габариты,Длина предмета,7 см
108673217,Габариты,Вес товара без упаковки (г),300 г
108673217,Габариты,Длина упаковки,18 см
108673217,Габариты,Высота упаковки,6 см
108673217,Габариты,Ширина упаковки,22 см
272647191,Питание,Питание,от батареек; от сети
272647191,Технические особенности,Количество режимов работы,8 режимов
272647191,Дополнительная информация,Зона массажа,тело; спина; руки
272647191,Дополнительная информация,Действие,смягчение; успокаивающее
272647191,Дополнительная информация,Доп. опции массажера,вибромассаж
272647191,Дополнительная информация,Комплектация,массажер; Тапочки-электроды; перчатки-электроды; носки-электроды; Напульсники-нарукавники; 16 липучек электродов; Два шнура для накладок; Адаптер к массажер
272647191,Дополнительная информация,Страна производства,Китай
272647191,Габариты,Вес с упаковкой (кг),1 кг
272647191,Габариты,Длина упаковки,28 см
272647191,Габариты,Высота упаковки,11 см
272647191,Габариты,Ширина упаковки,11 см
195586166,Дополнительная информация,Зона массажа,тело; шея; спина
195586166,Дополнительная информация,Действие,улучшение кровообращения; успокаивающее; улучшение сна
195586166,Дополнительная информация,Доп. опции массажера,электромиостимуляция
195586166,Габариты,Длина упаковки,16 см
195586166,Габариты,Высота упаковки,6 см
195586166,Габариты,Ширина упаковки,8 см
260406744,Основная информация,Цвет,черный
260406744,Дополнительная информация,Действие,укрепление
260406744,Габариты,Длина упаковки,26 см
260406744,Габариты,Высота упаковки,4 см
260406744,Габариты,Ширина упаковки,16 см
180247969,Общие характеристики,Модель,Массажер электрический
180247969,Питание,Питание,USB; от аккумулятора
180247969,Технические особенности,Количество режимов работы,8
180247969,Дополнительная информация,Тип массажера,электроимпульсный; вибромассажный пояс; вибромассажер
180247969,Дополнительная информация,Зона массажа,спина; мышцы; рука
180247969,Дополнительная информация,Действие,тело; ноги; Рука
180247969,Дополнительная информация,Доп. опции массажера,автовыключение; электромиостимуляция; ультразвуковой массаж
180247969,Дополнительная информация,Количество роликов,Нет ролики
180247969,Дополнительная информация,Комплектация,массажер для тела
180247969,Дополнительная информация,Страна производства,Китай
180247969,Габариты,Вес с упаковкой (кг),0.05 кг
180247969,Габариты,Длина упаковки,15 см
180247969,Габариты,Высота упаковки,3 см
180247969,Габариты,Ширина упаковки,7 см
179046131,Габариты,Длина упаковки,6 см
179046131,Габариты,Высота упаковки,16 см
179046131,Габариты,Ширина упаковки,8 см
223763380,Основная информация,Цвет,серый; белый
223763380,Общие характеристики,Модель,Цифровой меридиан; массажер для спины; микротоковый массажер
223763380,Питание,Питание,USB; от сети
223763380,Дополнительная информация,Тип массажера,микротоковый импульсный миостимулятор; вибромассажер; электроимпульсный
223763380,Дополнительная информация,Зона массажа,плечи; спина; шея
223763380,Дополнительная информация,Действие,снятие мышечного напряжения; снятие отечности; улучшение кровообращения
223763380,Дополнительная информация,Мин. продолжительность автономной работы,40 мин
223763380,Дополнительная информация,Комплектация,Инструмент для терапии Цифровой меридиан; аппликаторы электроды 4 шт; кабель питания от сети USB
223763380,Габариты,Высота предмета,16 см
223763380,Габариты,Ширина предмета,6 см
223763380,Габариты,Вес без упаковки (кг),0.5 кг
223763380,Габариты,Длина упаковки,24 см
223763380,Габариты,Высота упаковки,5 см
223763380,Габариты,Ширина упаковки,19 см
159244441,Основная информация,Цвет,черный
159244441,Общие характеристики,Модель,массажер в форме бабочки
159244441,Питание,Питание,Встроенный аккумулятор
159244441,Технические особенности,Количество режимов работы,8
159244441,Дополнительная информация,Тип массажера,вибрационный; импульсный
159244441,Дополнительная информация,Зона массажа,разные части тела
159244441,Дополнительная информация,Действие,Импульсное; вибрации; расслабляющее
159244441,Габариты,Вес с упаковкой (кг),0.8 кг
159244441,Габариты,Длина упаковки,7 см
159244441,Габариты,Высота упаковки,17 см
159244441,Габариты,Ширина упаковки,3 см
198313257,Основная информация,Цвет,черный
198313257,Общие характеристики,Модель,пояс массажер для похудения
198313257,Общие характеристики,Гарантийный срок,6 мес
198313257,Питание,Питание,USB; от сети
198313257,Технические особенности,Количество режимов работы,6 шт.
198313257,Дополнительная информация,Тип массажера,электроимпульсный; миостимулятор; электрический
198313257,Дополнительная информация,Зона массажа,живот; спина; тело
198313257,Дополнительная информация,Форма массажера,пояс
198313257,Дополнительная информация,Действие,коррекция фигуры; жиросжигание; Микротоковый массаж
198313257,Дополнительная информация,Мин. продолжительность автономной работы,15 мин
198313257,Дополнительная информация,Доп. опции массажера,миостимулятор; Антицеллюлитный; вибромассаж
198313257,Дополнительная информация,Комплектация,Массажер электрический миостимулятор живота EMS Abdominal Toning Belt для мужчин и женщин; инструкция к применению; кабель usb; картонная коробка
198313257,Дополнительная информация,Страна производства,Китай
198313257,Габариты,Высота предмета,17 см
198313257,Габариты,Ширина предмета,102 см
198313257,Габариты,Глубина предмета,2 см
198313257,Габариты,Вес без упаковки (кг),0.2 кг
198313257,Габариты,Вес с упаковкой (кг),0.2 кг
198313257,Габариты,Длина упаковки,36 см
198313257,Габариты,Высота упаковки,4 см
198313257,Габариты,Ширина упаковки,18 см
198472394,Общие характеристики,Модель,Beauty Body; Антицеллюлитный массажер; вибромассажер миостимулятор
198472394,Питание,Питание,от батареек
198472394,Технические особенности,Количество режимов работы,6 шт.
198472394,Насадки,Количество насадок,3 шт.
198472394,Дополнительная информация,Тип массажера,электроимпульсный; вибромассажер; миостимулятор
198472394,Дополнительная информация,Зона массажа,живот; руки и ноги; бедра
198472394,Дополнительная информация,Действие,тренировка и массаж; сжигание жира; вибромассаж
198472394,Дополнительная информация,Мин. продолжительность автономной работы,20 мин
198472394,Дополнительная информация,Доп. опции массажера,вибромассаж; электромиостимуляция; беспроводной массаж
198472394,Дополнительная информация,Комплектация,миостимулятор
198472394,Дополнительная информация,Страна производства,Китай
198472394,Габариты,Высота предмета,19 см
198472394,Габариты,Глубина предмета,16 см
198472394,Габариты,Длина упаковки,22 см
198472394,Габариты,Высота упаковки,5 см
198472394,Габариты,Ширина упаковки,19 см
196992840,Дополнительная информация,Зона массажа,Разные зоны; ноги
196992840,Дополнительная информация,Действие,Импульсное; Массаж; расслабляющее
196992840,Габариты,Длина упаковки,15 см
196992840,Габариты,Высота упаковки,2 см
196992840,Габариты,Ширина упаковки,9 см
111837400,Основная информация,Цвет,белый; синий
111837400,Общие характеристики,Модель,Акупунктурный электромассажер; Миостимулятор электрический массажер; электронный массажер
111837400,Питание,Питание,Батарейки (ААА) 3 шт; USB (кабель в комплекте)
111837400,Технические особенности,Количество режимов работы,8 автоматических режимов
111837400,Насадки,Количество насадок,2 шт.
111837400,Дополнительная информация,Тип массажера,Расслабляющий импульсный; терапевтический; акупунктурный
111837400,Дополнительная информация,Зона массажа,"поясница, бедра; Живот, Талия; Спина, плечи, ноги, руки, ягодицы"
111837400,Дополнительная информация,Действие,Согревающий массаж; магнитотерапия; Расслабление и снятие усталости
111837400,Дополнительная информация,Мин. продолжительность автономной работы,5 мин
111837400,Дополнительная информация,Доп. опции массажера,стимуляция кровообращения; терапевтический эффект; улучшение кровообращения и общий тонус тела
111837400,Дополнительная информация,Количество роликов,нет роликов
111837400,Дополнительная информация,Комплектация,Массажер - миостимулятор - 1 шт; насадки; Инструкция - 1 шт
111837400,Дополнительная информация,Страна производства,Китай
111837400,Габариты,Высота предмета,15 см
111837400,Габариты,Ширина предмета,7 см
111837400,Габариты,Глубина предмета,3 см
111837400,Габариты,Вес без упаковки (кг),0.2 кг
111837400,Габариты,Вес с упаковкой (кг),0.3 кг
111837400,Габариты,Длина упаковки,8 см
111837400,Габариты,Высота упаковки,18 см
111837400,Габариты,Ширина упаковки,10 см
150321287,Основная информация,Цвет,белый
150321287,Общие характеристики,Модель,Массажер миостимулятор для терапии цифровой меридиан; XTK-058
150321287,Общие характеристики,Гарантийный срок,нет
150321287,Питание,Питание,от батареек; USB; от сети
150321287,Технические особенности,Количество режимов работы,10
150321287,Насадки,Количество насадок,2 шт.
150321287,Дополнительная информация,Тип массажера,микротоковый; миостимулятор; импульсный массажер
150321287,Дополнительная информация,Зона массажа,тело; шея
150321287,Дополнительная информация,Действие,массаж спины; шеи; тело
150321287,Дополнительная информация,Доп. опции массажера,"Стимулируют акупунктурные точки давления и улучшают кровоток, снимает боли в спине, плечах, мышечные"
150321287,Дополнительная информация,Количество роликов,4
150321287,Дополнительная информация,Страна производства,Китай
150321287,Габариты,Вес без упаковки (кг),0.25 кг
150321287,Габариты,Вес с упаковкой (кг),0.25 кг
150321287,Габариты,Длина упаковки,5 см
150321287,Габариты,Высота упаковки,20 см
150321287,Габариты,Ширина упаковки,22 см
145254296,Основная информация,Цвет,белый; черный
145254296,Материалы,Материал изделия,пластик; металл
145254296,Дополнительная информация,Зона массажа,Все тело шея спина ноги плечи руки ягодицы живот
145254296,Дополнительная информация,Действие,массаж тела в домашних условиях; Улучшение работы мышц; Реабилитация мышц
145254296,Дополнительная информация,Страна производства,Китай
145254296,Дополнительная информация,Комплектация,"Инструмент для терапии, аппликаторы"
145254296,Габариты,Ширина предмета,8 см
145254296,Габариты,Высота предмета,10 см
190166061,Общие характеристики,Модель,для спины; электро; для пресса
190166061,Питание,Питание,USB; от аккумулятора; от батареек
190166061,Технические особенности,Количество режимов работы,8
190166061,Дополнительная информация,Тип массажера,вибромассажер; электроимпульсный; оздоровление
190166061,Дополнительная информация,Зона массажа,живот; тело; спина
190166061,Дополнительная информация,Действие,массажер для тела; массажер для спины; антицеллюлитный массажер
190166061,Дополнительная информация,Доп. опции массажера,Антицеллюлитный; виброплатформа; для похудения живота
190166061,Дополнительная информация,Страна производства,Россия
190166061,Габариты,Длина упаковки,30 см
190166061,Габариты,Высота упаковки,5 см
190166061,Габариты,Ширина упаковки,20 см
61881708,Основная информация,Цвет,черный
61881708,Дополнительная информация,Зона массажа,бедра; живот; руки
61881708,Дополнительная информация,Страна производства,Китай
61881708,Дополнительная информация,Комплектация,Массажер - миостимулятор - 1 шт
96618878,Основная информация,Цвет,голубой
96618878,Общие характеристики,Количество предметов в упаковке (шт.),4 шт.
96618878,Материалы,Материал изделия,abs-пластик; гипоаллергенный; высококачественный PP пластик
96618878,Дополнительная информация,Диаметр,2.6 мм
96618878,Дополнительная информация,Особенности секс игрушки,тренажер для интимных мышц; вагинальный; электростимуляция
96618878,Дополнительная информация,Страна производства,Китай
96618878,Дополнительная информация,Комплектация,инструкция; Хост-компьютер; шнур; Зонд для влагалища
96618878,Габариты,Длина предмета,14 см
96618878,Габариты,Длина упаковки,15 см
96618878,Габариты,Высота упаковки,6 см
96618878,Габариты,Ширина упаковки,9 см
341047679,Общие характеристики,Количество предметов в упаковке,1 шт.
341047679,Материалы,Материал изделия,abs-пластик
341047679,Дополнительная информация,Зона массажа,Для всего тела; для лица и рук; для шеи и спины
341047679,Дополнительная информация,Действие,Против целлюлита; снятие отечности; тонизирование
341047679,Дополнительная информация,Комплектация,Миостимулятор-массажер; электроды - 4 шт; инструкция; кабель USB
341047679,Габариты,Ширина предмета,6 см
341047679,Габариты,Высота предмета,12 см
341047679,Габариты,Вес товара с упаковкой (г),200 г
341047679,Габариты,Длина упаковки,17 см
341047679,Габариты,Высота упаковки,4 см
341047679,Габариты,Ширина упаковки,10 см
175865693,Основная информация,Цвет,черный
175865693,Питание,Питание,USB
175865693,Технические особенности,Количество режимов работы,8; 19
175865693,Насадки,Количество насадок,1 шт.
175865693,Дополнительная информация,Тип массажера,Лимфодренажный; электроимпульсный; постукивающий
175865693,Дополнительная информация,Зона массажа,спина; тело; руки ноги
175865693,Дополнительная информация,Действие,массажер для спины и шеи электрический; электрический массажер антицеллюлитный для тела; массажер импульсный лимфодренажный
175865693,Дополнительная информация,Комплектация,массажер; коробка; инструкция; кабель зарядки
175865693,Дополнительная информация,Страна производства,Китай
175865693,Габариты,Высота предмета,2 см
175865693,Габариты,Ширина предмета,9 см
175865693,Габариты,Глубина предмета,8 см
175865693,Габариты,Вес без упаковки (кг),0.3 кг
175865693,Габариты,Вес с упаковкой (кг),0.3 кг
175865693,Габариты,Длина упаковки,8 см
175865693,Габариты,Высота упаковки,16 см
175865693,Габариты,Ширина упаковки,2 см
335214615,Дополнительная информация,Зона массажа,все тело
335214615,Дополнительная информация,Действие,болеутоляющий
104702955,Основная информация,Цвет,розовый
104702955,Общие характеристики,Количество предметов в упаковке (шт.),1 шт.
104702955,Материалы,Материал изделия,металл; пластик; силикон
104702955,Дополнительная информация,Особенности секс игрушки,электростимуляция; бесшумный
104702955,Дополнительная информация,Страна производства,Китай
104702955,Дополнительная информация,Комплектация,Инструкция на русском языке; анатомическая насадка; батарейки; соединительный провод; блок управления
104702955,Габариты,Длина предмета,10 см
104702955,Габариты,Вес товара без упаковки (г),199 г
104702955,Габариты,Длина упаковки,9 см
104702955,Габариты,Высота упаковки,6 см
104702955,Габариты,Ширина упаковки,15 см
195627588,Основная информация,Цвет,черный
195627588,Общие характеристики,Модель,Mini
195627588,Питание,Питание,USB
195627588,Дополнительная информация,Тип массажера,электроимпульсный
195627588,Дополнительная информация,Зона массажа,спина; тело; шея
195627588,Дополнительная информация,Действие,снятие мышечного напряжения; успокаивающее; улучшение кровообращения
195627588,Дополнительная информация,Комплектация,массажер; кабель для зарядки
195627588,Габариты,Длина упаковки,15 см
195627588,Габариты,Высота упаковки,3 см
195627588,Габариты,Ширина упаковки,10 см
236798629,Основная информация,Цвет,белый
236798629,Общие характеристики,Модель,Цифровой меридиан
236798629,Питание,Питание,от сети; USB
236798629,Технические особенности,Количество режимов работы,6 режимов массажа
236798629,Насадки,Количество насадок,2 шт.
236798629,Дополнительная информация,Тип массажера,вибромассажер; микротоковый импульсный миостимулятор; электроимпульсный
236798629,Дополнительная информация,Зона массажа,плечи; спина; тело
236798629,Дополнительная информация,Действие,улучшение кровообращения; укрепление
236798629,Дополнительная информация,Мин. продолжительность автономной работы,40 мин
236798629,Дополнительная информация,Доп. опции массажера,вибромассаж; электромиостимуляция; эффект иглоукалывания
236798629,Дополнительная информация,Комплектация,аппликаторы электроды 4 шт; кабель питания от сети USB; массажер
236798629,Дополнительная информация,Страна производства,Китай
236798629,Габариты,Высота предмета,16 см
236798629,Габариты,Ширина предмета,6 см
236798629,Габариты,Вес с упаковкой (кг),0.5 кг
236798629,Габариты,Длина упаковки,24 см
236798629,Габариты,Высота упаковки,5 см
236798629,Габариты,Ширина упаковки,20 см
273470070,Основная информация,Цвет,белый
198348956,Основная информация,Цвет,белый
198348956,Материалы,Материал изделия,пластик
198348956,Дополнительная информация,Действие,Массаж для лица шеи и тела; Омоложение Восстановление овала лица
198348956,Дополнительная информация,Страна производства,Китай
191120064,Общие характеристики,Модель,для пресса
191120064,Питание,Питание,USB; от аккумулятора
191120064,Технические особенности,Количество режимов работы,8
191120064,Дополнительная информация,Тип массажера,вибромассажер; электроимпульсный; оздоровление
191120064,Дополнительная информация,Зона массажа,живот; тело; спина
191120064,Дополнительная информация,Доп. опции массажера,Антицеллюлитный; виброплатформа; для похудения живота
191120064,Дополнительная информация,Страна производства,Китай
191120064,Габариты,Вес с упаковкой (кг),0.3 кг
191120064,Габариты,Длина упаковки,24 см
191120064,Габариты,Высота упаковки,15 см
191120064,Габариты,Ширина упаковки,3 см
111837402,Основная информация,Цвет,белый; синий
111837402,Общие характеристики,Модель,Миостимулятор электрический массажер; электронный массажер; Акупунктурный электромассажер
111837402,Питание,Питание,Батарейки (ААА) 3 шт; USB (кабель в комплекте)
111837402,Технические особенности,Количество режимов работы,8 автоматических режимов
111837402,Насадки,Количество насадок,2 шт.
111837402,Дополнительная информация,Тип массажера,Расслабляющий импульсный; акупунктурный; терапевтический
111837402,Дополнительная информация,Зона массажа,"поясница, бедра; Живот, Талия; Спина, плечи, ноги, руки, ягодицы"
111837402,Дополнительная информация,Действие,Согревающий массаж; магнитотерапия; Расслабление и снятие усталости
111837402,Дополнительная информация,Мин. продолжительность автономной работы,5 мин
111837402,Дополнительная информация,Доп. опции массажера,терапевтический эффект; улучшение кровообращения и общий тонус тела; стимуляция кровообращения
111837402,Дополнительная информация,Количество роликов,нет роликов
111837402,Дополнительная информация,Комплектация,Массажер - миостимулятор - 1 шт; насадки; Инструкция - 1 шт
111837402,Дополнительная информация,Страна производства,Китай
111837402,Габариты,Высота предмета,15 см
111837402,Габариты,Ширина предмета,7 см
111837402,Габариты,Глубина предмета,3 см
111837402,Габариты,Вес без упаковки (кг),0.2 кг
111837402,Габариты,Вес с упаковкой (кг),0.3 кг
111837402,Габариты,Длина упаковки,8 см
111837402,Габариты,Высота упаковки,18 см
111837402,Габариты,Ширина упаковки,10 см
276048597,Основная информация,Цвет,серебристый
276048597,Общие характеристики,Модель,006
276048597,Общие характеристики,Гарантийный срок,1 месяц
276048597,Питание,Питание,USB
276048597,Технические особенности,Количество режимов работы,4
276048597,Насадки,Количество насадок,1 шт.
276048597,Дополнительная информация,Тип массажера,электроимпульсный
276048597,Дополнительная информация,Зона массажа,шея; плечи
276048597,Дополнительная информация,Действие,улучшение кровообращения; успокаивающее; эластичность
276048597,Дополнительная информация,Мин. продолжительность автономной работы,20 мин
276048597,Дополнительная информация,Доп. опции массажера,автовыключение; функция подогрева; электромиостимуляция
276048597,Дополнительная информация,Количество роликов,1
276048597,Дополнительная информация,Комплектация,миостимулятор 1 шт; usb-кабель 1 шт
276048597,Дополнительная информация,Страна производства,Китай
276048597,Дополнительная информация,Срок эксплуатации,10 лет
276048597,Габариты,Высота предмета,6 см
276048597,Габариты,Ширина предмета,5 см
276048597,Габариты,Глубина предмета,2 см
276048597,Габариты,Вес без упаковки (кг),1 кг
276048597,Габариты,Вес с упаковкой (кг),1 кг
276048597,Габариты,Длина упаковки,13 см
276048597,Габариты,Высота упаковки,3 см
276048597,Габариты,Ширина упаковки,11 см
230164961,Основная информация,Цвет,черный
230164961,Дополнительная информация,Зона массажа,мышцы пресса; все части тела; спортивный инвентарь
230164961,Дополнительная информация,Действие,Антицеллюлитный массаж; поддержка и восстановление; фитнес
230164961,Дополнительная информация,Комплектация,коробка - 1 шт; Инструкция - 1 шт; миостимулятор - 3 шт; накладки - 3 шт
230164961,Дополнительная информация,Страна производства,Китай
230164961,Габариты,Высота предмета,22 см
230164961,Габариты,Длина упаковки,21 см
230164961,Габариты,Высота упаковки,22 см
230164961,Габариты,Ширина упаковки,4 см
195627734,Основная информация,Цвет,черный
195627734,Общие характеристики,Модель,Mini
195627734,Питание,Питание,USB
195627734,Дополнительная информация,Тип массажера,электроимпульсный
195627734,Дополнительная информация,Зона массажа,спина; тело; шея
195627734,Дополнительная информация,Действие,снятие мышечного напряжения; успокаивающее; улучшение кровообращения
195627734,Дополнительная информация,Комплектация,массажер; кабель для зарядки
195627734,Габариты,Длина упаковки,15 см
195627734,Габариты,Высота упаковки,3 см
195627734,Габариты,Ширина упаковки,10 см
388673133,Основная информация,Цвет,черный
388673133,Питание,Питание,от аккумулятора
388673133,Технические особенности,Количество режимов работы,9
388673133,Насадки,Количество насадок,1 шт.
388673133,Дополнительная информация,Тип массажера,электроимпульсный
388673133,Дополнительная информация,Зона массажа,живот; спина; бедра
388673133,Дополнительная информация,Форма массажера,бабочка
388673133,Дополнительная информация,Действие,восстановление; коррекция фигуры; против растяжек
388673133,Дополнительная информация,Мин. продолжительность автономной работы,15 мин
388673133,Дополнительная информация,Доп. опции массажера,автовыключение; индикация выбранного режима
388673133,Дополнительная информация,Комплектация,сменная пластина 1 шт
388673133,Дополнительная информация,Страна производства,Китай
388673133,Дополнительная информация,Срок эксплуатации,1 год
388673133,Габариты,Высота предмета,16 см
388673133,Габариты,Ширина предмета,5 см
388673133,Габариты,Глубина предмета,1 см
388673133,Габариты,Вес без упаковки (кг),0.1 кг
388673133,Габариты,Вес с упаковкой (кг),0.12 кг
388673133,Габариты,Длина упаковки,16 см
388673133,Габариты,Высота упаковки,1 см
388673133,Габариты,Ширина упаковки,6 см
219002030,Основная информация,Цвет,темно-синий
219002030,Общие характеристики,Количество предметов в упаковке,1 шт.
219002030,Материалы,Материал изделия,Силикон + ABS; массажер антицеллюлитный для похудения; массажер для расслабления
219002030,Дополнительная информация,Зона массажа,все части тело
219002030,Дополнительная информация,Действие,"массаж для всего тела, массаж восстанавливающий; массаж для похудения"
219002030,Дополнительная информация,Страна производства,Китай
219002030,Дополнительная информация,Комплектация,1 миостимулятор; 1 патч; 1 провод usb
219002030,Габариты,Ширина предмета,9 см
219002030,Габариты,Высота предмета,15 см
219002030,Габариты,Вес товара с упаковкой (г),150 г
219002030,Габариты,Длина упаковки,10 см
219002030,Габариты,Высота упаковки,18 см
219002030,Габариты,Ширина упаковки,3 см
241187527,Общие характеристики,Модель,для спины; электро; для пресса
241187527,Питание,Питание,USB; от аккумулятора; поддержка и восстановление
241187527,Технические особенности,Количество режимов работы,8
241187527,Дополнительная информация,Тип массажера,электроимпульсный; вибромассажер; оздоровление
241187527,Дополнительная информация,Зона массажа,живот; тело; спина
241187527,Дополнительная информация,Действие,массажер для тела; массажер для спины; антицеллюлитный массажер
241187527,Дополнительная информация,Доп. опции массажера,Антицеллюлитный; виброплатформа; для похудения живота
241187527,Габариты,Длина упаковки,30 см
241187527,Габариты,Высота упаковки,5 см
241187527,Габариты,Ширина упаковки,20 см
259982501,Основная информация,Цвет,белый
259982501,Материалы,Материал изделия,abs-пластик; высококачественный PP пластик; гипоаллергенный
259982501,Дополнительная информация,Особенности секс игрушки,вагинальный; тренажер для интимных мышц; электростимуляция
259982501,Дополнительная информация,Страна производства,Китай
259982501,Дополнительная информация,Комплектация,Миостимулятор - 1 шт.; Кабель соединения - 1 шт. Кабель зарядка - 1 шт.; Вагинальный зонд - 1 шт. Инструкция - 1 шт.; Набор электродов для тела - 8 шт.
259982501,Габариты,Длина упаковки,19 см
259982501,Габариты,Высота упаковки,4 см
259982501,Габариты,Ширина упаковки,16 см
282298563,Основная информация,Цвет,черный
282298563,Питание,Питание,от батареек
282298563,Технические особенности,Количество режимов работы,8
282298563,Дополнительная информация,Тип массажера,вибромассажер
282298563,Дополнительная информация,Зона массажа,тело
282298563,Дополнительная информация,Действие,укрепление
282298563,Дополнительная информация,Страна производства,Китай
282298563,Габариты,Вес с упаковкой (кг),0.35 кг
282298563,Габариты,Длина упаковки,26 см
282298563,Габариты,Высота упаковки,4 см
282298563,Габариты,Ширина упаковки,16 см
208802036,Основная информация,Цвет,черный
208802036,Общие характеристики,Модель,Бабочка; электрический EMS1; на липучке
208802036,Общие характеристики,Гарантийный срок,1 год
208802036,Питание,Питание,USB; от аккумулятора; от сети
208802036,Технические особенности,Количество режимов работы,8 шт.; 19 уровней мощности
208802036,Насадки,Количество насадок,1 шт.
208802036,Дополнительная информация,Тип массажера,электроимпульсный; вибромассажер; Лимфодренажный для ног и шеи
208802036,Дополнительная информация,Зона массажа,тело; руки; шея
208802036,Дополнительная информация,Действие,коррекция фигуры; Снятие усталости; массаж
208802036,Дополнительная информация,Мин. продолжительность автономной работы,15 мин
208802036,Дополнительная информация,Доп. опции массажера,электромиостимуляция; вибромассаж; беспроводной массаж
208802036,Дополнительная информация,Количество роликов,1
208802036,Дополнительная информация,Комплектация,Шнур питания - 1шт; массажер бабочка электрический - 1шт; Руководство пользователя - 1шт
208802036,Дополнительная информация,Страна производства,Китай
208802036,Габариты,Высота предмета,6 см
208802036,Габариты,Ширина предмета,15 см
208802036,Габариты,Вес без упаковки (кг),0.2 кг
208802036,Габариты,Вес с упаковкой (кг),0.3 кг
208802036,Габариты,Длина упаковки,16 см
208802036,Габариты,Высота упаковки,4 см
208802036,Габариты,Ширина упаковки,8 см
195569439,Основная информация,Цвет,темно-синий
195569439,Общие характеристики,Модель,Мини массажёр Бабочка
195569439,Питание,Питание,USB; от сети; от аккумулятора
195569439,Технические особенности,Количество режимов работы,6 режимов
195569439,Насадки,Количество насадок,1 шт.
195569439,Дополнительная информация,Тип массажера,вибромассажер
195569439,Дополнительная информация,Зона массажа,стопы; ноги; пятки
195569439,Дополнительная информация,Действие,Улучшение метаболизма; укрепление мышц стопы; снятие усталости
195569439,Дополнительная информация,Доп. опции массажера,"избавление от бессонницы; повышение иммунитета; укрепление мышц ног,икр"
195569439,Дополнительная информация,Количество роликов,Нет
195569439,Дополнительная информация,Комплектация,Массажёр для спины антицеллюлитный массажер
195569439,Дополнительная информация,Страна производства,Китай
195569439,Габариты,Высота предмета,15 см
195569439,Габариты,Ширина предмета,6.5 см
195569439,Габариты,Глубина предмета,3 см
195569439,Габариты,Вес без упаковки (кг),0.56 кг
195569439,Габариты,Длина упаковки,16 см
195569439,Габариты,Высота упаковки,3 см
195569439,Габариты,Ширина упаковки,8 см
303426471,Основная информация,Цвет,черный; синий
303426471,Общие характеристики,Модель,Массажер электрический
303426471,Питание,Питание,от аккумулятора
303426471,Технические особенности,Количество режимов работы,8 режимов
303426471,Дополнительная информация,Тип массажера,микротоковый
303426471,Дополнительная информация,Зона массажа,спина; Мышцы рук
303426471,Дополнительная информация,Действие,восстановление
303426471,Дополнительная информация,Мин. продолжительность автономной работы,15 мин
303426471,Дополнительная информация,Доп. опции массажера,автовыключение; электромиостимуляция; ультразвуковой массаж
303426471,Дополнительная информация,Количество роликов,нет
303426471,Дополнительная информация,Комплектация,"массажер 1шт, кабель 1шт"
303426471,Дополнительная информация,Страна производства,Китай
303426471,Габариты,Высота предмета,6.5 см
303426471,Габариты,Ширина предмета,15 см
303426471,Габариты,Глубина предмета,1 см
303426471,Габариты,Вес без упаковки (кг),0.1 кг
303426471,Габариты,Вес с упаковкой (кг),0.4 кг
303426471,Габариты,Длина упаковки,15 см
303426471,Габариты,Высота упаковки,8 см
303426471,Габариты,Ширина упаковки,5 см
179417287,Основная информация,Цвет,черный
179417287,Общие характеристики,Модель,Mini
179417287,Питание,Питание,USB
179417287,Дополнительная информация,Тип массажера,электроимпульсный
179417287,Дополнительная информация,Зона массажа,спина; тело; шея
179417287,Дополнительная информация,Действие,снятие мышечного напряжения; успокаивающее; улучшение кровообращения
179417287,Дополнительная информация,Комплектация,массажер; кабель для зарядки
179417287,Габариты,Высота предмета,1 см
179417287,Габариты,Ширина предмета,9 см
179417287,Габариты,Вес без упаковки (кг),17 кг
179417287,Габариты,Вес с упаковкой (кг),19 кг
179417287,Габариты,Длина упаковки,15 см
179417287,Габариты,Высота упаковки,3 см
179417287,Габариты,Ширина упаковки,10 см
233232064,Общие характеристики,Модель,массажер для шеи
233232064,Питание,Питание,USB
233232064,Технические особенности,Количество режимов работы,6 режимов; 9 уровней интенсивности
233232064,Дополнительная информация,Тип массажера,электрический массажер; Миостимулятор для мышц; расслабляющий и восстанавливающий
233232064,Дополнительная информация,Зона массажа,шея; шейный отдел позвоночника; спина
233232064,Дополнительная информация,Действие,массаж шеи; снимает спазмы и напряжение; Облегчает боль
233232064,Дополнительная информация,Доп. опции массажера,нагрев; акупунктурный массаж; Автоматическое выключение
233232064,Дополнительная информация,Количество роликов,нет роликов
233232064,Дополнительная информация,Комплектация,Импульсный EMS массажер для шеи 1 шт; usb 1 шт
233232064,Дополнительная информация,Страна производства,Китай
233232064,Габариты,Вес с упаковкой (кг),0.4 кг
233232064,Габариты,Длина упаковки,10 см
233232064,Габариты,Высота упаковки,6 см
233232064,Габариты,Ширина упаковки,18 см
250839765,Основная информация,Цвет,ясень
250839765,Общие характеристики,Гарантийный срок,1年
250839765,Питание,Мощность устройства (Вт),50 Вт
250839765,Насадки,Количество насадок в комплекте,12
250839765,Дополнительная информация,Назначение косметического прибора,снимет усталость; Потеря веса; Тонкие руки
250839765,Дополнительная информация,Вид воздействия,против растяжек; Похудение снижение веса
250839765,Дополнительная информация,Область применения,Тело; Лицо; грудная клетка
250839765,Дополнительная информация,Комплектация,прокладки для подтяжки лица-1 пара; бинты-2 шт; Держатель-1 шт; Основной тренажер-1 шт; Кабель питания-1 шт; прокладки для похудения тела-10 пар; Прокладки для массажа груди-1 пара
250839765,Дополнительная информация,Страна производства,Китай
250839765,Габариты,Вес товара с упаковкой (г),6200 г
250839765,Габариты,Длина упаковки,24 см
250839765,Габариты,Высота упаковки,48 см
250839765,Габариты,Ширина упаковки,34 см
175799928,Питание,Питание,USB
175799928,Технические особенности,Количество режимов работы,8
175799928,Дополнительная информация,Тип массажера,вибромассажер; электроимпульсный; ударно-кулачковый
175799928,Дополнительная информация,Зона массажа,ягодицы; шея; тело
175799928,Дополнительная информация,Действие,снятие мышечного напряжения; улучшение кровообращения; против целлюлита
175799928,Дополнительная информация,Доп. опции массажера,вибромассаж
175799928,Дополнительная информация,Страна производства,Китай
175799928,Габариты,Вес с упаковкой (кг),0.2 кг
175799928,Габариты,Длина упаковки,20 см
175799928,Габариты,Высота упаковки,12 см
175799928,Габариты,Ширина упаковки,5 см
183518077,Основная информация,Цвет,черный
183518077,Питание,Питание,от батареек
183518077,Технические особенности,Количество режимов работы,8
183518077,Дополнительная информация,Тип массажера,миостимулятор
183518077,Дополнительная информация,Действие,"Антицеллюлитный, Миостимулирующий"
183518077,Дополнительная информация,Доп. опции массажера,Материал: ПУ и АБС пластик; Размеры: 118х17 см
183518077,Дополнительная информация,Страна производства,Китай
183518077,Габариты,Вес без упаковки (кг),0.96 кг
183518077,Габариты,Вес с упаковкой (кг),0.1 кг
183518077,Габариты,Длина упаковки,26 см
183518077,Габариты,Высота упаковки,4 см
183518077,Габариты,Ширина упаковки,16 см
195627691,Основная информация,Цвет,черный
195627691,Общие характеристики,Модель,EMS Foot Massager
195627691,Питание,Питание,USB
195627691,Технические особенности,Количество режимов работы,8
195627691,Дополнительная информация,Тип массажера,электроимпульсный
195627691,Дополнительная информация,Зона массажа,ноги; стопы
195627691,Дополнительная информация,Действие,улучшение кровообращения; успокаивающее
195627691,Дополнительная информация,Доп. опции массажера,электромиостимуляция
195627691,Дополнительная информация,Комплектация,коврик; кабель; пульт
195627691,Габариты,Длина упаковки,23 см
195627691,Габариты,Высота упаковки,3 см
195627691,Габариты,Ширина упаковки,15 см
340544412,Основная информация,Цвет,голубой
340544412,Питание,Питание,USB
340544412,Дополнительная информация,Комплектация,блок управления; инструкция; USB кабель; пояс 2 шт; пульт управления
340544412,Дополнительная информация,Страна производства,Китай
340544412,Габариты,Высота предмета,35 см
340544412,Габариты,Ширина предмета,58 см
340544412,Габариты,Длина упаковки,30 см
340544412,Габариты,Высота упаковки,6 см
340544412,Габариты,Ширина упаковки,21 см
151669799,Основная информация,Цвет,белый
151669799,Общие характеристики,Модель,аппарат миостимуляции с полкой для электродов
151669799,Общие характеристики,Гарантийный срок,1 год
151669799,Питание,Мощность устройства (Вт),50 Вт
151669799,Питание,Питание,от сети
151669799,Насадки,Количество насадок в комплекте,5 автоматических программ; Автономная регулировка каждой пары электродов
151669799,Материалы,Материал корпуса,abs- пластик; металл
151669799,Дополнительная информация,Назначение косметического прибора,массаж; антицеллюлитный лифтинг; против целлюлита
151669799,Дополнительная информация,Вид воздействия,коррекция фигуры; электронейростимуляция; лимфодренаж
151669799,Дополнительная информация,Область применения,для груди; для живота; для всего тела
151669799,Дополнительная информация,Противопоказания,онкозаболевания
151669799,Дополнительная информация,Комплектация,10 проводов по 2 ответвления; набор бандажей для фиксации электродов; Шнур питания; основной блок; 10 пар электродов
151669799,Дополнительная информация,Страна производства,Китай
151669799,Габариты,Вес товара с упаковкой (г),6100 г
151669799,Габариты,Длина упаковки,33 см
151669799,Габариты,Высота упаковки,47 см
151669799,Габариты,Ширина упаковки,20 см
250845242,Основная информация,Цвет,бело-синий
250845242,Общие характеристики,Гарантийный срок,12 месяцев
250845242,Питание,Мощность устройства (Вт),50 Вт
250845242,Насадки,Количество насадок в комплекте,12
250845242,Дополнительная информация,Назначение косметического прибора,против растяжек; похудение снижение веса; антицеллюлитный лифтинг
250845242,Дополнительная информация,Вид воздействия,электронейростимуляция; коррекция фигуры; аппаратный массаж
250845242,Дополнительная информация,Область применения,"тело, лицо"
250845242,Дополнительная информация,Противопоказания,онкозаболевания
250845242,Дополнительная информация,Комплектация,Шнур питания 1 шт; пластырь для лица-2шт; электроды 20 шт; Аппарат 1 шт; Нагрудная нашивка-2шт
250845242,Дополнительная информация,Страна производства,Китай
250845242,Габариты,Вес товара с упаковкой (г),6200 г
250845242,Габариты,Длина упаковки,24 см
250845242,Габариты,Высота упаковки,48 см
250845242,Габариты,Ширина упаковки,34 см
185521469,Основная информация,Цвет,черный
185521469,Общие характеристики,Модель,Миостимулятор для мышц 6 в 1
185521469,Питание,Питание,от батареек
185521469,Технические особенности,Количество режимов работы,1 шт.
185521469,Насадки,Количество насадок,6 шт.
185521469,Дополнительная информация,Тип массажера,вибромассажер; миостимулятор
185521469,Дополнительная информация,Зона массажа,бедра; живот; тело
185521469,Дополнительная информация,Действие,коррекция фигуры; упругость; тонизирование
185521469,Дополнительная информация,Доп. опции массажера,вибромассаж; электромиостимуляция
185521469,Дополнительная информация,Комплектация,массажер для живота; массажер для рук; массажер для бедер; массажер для шеи; массажер для ягодиц; массажер для стоп
185521469,Дополнительная информация,Страна производства,Китай
185521469,Габариты,Высота предмета,3 см
185521469,Габариты,Ширина предмета,26 см
185521469,Габариты,Глубина предмета,21 см
185521469,Габариты,Вес без упаковки (кг),0.54 кг
185521469,Габариты,Вес с упаковкой (кг),0.7 кг
185521469,Габариты,Длина упаковки,24 см
185521469,Габариты,Высота упаковки,4 см
185521469,Габариты,Ширина упаковки,30 см
262497374,Основная информация,Цвет,черный
262497374,Общие характеристики,Модель,электрический; Бабочка; на липучке
262497374,Питание,Питание,USB; от аккумулятора; от сети
262497374,Технические особенности,Количество режимов работы,8 режимов; 19 уровней мощности
262497374,Дополнительная информация,Тип массажера,электроимпульсный; для ног; для шеи
262497374,Дополнительная информация,Зона массажа,тело; руки; шея
262497374,Дополнительная информация,Действие,Снятие усталости; Массаж; релаксация
262497374,Дополнительная информация,Доп. опции массажера,электромиостимуляция; беспроводной массаж; массаж пресса
262497374,Дополнительная информация,Количество роликов,1
262497374,Дополнительная информация,Комплектация,патч; механизм; шнур для зарядки
262497374,Дополнительная информация,Страна производства,Китай
262497374,Габариты,Высота предмета,15 см
262497374,Габариты,Ширина предмета,6 см
262497374,Габариты,Вес без упаковки (кг),0.38 кг
262497374,Габариты,Вес с упаковкой (кг),0.48 кг
262497374,Габариты,Длина упаковки,17 см
262497374,Габариты,Высота упаковки,3 см
262497374,Габариты,Ширина упаковки,7 см
259982050,Основная информация,Цвет,красно-оранжевый; белый
259982050,Дополнительная информация,Страна производства,Китай
259982050,Дополнительная информация,Комплектация,Миостимулятор - 1 шт. Кабель зарядка - 1 шт. Инструкция - 1 шт.
259982050,Габариты,Длина упаковки,34 см
259982050,Габариты,Высота упаковки,6 см
259982050,Габариты,Ширина упаковки,11 см
238763259,Основная информация,Цвет,черный; серый
238763259,Общие характеристики,Модель,Универсальный
238763259,Питание,Питание,от батареек; на батарейках; Работает от батареек
238763259,Технические особенности,Количество режимов работы,6 режимов; 9 скоростей; 6 шт.
238763259,Насадки,Количество насадок,3 шт.
238763259,Дополнительная информация,Тип массажера,электроимпульсный; вибромассажер; Миостимулятор EMS
238763259,Дополнительная информация,Зона массажа,бедра; живот; руки
238763259,Дополнительная информация,Действие,коррекция фигуры; снятие мышечного напряжения; восстановление
238763259,Дополнительная информация,Мин. продолжительность автономной работы,15 мин
238763259,Дополнительная информация,Доп. опции массажера,электромиостимуляция; автовыключение; для похудения
238763259,Дополнительная информация,Комплектация,токопроводящие накладки 3 шт; контроллеры 3 штуки
238763259,Дополнительная информация,Страна производства,Китай
238763259,Габариты,Вес без упаковки (кг),0.3 кг
238763259,Габариты,Вес с упаковкой (кг),0.55 кг
238763259,Габариты,Длина упаковки,20 см
238763259,Габариты,Высота упаковки,5 см
238763259,Габариты,Ширина упаковки,20 см
164286913,Общие характеристики,Модель,EMS
164286913,Питание,Питание,от батареек
164286913,Технические особенности,Количество режимов работы,4
164286913,Дополнительная информация,Тип массажера,электроимпульсный
164286913,Дополнительная информация,Зона массажа,бедра; живот; тело
164286913,Дополнительная информация,Действие,Массажер бабочка электрический для тренировок
164286913,Дополнительная информация,Доп. опции массажера,вибромассаж; электромиостимуляция
164286913,Дополнительная информация,Комплектация,Миостимулятор массажер для мышц пресса
164286913,Дополнительная информация,Страна производства,Китай
164286913,Габариты,Высота предмета,19 см
164286913,Габариты,Ширина предмета,17 см
164286913,Габариты,Глубина предмета,4 см
164286913,Габариты,Вес без упаковки (кг),0.1 кг
164286913,Габариты,Вес с упаковкой (кг),0.12 кг
164286913,Габариты,Длина упаковки,20 см
164286913,Габариты,Высота упаковки,20 см
164286913,Габариты,Ширина упаковки,4 см
206015720,Основная информация,Цвет,серебристо-серый
206015720,Общие характеристики,Модель,бабушке
206015720,Общие характеристики,Гарантийный срок,30 дней
206015720,Питание,Питание,от аккумулятора; Подарок; миостимулятор для лица
206015720,Технические особенности,Количество режимов работы,19
206015720,Насадки,Количество насадок,5 шт.
206015720,Дополнительная информация,Тип массажера,электроимпульсный; массажер; электромассаж
206015720,Дополнительная информация,Зона массажа,лицо; тело; ноги
206015720,Дополнительная информация,Действие,массажер для тела; акупунктурная; Точечный массаж всего тела
206015720,Дополнительная информация,Доп. опции массажера,электромиостимуляция; массаж тела
206015720,Дополнительная информация,Количество роликов,профессиональная косметика; акупунктурная палочка; ручка
206015720,Дополнительная информация,Комплектация,массажер; Провод для зарядки; провод для таблетки; таблетки для проводимости тока; инструкция; электроимпульсный; насадки; миостимулятор для лица; электромассаж; Акупунктурный массаж; массажер для лица; масло
206015720,Дополнительная информация,Страна производства,Китай
206015720,Габариты,Высота предмета,4 см
206015720,Габариты,Ширина предмета,3 см
206015720,Габариты,Вес без упаковки (кг),0.3 кг
206015720,Габариты,Вес с упаковкой (кг),0.41 кг
206015720,Габариты,Длина упаковки,24 см
206015720,Габариты,Высота упаковки,6 см
206015720,Габариты,Ширина упаковки,14 см
128955239,Основная информация,Цвет,белый
128955239,Общие характеристики,Количество предметов в упаковке (шт.),1 шт.
128955239,Материалы,Материал изделия,безопасный медицинский пластик; нержавеющая сталь
128955239,Дополнительная информация,Диаметр,2 мм
128955239,Дополнительная информация,Особенности секс игрушки,упражнения Кегеля для лечения недержания мочи и опущения стенок влагалища и матки; укрепление мышц тазового дна и улучшение интимной жизни; для пожилых женщин и в период менопаузы
128955239,Дополнительная информация,Страна производства,Китай
128955239,Дополнительная информация,Комплектация,сумочка для хранения и шнурок-держатель - 1шт.; блок управления с дисплеем - 1шт.; Инструкция на русском языке и 2 батарейки AAA; вагинальный зонд с соединительным проводом - 1шт.
128955239,Габариты,Длина предмета,6 см
128955239,Габариты,Вес товара без упаковки (г),150 г
128955239,Габариты,Длина упаковки,23 см
128955239,Габариты,Высота упаковки,12 см
128955239,Габариты,Ширина упаковки,18 см
198735461,Основная информация,Цвет,черный
198735461,Общие характеристики,Количество предметов в упаковке,1
198735461,Материалы,Материал изделия,металл; ПВХ; силикон
198735461,Дополнительная информация,Зона массажа,живот; тело; ягодицы
198735461,Дополнительная информация,Действие,коррекция фигуры; стимуляция мышц электронными импульсами; похудение
198735461,Дополнительная информация,Страна производства,Китай
198735461,Габариты,Длина упаковки,24 см
198735461,Габариты,Высота упаковки,4 см
198735461,Габариты,Ширина упаковки,21 см
198016909,Основная информация,Цвет,черный
198016909,Общие характеристики,Модель,Ems-trainer
198016909,Общие характеристики,Гарантийный срок,1 мес
198016909,Питание,Питание,от батареек
198016909,Дополнительная информация,Тип массажера,миостимулятор; импульсный; электрический массажер для тела
198016909,Дополнительная информация,Зона массажа,руки; пресс
198016909,Дополнительная информация,Действие,Массаж
198016909,Дополнительная информация,Доп. опции массажера,миостимуляция
198016909,Дополнительная информация,Страна производства,Китай
198016909,Габариты,Вес с упаковкой (кг),0.4 кг
198016909,Габариты,Длина упаковки,24 см
198016909,Габариты,Высота упаковки,4 см
198016909,Габариты,Ширина упаковки,21 см
215922377,Основная информация,Цвет,черный
215922377,Общие характеристики,Модель,миостимулятор
215922377,Общие характеристики,Гарантийный срок,1 год
215922377,Питание,Питание,Встроенный аккумулятор
215922377,Технические особенности,Количество режимов работы,8 шт
215922377,Дополнительная информация,Тип массажера,вибромассажер; электроимпульсный; виброплатформа
215922377,Дополнительная информация,Зона массажа,ноги; шея; спина
215922377,Дополнительная информация,Действие,снятие мышечного напряжения; лифтинг; улучшение кровообращения
215922377,Дополнительная информация,Доп. опции массажера,беспроводной массаж; вибромассаж; дистанционное управление
215922377,Дополнительная информация,Количество роликов,1
215922377,Дополнительная информация,Комплектация,массажер - 1шт
215922377,Дополнительная информация,Страна производства,Китай
215922377,Габариты,Длина упаковки,15 см
215922377,Габариты,Высота упаковки,2 см
215922377,Габариты,Ширина упаковки,9 см
175552141,Основная информация,Цвет,черный
175552141,Общие характеристики,Модель,электромиостимулятор EMS
175552141,Общие характеристики,Гарантийный срок,1 год
175552141,Питание,Питание,USB; от аккумулятора
175552141,Технические особенности,Количество режимов работы,8 шт.
175552141,Насадки,Количество насадок,1 шт.
175552141,Дополнительная информация,Тип массажера,вибромассажер; электроимпульсный; постукивающий
175552141,Дополнительная информация,Зона массажа,ноги; спина; тело
175552141,Дополнительная информация,Действие,антицеллюлитный; вакуумный массажер; перкуссионный
175552141,Дополнительная информация,Мин. продолжительность автономной работы,15 мин
175552141,Дополнительная информация,Доп. опции массажера,электромиостимуляция; Вибромассажер
175552141,Дополнительная информация,Количество роликов,нет
175552141,Дополнительная информация,Комплектация,Usb; Липучка; Мини аппарат
175552141,Дополнительная информация,Страна производства,Китай
175552141,Габариты,Высота предмета,15 см
175552141,Габариты,Ширина предмета,7 см
175552141,Габариты,Глубина предмета,6 см
175552141,Габариты,Вес без упаковки (кг),0.1 кг
175552141,Габариты,Вес с упаковкой (кг),0.1 кг
175552141,Габариты,Длина упаковки,17 см
175552141,Габариты,Высота упаковки,2 см
175552141,Габариты,Ширина упаковки,8 см
59169214,Основная информация,Цвет,белый
59169214,Дополнительная информация,Зона массажа,шея; лицо; зона вокруг глаз
59169214,Дополнительная информация,Действие,лифтинг; против морщин; микротоки для лица
59169214,Дополнительная информация,Страна производства,Китай
59169214,Дополнительная информация,Комплектация,инструкция; гарантийный талон; 1 шнур USB; Зарядная база - 1 шт; косметологический аппарат для лица
59169214,Габариты,Ширина предмета,6 см
59169214,Габариты,Высота предмета,18 см
59169214,Габариты,Вес товара с упаковкой (г),560 г
59169214,Габариты,Длина упаковки,8 см
59169214,Габариты,Высота упаковки,22 см
59169214,Габариты,Ширина упаковки,20 см
331429883,Основная информация,Цвет,красный
331429883,Общие характеристики,Гарантийный срок,6 месяцев
331429883,Дополнительная информация,Назначение косметического прибора,похудение снижение веса; антицеллюлитный лифтинг; против растяжек
331429883,Дополнительная информация,Вид воздействия,электронейростимуляция; коррекция фигуры; аппаратный массаж
331429883,Дополнительная информация,Область применения,для всего тела; для живота; для ног
331429883,Дополнительная информация,Комплектация,аппарат-1шт; Электродный кабель-10шт; Электродная накладка-20шт; Грудная накладка-2шт; Лицевая накладка-2шт; Тазовый стимулятор-1шт; Сетевой шнур-1шт
331429883,Дополнительная информация,Страна производства,Китай
331429883,Габариты,Вес товара с упаковкой (г),6000 г
331429883,Габариты,Длина упаковки,23 см
331429883,Габариты,Высота упаковки,35 см
331429883,Габариты,Ширина упаковки,47 см
195425977,Основная информация,Цвет,белый; белый бриллиант
195425977,Питание,Питание,от батареек; от сети
195425977,Дополнительная информация,Тип массажера,Ударный; электромиостимуляция; Электрофорез
195425977,Дополнительная информация,Зона массажа,бедра; живот; плечи
195425977,Дополнительная информация,Действие,восстановление; разогревающее; успокаивающее
195425977,Дополнительная информация,Доп. опции массажера,массаж; электрические импульсы; миостимуляция
195425977,Габариты,Вес с упаковкой (кг),0.75 кг
195425977,Габариты,Длина упаковки,24 см
195425977,Габариты,Высота упаковки,5 см
195425977,Габариты,Ширина упаковки,19 см
183531469,Основная информация,Цвет,белый
183531469,Общие характеристики,Модель,В-333
183531469,Материалы,Материал корпуса,пластик
183531469,Дополнительная информация,Назначение косметического прибора,массаж; лифтинг
183531469,Дополнительная информация,Область применения,для груди; для всего тела; для ног
183531469,Дополнительная информация,Противопоказания,ОРВИ; онкозаболевания; периоды беременности и лактации
183531469,Габариты,Высота предмета,14 см
183531469,Габариты,Ширина предмета,39 см
183531469,Габариты,Глубина предмета,32 см
183531469,Габариты,Вес товара с упаковкой (г),7050 г
183531469,Габариты,Длина упаковки,46 см
183531469,Габариты,Высота упаковки,21 см
183531469,Габариты,Ширина упаковки,40 см
259982281,Основная информация,Цвет,жемчужно-белый
259982281,Материалы,Материал изделия,abs-пластик; высококачественный PP пластик; гипоаллергенный
259982281,Дополнительная информация,Особенности секс игрушки,вагинальный; тренажер для интимных мышц; электростимуляция
259982281,Дополнительная информация,Страна производства,Китай
259982281,Дополнительная информация,Комплектация,Миостимулятор - 1 шт. Кабель зарядка - 1 шт. Инструкция - 1 шт.; ограничитель - 2 шт.; салфетки - 2 шт.; Мешок для хранения - 1 шт.
259982281,Габариты,Длина упаковки,22 см
259982281,Габариты,Высота упаковки,6 см
259982281,Габариты,Ширина упаковки,19 см
346640044,Основная информация,Цвет,белый
346640044,Габариты,Вес с упаковкой (кг),0.5 кг
346640044,Габариты,Длина упаковки,15 см
346640044,Габариты,Высота упаковки,7 см
346640044,Габариты,Ширина упаковки,10 см
282777101,Основная информация,Цвет,серый
282777101,Питание,Питание,USB
282777101,Дополнительная информация,Комплектация,блок управления; пояс; инструкция; кабель Type-c
282777101,Дополнительная информация,Страна производства,Китай
282777101,Габариты,Длина упаковки,21 см
282777101,Габариты,Высота упаковки,5 см
282777101,Габариты,Ширина упаковки,19 см
385850752,Основная информация,Цвет,серый
385850752,Общие характеристики,Модель,массажер для шеи и плеч электрический
385850752,Питание,Питание,Встроенная батарея; заряжаемая от USB
385850752,Технические особенности,Количество режимов работы,4 режима
385850752,Дополнительная информация,Тип массажера,импульсный; электростимуляция; с подогревом
385850752,Дополнительная информация,Зона массажа,шея
385850752,Дополнительная информация,Действие,Массажер для шеи
385850752,Дополнительная информация,Мин. продолжительность автономной работы,60 мин
385850752,Дополнительная информация,Доп. опции массажера,дисплей
385850752,Дополнительная информация,Комплектация,массажер; инструкция; Зарядка
385850752,Дополнительная информация,Страна производства,Китай
385850752,Габариты,Высота предмета,4 см
385850752,Габариты,Ширина предмета,14 см
385850752,Габариты,Вес без упаковки (кг),0.2 кг
385850752,Габариты,Вес с упаковкой (кг),0.2 кг
385850752,Габариты,Длина упаковки,19 см
385850752,Габариты,Высота упаковки,4 см
385850752,Габариты,Ширина упаковки,14 см
155661080,Основная информация,Цвет,белый
155661080,Общие характеристики,Модель,H8
155661080,Общие характеристики,Гарантийный срок,1 год
155661080,Питание,Питание,USB; от сети
155661080,Технические особенности,Количество режимов работы,6 режимов
155661080,Дополнительная информация,Тип массажера,микротоковый; электроимпульсный; магнитно-акупунктурный
155661080,Дополнительная информация,Зона массажа,зона вокруг глаз; лицо; шея
155661080,Дополнительная информация,Действие,лифтинг; восстановление; омолаживание
155661080,Дополнительная информация,Доп. опции массажера,ультразвуковой массаж; инфракрасный излучатель; электромиостимуляция
155661080,Дополнительная информация,Комплектация,Аппарат rf лифтинг 1 шт.; микро USB 1 шт; Инструкция на русском языке; Салфетки; чехол для хранения
155661080,Дополнительная информация,Страна производства,Китай
155661080,Габариты,Высота предмета,17 см
155661080,Габариты,Ширина предмета,4 см
155661080,Габариты,Глубина предмета,4 см
155661080,Габариты,Вес с упаковкой (кг),0.41 кг
155661080,Габариты,Длина упаковки,7 см
155661080,Габариты,Высота упаковки,23 см
155661080,Габариты,Ширина упаковки,17 см
135576690,Основная информация,Цвет,белый
135576690,Материалы,Материал изделия,Нержавеющая сталь + abs-пластик; Пластик ( PP+ABS) безопасный
135576690,Дополнительная информация,Диаметр,28 мм
135576690,Дополнительная информация,Особенности секс игрушки,сужение влагалища; миостимуляция; укрепление интимных мышц
135576690,Дополнительная информация,Страна производства,Китай
135576690,Дополнительная информация,Комплектация,Стимулятор для мышц Sensa TONE – 1 шт.; зонд – 1 шт.; Провод – 1 шт.; Батарейки ААА – 2 шт.; Шнурок для шеи - 1 шт.; Подробная инструкция на русском языке – 1 шт.; Футляр для хранения – 1 шт.; Вагинальный гель ГИА-РЕЛАКС 30 мл – 1шт.; Коробка – 1шт.; Непрозрачный конфиденциальный пакет – 1шт.
135576690,Габариты,Длина предмета,12 см
135576690,Габариты,Вес товара без упаковки (г),250 г
135576690,Габариты,Длина упаковки,29 см
135576690,Габариты,Высота упаковки,10 см
135576690,Габариты,Ширина упаковки,17 см
214730042,Основная информация,Цвет,белый
214730042,Общие характеристики,Модель,массажная подушка для шеи и головы
214730042,Общие характеристики,Гарантийный срок,1 год
214730042,Питание,Питание,USB; от аккумулятора; от сети
214730042,Технические особенности,Количество режимов работы,4
214730042,Насадки,Количество насадок,5 шт.
214730042,Дополнительная информация,Тип массажера,вибромассажер; электроимпульсный; ударно-кулачковый
214730042,Дополнительная информация,Зона массажа,тело; шея; ноги
214730042,Дополнительная информация,Действие,восстановление; снятие мышечного напряжения; улучшение кровообращения
214730042,Дополнительная информация,Доп. опции массажера,вибромассаж
214730042,Дополнительная информация,Страна производства,Китай
214730042,Габариты,Высота предмета,18 см
214730042,Габариты,Ширина предмета,17 см
214730042,Габариты,Длина упаковки,14 см
214730042,Габариты,Высота упаковки,5 см
214730042,Габариты,Ширина упаковки,14 см
117708024,Основная информация,Цвет,белый
117708024,Общие характеристики,Количество предметов в упаковке,8 шт
117708024,Материалы,Материал изделия,пластик
117708024,Дополнительная информация,Действие,Массаж для лица шеи и тела; Омоложение Восстановление овала лица
117708024,Дополнительная информация,Страна производства,Китай
117708024,Дополнительная информация,Комплектация,массажер цифровой - 1 шт
117708024,Габариты,Ширина предмета,17 см
117708024,Габариты,Высота предмета,15 см
117708024,Габариты,Вес товара с упаковкой (г),390 г
117708024,Габариты,Длина упаковки,8 см
117708024,Габариты,Высота упаковки,20 см
117708024,Габариты,Ширина упаковки,19 см
276051166,Основная информация,Цвет,красный
276051166,Общие характеристики,Модель,006
276051166,Общие характеристики,Гарантийный срок,1 месяц
276051166,Питание,Питание,USB
276051166,Технические особенности,Количество режимов работы,4
276051166,Насадки,Количество насадок,1 шт.
276051166,Дополнительная информация,Тип массажера,электроимпульсный
276051166,Дополнительная информация,Зона массажа,шея; плечи; руки
276051166,Дополнительная информация,Действие,улучшение кровообращения; успокаивающее; эластичность
276051166,Дополнительная информация,Мин. продолжительность автономной работы,20 мин
276051166,Дополнительная информация,Доп. опции массажера,автовыключение; функция подогрева; электромиостимуляция
276051166,Дополнительная информация,Количество роликов,1
276051166,Дополнительная информация,Комплектация,миостимулятор; usb-кабель
276051166,Дополнительная информация,Страна производства,Китай
276051166,Дополнительная информация,Срок эксплуатации,10 лет
276051166,Габариты,Высота предмета,6 см
276051166,Габариты,Ширина предмета,5 см
276051166,Габариты,Глубина предмета,2 см
276051166,Габариты,Вес без упаковки (кг),1 кг
276051166,Габариты,Вес с упаковкой (кг),1 кг
276051166,Габариты,Длина упаковки,13 см
276051166,Габариты,Высота упаковки,3 см
276051166,Габариты,Ширина упаковки,11 см
331332601,Основная информация,Цвет,черный
331332601,Общие характеристики,Модель,микротоковый аппарат для терапии
331332601,Общие характеристики,Гарантийный срок,1 год
331332601,Питание,Питание,от аккумулятора; от сети; от прикуривателя
331332601,Технические особенности,Количество режимов работы,6 режимов
331332601,Дополнительная информация,Тип массажера,электроимпульсный; микротоковый
331332601,Дополнительная информация,Зона массажа,ноги; руки; бедра
331332601,Дополнительная информация,Форма массажера,манжета
331332601,Дополнительная информация,Действие,восстановление; физиотерапия; электростимуляция
331332601,Дополнительная информация,Доп. опции массажера,восстановление подвижности конечностей; Реабилитация после инсульта; инвалид
331332601,Дополнительная информация,Комплектация,стимулятор; ремень; провод usb; распылитель; удлинитель ремня; тренажерный мячик для руки
331332601,Дополнительная информация,Страна производства,Китай
331332601,Дополнительная информация,Срок эксплуатации,5 лет
331332601,Габариты,Высота предмета,18 см
331332601,Габариты,Ширина предмета,18 см
331332601,Габариты,Глубина предмета,4 см
331332601,Габариты,Вес без упаковки (кг),0.25 кг
331332601,Габариты,Вес с упаковкой (кг),0.37 кг
331332601,Габариты,Длина упаковки,20 см
331332601,Габариты,Высота упаковки,7 см
331332601,Габариты,Ширина упаковки,14 см
206752107,Основная информация,Цвет,черный
206752107,Общие характеристики,Модель,антицеллюлитный массажер для тела; Миостимулятор; прогревающий элемент
206752107,Общие характеристики,Гарантийный срок,2 нед
206752107,Питание,Питание,АКБ; 220; портативный
206752107,Технические особенности,Количество режимов работы,12
206752107,Насадки,Количество насадок,4 шт.
206752107,Дополнительная информация,Тип массажера,перкуссионный пистолет; ударный массажер; миостимулятор
206752107,Дополнительная информация,Зона массажа,для тела; для спины; для шеи
206752107,Дополнительная информация,Действие,устранение боли в мышцах; восстановление после травм; для спины
206752107,Дополнительная информация,Мин. продолжительность автономной работы,180 мин
206752107,Дополнительная информация,Доп. опции массажера,Насадки для всех групп мышц; миостимуляция; горячий компресс
206752107,Дополнительная информация,Количество роликов,4
206752107,Дополнительная информация,Комплектация,массажер; насадки; кабель usb; диоды для миостимулятора
206752107,Дополнительная информация,Страна производства,Китай
206752107,Габариты,Высота предмета,13 см
206752107,Габариты,Ширина предмета,16.1 см
206752107,Габариты,Глубина предмета,4.2 см
206752107,Габариты,Вес без упаковки (кг),0.5 кг
206752107,Габариты,Вес с упаковкой (кг),0.75 кг
206752107,Габариты,Длина упаковки,21 см
206752107,Габариты,Высота упаковки,22 см
206752107,Габариты,Ширина упаковки,7 см
194547456,Общие характеристики,Количество предметов в упаковке,4 шт.
194547456,Материалы,Материал изделия,ткань; магниты; токами
194547456,Дополнительная информация,Зона массажа,голова; лицо; зона вокруг глаз
194547456,Дополнительная информация,Действие,лифтинг; омолаживание; улучшение кровообращения
194547456,Дополнительная информация,Комплектация,Силиконовая маска-массажер; контроллер; USB шнур (1м); инструкция по эксплуатации
194547456,Габариты,Вес товара с упаковкой (г),300 г
194547456,Габариты,Длина упаковки,19 см
194547456,Габариты,Высота упаковки,4 см
194547456,Габариты,Ширина упаковки,16 см
247044612,Основная информация,Цвет,черный; серый
247044612,Общие характеристики,Модель,Антицеллюлитный массажер
247044612,Питание,Питание,от аккумулятора; USB; кабель для зарядки
247044612,Технические особенности,Количество режимов работы,импульсный стимулятор; для расслабления; 3 режима работы
247044612,Дополнительная информация,Тип массажера,вибромассажер; электроимпульсный; микротоковый
247044612,Дополнительная информация,Зона массажа,живот; ягодицы; спина
247044612,Дополнительная информация,Действие,для подтяжки кожи; релакс мышц; коррекция фигуры
247044612,Дополнительная информация,Мин. продолжительность автономной работы,15 мин
247044612,Дополнительная информация,Доп. опции массажера,электромиостимуляция; вибромассаж; аппарат для пресса
247044612,Дополнительная информация,Количество роликов,для похудения; для талии; без роликов
247044612,Дополнительная информация,Комплектация,Массажный пояс для похудения 1 шт.
247044612,Дополнительная информация,Страна производства,Китай
247044612,Габариты,Высота предмета,14.5 см
247044612,Габариты,Ширина предмета,112 см
247044612,Габариты,Глубина предмета,2 см
247044612,Габариты,Вес без упаковки (кг),0.4 кг
247044612,Габариты,Вес с упаковкой (кг),0.7 кг
247044612,Габариты,Длина упаковки,25 см
247044612,Габариты,Высота упаковки,5 см
247044612,Габариты,Ширина упаковки,17 см
138800327,Основная информация,Цвет,черный; синий
138800327,Общие характеристики,Гарантийный срок,21 день
138800327,Питание,Питание,от батареек
138800327,Дополнительная информация,Тип массажера,электроимпульсный
138800327,Дополнительная информация,Зона массажа,шея; все тело; для рук
138800327,Дополнительная информация,Действие,миостимулятор
138800327,Дополнительная информация,Страна производства,Китай
138800327,Габариты,Вес без упаковки (кг),0.1 кг
138800327,Габариты,Длина упаковки,15 см
138800327,Габариты,Высота упаковки,5 см
138800327,Габариты,Ширина упаковки,10 см
198454135,Основная информация,Цвет,черный
198454135,Материалы,Материал изделия,неопрен
198454135,Дополнительная информация,Зона массажа,руки; мышцы пресса; мышцы ног
198454135,Дополнительная информация,Действие,Тренажер для пресса; пояс миостимулятор; миостимулятор для пресса
198454135,Дополнительная информация,Страна производства,Китай
198454135,Габариты,Длина упаковки,22 см
198454135,Габариты,Высота упаковки,4 см
198454135,Габариты,Ширина упаковки,21 см
97582682,Общие характеристики,Модель,электрический массажер
97582682,Питание,Питание,для массажа тела массажер - на батарейках
97582682,Технические особенности,Количество режимов работы,10 шт.
97582682,Насадки,Количество насадок,3 шт.
97582682,Дополнительная информация,Тип массажера,вибромассажер; электроимпульсный; массажер бабочка
97582682,Дополнительная информация,Зона массажа,живот; пресс
97582682,Дополнительная информация,Действие,массажер для тела; миостимулятор для мышц; антицеллюлитный массажер
97582682,Дополнительная информация,Доп. опции массажера,массажер для пресса; тренажер для похудения живота; миостимуляция
97582682,Дополнительная информация,Количество роликов,нет
97582682,Дополнительная информация,Комплектация,патч на живот - 1 шт; малый патч - 2 шт; пульт для управления - 3 шт
97582682,Дополнительная информация,Страна производства,Китай
97582682,Габариты,Высота предмета,16 см
97582682,Габариты,Ширина предмета,18 см
97582682,Габариты,Вес с упаковкой (кг),0.15 кг
97582682,Габариты,Длина упаковки,22 см
97582682,Габариты,Высота упаковки,6 см
97582682,Габариты,Ширина упаковки,22 см
197599608,Основная информация,Цвет,черный
197599608,Общие характеристики,Модель,Миостимулятор
197599608,Дополнительная информация,Тип массажера,Миостимулирующий; Миостимулятор для мышц; Миостимулятор EMS
197599608,Дополнительная информация,Зона массажа,руки; живот; пресс
197599608,Дополнительная информация,Действие,Лимфодренажный массаж; миостимулятор для пресса; Оздоровление организма
197599608,Дополнительная информация,Доп. опции массажера,миостимулятор; миостимулятор электрический; похудение
197599608,Дополнительная информация,Страна производства,Китай
197599608,Габариты,Длина упаковки,24 см
197599608,Габариты,Высота упаковки,4 см
197599608,Габариты,Ширина упаковки,21 см
19354594,Материалы,Материал изделия,пластик
19354594,Дополнительная информация,Зона массажа,пресс
19354594,Дополнительная информация,Комплектация,миостимулятор
19354594,Габариты,Ширина предмета,8 см
19354594,Габариты,Высота предмета,6 см
19354594,Габариты,Вес товара с упаковкой (г),0.43 г
19354594,Габариты,Длина упаковки,4 см
19354594,Габариты,Высота упаковки,22 см
19354594,Габариты,Ширина упаковки,20 см
175865699,Основная информация,Цвет,черный
175865699,Питание,Питание,USB
175865699,Технические особенности,Количество режимов работы,8; 19
175865699,Насадки,Количество насадок,1 шт.
175865699,Дополнительная информация,Тип массажера,Лимфодренажный; электроимпульсный; постукивающий
175865699,Дополнительная информация,Зона массажа,спина; тело; руки ноги
175865699,Дополнительная информация,Действие,массажер для спины и шеи электрический; электрический массажер антицеллюлитный для тела; массажер импульсный лимфодренажный
175865699,Дополнительная информация,Комплектация,массажер; коробка; инструкция; кабель зарядки
175865699,Дополнительная информация,Страна производства,Китай
175865699,Габариты,Высота предмета,2 см
175865699,Габариты,Ширина предмета,9 см
175865699,Габариты,Глубина предмета,8 см
175865699,Габариты,Вес без упаковки (кг),0.3 кг
175865699,Габариты,Вес с упаковкой (кг),0.3 кг
175865699,Габариты,Длина упаковки,8 см
175865699,Габариты,Высота упаковки,16 см
175865699,Габариты,Ширина упаковки,2 см
229539758,Дополнительная информация,Модель тренажера,для домашних тренировок; тренажер для похудения; пояс для похудения
229539758,Дополнительная информация,Система нагрузки,электромагнитная; резистентная; механическая
229539758,Дополнительная информация,Комплектация,пояс-миостимулятор
229539758,Дополнительная информация,Страна производства,Китай
229539758,Габариты,Высота предмета,20 см
229539758,Габариты,Ширина предмета,20 см
229539758,Габариты,Длина упаковки,25 см
229539758,Габариты,Высота упаковки,10 см
229539758,Габариты,Ширина упаковки,14 см
169045665,Дополнительная информация,Зона массажа,все части тела
169045665,Дополнительная информация,Действие,Антицеллюлитный массаж; фитнес; поддержка и восстановление
169045665,Дополнительная информация,Страна производства,Китай
169045665,Габариты,Вес с упаковкой (кг),0.2 кг
169045665,Габариты,Длина упаковки,20 см
169045665,Габариты,Высота упаковки,4 см
169045665,Габариты,Ширина упаковки,22 см
151989527,Основная информация,Цвет,черный
151989527,Технические особенности,Максимальный вес (кг),0.25 кг
151989527,Дополнительная информация,Модель тренажера,"Миостимулятор-бабочка,; пояс для тренировок EMS-Trainer 3в 1; тренажер электрических импульсов"
151989527,Дополнительная информация,Система нагрузки,импульсная
151989527,Дополнительная информация,Комплектация,"Большой массажер-миостимулятор для пресса - 1 шт.,; средние массажеры-миостимуляторы для рук или ног - 2 шт.,; накладки аккумуляторные - 3 шт.,; Инструкция - 1 шт.,; упаковочная коробка - 1 шт."
151989527,Дополнительная информация,Страна производства,Китай
151989527,Габариты,Высота предмета,18 см
151989527,Габариты,Длина предмета,19 см
151989527,Габариты,Глубина предмета,3 см
151989527,Габариты,Ширина предмета,19 см
151989527,Габариты,Длина упаковки,22 см
151989527,Габариты,Высота упаковки,4 см
151989527,Габариты,Ширина упаковки,21 см
221374690,Основная информация,Цвет,белый бриллиант
221374690,Общие характеристики,Модель,Миостимулятор для лица и тела
221374690,Общие характеристики,Гарантийный срок,18 месяцев
221374690,Питание,Питание,USB; от аккумулятора; от сети
221374690,Технические особенности,Количество режимов работы,18
221374690,Насадки,Количество насадок,1 шт.
221374690,Дополнительная информация,Тип массажера,вибромассажер; электроимпульсный; магнитно-акупунктурный
221374690,Дополнительная информация,Зона массажа,лицо; шея; тело
221374690,Дополнительная информация,Форма массажера,манжета
221374690,Дополнительная информация,Действие,лифтинг; против морщин; против акне
221374690,Дополнительная информация,Мин. продолжительность автономной работы,15 мин
221374690,Дополнительная информация,Доп. опции массажера,моделирующий массажер для лица; led маска; эффект иглоукалывания
221374690,Дополнительная информация,Количество роликов,1
221374690,Дополнительная информация,Комплектация,массажер; интсрукция; кабель зарядки
221374690,Дополнительная информация,Страна производства,Китай
221374690,Габариты,Высота предмета,18 см
221374690,Габариты,Ширина предмета,5 см
221374690,Габариты,Глубина предмета,2.4 см
221374690,Габариты,Вес без упаковки (кг),0.27 кг
221374690,Габариты,Вес с упаковкой (кг),0.32 кг
221374690,Габариты,Длина упаковки,20 см
221374690,Габариты,Высота упаковки,7 см
221374690,Габариты,Ширина упаковки,11 см
197600530,Основная информация,Цвет,черный
197600530,Общие характеристики,Модель,Миостимулятор
197600530,Дополнительная информация,Тип массажера,Миостимулирующий; Миостимулятор для мышц; Миостимулятор EMS
197600530,Дополнительная информация,Зона массажа,руки; живот; пресс
197600530,Дополнительная информация,Действие,Лимфодренажный массаж; миостимулятор для пресса; Оздоровление организма
197600530,Дополнительная информация,Доп. опции массажера,миостимулятор; миостимулятор электрический; похудение
197600530,Дополнительная информация,Страна производства,Китай
197600530,Габариты,Длина упаковки,24 см
197600530,Габариты,Высота упаковки,4 см
197600530,Габариты,Ширина упаковки,21 см
205872431,Основная информация,Цвет,черный
205872431,Общие характеристики,Количество предметов в упаковке,6 шт.
205872431,Материалы,Материал изделия,силикон
205872431,Дополнительная информация,Зона массажа,руки; живот; пресс
205872431,Дополнительная информация,Действие,коррекция фигуры; лифтинг; снятие мышечного напряжения
205872431,Дополнительная информация,Страна производства,Китай
205872431,Дополнительная информация,Комплектация,массажер для тела; миостимулятор; микротоковый массажер; тренажер для пресса
205872431,Габариты,Ширина предмета,20 см
205872431,Габариты,Высота предмета,20 см
205872431,Габариты,Вес товара с упаковкой (г),300 г
205872431,Габариты,Длина упаковки,20 см
205872431,Габариты,Высота упаковки,3 см
205872431,Габариты,Ширина упаковки,22 см
271245775,Общие характеристики,Модель,Массажер для ног и тела бабочка
271245775,Питание,Питание,от аккумулятора; USB; от сети
271245775,Технические особенности,Количество режимов работы,8 режимов
271245775,Дополнительная информация,Тип массажера,вибромассажер; микротоковый; электроимпульсный
271245775,Дополнительная информация,Зона массажа,спина; живот; ноги
271245775,Дополнительная информация,Действие,восстановление; Снятие усталости; массаж релаксация
271245775,Дополнительная информация,Мин. продолжительность автономной работы,15 мин
271245775,Дополнительная информация,Доп. опции массажера,электромиостимуляция; массаж пресса; микротоковый лимфодренажный восстанавливающий массаж
271245775,Дополнительная информация,Комплектация,Датчик управление 1шт; Бабочка резиновый 1шт; кабель USB 1шт; Миостимулятор массажер бабочка
271245775,Дополнительная информация,Страна производства,Китай
271245775,Габариты,Высота предмета,16 см
271245775,Габариты,Ширина предмета,6 см
271245775,Габариты,Глубина предмета,1 см
271245775,Габариты,Вес без упаковки (кг),0.2 кг
271245775,Габариты,Вес с упаковкой (кг),0.25 кг
271245775,Габариты,Длина упаковки,17 см
271245775,Габариты,Высота упаковки,3 см
271245775,Габариты,Ширина упаковки,8 см
170075078,Общие характеристики,Количество предметов в упаковке,1 шт.
170075078,Материалы,Материал изделия,abs-пластик; пластик
170075078,Дополнительная информация,Зона массажа,лицо; шея; зона вокруг глаз
170075078,Дополнительная информация,Действие,Уход за кожей; лифтинг от морщин; Миостимулятор против отеков
170075078,Дополнительная информация,Страна производства,Китай
170075078,Дополнительная информация,Комплектация,массажер; USB-зарядка
170075078,Габариты,Ширина предмета,12 см
170075078,Габариты,Высота предмета,12 см
170075078,Габариты,Вес товара с упаковкой (г),150 г
170075078,Габариты,Длина упаковки,12 см
170075078,Габариты,Высота упаковки,10 см
170075078,Габариты,Ширина упаковки,10 см
253365433,Технические особенности,Количество режимов работы,3 режима
253365433,Дополнительная информация,Тип массажера,электроимпульсный
253365433,Дополнительная информация,Зона массажа,спина; живот; ноги
253365433,Дополнительная информация,Действие,коррекция фигуры
253365433,Габариты,Длина упаковки,25 см
253365433,Габариты,Высота упаковки,13 см
253365433,Габариты,Ширина упаковки,5 см
165568976,Основная информация,Цвет,белый
165568976,Общие характеристики,Модель,Многофункциональный
165568976,Общие характеристики,Гарантийный срок,1 год
165568976,Питание,Питание,от сети
165568976,Технические особенности,Количество режимов работы,4 шт.
165568976,Насадки,Количество насадок,4 шт.
165568976,Дополнительная информация,Тип массажера,электрический; косметический; медицинский
165568976,Дополнительная информация,Зона массажа,для кожи; волосы; тело
165568976,Дополнительная информация,Действие,коррекция фигуры; для роста волос; омолаживание
165568976,Дополнительная информация,Доп. опции массажера,Поддержка и восстановление; оздоровление; уход за лицом
165568976,Дополнительная информация,Комплектация,аппарат массажный с 4 насадками
165568976,Габариты,Высота предмета,33 см
165568976,Габариты,Ширина предмета,4 см
165568976,Габариты,Вес без упаковки (кг),0.1 кг
165568976,Габариты,Вес с упаковкой (кг),0.47 кг
165568976,Габариты,Длина упаковки,40 см
165568976,Габариты,Высота упаковки,6 см
165568976,Габариты,Ширина упаковки,30 см
59906666,Основная информация,Цвет,бледно-розовый; черный
59906666,Материалы,Материал изделия,безопасный медицинский пластик; нержавеющая сталь; пластик
59906666,Дополнительная информация,Особенности секс игрушки,тренажер кегеля; миостимулятор для интимных мышц; вагинальный тренажер кегеля
59906666,Дополнительная информация,Страна производства,Россия
59906666,Дополнительная информация,Комплектация,кабель для зарядки; Инструкция на русском языке; соединительный кабель; зарядное устройство; зонд 2 шт
59906666,Габариты,Длина упаковки,5 см
59906666,Габариты,Высота упаковки,20 см
59906666,Габариты,Ширина упаковки,5 см
154962159,Основная информация,Цвет,черничный
154962159,Общие характеристики,Модель,Микротоновый; Миостимулятор; голевой массажный пластырь
154962159,Дополнительная информация,Действие,Микротоковый массаж
154962159,Дополнительная информация,Страна производства,Китай
154962159,Габариты,Высота предмета,1 см
154962159,Габариты,Длина упаковки,38 см
154962159,Габариты,Высота упаковки,3 см
154962159,Габариты,Ширина упаковки,18 см
170554958,Питание,Питание,от аккумулятора
170554958,Насадки,Количество насадок,1 шт.
170554958,Дополнительная информация,Тип массажера,вибромассажер; ультразвуковой массаж; электромиостимуляция
170554958,Дополнительная информация,Зона массажа,ноги и руки; живот и спина; воротниковая зона
170554958,Дополнительная информация,Действие,защита
170554958,Дополнительная информация,Доп. опции массажера,снятие напряжения; электромиостимуляция; ультразвуковой массаж
170554958,Дополнительная информация,Страна производства,Китай
170554958,Габариты,Высота предмета,2 см
170554958,Габариты,Вес без упаковки (кг),0.2 кг
170554958,Габариты,Вес с упаковкой (кг),0.2 кг
170554958,Габариты,Длина упаковки,16 см
170554958,Габариты,Высота упаковки,2 см
170554958,Габариты,Ширина упаковки,9 см
195627589,Основная информация,Цвет,черный
195627589,Общие характеристики,Модель,EMS Foot Massager
195627589,Питание,Питание,USB
195627589,Технические особенности,Количество режимов работы,8
195627589,Дополнительная информация,Тип массажера,электроимпульсный
195627589,Дополнительная информация,Зона массажа,ноги; стопы
195627589,Дополнительная информация,Действие,улучшение кровообращения; успокаивающее
195627589,Дополнительная информация,Доп. опции массажера,электромиостимуляция
195627589,Дополнительная информация,Комплектация,массажер; кабель для зарядки
195627589,Габариты,Длина упаковки,23 см
195627589,Габариты,Высота упаковки,5 см
195627589,Габариты,Ширина упаковки,15 см
87685422,Основная информация,Цвет,серебристый
87685422,Общие характеристики,Количество предметов в упаковке,1
87685422,Материалы,Материал изделия,пластик
87685422,Дополнительная информация,Зона массажа,шея; лицо; тело
87685422,Дополнительная информация,Действие,лифтинг; восстановление; омолаживание
87685422,Дополнительная информация,Страна производства,Тайвань
87685422,Дополнительная информация,Комплектация,Гарантийный талон - 1шт; 1шт инструкция; Электрический массажер Biolift 100m
87685422,Габариты,Ширина предмета,14.2 см
87685422,Габариты,Высота предмета,11 см
87685422,Габариты,Вес товара с упаковкой (г),372 г
87685422,Габариты,Длина упаковки,9 см
87685422,Габариты,Высота упаковки,12 см
87685422,Габариты,Ширина упаковки,15 см
259028619,Основная информация,Цвет,черный
259028619,Дополнительная информация,Действие,улучшение кровообращения; восстановление
259028619,Габариты,Длина упаковки,17 см
259028619,Габариты,Высота упаковки,2 см
259028619,Габариты,Ширина упаковки,8 см
165485145,Основная информация,Цвет,белый
165485145,Общие характеристики,Модель,массажер для тела; с подогревом; антицеллюлитный
165485145,Общие характеристики,Гарантийный срок,6 мес
165485145,Питание,Питание,от аккумулятора; USB
165485145,Технические особенности,Количество режимов работы,9 шт.
165485145,Дополнительная информация,Тип массажера,электроимпульсный; тепловой; вибромассажер
165485145,Дополнительная информация,Зона массажа,спина живот ягодицы; Шея плечи; ноги руки
165485145,Дополнительная информация,Действие,от боли в спине; от целлюлита; Для мышц
165485145,Дополнительная информация,Мин. продолжительность автономной работы,120 мин
165485145,Дополнительная информация,Доп. опции массажера,лимфодренажный; для похудения; оздоровление
165485145,Дополнительная информация,Комплектация,Массажер для тела - 1 шт.; Инструкция - 1 шт.; Эфирное масло - 1 шт.; USB-кабель - 1шт.
165485145,Дополнительная информация,Страна производства,Китай
165485145,Габариты,Высота предмета,7 см
165485145,Габариты,Ширина предмета,8.8 см
165485145,Габариты,Глубина предмета,8.8 см
165485145,Габариты,Вес без упаковки (кг),0.25 кг
165485145,Габариты,Вес с упаковкой (кг),0.26 кг
165485145,Габариты,Длина упаковки,15 см
165485145,Габариты,Высота упаковки,15 см
165485145,Габариты,Ширина упаковки,15 см
216803175,Основная информация,Цвет,белый
216803175,Общие характеристики,Гарантийный срок,1 год
216803175,Питание,Питание,220В (5А); 3 батарейки AAA; USB-кабель
216803175,Технические особенности,Количество режимов работы,9
216803175,Дополнительная информация,Тип массажера,миостимулятор; электрический массажер; лечение
216803175,Дополнительная информация,Зона массажа,ноги; пресс; тело
216803175,Дополнительная информация,Действие,для массажа; для тренировки мышц; для похудения
216803175,Дополнительная информация,Доп. опции массажера,автовыключение; электромиостимуляция; регулируемая скорость
216803175,Дополнительная информация,Комплектация,миостимулятор; тапочки - 2 шт; перчатки - 2 шт; носки - 2 шт; нарукавники - 2 шт
216803175,Дополнительная информация,Страна производства,Китай
216803175,Габариты,Вес без упаковки (кг),0.3 кг
216803175,Габариты,Вес с упаковкой (кг),0.56 кг
216803175,Габариты,Длина упаковки,28 см
216803175,Габариты,Высота упаковки,10 см
216803175,Габариты,Ширина упаковки,12 см
313129356,Основная информация,Цвет,белый; черный
313129356,Общие характеристики,Модель,"Вибромассажер импульсный для шеи, спины, тела, головы"
313129356,Питание,Питание,от батареек
313129356,Технические особенности,Количество режимов работы,4 режима
313129356,Насадки,Количество насадок,2 шт.
313129356,Дополнительная информация,Тип массажера,магнитно-акупунктурный; электроимпульсный
313129356,Дополнительная информация,Зона массажа,спина; шея; тело
313129356,Дополнительная информация,Форма массажера,воротник
313129356,Дополнительная информация,Действие,улучшение кровообращения; улучшение сна; восстановление
313129356,Дополнительная информация,Мин. продолжительность автономной работы,15 мин
313129356,Дополнительная информация,Доп. опции массажера,электромиостимуляция
313129356,Дополнительная информация,Комплектация,USB - шнур 1шт.; Импульсный массажер для шеи; Дополнительные электроды - 2шт.
313129356,Дополнительная информация,Страна производства,Китай
313129356,Габариты,Высота предмета,4.5 см
313129356,Габариты,Ширина предмета,13 см
313129356,Габариты,Глубина предмета,11.5 см
313129356,Габариты,Вес без упаковки (кг),0.2 кг
313129356,Габариты,Вес с упаковкой (кг),0.3 кг
313129356,Габариты,Длина упаковки,22 см
313129356,Габариты,Высота упаковки,20 см
313129356,Габариты,Ширина упаковки,8 см
195627586,Основная информация,Цвет,черный
195627586,Общие характеристики,Модель,EMS Foot Massager
195627586,Питание,Питание,USB
195627586,Технические особенности,Количество режимов работы,8
195627586,Дополнительная информация,Тип массажера,электроимпульсный
195627586,Дополнительная информация,Зона массажа,ноги; стопы
195627586,Дополнительная информация,Действие,улучшение кровообращения; успокаивающее; снятие мышечного напряжения
195627586,Дополнительная информация,Доп. опции массажера,электромиостимуляция
195627586,Дополнительная информация,Комплектация,массажер; коврик; кабель
195627586,Габариты,Длина упаковки,23 см
195627586,Габариты,Высота упаковки,3 см
195627586,Габариты,Ширина упаковки,15 см
227023748,Основная информация,Цвет,черный
227023748,Общие характеристики,Модель,VIBRANCE
227023748,Общие характеристики,Гарантийный срок,1 год
227023748,Питание,Питание,220; от сети
227023748,Технические особенности,Количество режимов работы,5
227023748,Дополнительная информация,Зона массажа,"для ног, для похудения, для пресса живота, для тела; для бедер и ягодиц, для стоп, для стопы"
227023748,Дополнительная информация,Доп. опции массажера,таймер; автовыключение; лимфодренажный миостимулятор
227023748,Дополнительная информация,Количество роликов,нет
227023748,Дополнительная информация,Комплектация,Провод для подключения к 220 В - 1 шт; Виброплатформа - 1 шт; Пульт ДУ - 1 шт; крепления - 2 шт
227023748,Дополнительная информация,Страна производства,Китай
227023748,Габариты,Высота предмета,17 см
227023748,Габариты,Ширина предмета,52 см
227023748,Габариты,Глубина предмета,58 см
227023748,Габариты,Вес без упаковки (кг),9 кг
227023748,Габариты,Вес с упаковкой (кг),8.5 кг
227023748,Габариты,Длина упаковки,58 см
227023748,Габариты,Высота упаковки,17 см
227023748,Габариты,Ширина упаковки,43 см
139725412,Основная информация,Цвет,белый
139725412,Общие характеристики,Модель,RM03
139725412,Общие характеристики,Гарантийный срок,1 год
139725412,Питание,Питание,"Встроенная батарея, заряжаемая от USB"
139725412,Технические особенности,Количество режимов работы,4
139725412,Насадки,Количество насадок,2 шт.
139725412,Дополнительная информация,Тип массажера,электроимпульсный
139725412,Дополнительная информация,Зона массажа,"воротниковая зона; шея, плечи, спина"
139725412,Дополнительная информация,Действие,"расслабляет, снимает усталость и стресс; снимает головную боль; Улучшает сон и общее самочувствие"
139725412,Дополнительная информация,Мин. продолжительность автономной работы,15 мин
139725412,Дополнительная информация,Доп. опции массажера,автовыключение; беспроводной массаж; электромиостимуляция
139725412,Дополнительная информация,Страна производства,Китай
139725412,Габариты,Высота предмета,13 см
139725412,Габариты,Ширина предмета,12 см
139725412,Габариты,Глубина предмета,3 см
139725412,Габариты,Вес без упаковки (кг),0.1 кг
139725412,Габариты,Вес с упаковкой (кг),0.17 кг
139725412,Габариты,Длина упаковки,15 см
139725412,Габариты,Высота упаковки,5 см
139725412,Габариты,Ширина упаковки,15 см
224366837,Основная информация,Цвет,черный
224366837,Общие характеристики,Модель,EMS Foot Massager
224366837,Питание,Питание,USB
224366837,Технические особенности,Количество режимов работы,8 режимов
224366837,Дополнительная информация,Тип массажера,электроимпульсный
224366837,Дополнительная информация,Зона массажа,ноги; стопы
224366837,Дополнительная информация,Действие,улучшение кровообращения; успокаивающее
224366837,Дополнительная информация,Мин. продолжительность автономной работы,15 мин
224366837,Дополнительная информация,Доп. опции массажера,электромиостимуляция
224366837,Дополнительная информация,Комплектация,коврик; контроллер; кабель; упаковка
224366837,Габариты,Вес без упаковки (кг),1 кг
224366837,Габариты,Вес с упаковкой (кг),1.5 кг
224366837,Габариты,Длина упаковки,17 см
224366837,Габариты,Высота упаковки,3 см
224366837,Габариты,Ширина упаковки,20 см
230320718,Основная информация,Цвет,белый
230320718,Дополнительная информация,Комплектация,Инструмент для терапии Цифровой меридиан; электроды 4шт; инструкция
230320718,Дополнительная информация,Страна производства,Китай
230320718,Габариты,Длина упаковки,24 см
230320718,Габариты,Высота упаковки,5 см
230320718,Габариты,Ширина упаковки,20 см
211579760,Основная информация,Цвет,черный
211579760,Дополнительная информация,Тип массажера,охлаждающий; омолаживающий; для молодости лица
211579760,Дополнительная информация,Зона массажа,голова; глаза; лицо
211579760,Дополнительная информация,Действие,снимает головные боли; лифтинг эффект; от отеков
211579760,Дополнительная информация,Комплектация,маска - массажер с 2 слоями геля для молодости лица и от головной боли
211579760,Габариты,Высота предмета,16 см
211579760,Габариты,Ширина предмета,21 см
211579760,Габариты,Глубина предмета,1 см
211579760,Габариты,Вес без упаковки (кг),0.44 кг
211579760,Габариты,Вес с упаковкой (кг),0.6 кг
211579760,Габариты,Длина упаковки,23 см
211579760,Габариты,Высота упаковки,2 см
211579760,Габариты,Ширина упаковки,18 см
165459822,Общие характеристики,Количество предметов в упаковке,массажер
165459822,Материалы,Материал изделия,Силикон + ABS; массажер антицеллюлитный для похудения; массажер для расслабления
165459822,Дополнительная информация,Зона массажа,"Плечи, Поясница, Руки, Тело, Шея, Ягодицы; мышцы пресса; все части тела"
165459822,Дополнительная информация,Действие,"массаж для всего тела, массаж восстанавливающий; Антицеллюлитный массаж; массаж для похудения"
165459822,Дополнительная информация,Страна производства,Китай
165459822,Дополнительная информация,Комплектация,1 миостимулятор; 1 патч; 1 провод usb
165459822,Габариты,Ширина предмета,3 см
165459822,Габариты,Высота предмета,15 см
165459822,Габариты,Вес товара с упаковкой (г),150 г
165459822,Габариты,Длина упаковки,10 см
165459822,Габариты,Высота упаковки,18 см
165459822,Габариты,Ширина упаковки,3 см
369514940,Основная информация,Цвет,белый
369514940,Дополнительная информация,Зона массажа,живот; плечи; шея
369514940,Дополнительная информация,Действие,электромиостимуляция
369514940,Дополнительная информация,Страна производства,Китай
369514940,Дополнительная информация,Комплектация,коробка; зарядное устройство; массажер; Массажер-миостимулятор
369514940,Габариты,Ширина предмета,6 см
369514940,Габариты,Глубина предмета,5 см
369514940,Габариты,Высота предмета,15 см
246814829,Основная информация,Цвет,черный
246814829,Общие характеристики,Модель,ems пояс
246814829,Общие характеристики,Гарантийный срок,6 мес
246814829,Питание,Питание,USB; от сети
246814829,Технические особенности,Количество режимов работы,8
246814829,Дополнительная информация,Тип массажера,вибромассажер; электроимпульсный; миостимулятор
246814829,Дополнительная информация,Зона массажа,живот; тело; пресс
246814829,Дополнительная информация,Форма массажера,пояс
246814829,Дополнительная информация,Действие,фиксация; укрепление; восстановление
246814829,Дополнительная информация,Мин. продолжительность автономной работы,20 мин
246814829,Дополнительная информация,Доп. опции массажера,автовыключение; вибромассаж; электромиостимуляция
246814829,Дополнительная информация,Комплектация,пояс массажер; контроллер; Кабель питания USB
246814829,Дополнительная информация,Страна производства,Китай
246814829,Габариты,Высота предмета,14 см
246814829,Габариты,Ширина предмета,110 см
246814829,Габариты,Глубина предмета,2 см
246814829,Габариты,Вес без упаковки (кг),0.2 кг
246814829,Габариты,Вес с упаковкой (кг),0.2 кг
246814829,Габариты,Длина упаковки,27 см
246814829,Габариты,Высота упаковки,3 см
246814829,Габариты,Ширина упаковки,16 см
310993913,Основная информация,Цвет,черный
310993913,Дополнительная информация,Тип массажера,вакуумный
310993913,Дополнительная информация,Зона массажа,бедра; живот; ноги
310993913,Дополнительная информация,Форма массажера,ручной электромассажер
310993913,Дополнительная информация,Действие,коррекция фигуры; лифтинг; укрепление
310993913,Габариты,Высота предмета,5.5 см
310993913,Габариты,Ширина предмета,8 см
310993913,Габариты,Глубина предмета,9 см
310993913,Габариты,Вес без упаковки (кг),192 кг
310993913,Габариты,Вес с упаковкой (кг),0.35 кг
310993913,Габариты,Длина упаковки,15 см
310993913,Габариты,Высота упаковки,9 см
310993913,Габариты,Ширина упаковки,16 см
230894585,Дополнительная информация,Действие,питание
230894585,Габариты,Длина упаковки,20 см
230894585,Габариты,Высота упаковки,5 см
230894585,Габариты,Ширина упаковки,10 см
196853890,Основная информация,Цвет,черный
196853890,Общие характеристики,Модель,Для мышцы
196853890,Общие характеристики,Гарантийный срок,1 месяцев
196853890,Питание,Питание,USB; от аккумулятора; от батареек
196853890,Технические особенности,Количество режимов работы,15
196853890,Насадки,Количество насадок,1 шт.
196853890,Дополнительная информация,Тип массажера,вибромассажер; виброплатформа; электроимпульсный
196853890,Дополнительная информация,Зона массажа,живот; тело; плечи
196853890,Дополнительная информация,Действие,массажер для тела; массажер для спины; антицеллюлитный
196853890,Дополнительная информация,Доп. опции массажера,Для похудений живот; Для накачать пресс; Физиотерапевт
196853890,Дополнительная информация,Количество роликов,нет
196853890,Дополнительная информация,Комплектация,Массажёр для живота; МАССАЖЁР ДЛЯ РУК; массажёр для бёдер; Пульт; Инструкция.
196853890,Дополнительная информация,Страна производства,Китай
196853890,Габариты,Высота предмета,17 см
196853890,Габариты,Глубина предмета,2 см
196853890,Габариты,Вес без упаковки (кг),0.55 кг
196853890,Габариты,Вес с упаковкой (кг),0.4 кг
196853890,Габариты,Длина упаковки,24 см
196853890,Габариты,Высота упаковки,4 см
196853890,Габариты,Ширина упаковки,21 см
284232420,Основная информация,Цвет,белый
284232420,Габариты,Длина упаковки,24 см
284232420,Габариты,Высота упаковки,5 см
284232420,Габариты,Ширина упаковки,20 см
109090733,Основная информация,Цвет,черный
109090733,Технические особенности,Количество режимов работы,10 шт.
109090733,Дополнительная информация,Зона массажа,"массажер для шеи и плеч; Живот, Талия; массажер электрический"
109090733,Дополнительная информация,Действие,миостимулятор для пресса
109090733,Дополнительная информация,Страна производства,Китай
109090733,Габариты,Высота предмета,52 см
109090733,Габариты,Ширина предмета,14.5 см
109090733,Габариты,Глубина предмета,0.5 см
109090733,Габариты,Вес без упаковки (кг),0.3 кг
109090733,Габариты,Вес с упаковкой (кг),0.44 кг
109090733,Габариты,Длина упаковки,25 см
109090733,Габариты,Высота упаковки,8 см
109090733,Габариты,Ширина упаковки,14 см
195096389,Общие характеристики,Модель,электро стимулятор лимофдренажный микротоки; тренажер аппарат по типу аппликатора Кузнецова; акупунктурный импульсный массажер подушка
195096389,Питание,Питание,от аккумулятора; USB
195096389,Технические особенности,Количество режимов работы,19 шт.
195096389,Дополнительная информация,Тип массажера,магнитно-акупунктурный; электроимпульсный
195096389,Дополнительная информация,Зона массажа,ноги; стопы; тело
195096389,Дополнительная информация,Действие,снятие отечности; улучшение кровообращения; успокаивающее
195096389,Дополнительная информация,Мин. продолжительность автономной работы,15 мин
195096389,Дополнительная информация,Доп. опции массажера,электромиостимуляция; эффект иглоукалывания
195096389,Дополнительная информация,Количество роликов,без роликов
195096389,Дополнительная информация,Комплектация,Коврик - 1 шт.; контроллер - 1 шт.; USB - кабель; инструкция
195096389,Дополнительная информация,Страна производства,Китай
195096389,Габариты,Высота предмета,33 см
195096389,Габариты,Ширина предмета,28 см
195096389,Габариты,Глубина предмета,3 см
195096389,Габариты,Вес без упаковки (кг),0.2 кг
195096389,Габариты,Вес с упаковкой (кг),0.23 кг
195096389,Габариты,Длина упаковки,33 см
195096389,Габариты,Высота упаковки,4 см
195096389,Габариты,Ширина упаковки,16 см
252312842,Основная информация,Цвет,черный
252312842,Общие характеристики,Модель,электро стимулятор лимофдренажный микротоки; тренажер аппарат по типу аппликатора Кузнецова; акупунктурный импульсный массажер подушка
252312842,Общие характеристики,Гарантийный срок,14 дней
252312842,Питание,Питание,от аккумулятора; работает без батареек; USB ( в комплекте)
252312842,Технические особенности,Количество режимов работы,8
252312842,Дополнительная информация,Тип массажера,спортивный; не скребок гуаша; не вибромассажер подушка
252312842,Дополнительная информация,Зона массажа,ноги; шея; пресс
252312842,Дополнительная информация,Действие,ортопедический массажер; лимфодренажный и антицеллюлитный эффекты; Оздоровление организма
252312842,Дополнительная информация,Доп. опции массажера,вибромассаж; эффект иглоукалывания; автовыключение
252312842,Дополнительная информация,Количество роликов,без роликов
252312842,Дополнительная информация,Комплектация,коробка - 1 шт; Кабель для зарядки электромассажер - 1шт; инструкция; Микротоковый EMS массажный коврик с блоком управления
252312842,Дополнительная информация,Страна производства,Китай
252312842,Габариты,Длина упаковки,37 см
252312842,Габариты,Высота упаковки,5 см
252312842,Габариты,Ширина упаковки,17 см
227632093,Основная информация,Цвет,черный
227632093,Общие характеристики,Количество предметов в упаковке,2
227632093,Дополнительная информация,Зона массажа,икры; Массаж всех групп мышц; Ноги / Спина / Шея / Руки / Ягодицы
227632093,Дополнительная информация,Страна производства,Китай
227632093,Дополнительная информация,Комплектация,2 липучки
227632093,Габариты,Вес товара с упаковкой (г),50 г
227632093,Габариты,Длина упаковки,10 см
227632093,Габариты,Высота упаковки,1 см
227632093,Габариты,Ширина упаковки,17 см
158266616,Основная информация,Цвет,белый
158266616,Общие характеристики,Модель,KS-996-1D
158266616,Общие характеристики,Гарантийный срок,красота и здоровье
158266616,Питание,Питание,usb
158266616,Технические особенности,Количество режимов работы,4
158266616,Дополнительная информация,Тип массажера,микротоковый; для ног; для всего тела
158266616,Дополнительная информация,Зона массажа,массаж тела; массажер для ног электрический; массаж спины и поясницы
158266616,Дополнительная информация,Действие,"улучшение кровообращения, восстановление; расслабление шеи; профилактика остеохондроза"
158266616,Дополнительная информация,Доп. опции массажера,Автомобильная подушка; беспроводной массажер; косметический массажер
158266616,Дополнительная информация,Страна производства,Китай
158266616,Габариты,Вес без упаковки (кг),0.5 кг
158266616,Габариты,Вес с упаковкой (кг),0.7 кг
158266616,Габариты,Длина упаковки,15 см
158266616,Габариты,Высота упаковки,19 см
158266616,Габариты,Ширина упаковки,5 см
177158492,Общие характеристики,Количество предметов в упаковке,1
177158492,Материалы,Материал изделия,Силикон + ABS; массажер антицеллюлитный для похудения; массажер для расслабления
177158492,Дополнительная информация,Зона массажа,"Плечи, Поясница, Руки, Тело, Шея, Ягодицы; мышцы пресса; все части тела"
177158492,Дополнительная информация,Действие,"массаж для всего тела, массаж восстанавливающий; Антицеллюлитный массаж; массаж для похудения"
177158492,Дополнительная информация,Страна производства,Китай
177158492,Дополнительная информация,Комплектация,1 миостимулятор 1 патч 1 провод usb
177158492,Габариты,Высота предмета,15 см
177158492,Габариты,Вес товара с упаковкой (г),150 г
177158492,Габариты,Длина упаковки,10 см
177158492,Габариты,Высота упаковки,18 см
177158492,Габариты,Ширина упаковки,3 см
428280948,Основная информация,Цвет,черный
428280948,Дополнительная информация,Зона массажа,живот; спина; тело
428280948,Дополнительная информация,Действие,снятие мышечного напряжения; улучшение кровообращения; упругость
428280948,Дополнительная информация,Страна производства,Китай
428280948,Общие характеристики,Количество предметов в упаковке (шт.),1 шт.
428280948,Габариты,Ширина предмета,6 см
428280948,Габариты,Высота предмета,15 см
206002113,Основная информация,Цвет,серебристо-серый
206002113,Общие характеристики,Модель,подруге
206002113,Общие характеристики,Гарантийный срок,30 дней
206002113,Питание,Питание,от аккумулятора; Подарок; миостимулятор для лица
206002113,Технические особенности,Количество режимов работы,9
206002113,Насадки,Количество насадок,4 шт.
206002113,Дополнительная информация,Тип массажера,электроимпульсный; массажер; электромассаж
206002113,Дополнительная информация,Зона массажа,лицо; тело; ноги
206002113,Дополнительная информация,Действие,массажер для тела; акупунктурная; Точечный массаж всего тела
206002113,Дополнительная информация,Доп. опции массажера,электромиостимуляция; массаж тела
206002113,Дополнительная информация,Количество роликов,профессиональная косметика; акупунктурная палочка; ручка
206002113,Дополнительная информация,Комплектация,массажер; Провод для зарядки; инструкция; насадки; косметический массажный аппарат; массажер для лица электрический; массажер для лица; массажеры; электроимпульсный; электромассаж; миостимулятор для лица; Акупунктурный массаж
206002113,Дополнительная информация,Страна производства,Китай
206002113,Габариты,Высота предмета,3 см
206002113,Габариты,Ширина предмета,4 см
206002113,Габариты,Вес без упаковки (кг),0.11 кг
206002113,Габариты,Вес с упаковкой (кг),0.23 кг
206002113,Габариты,Длина упаковки,21 см
206002113,Габариты,Высота упаковки,5 см
206002113,Габариты,Ширина упаковки,10 см
174776145,Основная информация,Цвет,красный
174776145,Общие характеристики,Модель,массажер для шеи
174776145,Общие характеристики,Гарантийный срок,1 год
174776145,Питание,Питание,USB; от аккумулятора; ems
174776145,Технические особенности,Количество режимов работы,массажер электрический для тела; ударный массажер; массажер микротоковый
174776145,Дополнительная информация,Тип массажера,Массажер для шеи электрический; Микротоковый массажер; массажная подушка для шеи
174776145,Дополнительная информация,Зона массажа,плечи; спина; шея
174776145,Дополнительная информация,Действие,от отеков тела; Импульсный массажер; электрический массажер для тела
174776145,Дополнительная информация,Мин. продолжительность автономной работы,15 мин
174776145,Дополнительная информация,Доп. опции массажера,функция подогрева; электромиостимуляция; электромассажер для тела
174776145,Дополнительная информация,Количество роликов,4; массажер микротоковый; стимулятор мышц
174776145,Дополнительная информация,Комплектация,зарядный провод; инструкция; Массажер электрический для дома и автомобиля; оздоровительный массаж
174776145,Дополнительная информация,Страна производства,Германия
174776145,Габариты,Высота предмета,3 см
174776145,Габариты,Ширина предмета,13 см
174776145,Габариты,Глубина предмета,16 см
174776145,Габариты,Вес без упаковки (кг),0.13 кг
174776145,Габариты,Вес с упаковкой (кг),0.28 кг
174776145,Габариты,Длина упаковки,18 см
174776145,Габариты,Высота упаковки,6 см
174776145,Габариты,Ширина упаковки,19 см
116694546,Основная информация,Цвет,белый; синий
116694546,Общие характеристики,Модель,Ru-800S
116694546,Общие характеристики,Гарантийный срок,6 мес
116694546,Питание,Питание,от сети
116694546,Технические особенности,Мощность устройства (Вт),35 Вт
116694546,Насадки,Количество насадок в комплекте,электроды 20шт; каналы 10шт
116694546,Материалы,Материал корпуса,abs-пластик; металл
116694546,Дополнительная информация,Назначение косметического прибора,похудение снижение веса; антицеллюлитный лифтинг; против растяжек
116694546,Дополнительная информация,Вид воздействия,электронейростимуляция; коррекция фигуры; аппаратный массаж
116694546,Дополнительная информация,Область применения,для всего тела; для живота; для ног
116694546,Дополнительная информация,Противопоказания,онкозаболевания
116694546,Дополнительная информация,Комплектация,Аппарат 1 шт; каналы 10 шт; электроды 20 шт; Шнур питания 1 шт
116694546,Габариты,Высота предмета,46 см
116694546,Габариты,Ширина предмета,26 см
116694546,Габариты,Вес товара с упаковкой (г),7000 г
116694546,Габариты,Длина упаковки,47 см
116694546,Габариты,Высота упаковки,22 см
116694546,Габариты,Ширина упаковки,33 см
215301947,Основная информация,Цвет,черный
215301947,Общие характеристики,Гарантийный срок,1 мес
215301947,Питание,Питание,от батареек
215301947,Технические особенности,Количество режимов работы,6 шт.
215301947,Дополнительная информация,Тип массажера,вибромассажер; электроимпульсный; Антицеллюлитный
215301947,Дополнительная информация,Зона массажа,живот; бедра
215301947,Дополнительная информация,Действие,коррекция фигуры; снятие мышечного напряжения; тонизирование
215301947,Дополнительная информация,Мин. продолжительность автономной работы,12 мин
215301947,Дополнительная информация,Доп. опции массажера,вибромассаж; электромиостимуляция
215301947,Дополнительная информация,Комплектация,массажер 3шт; контроллер 3шт; инструкция
215301947,Дополнительная информация,Страна производства,Китай
215301947,Габариты,Высота предмета,20 см
215301947,Габариты,Ширина предмета,22 см
215301947,Габариты,Вес без упаковки (кг),0.3 кг
215301947,Габариты,Вес с упаковкой (кг),0.49 кг
215301947,Габариты,Длина упаковки,22 см
215301947,Габариты,Высота упаковки,4 см
215301947,Габариты,Ширина упаковки,20 см
335085369,Основная информация,Цвет,черный; белый
335085369,Общие характеристики,Модель,электро стимулятор лимофдренажный микротоки
335085369,Питание,Питание,USB; от сети; от аккумулятора
335085369,Технические особенности,Количество режимов работы,8 режимов; 19 уровней мощности
335085369,Насадки,Количество насадок,8 шт.
335085369,Дополнительная информация,Тип массажера,вибромассажер; электроимпульсный; постукивающий
335085369,Дополнительная информация,Зона массажа,ноги; ступня; стопы
335085369,Дополнительная информация,Действие,Микротоковый массаж; миостимулятор электрический; Расслабление и снятие усталости
335085369,Дополнительная информация,Доп. опции массажера,автовыключение; электромиостимуляция; вибромассаж
335085369,Дополнительная информация,Комплектация,EMS массажер для стоп; Аппарат для физиотерапии; массажер миостимулятор для ног
335085369,Дополнительная информация,Страна производства,Китай
335085369,Габариты,Ширина предмета,28 см
335085369,Габариты,Вес без упаковки (кг),0.4 кг
335085369,Габариты,Вес с упаковкой (кг),0.5 кг
335085369,Габариты,Длина упаковки,32 см
335085369,Габариты,Высота упаковки,3 см
335085369,Габариты,Ширина упаковки,14 см
68712051,Основная информация,Цвет,черный
68712051,Материалы,Материал изделия,пластик; силикон; неопрен
68712051,Дополнительная информация,Вид застежки,липучка; Кнопки нержавеющая сталь
68712051,Дополнительная информация,Особенности модели,корректирующий эффект; эластичный материал; гипоаллергенный материал
68712051,Дополнительная информация,Комплектация,Миостимулятор массажер - 1 шт.
68712051,Дополнительная информация,Страна производства,Китай
68712051,Габариты,Ширина предмета,25 см
68712051,Габариты,Вес товара с упаковкой (г),140 г
328688863,Основная информация,Цвет,белый
328688863,Питание,Питание,от аккумулятора
328688863,Технические особенности,Количество режимов работы,4 режима
328688863,Дополнительная информация,Тип массажера,микротоковый; Ручной; миостимулятор
328688863,Дополнительная информация,Зона массажа,лицо; шея; зона вокруг глаз
328688863,Дополнительная информация,Форма массажера,ручной электромассажер
328688863,Дополнительная информация,Действие,чистка; лифтинг; омоложение
328688863,Дополнительная информация,Доп. опции массажера,индикация включения; индикация выбранного режима; регулировка интенсивности
328688863,Дополнительная информация,Комплектация,массажер; usb; инструкция; подарочная коробка
328688863,Дополнительная информация,Страна производства,Китай
328688863,Габариты,Высота предмета,17 см
328688863,Габариты,Ширина предмета,4 см
328688863,Габариты,Вес с упаковкой (кг),0.3 кг
328688863,Габариты,Длина упаковки,20 см
328688863,Габариты,Высота упаковки,7 см
328688863,Габариты,Ширина упаковки,13 см
303474214,Материалы,Материал изделия,abs-пластик
303474214,Дополнительная информация,Вид застежки,без застежки
303474214,Дополнительная информация,Особенности модели,гипоаллергенный материал; водоотталкивающий материал; корректирующий эффект
303474214,Дополнительная информация,Комплектация,Тренажер1шт
303474214,Габариты,Ширина предмета,20 см
303474214,Габариты,Вес товара с упаковкой (г),300 г
381135211,Основная информация,Цвет,серый
381135211,Общие характеристики,Модель,вакуумный
381135211,Общие характеристики,Гарантийный срок,1 год
381135211,Питание,Питание,от адаптера; от аккумулятора
381135211,Технические особенности,Количество режимов работы,12 режимов
381135211,Дополнительная информация,Тип массажера,вакуумный; Антицеллюлитный массаж
381135211,Дополнительная информация,Зона массажа,бедра; живот; ноги
381135211,Дополнительная информация,Форма массажера,ручной электромассажер
381135211,Дополнительная информация,Действие,упругость; от целлюлита; коррекция фигуры
381135211,Дополнительная информация,Доп. опции массажера,регулировка интенсивности
381135211,Дополнительная информация,Комплектация,Вакуумный антицеллюлитный массажер - 1шт.; Фильтр - 7шт.; USB-провод - 1 шт
381135211,Дополнительная информация,Страна производства,Китай
381135211,Габариты,Вес с упаковкой (кг),0.5 кг
381135211,Габариты,Длина упаковки,23 см
381135211,Габариты,Высота упаковки,10 см
381135211,Габариты,Ширина упаковки,13 см
367493735,Основная информация,Цвет,серебристый
367493735,Питание,Питание,5 ВТ
367493735,Технические особенности,Количество режимов работы,12 режимов; 9 микротока; 5 вибромассаж
367493735,Дополнительная информация,Тип массажера,Массажер для лица; микротоковый массажер для лица; микротоки
367493735,Дополнительная информация,Зона массажа,лицо; шея
367493735,Дополнительная информация,Действие,лифтинг; от морщин; упругость кожи
367493735,Дополнительная информация,Мин. продолжительность автономной работы,144 мин
367493735,Дополнительная информация,Доп. опции массажера,вибромассаж
367493735,Дополнительная информация,Комплектация,массажер; провод питания; инструкция
367493735,Габариты,Вес с упаковкой (кг),0.3 кг
367493735,Габариты,Длина упаковки,18 см
367493735,Габариты,Высота упаковки,10 см
367493735,Габариты,Ширина упаковки,6 см
218006638,Основная информация,Цвет,синий
218006638,Общие характеристики,Модель,лифтинг
218006638,Общие характеристики,Гарантийный срок,1 год
218006638,Питание,Питание,от аккумулятора
218006638,Технические особенности,Количество режимов работы,7 шт.
218006638,Насадки,Количество насадок,1 шт.
218006638,Дополнительная информация,Тип массажера,вибромассажер; электроимпульсный; микротоковый
218006638,Дополнительная информация,Зона массажа,зона вокруг глаз; лицо; шея
218006638,Дополнительная информация,Действие,против морщин; омолаживание; лифтинг
218006638,Дополнительная информация,Мин. продолжительность автономной работы,180 мин
218006638,Дополнительная информация,Доп. опции массажера,электромиостимуляция; инфракрасный излучатель; микротоки
218006638,Дополнительная информация,Комплектация,Массажер для ухода за лицом - 1 шт; зарядная станция для аппарата - 1 шт; USB кабель зарядки - 1 шт; Инструкция на русском языке - 1 шт; кольцо для фиксации - 1 шт; Подарочная коробка - 1 шт
218006638,Дополнительная информация,Страна производства,Китай
218006638,Габариты,Высота предмета,17.4 см
218006638,Габариты,Глубина предмета,5.3 см
218006638,Габариты,Вес с упаковкой (кг),0.32 кг
218006638,Габариты,Длина упаковки,24 см
218006638,Габариты,Высота упаковки,5 см
218006638,Габариты,Ширина упаковки,15 см
220050114,Основная информация,Цвет,темно-синий
220050114,Общие характеристики,Количество предметов в упаковке,1 шт.
220050114,Материалы,Материал изделия,Силикон + ABS; массажер антицеллюлитный для похудения; массажер для расслабления
220050114,Дополнительная информация,Зона массажа,все части тело
220050114,Дополнительная информация,Действие,"массаж для всего тела, массаж восстанавливающий; Антицеллюлитный массаж; массаж для похудения"
220050114,Дополнительная информация,Страна производства,Китай
220050114,Дополнительная информация,Комплектация,1 миостимулятор; 1 патч; 1 провод usb
220050114,Габариты,Ширина предмета,9 см
220050114,Габариты,Высота предмета,15 см
220050114,Габариты,Вес товара с упаковкой (г),150 г
220050114,Габариты,Длина упаковки,10 см
220050114,Габариты,Высота упаковки,18 см
220050114,Габариты,Ширина упаковки,3 см
267102625,Питание,Питание,от батареек
267102625,Материалы,Материал изделия,abs-пластик; медицинская сталь; медицинский силикон
267102625,Дополнительная информация,Страна производства,Китай
267102625,Дополнительная информация,Особенности секс игрушки,электростимуляция; эффект пульсации; мини
267102625,Дополнительная информация,Наличие батареек в комплекте,да
267102625,Дополнительная информация,Комплектация,анальная пробка; накладка на соски; Электроды; пульт управления
267102625,Дополнительная информация,Место воздействия секс-игрушки,анал; влагалище; соски
267102625,Габариты,Вес товара без упаковки (г),300 г
267102625,Габариты,Длина упаковки,15 см
267102625,Габариты,Высота упаковки,6 см
267102625,Габариты,Ширина упаковки,9 см
190318267,Основная информация,Цвет,черный
190318267,Общие характеристики,Модель,беспроводной массаж
190318267,Питание,Питание,USB; Встроенный аккумулятор; Работа без батареек
190318267,Технические особенности,Количество режимов работы,8 режимов работы; 19 уровней интенсивности
190318267,Дополнительная информация,Тип массажера,электроимпульсный
190318267,Дополнительная информация,Зона массажа,ноги; стопы; тело
190318267,Дополнительная информация,Действие,снятие мышечного напряжения; Расслабление; Восстановление и поддержка
190318267,Дополнительная информация,Доп. опции массажера,электромиостимуляция; эффект иглоукалывания; автовыключение
190318267,Дополнительная информация,Комплектация,Массажер для ног и тела электрический микротоковый коврик
190318267,Габариты,Высота предмета,4 см
190318267,Габариты,Ширина предмета,19 см
190318267,Габариты,Вес без упаковки (кг),0.2 кг
190318267,Габариты,Вес с упаковкой (кг),0.2 кг
190318267,Габариты,Длина упаковки,33 см
190318267,Габариты,Высота упаковки,4 см
190318267,Габариты,Ширина упаковки,19 см
333227644,Основная информация,Цвет,белый; белый глянец
333227644,Общие характеристики,Количество предметов в упаковке,3 шт.
333227644,Материалы,Материал изделия,медицинский пластик; медицинская сталь; медицинский силикон
333227644,Дополнительная информация,Зона массажа,лицо; шея; зона вокруг глаз
333227644,Дополнительная информация,Действие,лифтинг; восстановление; омолаживание
333227644,Дополнительная информация,Страна производства,Китай
333227644,Дополнительная информация,Комплектация,массажер для лица - 1 шт; Зарядный кабель - 1 шт; Инструкция - 1 шт; зарядная станция
333227644,Габариты,Ширина предмета,4 см
333227644,Габариты,Высота предмета,3 см
333227644,Габариты,Вес товара с упаковкой (г),260 г
333227644,Габариты,Длина упаковки,24 см
333227644,Габариты,Высота упаковки,9 см
333227644,Габариты,Ширина упаковки,12 см
206382941,Основная информация,Цвет,черный
206382941,Общие характеристики,Гарантийный срок,2 нед
206382941,Питание,Питание,АКБ; 220; портативный
206382941,Технические особенности,Количество режимов работы,99
206382941,Насадки,Количество насадок,4 шт.
206382941,Дополнительная информация,Тип массажера,Ударный; перкуссионный; вибрационный
206382941,Дополнительная информация,Зона массажа,для тела; для спины; для шеи
206382941,Дополнительная информация,Действие,восстановление; коррекция фигуры; снятие мышечного напряжения
206382941,Дополнительная информация,Мин. продолжительность автономной работы,240 мин
206382941,Дополнительная информация,Доп. опции массажера,Насадки для всех групп мышц; лимфодренаж; туризм
206382941,Дополнительная информация,Количество роликов,4
206382941,Дополнительная информация,Комплектация,массажер; 4 насадки; кабель usb
206382941,Дополнительная информация,Страна производства,Китай
206382941,Габариты,Высота предмета,20 см
206382941,Габариты,Ширина предмета,15 см
206382941,Габариты,Глубина предмета,4 см
206382941,Габариты,Вес без упаковки (кг),0.49 кг
206382941,Габариты,Вес с упаковкой (кг),0.9 кг
206382941,Габариты,Длина упаковки,34 см
206382941,Габариты,Высота упаковки,21 см
206382941,Габариты,Ширина упаковки,8 см
249687230,Основная информация,Цвет,черный
249687230,Общие характеристики,Количество предметов в упаковке,1 шт.
249687230,Дополнительная информация,Зона массажа,ноги; стопы; пятки
249687230,Дополнительная информация,Действие,улучшение кровообращения; успокаивающее
140398141,Дополнительная информация,Страна производства,Китай
140398141,Габариты,Длина упаковки,25 см
140398141,Габариты,Высота упаковки,5 см
140398141,Габариты,Ширина упаковки,25 см
143500860,Основная информация,Цвет,черный матовый
143500860,Дополнительная информация,Зона массажа,стопы; ноги; пятки
143500860,Дополнительная информация,Страна производства,Китай
251837449,Основная информация,Цвет,белый
251837449,Дополнительная информация,Действие,питание
251837449,Дополнительная информация,Комплектация,Инструмент для терапии Цифровой меридиан; Электроды 4шт; инструкция
251837449,Дополнительная информация,Страна производства,Китай
251837449,Габариты,Вес с упаковкой (кг),0.6 кг
251837449,Габариты,Длина упаковки,24 см
251837449,Габариты,Высота упаковки,5 см
251837449,Габариты,Ширина упаковки,20 см
233255690,Основная информация,Цвет,черный
233255690,Общие характеристики,Модель,EMS Foot Massager
233255690,Питание,Питание,Аккумулятор встроенный; работает без батареек; USB ( в комплекте)
233255690,Технические особенности,Количество режимов работы,6 техник массажа; комбинированный; 9 скоростей
233255690,Дополнительная информация,Тип массажера,спортивный; не скребок гуаша; не вибромассажер подушка
233255690,Дополнительная информация,Зона массажа,для шеи; для пресса; для ног и стопы
233255690,Дополнительная информация,Действие,ортопедический массажер; лимфодренажный и антицеллюлитный эффекты; Оздоровление организма
233255690,Дополнительная информация,Комплектация,"Коврик,USB кабель для зарядки,главный двигатель-дисплей"
233255690,Дополнительная информация,Страна производства,Китай
233255690,Габариты,Глубина предмета,28 см
233255690,Габариты,Вес без упаковки (кг),0.12 кг
233255690,Габариты,Вес с упаковкой (кг),0.2 кг
233255690,Габариты,Длина упаковки,32 см
233255690,Габариты,Высота упаковки,3 см
233255690,Габариты,Ширина упаковки,14 см
303494102,Материалы,Материал изделия,abs-пластик
303494102,Дополнительная информация,Вид застежки,без застежки
303494102,Дополнительная информация,Особенности модели,антибактериальные свойства; корректирующий эффект; ультралегкая
303494102,Дополнительная информация,Комплектация,Тренажер1шт
303494102,Габариты,Ширина предмета,20 см
303494102,Габариты,Вес товара с упаковкой (г),300 г
192338757,Основная информация,Цвет,черный
192338757,Общие характеристики,Модель,EMS Foot Massager
192338757,Питание,Питание,USB
192338757,Технические особенности,Количество режимов работы,8
192338757,Насадки,Количество насадок,1 шт.
192338757,Дополнительная информация,Тип массажера,электроимпульсный
192338757,Дополнительная информация,Зона массажа,ноги; стопы
192338757,Дополнительная информация,Действие,улучшение кровообращения; успокаивающее; снятие мышечного напряжения
192338757,Дополнительная информация,Доп. опции массажера,электромиостимуляция
192338757,Дополнительная информация,Комплектация,массажер; коврик; кабель
192338757,Габариты,Высота предмета,25 см
192338757,Габариты,Вес без упаковки (кг),1 кг
192338757,Габариты,Вес с упаковкой (кг),1 кг
192338757,Габариты,Длина упаковки,25 см
192338757,Габариты,Высота упаковки,25 см
192338757,Габариты,Ширина упаковки,20 см
198735633,Основная информация,Цвет,черный
198735633,Дополнительная информация,Модель тренажера,"6 PACK EMS; для пресса; для рук, для ног"
198735633,Дополнительная информация,Система нагрузки,"электромагнитная; импульсная; механическая, комплексная"
198735633,Дополнительная информация,Страна производства,Китай
198735633,Габариты,Длина упаковки,24 см
198735633,Габариты,Высота упаковки,4 см
198735633,Габариты,Ширина упаковки,21 см
162266250,Основная информация,Цвет,глубокий черный
162266250,Питание,Питание,от батареек; ААА 2 шт
162266250,Технические особенности,Количество режимов работы,4 шт.
162266250,Насадки,Количество насадок,3 шт.
162266250,Дополнительная информация,Тип массажера,вибромассажер
162266250,Дополнительная информация,Зона массажа,живот; бедра; руки
162266250,Дополнительная информация,Действие,коррекция фигуры; лифтинг; упругость
162266250,Дополнительная информация,Мин. продолжительность автономной работы,40 мин
162266250,Дополнительная информация,Доп. опции массажера,вибромассаж; электромиостимуляция
162266250,Дополнительная информация,Комплектация,Три вибромассажера + три накладки - 1 шт
162266250,Дополнительная информация,Страна производства,Китай
162266250,Габариты,Высота предмета,4 см
162266250,Габариты,Ширина предмета,8 см
162266250,Габариты,Глубина предмета,6 см
162266250,Габариты,Вес без упаковки (кг),0.13 кг
162266250,Габариты,Вес с упаковкой (кг),0.18 кг
162266250,Габариты,Длина упаковки,22 см
162266250,Габариты,Высота упаковки,4 см
162266250,Габариты,Ширина упаковки,21 см
166751117,Питание,Питание,USB
166751117,Дополнительная информация,Тип массажера,электроимпульсный
166751117,Дополнительная информация,Зона массажа,тело; руки; шея
166751117,Дополнительная информация,Доп. опции массажера,электромиостимуляция
166751117,Дополнительная информация,Комплектация,массажер-1шт
166751117,Дополнительная информация,Страна производства,Китай
166751117,Габариты,Вес с упаковкой (кг),0.1 кг
166751117,Габариты,Длина упаковки,8 см
166751117,Габариты,Высота упаковки,2 см
166751117,Габариты,Ширина упаковки,16 см
195627693,Основная информация,Цвет,черный
195627693,Общие характеристики,Модель,EMS Foot Massager
195627693,Питание,Питание,USB
195627693,Технические особенности,Количество режимов работы,8
195627693,Дополнительная информация,Тип массажера,электроимпульсный
195627693,Дополнительная информация,Зона массажа,ноги; стопы
195627693,Дополнительная информация,Действие,улучшение кровообращения; успокаивающее; снятие мышечного напряжения
195627693,Дополнительная информация,Доп. опции массажера,электромиостимуляция
195627693,Дополнительная информация,Комплектация,массажер; коврик; кабель
195627693,Габариты,Длина упаковки,23 см
195627693,Габариты,Высота упаковки,3 см
195627693,Габариты,Ширина упаковки,15 см
195627740,Основная информация,Цвет,черный
195627740,Общие характеристики,Модель,EMS Foot Massager
195627740,Питание,Питание,USB
195627740,Технические особенности,Количество режимов работы,8
195627740,Дополнительная информация,Тип массажера,электроимпульсный
195627740,Дополнительная информация,Зона массажа,ноги; стопы
195627740,Дополнительная информация,Действие,улучшение кровообращения; успокаивающее; снятие мышечного напряжения
195627740,Дополнительная информация,Доп. опции массажера,электромиостимуляция
195627740,Дополнительная информация,Комплектация,массажер; коврик; кабель
195627740,Габариты,Длина упаковки,23 см
195627740,Габариты,Высота упаковки,3 см
195627740,Габариты,Ширина упаковки,15 см
198017044,Основная информация,Цвет,черный
198017044,Материалы,Материал изделия,массажер антицеллюлитный ручной для мамы похудения
198017044,Дополнительная информация,Вид застежки,липучка; Кнопки нержавеющая сталь
198017044,Дополнительная информация,Особенности модели,сжигает подкожный жир и приводит мышцы в тонус
198017044,Дополнительная информация,Страна производства,Китай
198017044,Габариты,Вес товара с упаковкой (г),400 г
212303240,Основная информация,Цвет,черный
212303240,Общие характеристики,Количество предметов в упаковке,1 шт.
212303240,Материалы,Материал изделия,ПВХ; силикон; металл
212303240,Дополнительная информация,Зона массажа,живот
212303240,Дополнительная информация,Страна производства,Китай
212303240,Габариты,Вес товара с упаковкой (г),300 г
212303240,Габариты,Длина упаковки,25 см
212303240,Габариты,Высота упаковки,14 см
212303240,Габариты,Ширина упаковки,14 см
180248873,Общие характеристики,Модель,Массажер электрический; Массажер импульсивный
180248873,Питание,Питание,USB; от аккумулятора
180248873,Технические особенности,Количество режимов работы,8
180248873,Дополнительная информация,Тип массажера,электроимпульсный; вибромассажер
180248873,Дополнительная информация,Зона массажа,спина; мышцы; рука
180248873,Дополнительная информация,Действие,тело; руки; нога
180248873,Дополнительная информация,Количество роликов,нет
180248873,Дополнительная информация,Комплектация,электрический массажер для тела
180248873,Дополнительная информация,Страна производства,Китай
180248873,Габариты,Длина упаковки,15 см
180248873,Габариты,Высота упаковки,3 см
180248873,Габариты,Ширина упаковки,7 см
155538674,Основная информация,Цвет,белый; белый глянец
155538674,Общие характеристики,Количество предметов в упаковке,1 шт.
155538674,Материалы,Материал изделия,abs пластик; медицинская сталь
155538674,Дополнительная информация,Зона массажа,зона вокруг глаз; лицо; шея
155538674,Дополнительная информация,Действие,омолаживание; против морщин; лифтинг
155538674,Дополнительная информация,Страна производства,Китай
155538674,Дополнительная информация,Комплектация,контактный гель; Инструкция - 1 шт; Зарядный кабель - 1 шт; массажер для лица - 1 шт
155538674,Габариты,Ширина предмета,4 см
155538674,Габариты,Высота предмета,16 см
155538674,Габариты,Вес товара с упаковкой (г),500 г
155538674,Габариты,Длина упаковки,20 см
155538674,Габариты,Высота упаковки,5 см
155538674,Габариты,Ширина упаковки,10 см
154631070,Основная информация,Цвет,белый
154631070,Общие характеристики,Модель,Цифровой меридиан
154631070,Общие характеристики,Гарантийный срок,1 год
154631070,Питание,Питание,от батареек
154631070,Технические особенности,Количество режимов работы,8 автоматических режимов
154631070,Дополнительная информация,Тип массажера,Миостимулятор для мышц
154631070,Дополнительная информация,Зона массажа,Поясница позвоночник ягодицы живот бедро ноги попа
154631070,Дополнительная информация,Действие,миостимулятор электрический
154631070,Дополнительная информация,Комплектация,массажер - 1 шт
154631070,Дополнительная информация,Страна производства,Китай
154631070,Габариты,Высота предмета,15 см
154631070,Габариты,Ширина предмета,17 см
154631070,Габариты,Вес без упаковки (кг),0.25 кг
154631070,Габариты,Вес с упаковкой (кг),0.25 кг
154631070,Габариты,Длина упаковки,5 см
154631070,Габариты,Высота упаковки,20 см
154631070,Габариты,Ширина упаковки,22 см
335513565,Дополнительная информация,Тип массажера,вибрационный
335513565,Дополнительная информация,Зона массажа,тело; ноги; руки
335513565,Дополнительная информация,Гарантийный срок,1 год
335513565,Дополнительная информация,Комплектация,электрический пояс для похудения; блок управления; пояс регулировка талии; кабель
335513565,Дополнительная информация,Страна производства,Китай
335513565,Габариты,Длина упаковки,21 см
335513565,Габариты,Высота упаковки,8 см
335513565,Габариты,Ширина упаковки,21 см
305332046,Основная информация,Цвет,черный
305332046,Питание,Питание,от батареек
305332046,Технические особенности,Количество режимов работы,6
305332046,Дополнительная информация,Тип массажера,миостимулятор
305332046,Дополнительная информация,Зона массажа,для пресса
305332046,Дополнительная информация,Действие,Расслабление
305332046,Дополнительная информация,Страна производства,Китай
305332046,Габариты,Вес с упаковкой (кг),0.23 кг
305332046,Габариты,Длина упаковки,24 см
305332046,Габариты,Высота упаковки,5 см
305332046,Габариты,Ширина упаковки,21 см
165459842,Общие характеристики,Количество предметов в упаковке,массажер
165459842,Материалы,Материал изделия,Силикон + ABS; массажер антицеллюлитный для похудения; массажер для расслабления
165459842,Дополнительная информация,Зона массажа,"Плечи, Поясница, Руки, Тело, Шея, Ягодицы; мышцы пресса; все части тела"
165459842,Дополнительная информация,Действие,"массаж для всего тела, массаж восстанавливающий; Антицеллюлитный массаж; массаж для похудения"
165459842,Дополнительная информация,Страна производства,Китай
165459842,Дополнительная информация,Комплектация,1 миостимулятор; 1 патч; 1 провод usb
165459842,Габариты,Высота предмета,15 см
165459842,Габариты,Вес товара с упаковкой (г),150 г
165459842,Габариты,Длина упаковки,10 см
165459842,Габариты,Высота упаковки,18 см
165459842,Габариты,Ширина упаковки,3 см
232167988,Основная информация,Цвет,черный; синий
232167988,Питание,Питание,USB; от сети
232167988,Технические особенности,Количество режимов работы,8 режимов
232167988,Дополнительная информация,Тип массажера,электроимпульсный
232167988,Дополнительная информация,Зона массажа,ноги; плечи; тело
232167988,Дополнительная информация,Действие,коррекция фигуры; Расслабление; укрепление
232167988,Дополнительная информация,Мин. продолжительность автономной работы,15 мин
232167988,Дополнительная информация,Доп. опции массажера,микроток
232167988,Дополнительная информация,Комплектация,массажер 1шт.; Инструкция 1шт.; Провод 1шт.
232167988,Дополнительная информация,Страна производства,Китай
232167988,Габариты,Высота предмета,15 см
232167988,Габариты,Ширина предмета,6 см
232167988,Габариты,Вес с упаковкой (кг),0.13 кг
232167988,Габариты,Длина упаковки,17 см
232167988,Габариты,Высота упаковки,3 см
232167988,Габариты,Ширина упаковки,9 см
181547475,Общие характеристики,Модель,вибромассажер для спины
181547475,Питание,Питание,от сети; USB; от аккумулятора
181547475,Технические особенности,Количество режимов работы,6 режимов работы; 19 уровней мощности
181547475,Дополнительная информация,Зона массажа,ноги; стопы; тело
181547475,Дополнительная информация,Действие,Микротоковый массаж; Расслабление и снятие усталости; массажер для ног электрический
181547475,Дополнительная информация,Доп. опции массажера,беспроводной массаж; автовыключение; Регулируемая скорость
181547475,Дополнительная информация,Страна производства,Китай
181547475,Габариты,Вес с упаковкой (кг),0.155 кг
181547475,Габариты,Длина упаковки,32 см
181547475,Габариты,Высота упаковки,3 см
181547475,Габариты,Ширина упаковки,14 см
159488078,Общие характеристики,Модель,Pulse Massage
159488078,Общие характеристики,Гарантийный срок,14 дней
159488078,Габариты,Длина упаковки,8 см
159488078,Габариты,Высота упаковки,15 см
159488078,Габариты,Ширина упаковки,10 см
175897307,Основная информация,Цвет,черный
175897307,Общие характеристики,Модель,Smart Fitness
175897307,Питание,Питание,батарейки ААА
175897307,Дополнительная информация,Тип массажера,вибромассажер
175897307,Дополнительная информация,Зона массажа,живот; руки
175897307,Дополнительная информация,Действие,стимулятор кровообращения; Массаж; омолаживание
175897307,Дополнительная информация,Доп. опции массажера,вибромассаж
175897307,Дополнительная информация,Комплектация,тренажер миостимулятор
175897307,Дополнительная информация,Страна производства,Китай
175897307,Габариты,Высота предмета,22 см
175897307,Габариты,Вес без упаковки (кг),0.15 кг
175897307,Габариты,Вес с упаковкой (кг),0.2 кг
175897307,Габариты,Длина упаковки,4 см
175897307,Габариты,Высота упаковки,22 см
175897307,Габариты,Ширина упаковки,20 см
90737644,Основная информация,Цвет,глубокий черный; дуб черный; иссиня-черный; черный; черный графит
90737644,Общие характеристики,Количество предметов в упаковке,6
90737644,Материалы,Материал изделия,липучка; пластиковый пульт управления
90737644,Дополнительная информация,Зона массажа,икры; Массаж всех групп мышц; Ноги / Спина / Шея / Руки / Ягодицы
90737644,Дополнительная информация,Действие,"спортивный, сжигает жир, для тела, миостимулятор, стимуляция, похудения; сбросить лишний вес, диета, накачать мышцы, прокачать, красивое тело; электрическими импульсами через накладку стимулирует"
90737644,Дополнительная информация,Страна производства,Китай
90737644,Дополнительная информация,Комплектация,упаковка; 3 пульта управления; инструкция; 3 липучки в блистере
90737644,Габариты,Ширина предмета,19 см
90737644,Габариты,Высота предмета,20 см
90737644,Габариты,Вес товара с упаковкой (г),200 г
90737644,Габариты,Длина упаковки,6 см
90737644,Габариты,Высота упаковки,25 см
90737644,Габариты,Ширина упаковки,24 см
183162348,Основная информация,Цвет,белый
183162348,Общие характеристики,Модель,массаж Гуаша
183162348,Общие характеристики,Гарантийный срок,12 месяцев
183162348,Питание,Питание,от аккумулятора
183162348,Технические особенности,Количество режимов работы,3
183162348,Дополнительная информация,Тип массажера,вибромассажер; электроимпульсный; Лимфодренажный
183162348,Дополнительная информация,Зона массажа,бедра; ягодицы; ноги
183162348,Дополнительная информация,Действие,улучшение кровообращения; снятие мышечного напряжения; лифтинг
183162348,Дополнительная информация,Мин. продолжительность автономной работы,420 мин
183162348,Дополнительная информация,Доп. опции массажера,электромиостимуляция; массаж Гуаша для тела; эффект иглоукалывания
183162348,Дополнительная информация,Комплектация,Массажер - 1шт; Сумка-кейс - 1шт; Руководство по эксплуатации - 1шт; Зарядный кабель - 1шт
183162348,Дополнительная информация,Страна производства,Китай
183162348,Габариты,Высота предмета,145 см
183162348,Габариты,Ширина предмета,2.3 см
183162348,Габариты,Глубина предмета,105 см
183162348,Габариты,Вес без упаковки (кг),0.6 кг
183162348,Габариты,Вес с упаковкой (кг),0.63 кг
183162348,Габариты,Длина упаковки,19 см
183162348,Габариты,Высота упаковки,5 см
183162348,Габариты,Ширина упаковки,13 см
200241891,Основная информация,Цвет,сиреневый
200241891,Общие характеристики,Гарантийный срок,1 год
200241891,Питание,Питание,от аккумулятора
200241891,Технические особенности,Количество режимов работы,2 режима
200241891,Насадки,Количество насадок,2 шт.
200241891,Дополнительная информация,Тип массажера,вакуумный; электроимпульсный
200241891,Дополнительная информация,Зона массажа,тело; ноги; спина
200241891,Дополнительная информация,Действие,коррекция фигуры; восстановление; моделирование
200241891,Дополнительная информация,Доп. опции массажера,электромиостимуляция; автовыключение
200241891,Дополнительная информация,Комплектация,гарантийный талон; Инструкция на русском языке; кабель для зарядки; чехол для хранения; тканевая салфетка; дополнительные фильтры 10 шт; две вакуумные насадки; антицеллюлитный прибор для тела
200241891,Дополнительная информация,Страна производства,Китай
200241891,Габариты,Высота предмета,16 см
200241891,Габариты,Ширина предмета,6.5 см
200241891,Габариты,Глубина предмета,6.5 см
200241891,Габариты,Вес без упаковки (кг),0.18 кг
200241891,Габариты,Вес с упаковкой (кг),0.7 кг
200241891,Габариты,Длина упаковки,20 см
200241891,Габариты,Высота упаковки,12 см
200241891,Габариты,Ширина упаковки,13 см
121058846,Основная информация,Цвет,белый
121058846,Общие характеристики,Модель,G6
121058846,Общие характеристики,Гарантийный срок,1 год; 12 месяцев
121058846,Питание,Питание,Встроенный Li-Ion аккумулятор
121058846,Технические особенности,Количество режимов работы,3
121058846,Дополнительная информация,Тип массажера,микротоковый; миостимулятор; электрический массажер
121058846,Дополнительная информация,Зона массажа,шея
121058846,Дополнительная информация,Действие,Массаж шейно-воротниковой зоны; Снятие болевых ощущений и нервного напряжения; Расслабление и снятие усталости
121058846,Дополнительная информация,Мин. продолжительность автономной работы,15 мин
121058846,Дополнительная информация,Доп. опции массажера,Автоматическое выключение
121058846,Дополнительная информация,Комплектация,Инструкция - 1 шт; Зарядный кабель - 1шт; Массажер - 1шт
121058846,Дополнительная информация,Страна производства,Китай
121058846,Дополнительная информация,Срок эксплуатации,2 года; 24 месяца
121058846,Габариты,Высота предмета,14.2 см
121058846,Габариты,Ширина предмета,13.8 см
121058846,Габариты,Глубина предмета,8 см
121058846,Габариты,Вес без упаковки (кг),0.11 кг
121058846,Габариты,Вес с упаковкой (кг),0.67 кг
121058846,Габариты,Длина упаковки,8 см
121058846,Габариты,Высота упаковки,26 см
121058846,Габариты,Ширина упаковки,18 см
243426122,Основная информация,Цвет,черный
243426122,Общие характеристики,Модель,"23 февраля, новый год; 8 марта, 14 февраля, выпускной, день матери; HS-520"
243426122,Питание,Питание,от аккумулятора
243426122,Технические особенности,Количество режимов работы,32 скорости
243426122,Дополнительная информация,Тип массажера,ударно-кулачковый; вибромассажер; электрический массажер
243426122,Дополнительная информация,Зона массажа,тело; ноги; шея
243426122,Дополнительная информация,Действие,снятие мышечного напряжения; лимфодренажный; антицеллюлитный
243426122,Дополнительная информация,Доп. опции массажера,автовыключение; регулируемая скорость; сенсорный дисплей
243426122,Дополнительная информация,Количество роликов,без роликов
243426122,Дополнительная информация,Комплектация,Инструкция - 1 шт.; насадки 4 шт; кабель для зарядки 1 шт; многофункциональный массажер - 1 шт
243426122,Дополнительная информация,Страна производства,Китай
243426122,Габариты,Высота предмета,14 см
243426122,Габариты,Ширина предмета,13 см
243426122,Габариты,Глубина предмета,5 см
243426122,Габариты,Вес без упаковки (кг),0.45 кг
243426122,Габариты,Вес с упаковкой (кг),0.58 кг
243426122,Габариты,Длина упаковки,21 см
243426122,Габариты,Высота упаковки,6 см
243426122,Габариты,Ширина упаковки,18 см
195627590,Основная информация,Цвет,черный
195627590,Общие характеристики,Количество предметов в упаковке,1 шт.
195627590,Дополнительная информация,Зона массажа,ноги; стопы; пятки
195627590,Дополнительная информация,Действие,улучшение кровообращения; успокаивающее
26247601,Основная информация,Цвет,черный
26247601,Дополнительная информация,Комплектация,массажер 1 шт
26247601,Дополнительная информация,Страна производства,Россия
26247601,Габариты,Длина упаковки,30 см
26247601,Габариты,Высота упаковки,20 см
26247601,Габариты,Ширина упаковки,19 см
213857579,Технические особенности,Количество режимов работы,6
213857579,Дополнительная информация,Зона массажа,живот
213857579,Дополнительная информация,Действие,коррекция фигуры; лифтинг; моделирование
213857579,Дополнительная информация,Мин. продолжительность автономной работы,15 мин
213857579,Габариты,Длина упаковки,32 см
213857579,Габариты,Высота упаковки,18 см
213857579,Габариты,Ширина упаковки,2 см
195627736,Основная информация,Цвет,черный
195627736,Общие характеристики,Модель,EMS Foot Massager
195627736,Питание,Питание,USB
195627736,Технические особенности,Количество режимов работы,8
195627736,Дополнительная информация,Тип массажера,электроимпульсный
195627736,Дополнительная информация,Зона массажа,ноги; стопы
195627736,Дополнительная информация,Действие,улучшение кровообращения; успокаивающее
195627736,Дополнительная информация,Доп. опции массажера,электромиостимуляция
195627736,Дополнительная информация,Комплектация,массажер; кабель для зарядки
195627736,Габариты,Длина упаковки,23 см
195627736,Габариты,Высота упаковки,3 см
195627736,Габариты,Ширина упаковки,15 см
346397371,Основная информация,Цвет,белый
346397371,Общие характеристики,Гарантийный срок,1 год
346397371,Дополнительная информация,Страна производства,Китай
346397371,Габариты,Вес с упаковкой (кг),0.5 кг
346397371,Габариты,Длина упаковки,30 см
346397371,Габариты,Высота упаковки,10 см
346397371,Габариты,Ширина упаковки,12 см
381125451,Основная информация,Цвет,белый
381125451,Общие характеристики,Модель,вакуумный
381125451,Общие характеристики,Гарантийный срок,1 год
381125451,Питание,Питание,от адаптера; от аккумулятора
381125451,Технические особенности,Количество режимов работы,12 режимов
381125451,Дополнительная информация,Тип массажера,вакуумный; Антицеллюлитный массаж
381125451,Дополнительная информация,Зона массажа,бедра; живот; ноги
381125451,Дополнительная информация,Форма массажера,ручной электромассажер
381125451,Дополнительная информация,Действие,упругость; от целлюлита; коррекция фигуры
381125451,Дополнительная информация,Доп. опции массажера,регулировка интенсивности
381125451,Дополнительная информация,Комплектация,Вакуумный антицеллюлитный массажер - 1шт.; USB-провод - 1 шт; Фильтр - 7шт.
381125451,Дополнительная информация,Страна производства,Китай
381125451,Габариты,Вес с упаковкой (кг),0.5 кг
381125451,Габариты,Длина упаковки,23 см
381125451,Габариты,Высота упаковки,10 см
381125451,Габариты,Ширина упаковки,13 см
173248121,Основная информация,Цвет,синий
173248121,Материалы,Материал изделия,полиэстер; ПВХ
173248121,Дополнительная информация,Вид застежки,липучка
173248121,Дополнительная информация,Особенности модели,Вибрационный
173248121,Дополнительная информация,Комплектация,пояс
173248121,Дополнительная информация,Страна производства,Китай
173248121,Габариты,Ширина предмета,17 см
221149393,Общие характеристики,Модель,EMS Foot Massager
221149393,Питание,Питание,USB; от сети
221149393,Технические особенности,Количество режимов работы,8 шт.
221149393,Дополнительная информация,Тип массажера,электроимпульсный
221149393,Дополнительная информация,Зона массажа,ноги; стопы
221149393,Дополнительная информация,Действие,укрепление; улучшение кровообращения; восстановление
221149393,Дополнительная информация,Доп. опции массажера,электромиостимуляция; эффект иглоукалывания; таймер
221149393,Дополнительная информация,Комплектация,Электрический коврик -1 шт
221149393,Дополнительная информация,Страна производства,Китай
221149393,Габариты,Высота предмета,2 см
221149393,Габариты,Ширина предмета,29 см
221149393,Габариты,Глубина предмета,30 см
221149393,Габариты,Длина упаковки,30 см
221149393,Габариты,Высота упаковки,3 см
221149393,Габариты,Ширина упаковки,16 см
383433375,Основная информация,Цвет,черный
383433375,Общие характеристики,Модель,виброплатформ степпер до 150 кг
383433375,Общие характеристики,Гарантийный срок,1 год
383433375,Питание,Питание,от сети
383433375,Технические особенности,Количество режимов работы,120 режимов; 10 программ тренировок
383433375,Насадки,Количество насадок,1 шт.
383433375,Дополнительная информация,Тип массажера,виброплатформа; вибромассажер; степ платформа электрическая
383433375,Дополнительная информация,Зона массажа,ягодицы; ноги; живот
383433375,Дополнительная информация,Форма массажера,напольная платформа
383433375,Дополнительная информация,Действие,коррекция фигуры; улучшение кровообращения; для похудения
383433375,Дополнительная информация,Мин. продолжительность автономной работы,15 мин
383433375,Дополнительная информация,Доп. опции массажера,воспроизведение музыки; дисплей; регулировка скорости
383433375,Дополнительная информация,Комплектация,виброплатформа для похудения; инструкция; коробка; Пульт
383433375,Дополнительная информация,Страна производства,Китай
383433375,Габариты,Высота предмета,12 см
383433375,Габариты,Ширина предмета,54 см
383433375,Габариты,Глубина предмета,32 см
383433375,Габариты,Вес без упаковки (кг),8 кг
383433375,Габариты,Вес с упаковкой (кг),8 кг
383433375,Габариты,Длина упаковки,58 см
383433375,Габариты,Высота упаковки,17 см
383433375,Габариты,Ширина упаковки,42 см
303470722,Дополнительная информация,Модель тренажера,миостимулятор
303470722,Дополнительная информация,Система нагрузки,миостимулятор
303470722,Дополнительная информация,Комплектация,тренажер1шт
303470722,Габариты,Высота предмета,17 см
303470722,Габариты,Длина предмета,5 см
303470722,Габариты,Ширина предмета,20 см
303470722,Габариты,Вес без упаковки (кг),0.2 кг
303470722,Габариты,Длина упаковки,21 см
303470722,Габариты,Высота упаковки,6 см
303470722,Габариты,Ширина упаковки,18 см
195627697,Основная информация,Цвет,черный
195627697,Общие характеристики,Модель,EMS Foot Massager
195627697,Питание,Питание,USB
195627697,Технические особенности,Количество режимов работы,8
195627697,Дополнительная информация,Тип массажера,электроимпульсный
195627697,Дополнительная информация,Зона массажа,ноги; стопы
195627697,Дополнительная информация,Действие,улучшение кровообращения; успокаивающее
195627697,Дополнительная информация,Доп. опции массажера,электромиостимуляция
195627697,Дополнительная информация,Комплектация,массажер; кабель для зарядки
195627697,Габариты,Длина упаковки,23 см
195627697,Габариты,Высота упаковки,3 см
195627697,Габариты,Ширина упаковки,15 см
179443748,Основная информация,Цвет,черный
179443748,Общие характеристики,Модель,EMS Foot Massager
179443748,Питание,Питание,USB
179443748,Технические особенности,Количество режимов работы,8
179443748,Дополнительная информация,Тип массажера,электроимпульсный
179443748,Дополнительная информация,Зона массажа,ноги; стопы
179443748,Дополнительная информация,Действие,улучшение кровообращения; успокаивающее
179443748,Дополнительная информация,Доп. опции массажера,электромиостимуляция
179443748,Дополнительная информация,Комплектация,массажер; кабель для зарядки
179443748,Габариты,Вес без упаковки (кг),1 кг
179443748,Габариты,Вес с упаковкой (кг),1.5 кг
179443748,Габариты,Длина упаковки,3 см
179443748,Габариты,Высота упаковки,3 см
179443748,Габариты,Ширина упаковки,2 см
167314362,Общие характеристики,Модель,электро стимулятор лимофдренажный микротоки; массажер для ног электрический; вибромассажер для спины
167314362,Питание,Питание,от сети; USB; от аккумулятора
167314362,Технические особенности,Количество режимов работы,6 режимов работы; 19 уровней мощности
167314362,Дополнительная информация,Зона массажа,ноги; стопы; тело
167314362,Дополнительная информация,Действие,Микротоковый массаж; Расслабление и снятие усталости; массажер для ног электрический
167314362,Дополнительная информация,Мин. продолжительность автономной работы,15 мин
167314362,Дополнительная информация,Доп. опции массажера,беспроводной массаж; автовыключение; Регулируемая скорость
167314362,Дополнительная информация,Комплектация,EMS массажер для стоп коврик - 1 шт; блок управления режимами - 1шт; usb провод вод - 1 шт; Инструкция - 1 шт
167314362,Дополнительная информация,Страна производства,Китай
167314362,Габариты,Вес без упаковки (кг),0.2 кг
167314362,Габариты,Вес с упаковкой (кг),0.23 кг
167314362,Габариты,Длина упаковки,32 см
167314362,Габариты,Высота упаковки,3 см
167314362,Габариты,Ширина упаковки,14 см
169578266,Основная информация,Цвет,бежевый лайт
169578266,Общие характеристики,Модель,массажер от целлюлита
169578266,Питание,Питание,USB; от аккумулятора
169578266,Дополнительная информация,Тип массажера,вакуумный; Антицеллюлитный; Лимфодренажный
169578266,Дополнительная информация,Зона массажа,тело; бедра; живот
169578266,Дополнительная информация,Действие,Лимфодренажный массаж; Антицеллюлитный массаж; Массаж от отеков
169578266,Дополнительная информация,Доп. опции массажера,вибромассаж; лимфодренаж; омоложение кожи от отеков и от растяжек для коррекции фигуры
169578266,Габариты,Вес с упаковкой (кг),0.9 кг
169578266,Габариты,Длина упаковки,11 см
169578266,Габариты,Высота упаковки,20 см
169578266,Габариты,Ширина упаковки,14 см
377794481,Основная информация,Цвет,черный
377794481,Общие характеристики,Модель,ZICRAFT
377794481,Общие характеристики,Гарантийный срок,2 года
377794481,Питание,Питание,от сети
377794481,Технические особенности,Количество режимов работы,4 режима
377794481,Дополнительная информация,Тип массажера,роликовый; вибрационный; комбинированный
377794481,Дополнительная информация,Зона массажа,ступни; стопы; ноги
377794481,Дополнительная информация,Форма массажера,напольная платформа
377794481,Дополнительная информация,Действие,снятие мышечного напряжения; инфракрасное прогревание; Расслабление
377794481,Дополнительная информация,Мин. продолжительность автономной работы,15 мин
377794481,Дополнительная информация,Доп. опции массажера,таймер; регулировка скорости; функция подогрева
377794481,Дополнительная информация,Комплектация,массажер для ног; инструкция на русском; гарантийный талон; пульт управления; массажный коврик
377794481,Дополнительная информация,Страна производства,Китай
377794481,Дополнительная информация,Срок эксплуатации,бессрочно
377794481,Габариты,Высота предмета,20 см
377794481,Габариты,Ширина предмета,24 см
377794481,Габариты,Глубина предмета,20 см
377794481,Габариты,Вес без упаковки (кг),3.4 кг
377794481,Габариты,Вес с упаковкой (кг),4.2 кг
377794481,Габариты,Длина упаковки,25 см
377794481,Габариты,Высота упаковки,45 см
377794481,Габариты,Ширина упаковки,38 см
212474513,Основная информация,Цвет,черный
212474513,Дополнительная информация,Комплектация,миостимулятор для пресса
212474513,Дополнительная информация,Страна производства,Китай
212474513,Габариты,Высота предмета,17 см
212474513,Габариты,Длина предмета,20 см
212474513,Габариты,Глубина предмета,3 см
212474513,Габариты,Ширина предмета,17 см
212474513,Габариты,Длина упаковки,22 см
212474513,Габариты,Высота упаковки,3 см
212474513,Габариты,Ширина упаковки,20 см
316040241,Основная информация,Цвет,белый
316040241,Общие характеристики,Гарантийный срок,1 год
316040241,Питание,Питание,USB; от аккумулятора; USB Type-C
316040241,Технические особенности,Количество режимов работы,4
316040241,Дополнительная информация,Тип массажера,вибрационный; электроимпульсный
316040241,Дополнительная информация,Зона массажа,зона вокруг глаз; лицо; шея
316040241,Дополнительная информация,Действие,против морщин; упругость
316040241,Дополнительная информация,Доп. опции массажера,вибромассаж; эффект иглоукалывания; электромиостимуляция
316040241,Дополнительная информация,Страна производства,Китай
316040241,Габариты,Вес с упаковкой (кг),0.24 кг
316040241,Габариты,Длина упаковки,18 см
316040241,Габариты,Высота упаковки,5 см
316040241,Габариты,Ширина упаковки,10 см
378718576,Основная информация,Цвет,черный
378718576,Общие характеристики,Модель,электростимуляция
378718576,Материалы,Материал изделия,ткань; текстиль; медицинский пластик
378718576,Дополнительная информация,Вид реабилитационного тренажера,миостимулятор для тела электростимулятор массажер; тренажер для ног и рук
378718576,Дополнительная информация,Назначение тренажера,"для реабилитации после инсульта; аппарат для физиотерапии; домашние тренировки реабилитация, массаж электрический"
378718576,Дополнительная информация,Комплектация,стимулятор; ремень; провод usb; распылитель; удлинитель ремня; тренажерный мячик для руки
378718576,Габариты,Ширина предмета,18 см
378718576,Габариты,Высота предмета,18 см
378718576,Габариты,Глубина предмета,4 см
378718576,Габариты,Вес без упаковки (кг),0.33 кг
378718576,Габариты,Вес с упаковкой (кг),0.33 кг
378718576,Габариты,Длина упаковки,20 см
378718576,Габариты,Высота упаковки,6 см
378718576,Габариты,Ширина упаковки,15 см
251300728,Основная информация,Цвет,белый; серый; белый матовый; светло-серый; пастельно-серый
251300728,Общие характеристики,Модель,JT-66
251300728,Общие характеристики,Гарантийный срок,1 год
251300728,Питание,Питание,USB; от аккумулятора; без питания
251300728,Технические особенности,Количество режимов работы,15; 6 режимов; 9 уровней
251300728,Дополнительная информация,Тип массажера,электрический импульсный микротоковый; миостимулятор; с подогревом
251300728,Дополнительная информация,Зона массажа,шея; спина; плечи
251300728,Дополнительная информация,Действие,разогревающее; улучшение кровообращения; Электроимпульсный массаж
251300728,Дополнительная информация,Мин. продолжительность автономной работы,15 мин
251300728,Дополнительная информация,Доп. опции массажера,электромиостимуляция; эффект иглоукалывания; лечение остеохондроза
251300728,Дополнительная информация,Количество роликов,6
251300728,Дополнительная информация,Комплектация,Массажер для шеи электрический импульсный микротоковый; инструкция; кабель usb
251300728,Дополнительная информация,Страна производства,Китай
251300728,Габариты,Высота предмета,15 см
251300728,Габариты,Ширина предмета,16 см
251300728,Габариты,Глубина предмета,2 см
251300728,Габариты,Вес без упаковки (кг),0.16 кг
251300728,Габариты,Вес с упаковкой (кг),0.35 кг
251300728,Габариты,Длина упаковки,21 см
251300728,Габариты,Высота упаковки,7 см
251300728,Габариты,Ширина упаковки,20 см
152626453,Материалы,Материал изделия,пластик
152626453,Дополнительная информация,Вид реабилитационного тренажера,живот; шея; ноги
152626453,Дополнительная информация,Страна производства,Китай
152626453,Дополнительная информация,Назначение тренажера,для спины; для плечевого сустава; для локтевого сустава
152626453,Дополнительная информация,Комплектация,массажер 1 шт; пластырь 1 шт; кабель для зарядки 1 шт
152626453,Габариты,Ширина предмета,8 см
152626453,Габариты,Высота предмета,2 см
152626453,Габариты,Вес без упаковки (кг),0.2 кг
152626453,Габариты,Длина упаковки,16 см
152626453,Габариты,Высота упаковки,8 см
152626453,Габариты,Ширина упаковки,2 см
329436888,Основная информация,Цвет,белый
329436888,Питание,Питание,от аккумулятора
329436888,Технические особенности,Количество режимов работы,4 режима
329436888,Дополнительная информация,Тип массажера,микротоковый; Ручной; миостимулятор
329436888,Дополнительная информация,Зона массажа,лицо; шея; зона вокруг глаз
329436888,Дополнительная информация,Форма массажера,ручной электромассажер
329436888,Дополнительная информация,Действие,чистка; лифтинг; омоложение
329436888,Дополнительная информация,Доп. опции массажера,индикация включения; индикация выбранного режима; регулировка интенсивности
329436888,Дополнительная информация,Комплектация,массажер; usb; инструкция; подарочная коробка
329436888,Дополнительная информация,Страна производства,Китай
329436888,Габариты,Высота предмета,17 см
329436888,Габариты,Ширина предмета,4 см
329436888,Габариты,Вес с упаковкой (кг),0.3 кг
329436888,Габариты,Длина упаковки,20 см
329436888,Габариты,Высота упаковки,7 см
329436888,Габариты,Ширина упаковки,13 см
216565249,Основная информация,Цвет,черный; синий
216565249,Общие характеристики,Модель,Minni Massager
216565249,Общие характеристики,Гарантийный срок,1 мес
216565249,Питание,Питание,USB
216565249,Технические особенности,Количество режимов работы,8; режимов работы; 19 режимов интенсивности
216565249,Дополнительная информация,Тип массажера,вибромассажер; электроимпульсный; миостимулятор
216565249,Дополнительная информация,Зона массажа,воротниковая зона; ноги; живот
216565249,Дополнительная информация,Действие,снятие напряжения; улучшает метаболизм; Укрепление мышц
216565249,Дополнительная информация,Мин. продолжительность автономной работы,15 мин
216565249,Дополнительная информация,Доп. опции массажера,вибромассаж; ультразвуковой массаж; электромиостимуляция
216565249,Дополнительная информация,Комплектация,Электрический мини массажер - 1шт; USB кабель
216565249,Дополнительная информация,Страна производства,Китай
216565249,Габариты,Высота предмета,3 см
216565249,Габариты,Ширина предмета,8 см
216565249,Габариты,Вес без упаковки (кг),0.4 кг
216565249,Габариты,Вес с упаковкой (кг),0.55 кг
216565249,Габариты,Длина упаковки,28 см
216565249,Габариты,Высота упаковки,3 см
216565249,Габариты,Ширина упаковки,10 см
384005013,Основная информация,Цвет,черный
384005013,Общие характеристики,Модель,00
384005013,Питание,Питание,от аккумулятора
384005013,Технические особенности,Количество режимов работы,8 режимов
384005013,Дополнительная информация,Тип массажера,электроимпульсный
384005013,Дополнительная информация,Зона массажа,ноги
384005013,Дополнительная информация,Форма массажера,напольная платформа
384005013,Дополнительная информация,Действие,улучшение метаболизма; укрепление мышц стопы; снимает усталость
384005013,Дополнительная информация,Мин. продолжительность автономной работы,15 мин
384005013,Дополнительная информация,Доп. опции массажера,"укрепление мышц ног, икр; повышение иммунитета; избавление от бессонницы"
384005013,Дополнительная информация,Комплектация,Микротоковый массажный коврик - 1 шт; коробка; инструкция; USB провод
384005013,Дополнительная информация,Страна производства,Китай
384005013,Дополнительная информация,Срок эксплуатации,3 года
384005013,Габариты,Высота предмета,3 см
384005013,Габариты,Ширина предмета,32 см
384005013,Габариты,Глубина предмета,14 см
384005013,Габариты,Вес без упаковки (кг),0.14 кг
384005013,Габариты,Вес с упаковкой (кг),0.2 кг
384005013,Габариты,Длина упаковки,33 см
384005013,Габариты,Высота упаковки,4 см
384005013,Габариты,Ширина упаковки,16 см
68385834,Основная информация,Цвет,черный
68385834,Дополнительная информация,Модель тренажера,Миостимулятор тренажер для мышц
68385834,Дополнительная информация,Система нагрузки,электро импульсная; Для рук ног живота попы ягодиц бедер пресс
68385834,Дополнительная информация,Комплектация,Массажер - миостимулятор; Тренажер-миостимулятор; Миостимулятор тренажер для мышц; вибромассажер для тела; вибромассажер для похудения; Массажер для похудения; домашний тренажер; Тренажер для похудения в домашних условиях
68385834,Дополнительная информация,Страна производства,Китай
68385834,Габариты,Высота предмета,3 см
68385834,Габариты,Длина предмета,18 см
68385834,Габариты,Глубина предмета,19 см
68385834,Габариты,Ширина предмета,19 см
68385834,Габариты,Длина упаковки,24 см
68385834,Габариты,Высота упаковки,4 см
68385834,Габариты,Ширина упаковки,24 см
218707262,Основная информация,Цвет,белый
218707262,Общие характеристики,Модель,микротоковый массажер
218707262,Общие характеристики,Гарантийный срок,1 месяц
218707262,Питание,Питание,USB
218707262,Технические особенности,Количество режимов работы,4
218707262,Дополнительная информация,Тип массажера,микротоковый; электроимпульсный; вибромассажер
218707262,Дополнительная информация,Зона массажа,лицо; шея; зона вокруг глаз
218707262,Дополнительная информация,Форма массажера,ручной электромассажер
218707262,Дополнительная информация,Действие,лифтинг; снятие отеков; разогрев
218707262,Дополнительная информация,Доп. опции массажера,ультразвуковой массаж; вибромассаж; микротоки
218707262,Дополнительная информация,Комплектация,кабель; инструкция; микротоковый массажер для лица-1шт
218707262,Дополнительная информация,Страна производства,Китай
218707262,Габариты,Высота предмета,9 см
218707262,Габариты,Ширина предмета,9 см
218707262,Габариты,Вес с упаковкой (кг),0.2 кг
218707262,Габариты,Длина упаковки,20 см
218707262,Габариты,Высота упаковки,4 см
218707262,Габариты,Ширина упаковки,15 см
280489429,Основная информация,Цвет,черный
280489429,Питание,Питание,батарейка AA R6
280489429,Технические особенности,Количество режимов работы,универсальный режим работы
280489429,Насадки,Количество насадок,3 шт.
280489429,Дополнительная информация,Тип массажера,вибромассажер; spa; массаж
280489429,Дополнительная информация,Зона массажа,зона вокруг глаз; лицо; шея
280489429,Дополнительная информация,Действие,снятие отечности; против морщин; лифтинг
280489429,Дополнительная информация,Мин. продолжительность автономной работы,30 мин
280489429,Дополнительная информация,Доп. опции массажера,вибромассаж; омоложение; уход за кожей
280489429,Дополнительная информация,Комплектация,вибрационный массажер для лица и шеи с эффектом микротоков; массажер для глаз; лимфодренаж
280489429,Дополнительная информация,Страна производства,Китай
280489429,Габариты,Высота предмета,14 см
280489429,Габариты,Ширина предмета,8 см
280489429,Габариты,Глубина предмета,4 см
280489429,Габариты,Вес без упаковки (кг),0.25 кг
280489429,Габариты,Вес с упаковкой (кг),0.28 кг
280489429,Габариты,Длина упаковки,22 см
280489429,Габариты,Высота упаковки,8 см
280489429,Габариты,Ширина упаковки,20 см
303471498,Дополнительная информация,Модель тренажера,миостимулятор
303471498,Дополнительная информация,Комплектация,тренажер1шт
303471498,Габариты,Высота предмета,17 см
303471498,Габариты,Длина предмета,5 см
303471498,Габариты,Ширина предмета,20 см
303471498,Габариты,Вес без упаковки (кг),0.2 кг
303471498,Габариты,Длина упаковки,21 см
303471498,Габариты,Высота упаковки,6 см
303471498,Габариты,Ширина упаковки,18 см
205027828,Основная информация,Цвет,белый
205027828,Общие характеристики,Модель,массажер с ручкой
205027828,Общие характеристики,Гарантийный срок,12 мес
205027828,Питание,Питание,от сети 220 В
205027828,Дополнительная информация,Тип массажера,пальчиковый массажер; силиконовый массажер
205027828,Дополнительная информация,Зона массажа,"массаж шеи; массаж ног, ступней и в области голеней; массаж спины, бедер"
205027828,Дополнительная информация,Действие,"снятие болей в мышцах; уменьшение жировых отложений; стимулирует лимфообращение, обменные процессы"
205027828,Дополнительная информация,Доп. опции массажера,Для всех групп мышц; Длинная ручка; для здоровья спины и тела
205027828,Дополнительная информация,Количество роликов,2 шт.
205027828,Дополнительная информация,Комплектация,упаковочная картонная коробка - 1 шт; Массажер медицинский с лампой ионного излучения - 1 шт; гарантийный талон
205027828,Дополнительная информация,Страна производства,Япония
205027828,Габариты,Высота предмета,13 см
205027828,Габариты,Ширина предмета,14 см
205027828,Габариты,Глубина предмета,39 см
205027828,Габариты,Вес без упаковки (кг),1 кг
205027828,Габариты,Вес с упаковкой (кг),1.3 кг
205027828,Габариты,Длина упаковки,41 см
205027828,Габариты,Высота упаковки,14 см
205027828,Габариты,Ширина упаковки,15 см
68385844,Основная информация,Цвет,черный
68385844,Дополнительная информация,Модель тренажера,Миостимулятор тренажер для мышц; Электромагнитный
68385844,Дополнительная информация,Система нагрузки,электро импульсная; Для рук ног живота попы ягодиц бедер пресс
68385844,Дополнительная информация,Комплектация,Массажер - миостимулятор; Тренажер-миостимулятор; Миостимулятор тренажер для мышц; вибромассажер для тела; вибромассажер для похудения; Массажер для похудения; домашний тренажер; Тренажер для похудения в домашних условиях
68385844,Дополнительная информация,Страна производства,Китай
68385844,Габариты,Высота предмета,3 см
68385844,Габариты,Длина предмета,18 см
68385844,Габариты,Глубина предмета,19 см
68385844,Габариты,Ширина предмета,19 см
68385844,Габариты,Длина упаковки,24 см
68385844,Габариты,Высота упаковки,4 см
68385844,Габариты,Ширина упаковки,24 см
151183926,Основная информация,Цвет,глубокий черный
151183926,Общие характеристики,Модель,Trainer
151183926,Общие характеристики,Гарантийный срок,6 месяцев
151183926,Питание,Питание,от батареек
151183926,Технические особенности,Количество режимов работы,6
151183926,Дополнительная информация,Тип массажера,электроимпульсный; вибромассажер; тепловой
151183926,Дополнительная информация,Зона массажа,пресс; живот; тело
151183926,Дополнительная информация,Действие,Массажер электрический для тела; стимуляция мышц; тренажер для похудения
151183926,Дополнительная информация,Доп. опции массажера,вибромассаж; электромиостимуляция; Регулируемая скорость
151183926,Дополнительная информация,Страна производства,Китай
151183926,Габариты,Длина упаковки,23 см
151183926,Габариты,Высота упаковки,20 см
151183926,Габариты,Ширина упаковки,3 см
263109602,Основная информация,Цвет,черный; серый; оранжевый
263109602,Общие характеристики,Модель,вибропояс для похудения
263109602,Питание,Питание,от сети
263109602,Технические особенности,Количество режимов работы,2 режима
263109602,Дополнительная информация,Тип массажера,электроимпульсный; вибромассажер; миостимулятор
263109602,Дополнительная информация,Зона массажа,живот; спина; ноги
263109602,Дополнительная информация,Действие,контуринг; моделирование; похудение
263109602,Дополнительная информация,Доп. опции массажера,регулируемая скорость; эффект сауны; антицеллюлитный
263109602,Дополнительная информация,Комплектация,Массажный пояс для похудения - 1 шт.
263109602,Дополнительная информация,Страна производства,Китай
263109602,Габариты,Высота предмета,128 см
263109602,Габариты,Ширина предмета,15 см
263109602,Габариты,Глубина предмета,3 см
263109602,Габариты,Вес без упаковки (кг),0.9 кг
263109602,Габариты,Длина упаковки,10 см
263109602,Габариты,Высота упаковки,17 см
263109602,Габариты,Ширина упаковки,46 см
239995237,Основная информация,Цвет,черный; белый
239995237,Технические особенности,Максимальный вес (кг),120 кг
239995237,Дополнительная информация,Модель тренажера,массажер для похудения; Пояс для пресса; Для пресса живота
239995237,Дополнительная информация,Система нагрузки,электромагнитная; миостимулятор
239995237,Дополнительная информация,Комплектация,Тренажёр для пресса живота; Сумка для тренажёра
239995237,Дополнительная информация,Страна производства,Китай
239995237,Габариты,Высота предмета,13.5 см
239995237,Габариты,Длина предмета,140 см
239995237,Габариты,Ширина предмета,13.5 см
239995237,Габариты,Вес без упаковки (кг),0.42 кг
239995237,Габариты,Длина упаковки,10 см
239995237,Габариты,Высота упаковки,20 см
239995237,Габариты,Ширина упаковки,16 см
195627581,Основная информация,Цвет,черный
195627581,Общие характеристики,Модель,EMS Foot Massager
195627581,Питание,Питание,USB
195627581,Технические особенности,Количество режимов работы,8
195627581,Дополнительная информация,Тип массажера,электроимпульсный
195627581,Дополнительная информация,Зона массажа,ноги; стопы
195627581,Дополнительная информация,Действие,улучшение кровообращения; успокаивающее; снимает усталость
195627581,Дополнительная информация,Доп. опции массажера,электромиостимуляция
195627581,Габариты,Длина упаковки,23 см
195627581,Габариты,Высота упаковки,3 см
195627581,Габариты,Ширина упаковки,15 см
366776235,Основная информация,Цвет,черный
366776235,Общие характеристики,Модель,микротоковый мини массажер
366776235,Питание,Питание,от аккумулятора
366776235,Технические особенности,Количество режимов работы,8
366776235,Дополнительная информация,Тип массажера,постукивающий; магнитно-акупунктурный; электроимпульсный
366776235,Дополнительная информация,Зона массажа,плечи; спина; тело
366776235,Дополнительная информация,Форма массажера,бабочка
366776235,Дополнительная информация,Действие,коррекция фигуры; снятие мышечного напряжения; улучшение кровообращения
366776235,Дополнительная информация,Доп. опции массажера,вибромассаж; таймер; электромиостимуляция
366776235,Дополнительная информация,Количество роликов,нет
366776235,Дополнительная информация,Комплектация,массажер; зарядное устройство
366776235,Дополнительная информация,Страна производства,Китай
366776235,Габариты,Ширина предмета,15 см
366776235,Габариты,Вес с упаковкой (кг),0.1 кг
366776235,Габариты,Длина упаковки,15 см
366776235,Габариты,Высота упаковки,2 см
366776235,Габариты,Ширина упаковки,9 см
211898286,Основная информация,Цвет,черный
211898286,Питание,Питание,от батареек
211898286,Насадки,Количество насадок,1 шт.
211898286,Дополнительная информация,Тип массажера,вибромассажер
211898286,Дополнительная информация,Зона массажа,лицо; шея; руки
211898286,Дополнительная информация,Действие,против морщин; омолаживание; лифтинг
211898286,Дополнительная информация,Мин. продолжительность автономной работы,15 мин
211898286,Дополнительная информация,Доп. опции массажера,вибромассаж
211898286,Дополнительная информация,Страна производства,Китай
211898286,Габариты,Высота предмета,11 см
211898286,Габариты,Ширина предмета,9 см
211898286,Габариты,Длина упаковки,15 см
211898286,Габариты,Высота упаковки,6 см
211898286,Габариты,Ширина упаковки,12 см
350293329,Основная информация,Цвет,белый
350293329,Общие характеристики,Модель,mal'vi
350293329,Общие характеристики,Гарантийный срок,1 год
350293329,Питание,Питание,от аккумулятора; USB
350293329,Технические особенности,Количество режимов работы,7 режимов
350293329,Дополнительная информация,Тип массажера,микротоковый массажер для лица; электроимпульсный; рф лифтинг и микротоки
350293329,Дополнительная информация,Зона массажа,лицо; шея; зона вокруг глаз
350293329,Дополнительная информация,Действие,лифтинг; омоложение против морщин; Подтяжка лица
350293329,Дополнительная информация,Мин. продолжительность автономной работы,120 мин
350293329,Дополнительная информация,Доп. опции массажера,электромиостимуляция; фонофорез; инфракрасный излучатель
350293329,Дополнительная информация,Количество роликов,0
350293329,Дополнительная информация,Комплектация,аппарат; кольцо для режима CLEAN; блок питания; инструкция; USB провод; зарядная станция; Маска для лица; токопроводящий гель
350293329,Дополнительная информация,Страна производства,Китай
350293329,Габариты,Высота предмета,16 см
350293329,Габариты,Ширина предмета,3 см
350293329,Габариты,Вес без упаковки (кг),0.2 кг
350293329,Габариты,Вес с упаковкой (кг),0.49 кг
350293329,Габариты,Длина упаковки,21 см
350293329,Габариты,Высота упаковки,16 см
350293329,Габариты,Ширина упаковки,3 см
161953258,Основная информация,Цвет,розовый
161953258,Общие характеристики,Количество предметов в упаковке,3
161953258,Материалы,Материал изделия,пластик; abs-пластик
161953258,Дополнительная информация,Зона массажа,овал лица; подбородок; лицо
161953258,Дополнительная информация,Действие,против морщин; лифтинг подтяжка; миостимулятор для омоложения
161953258,Дополнительная информация,Страна производства,Китай
161953258,Дополнительная информация,Комплектация,кабель для зарядки; инструкция; rf лифтинг бандаж
161953258,Габариты,Вес товара с упаковкой (г),166 г
161953258,Габариты,Длина упаковки,6 см
161953258,Габариты,Высота упаковки,22 см
161953258,Габариты,Ширина упаковки,6 см
212822487,Основная информация,Цвет,черный
212822487,Дополнительная информация,Комплектация,упаковка; инструкция по применению; Пульт; накладка качать пресс
212822487,Дополнительная информация,Страна производства,Китай
212822487,Габариты,Длина упаковки,24 см
212822487,Габариты,Высота упаковки,4 см
212822487,Габариты,Ширина упаковки,21 см
155176028,Основная информация,Цвет,черный
155176028,Общие характеристики,Модель,Бабочка
155176028,Питание,Питание,Встроенный аккумулятор
155176028,Технические особенности,Количество режимов работы,8
155176028,Насадки,Количество насадок,1 шт.
155176028,Дополнительная информация,Тип массажера,вибромассажер; электроимпульсный; миостимулятор
155176028,Дополнительная информация,Зона массажа,разные зоны тела; шея; спина
155176028,Дополнительная информация,Действие,вибрационное; расслабляющее; Импульсное
155176028,Дополнительная информация,Доп. опции массажера,беспроводной массаж; дистанционное управление; вибромассаж
155176028,Дополнительная информация,Количество роликов,1
155176028,Дополнительная информация,Комплектация,Массажер бабочка-1 шт
155176028,Дополнительная информация,Страна производства,Китай
155176028,Габариты,Вес без упаковки (кг),0.2 кг
155176028,Габариты,Вес с упаковкой (кг),0.3 кг
155176028,Габариты,Длина упаковки,5 см
155176028,Габариты,Высота упаковки,15 см
155176028,Габариты,Ширина упаковки,5 см
257817570,Основная информация,Цвет,белый
257817570,Общие характеристики,Модель,вибромассажер для тела для спины
257817570,Питание,Питание,USB
257817570,Технические особенности,Количество режимов работы,3
257817570,Дополнительная информация,Тип массажера,вибромассажер; тепловой
257817570,Дополнительная информация,Зона массажа,бедра; живот; спина
257817570,Дополнительная информация,Действие,коррекция фигуры; улучшение кровообращения; упругость
257817570,Дополнительная информация,Доп. опции массажера,вибромассаж; ультразвуковой массаж; электромиостимуляция
257817570,Дополнительная информация,Комплектация,пояс для похудения - 1 шт; USB - кабель для зарядки - 1 шт
257817570,Дополнительная информация,Страна производства,Китай
257817570,Габариты,Длина упаковки,27 см
257817570,Габариты,Высота упаковки,6 см
257817570,Габариты,Ширина упаковки,14 см
378767759,Основная информация,Цвет,белый
378767759,Общие характеристики,Модель,вибрационный
378767759,Питание,Питание,от аккумулятора
378767759,Технические особенности,Количество режимов работы,9 режимов
378767759,Насадки,Количество насадок,8 шт.
378767759,Дополнительная информация,Тип массажера,вибромассажер; электромассажер; вибрационный
378767759,Дополнительная информация,Зона массажа,плечи; спина; тело
378767759,Дополнительная информация,Форма массажера,ручной электромассажер
378767759,Дополнительная информация,Действие,успокаивающее; снятие мышечного напряжения; против целлюлита
378767759,Дополнительная информация,Мин. продолжительность автономной работы,120 мин
378767759,Дополнительная информация,Доп. опции массажера,регулировка скорости; таймер
378767759,Дополнительная информация,Количество роликов,1 шт.
378767759,Дополнительная информация,Комплектация,Насадки - 8 шт; инструкция на русском языке - 1 шт.; USB-кабель - 1 шт
378767759,Дополнительная информация,Срок эксплуатации,5 лет
378767759,Габариты,Высота предмета,16 см
378767759,Габариты,Ширина предмета,12 см
378767759,Габариты,Глубина предмета,5 см
378767759,Габариты,Вес без упаковки (кг),0.51 кг
378767759,Габариты,Вес с упаковкой (кг),0.76 кг
378767759,Габариты,Длина упаковки,16 см
378767759,Габариты,Высота упаковки,10 см
378767759,Габариты,Ширина упаковки,24 см
299047413,Основная информация,Цвет,белый
299047413,Питание,Питание,USB; от аккумулятора
299047413,Технические особенности,Количество режимов работы,4
299047413,Дополнительная информация,Тип массажера,микротоковый; для ног; для всего тела
299047413,Дополнительная информация,Зона массажа,массаж тела; массажер для ног электрический; массаж спины и поясницы
299047413,Дополнительная информация,Действие,"улучшение кровообращения, восстановление; расслабление шеи; профилактика остеохондроза"
299047413,Дополнительная информация,Доп. опции массажера,Автомобильная подушка; беспроводной массажер; косметический массажер
299047413,Дополнительная информация,Страна производства,Китай
299047413,Габариты,Высота предмета,15 см
299047413,Габариты,Вес с упаковкой (кг),1 кг
299047413,Габариты,Длина упаковки,15 см
299047413,Габариты,Высота упаковки,19 см
299047413,Габариты,Ширина упаковки,5 см
228971674,Основная информация,Цвет,желтый; белый; синий; черный
228971674,Общие характеристики,Модель,массажер электрический для похудения
228971674,Общие характеристики,Гарантийный срок,6 месяцев
228971674,Питание,Питание,от сети
228971674,Дополнительная информация,Тип массажера,вибромассажный пояс; тепловой; электроимпульсный
228971674,Дополнительная информация,Зона массажа,"спина; поясница; живот пресс, бедра и ягодицы"
228971674,Дополнительная информация,Действие,вибромассаж; антицеллюлитный; коррекция фигуры
228971674,Дополнительная информация,Доп. опции массажера,электромиостимуляция; вибромассаж; миостимулятор для ягодиц
228971674,Дополнительная информация,Комплектация,массажный пояс массажер вибра тон; Пульт управления ДУ; кабель питания; инструкция
228971674,Дополнительная информация,Страна производства,Китай
228971674,Габариты,Высота предмета,129 см
228971674,Габариты,Глубина предмета,16 см
228971674,Габариты,Вес без упаковки (кг),0.8 кг
228971674,Габариты,Вес с упаковкой (кг),0.9 кг
228971674,Габариты,Длина упаковки,39 см
228971674,Габариты,Высота упаковки,18 см
228971674,Габариты,Ширина упаковки,12 см
207213537,Основная информация,Цвет,белый
207213537,Общие характеристики,Модель,KS-996-1D
207213537,Общие характеристики,Гарантийный срок,красота и здоровье
207213537,Питание,Питание,usb
207213537,Технические особенности,Количество режимов работы,4
207213537,Дополнительная информация,Тип массажера,микротоковый; для всего тела; для спины и шеи
207213537,Дополнительная информация,Зона массажа,массаж тела; массажер для ног электрический; массаж спины и поясницы
207213537,Дополнительная информация,Действие,"улучшение кровообращения, восстановление; расслабление шеи; профилактика остеохондроза"
207213537,Дополнительная информация,Доп. опции массажера,Автомобильная подушка; беспроводной массажер; косметический массажер
207213537,Дополнительная информация,Страна производства,Китай
207213537,Габариты,Высота предмета,9 см
207213537,Габариты,Вес без упаковки (кг),0.16 кг
207213537,Габариты,Вес с упаковкой (кг),0.35 кг
207213537,Габариты,Длина упаковки,19 см
207213537,Габариты,Высота упаковки,20 см
207213537,Габариты,Ширина упаковки,8 см
342560718,Основная информация,Цвет,зеленый
342560718,Питание,Питание,от аккумулятора
342560718,Технические особенности,Количество режимов работы,12
342560718,Дополнительная информация,Тип массажера,вакуумный
342560718,Дополнительная информация,Зона массажа,для тела; для шеи; для спины
342560718,Дополнительная информация,Действие,лифтинг
342560718,Дополнительная информация,Комплектация,вакуумный массажер - 1 шт; фильтры - 5 шт; массажное масло - 2 шт; USB-провод - 1 шт; инструкция на русском языке все для похудения женщин
342560718,Дополнительная информация,Страна производства,Китай
342560718,Габариты,Вес с упаковкой (кг),0.5 кг
342560718,Габариты,Длина упаковки,24 см
342560718,Габариты,Высота упаковки,10 см
342560718,Габариты,Ширина упаковки,13 см
262928979,Основная информация,Цвет,черный
262928979,Материалы,Материал изделия,abs-пластик; текстиль
262928979,Дополнительная информация,Вид застежки,липучка
262928979,Дополнительная информация,Особенности модели,современная EMS технология
262928979,Дополнительная информация,Комплектация,"пояс 1шт, зарядник 1шт, блок управления 1шт, дозатор для воды 1шт"
262928979,Дополнительная информация,Страна производства,Китай
262928979,Габариты,Ширина предмета,20 см
262928979,Габариты,Вес товара с упаковкой (г),200 г
342560719,Основная информация,Цвет,черный
342560719,Питание,Питание,от аккумулятора
342560719,Технические особенности,Количество режимов работы,12
342560719,Дополнительная информация,Тип массажера,вакуумный
342560719,Дополнительная информация,Зона массажа,для тела; для шеи; для спины
342560719,Дополнительная информация,Действие,лифтинг
342560719,Дополнительная информация,Комплектация,вакуумный массажер - 1 шт; фильтры - 5 шт; массажное масло - 2 шт; USB-провод - 1 шт; инструкция на русском языке все для похудения женщин
342560719,Дополнительная информация,Страна производства,Китай
342560719,Габариты,Вес с упаковкой (кг),0.5 кг
342560719,Габариты,Длина упаковки,24 см
342560719,Габариты,Высота упаковки,10 см
342560719,Габариты,Ширина упаковки,13 см
145754360,Основная информация,Цвет,черный
145754360,Общие характеристики,Количество предметов в упаковке,4
145754360,Материалы,Материал изделия,полирезина
145754360,Дополнительная информация,Зона массажа,ноги; стопы
145754360,Дополнительная информация,Действие,Микротоковый массаж; миостимулятор электрический; Расслабление и снятие усталости
145754360,Габариты,Длина упаковки,15 см
145754360,Габариты,Высота упаковки,33 см
145754360,Габариты,Ширина упаковки,3 см
285867323,Питание,Питание,от аккумулятора
285867323,Технические особенности,Количество режимов работы,8
285867323,Дополнительная информация,Тип массажера,постукивающий; электроимпульсный
285867323,Дополнительная информация,Зона массажа,ноги; стопы
285867323,Дополнительная информация,Действие,улучшение метаболизма; укрепление мышц стопы; снимает усталость
285867323,Дополнительная информация,Мин. продолжительность автономной работы,15 мин
285867323,Дополнительная информация,Доп. опции массажера,"избавление от бессонницы; повышение иммунитета; укрепление мышц ног, икр"
285867323,Дополнительная информация,Комплектация,Микротоковый EMS массажный коврик - 1 шт; коробка; инструкция; USB провод
285867323,Дополнительная информация,Страна производства,Китай
285867323,Габариты,Вес с упаковкой (кг),0.146 кг
285867323,Габариты,Длина упаковки,11 см
285867323,Габариты,Высота упаковки,4 см
285867323,Габариты,Ширина упаковки,34 см
141266371,Основная информация,Цвет,черный
141266371,Общие характеристики,Модель,Massager EMS
141266371,Общие характеристики,Гарантийный срок,12 мес
141266371,Питание,Питание,Аккумулятор (встроенный); USB - кабель
141266371,Технические особенности,Количество режимов работы,8 режимов; 19 уровней интенсив
141266371,Дополнительная информация,Тип массажера,электрический массажер для ног и ступней; электроимпульсный
141266371,Дополнительная информация,Зона массажа,"Ноги, стопы, лодыжки; пальцы ног"
141266371,Дополнительная информация,Действие,Расслабление и снятие усталости; улучшает кровообращение; Укрепление мышц
141266371,Дополнительная информация,Количество роликов,без роликов
141266371,Дополнительная информация,Страна производства,Китай
141266371,Габариты,Высота предмета,32 см
141266371,Габариты,Ширина предмета,29 см
141266371,Габариты,Глубина предмета,0.5 см
141266371,Габариты,Вес без упаковки (кг),0.2 кг
141266371,Габариты,Вес с упаковкой (кг),0.3 кг
141266371,Габариты,Длина упаковки,34 см
141266371,Габариты,Высота упаковки,15 см
141266371,Габариты,Ширина упаковки,5 см
156075010,Основная информация,Цвет,белый
156075010,Общие характеристики,Модель,KS-996-1D
156075010,Общие характеристики,Гарантийный срок,красота и здоровье
156075010,Питание,Питание,usb; от аккумулятора
156075010,Технические особенности,Количество режимов работы,4
156075010,Дополнительная информация,Тип массажера,микротоковый; для ног; для всего тела
156075010,Дополнительная информация,Зона массажа,массаж тела; массажер для ног электрический; массаж спины и поясницы
156075010,Дополнительная информация,Действие,"улучшение кровообращения, восстановление; расслабление шеи; профилактика остеохондроза"
156075010,Дополнительная информация,Доп. опции массажера,Автомобильная подушка; беспроводной массажер; косметический массажер
156075010,Дополнительная информация,Страна производства,Китай
156075010,Габариты,Высота предмета,15 см
156075010,Габариты,Вес без упаковки (кг),0.2 кг
156075010,Габариты,Вес с упаковкой (кг),0.3 кг
156075010,Габариты,Длина упаковки,15 см
156075010,Габариты,Высота упаковки,19 см
156075010,Габариты,Ширина упаковки,5 см
197760667,Общие характеристики,Количество предметов в упаковке,2 шт
197760667,Дополнительная информация,Страна производства,Китай
197760667,Дополнительная информация,Комплектация,Кабели - 2 шт
197760667,Габариты,Вес товара с упаковкой (г),300 г
197760667,Габариты,Длина упаковки,20 см
197760667,Габариты,Высота упаковки,5 см
197760667,Габариты,Ширина упаковки,20 см
229184600,Основная информация,Цвет,белый
229184600,Общие характеристики,Модель,уход за лицом
229184600,Питание,Питание,USB
229184600,Технические особенности,Мощность устройства (Вт),4 Вт
229184600,Насадки,Количество насадок в комплекте,1 насадка
229184600,Материалы,Материал корпуса,металл и пластик
229184600,Дополнительная информация,Назначение косметического прибора,массаж; омоложение кожи; лифтинг
229184600,Дополнительная информация,Вид воздействия,микротоки
229184600,Дополнительная информация,Область применения,для лица; микротоковый аппарат для лица
229184600,Дополнительная информация,Возрастные ограничения,16+
229184600,Дополнительная информация,Противопоказания,гиперчувствительность к току
229184600,Дополнительная информация,Комплектация,массажер для подтяжки лица 1шт; Зарядный кабель usb 1шт; упаковочная коробка 1шт; Упаковочный пакет 1шт
229184600,Дополнительная информация,Страна производства,Китай
229184600,Габариты,Высота предмета,14 см
229184600,Габариты,Ширина предмета,12 см
229184600,Габариты,Глубина предмета,5 см
229184600,Габариты,Диаметр предмета,7 см
229184600,Габариты,Вес товара с упаковкой (г),185 г
229184600,Габариты,Длина упаковки,19 см
229184600,Габариты,Высота упаковки,7 см
229184600,Габариты,Ширина упаковки,12 см
264787518,Основная информация,Цвет,белый
264787518,Общие характеристики,Модель,HS-520
264787518,Общие характеристики,Гарантийный срок,12 месяцев
264787518,Питание,Питание,от аккумулятора
264787518,Технические особенности,Количество режимов работы,6
264787518,Насадки,Количество насадок,1 шт.
264787518,Дополнительная информация,Тип массажера,ударно-кулачковый; вибромассажер; электрический массажер
264787518,Дополнительная информация,Зона массажа,тело; ноги; шея
264787518,Дополнительная информация,Действие,снятие мышечного напряжения; лимфодренажный; антицеллюлитный
264787518,Дополнительная информация,Мин. продолжительность автономной работы,360 мин
264787518,Дополнительная информация,Доп. опции массажера,автовыключение; регулируемая скорость; сенсорный дисплей
264787518,Дополнительная информация,Количество роликов,4 массажных ролика
264787518,Дополнительная информация,Комплектация,Инструкция - 1 шт.; насадки 4 шт; кабель для зарядки 1 шт; многофункциональный массажер - 1 шт
264787518,Дополнительная информация,Страна производства,Китай
264787518,Габариты,Высота предмета,11 см
264787518,Габариты,Ширина предмета,20 см
264787518,Габариты,Глубина предмета,5 см
264787518,Габариты,Вес без упаковки (кг),1.14 кг
264787518,Габариты,Вес с упаковкой (кг),1.15 кг
264787518,Габариты,Длина упаковки,18 см
264787518,Габариты,Высота упаковки,14 см
264787518,Габариты,Ширина упаковки,28 см
177136469,Основная информация,Цвет,черный
177136469,Общие характеристики,Модель,EMS Foot Massager; электро
177136469,Общие характеристики,Гарантийный срок,3 мес
177136469,Питание,Питание,USB; от аккумулятора
177136469,Технические особенности,Количество режимов работы,6
177136469,Насадки,Количество насадок,1 шт.
177136469,Дополнительная информация,Тип массажера,вибромассажер; электроимпульсный; постукивающий
177136469,Дополнительная информация,Зона массажа,тело; спина; ноги
177136469,Дополнительная информация,Действие,снятие мышечного напряжения; улучшение кровообращения; упругость
177136469,Дополнительная информация,Мин. продолжительность автономной работы,15 мин
177136469,Дополнительная информация,Доп. опции массажера,вибромассаж; электромиостимуляция
177136469,Дополнительная информация,Количество роликов,нет
177136469,Дополнительная информация,Комплектация,Массажер - 1 шт.
177136469,Дополнительная информация,Страна производства,Китай
177136469,Габариты,Высота предмета,15 см
177136469,Габариты,Ширина предмета,6.5 см
177136469,Габариты,Глубина предмета,6 см
177136469,Габариты,Вес без упаковки (кг),0.2 кг
177136469,Габариты,Вес с упаковкой (кг),0.3 кг
177136469,Габариты,Длина упаковки,16 см
177136469,Габариты,Высота упаковки,2 см
177136469,Габариты,Ширина упаковки,8 см
201399915,Основная информация,Цвет,черный; серый; оранжевый
201399915,Общие характеристики,Модель,электрический массажер для похудения
201399915,Питание,Питание,от сети
201399915,Дополнительная информация,Тип массажера,вибромассажер; тепловой; пояс для похудения
201399915,Дополнительная информация,Зона массажа,бедра; живот; тело
201399915,Дополнительная информация,Действие,антицеллюлитный массаж; вибромассаж; коррекция фигуры
201399915,Дополнительная информация,Доп. опции массажера,миостимулятор для ягодиц; вибромассаж; электромиостимуляция
201399915,Дополнительная информация,Комплектация,Массажный пояс вибрационный - 1 шт; пуль для управления
201399915,Габариты,Ширина предмета,129 см
201399915,Габариты,Вес без упаковки (кг),0.8 кг
201399915,Габариты,Вес с упаковкой (кг),0.9 кг
201399915,Габариты,Длина упаковки,37 см
201399915,Габариты,Высота упаковки,11 см
201399915,Габариты,Ширина упаковки,17 см
162301796,Основная информация,Цвет,черный
162301796,Общие характеристики,Модель,электро стимулятор лимофдренажный микротоки; тренажер аппарат по типу аппликатора Кузнецова; акупунктурный импульсный массажер подушка
162301796,Общие характеристики,Гарантийный срок,1 год
162301796,Питание,Питание,Аккумулятор встроенный; работает без батареек; USB (в комплекте)
162301796,Технические особенности,Количество режимов работы,8 техник массажа; 19 скоростей; комбинированный
162301796,Дополнительная информация,Тип массажера,спортивный; не скребок гуаша; не вибромассажер подушка
162301796,Дополнительная информация,Зона массажа,для ног и стоп; для пресса; для шеи
162301796,Дополнительная информация,Действие,ортопедический массажер; лимфодренажный и антицеллюлитный эффекты; Оздоровление организма
162301796,Дополнительная информация,Мин. продолжительность автономной работы,15 мин
162301796,Дополнительная информация,Доп. опции массажера,режим перкуссионный; режим мфр валик; похож на роликовый массаж роллером
162301796,Дополнительная информация,Количество роликов,без роликов
162301796,Дополнительная информация,Комплектация,Микротоковый EMS массажный коврик с блоком управления; Кабель для зарядки электромассажер; Инструкция на русском языке; пульт ДУ; гарантийный талон
162301796,Дополнительная информация,Страна производства,Китай
162301796,Габариты,Высота предмета,31 см
162301796,Габариты,Ширина предмета,31 см
162301796,Габариты,Глубина предмета,2 см
162301796,Габариты,Вес без упаковки (кг),0.2 кг
162301796,Габариты,Вес с упаковкой (кг),0.3 кг
162301796,Габариты,Длина упаковки,33 см
162301796,Габариты,Высота упаковки,4 см
162301796,Габариты,Ширина упаковки,16 см
209110843,Основная информация,Цвет,белый
209110843,Общие характеристики,Модель,массажер для спины; пояс для похудения женский для живота; массажер от целлюлита
209110843,Питание,Питание,USB; от аккумулятора
209110843,Технические особенности,Количество режимов работы,3 шт.
209110843,Дополнительная информация,Тип массажера,вибромассажер; миостимулятор
209110843,Дополнительная информация,Зона массажа,для спины; для живота; бедра
209110843,Дополнительная информация,Действие,Работает в режиме миостимуляции и вибромассажа; коррекция фигуры; улучшение кровообращения
209110843,Дополнительная информация,Мин. продолжительность автономной работы,20 мин
209110843,Дополнительная информация,Доп. опции массажера,вибрационный; Микротоковый; импульсный
209110843,Дополнительная информация,Комплектация,пояс массажный -1шт.; зарядное устройство 1шт; буклет; Пояс для фиксации массажер 1шт
209110843,Дополнительная информация,Страна производства,Китай
209110843,Габариты,Высота предмета,4 см
209110843,Габариты,Ширина предмета,24 см
209110843,Габариты,Вес без упаковки (кг),0.3 кг
209110843,Габариты,Вес с упаковкой (кг),0.4 кг
209110843,Габариты,Длина упаковки,27 см
209110843,Габариты,Высота упаковки,7 см
209110843,Габариты,Ширина упаковки,15 см
144150099,Основная информация,Цвет,черный
144150099,Дополнительная информация,Зона массажа,живот; спина
144150099,Дополнительная информация,Страна производства,Китай
4861381,Основная информация,Цвет,розовый
4861381,Дополнительная информация,Зона массажа,шея; лицо; зона вокруг глаз
4861381,Дополнительная информация,Действие,лифтинг; против морщин; массаж
4861381,Дополнительная информация,Страна производства,Тайвань
4861381,Дополнительная информация,Комплектация,инструкция по применению; гарантийный талон; Аппарат для микротоковой терапии для лица - 1 шт
4861381,Габариты,Ширина предмета,10 см
4861381,Габариты,Высота предмета,20.5 см
4861381,Габариты,Вес товара с упаковкой (г),228 г
4861381,Габариты,Длина упаковки,8 см
4861381,Габариты,Высота упаковки,20 см
4861381,Габариты,Ширина упаковки,13 см
207260277,Основная информация,Цвет,белый
207260277,Общие характеристики,Модель,KS-996-1D
207260277,Общие характеристики,Гарантийный срок,красота и здоровье
207260277,Питание,Питание,usb; от аккумулятора
207260277,Технические особенности,Количество режимов работы,4
207260277,Дополнительная информация,Тип массажера,микротоковый; для ног; для всего тела
207260277,Дополнительная информация,Зона массажа,массаж тела; массажер для ног электрический; массаж спины и поясницы
207260277,Дополнительная информация,Действие,"улучшение кровообращения, восстановление; расслабление шеи; профилактика остеохондроза"
207260277,Дополнительная информация,Доп. опции массажера,Автомобильная подушка; беспроводной массажер; косметический массажер
207260277,Дополнительная информация,Страна производства,Китай
207260277,Габариты,Высота предмета,15 см
207260277,Габариты,Вес без упаковки (кг),0.16 кг
207260277,Габариты,Вес с упаковкой (кг),0.35 кг
207260277,Габариты,Длина упаковки,20 см
207260277,Габариты,Высота упаковки,19 см
207260277,Габариты,Ширина упаковки,8 см
267043072,Основная информация,Цвет,черный
267043072,Общие характеристики,Модель,Тренажер
267043072,Общие характеристики,Гарантийный срок,1 год
267043072,Питание,Питание,от сети
267043072,Технические особенности,Количество режимов работы,99
267043072,Дополнительная информация,Тип массажера,оздоровление; вибромассажер; виброплатформа
267043072,Дополнительная информация,Зона массажа,ягодицы; ноги; живот
267043072,Дополнительная информация,Действие,для похудения; Лимфодренажный массажер; спорт
267043072,Дополнительная информация,Доп. опции массажера,антицеллюлитный массажер; вибромассажер; вибромассажер для тела
267043072,Дополнительная информация,Комплектация,виброплатформа; шнур; 2 эспандера; инструкция на русском
267043072,Дополнительная информация,Страна производства,Китай
267043072,Габариты,Вес с упаковкой (кг),10 кг
267043072,Габариты,Длина упаковки,18 см
267043072,Габариты,Высота упаковки,42 см
267043072,Габариты,Ширина упаковки,58 см
203277175,Основная информация,Цвет,черный
203277175,Общие характеристики,Модель,Xiaomi Electric Massage GunMV-FG-0308
203277175,Общие характеристики,Гарантийный срок,12 месяцев
203277175,Питание,Питание,Внешний источник питания
203277175,Технические особенности,Количество режимов работы,2
203277175,Насадки,Количество насадок,4 шт.
203277175,Дополнительная информация,Тип массажера,ПЕРКУССИОННЫЙ МАССАЖЕР
203277175,Дополнительная информация,Зона массажа,Ноги / Икры / Берда / Ягодицы
203277175,Дополнительная информация,Действие,Массаж для лица шеи и тела; Перкуссионный массажер; перкуссионный пистолет
203277175,Дополнительная информация,Доп. опции массажера,Массажер для спины и шеи; Массаж всего тела; Массажер для шеи и спины
203277175,Дополнительная информация,Комплектация,перкуссионный массажер 1 шт; сменные насадки (4 шт.); адаптер питания; кейс для хранения
203277175,Дополнительная информация,Страна производства,Китай
203277175,Габариты,Высота предмета,6 см
203277175,Габариты,Ширина предмета,17.9 см
203277175,Габариты,Вес без упаковки (кг),2 кг
203277175,Габариты,Вес с упаковкой (кг),2 кг
203277175,Габариты,Длина упаковки,30 см
203277175,Габариты,Высота упаковки,11 см
203277175,Габариты,Ширина упаковки,29 см
92192841,Основная информация,Цвет,черный
92192841,Общие характеристики,Количество предметов в упаковке,"2 массадера миостимулятора для рук, 1 миостимулятор eMS для пресса"
92192841,Материалы,Материал изделия,полиэстер; пластик
92192841,Дополнительная информация,Зона массажа,бедра; живот; руки
92192841,Дополнительная информация,Действие,жиросжигание; лифтинг; лимфодренажное
92192841,Дополнительная информация,Страна производства,Китай
92192841,Дополнительная информация,Комплектация,"2 миостимулятора для рук, 1 миостимулятор для пресса, 3 пульта управления"
92192841,Габариты,Ширина предмета,10 см
92192841,Габариты,Высота предмета,2 см
92192841,Габариты,Вес товара с упаковкой (г),182 г
92192841,Габариты,Длина упаковки,20 см
92192841,Габариты,Высота упаковки,2 см
92192841,Габариты,Ширина упаковки,22 см
325753446,Основная информация,Цвет,бежево-розовый; пудровый; розовая пудра
325753446,Питание,Питание,от аккумулятора
325753446,Технические особенности,Количество режимов работы,4 режима
325753446,Дополнительная информация,Тип массажера,электроимпульсный; тепловой; вибрационный
325753446,Дополнительная информация,Зона массажа,лицо; шея; зона вокруг глаз
325753446,Дополнительная информация,Форма массажера,ручной электромассажер
325753446,Дополнительная информация,Действие,лифтинг; омолаживание; против морщин
325753446,Дополнительная информация,Мин. продолжительность автономной работы,60 мин
325753446,Дополнительная информация,Доп. опции массажера,вибромассаж; дисплей; функция подогрева
325753446,Дополнительная информация,Комплектация,Массажер + 1 подарок (мешочек) USB провод для зарядки
325753446,Дополнительная информация,Страна производства,Китай
325753446,Габариты,Высота предмета,17 см
325753446,Габариты,Ширина предмета,5 см
325753446,Габариты,Глубина предмета,5 см
325753446,Габариты,Вес без упаковки (кг),0.25 кг
325753446,Габариты,Вес с упаковкой (кг),0.25 кг
325753446,Габариты,Длина упаковки,21 см
325753446,Габариты,Высота упаковки,7 см
325753446,Габариты,Ширина упаковки,9 см
160485103,Основная информация,Цвет,черный; синий
160485103,Общие характеристики,Модель,EMS1
160485103,Общие характеристики,Гарантийный срок,14 дней
160485103,Питание,Питание,от аккумулятора
160485103,Технические особенности,Количество режимов работы,8
160485103,Насадки,Количество насадок,1 шт.
160485103,Дополнительная информация,Тип массажера,вибромассажер; постукивающий; импульсный
160485103,Дополнительная информация,Зона массажа,ноги; живот; спина
160485103,Дополнительная информация,Действие,снятие напряжения; улучшает метаболизм; Укрепление мышц
160485103,Дополнительная информация,Мин. продолжительность автономной работы,15 мин
160485103,Дополнительная информация,Доп. опции массажера,вибромассаж; ультразвуковой массаж; электромиостимуляция
160485103,Дополнительная информация,Комплектация,базовая комплектация; массажер-1шт
160485103,Дополнительная информация,Страна производства,Китай
160485103,Дополнительная информация,Срок эксплуатации,бессрочно
160485103,Габариты,Высота предмета,2 см
160485103,Габариты,Ширина предмета,9 см
160485103,Габариты,Глубина предмета,2 см
160485103,Габариты,Вес без упаковки (кг),0.1 кг
160485103,Габариты,Вес с упаковкой (кг),0.13 кг
160485103,Габариты,Длина упаковки,16 см
160485103,Габариты,Высота упаковки,2 см
160485103,Габариты,Ширина упаковки,9 см
227043014,Основная информация,Цвет,черный
227043014,Общие характеристики,Модель,Многофункциональный; электронный; массажная
227043014,Питание,Питание,USB
227043014,Технические особенности,Количество режимов работы,8 режимов
227043014,Дополнительная информация,Тип массажера,Вибромассаж; ультразвуковой массаж
227043014,Дополнительная информация,Зона массажа,воротниковая зона; ноги; живот
227043014,Дополнительная информация,Действие,миостимулятор; электромассажер; массаж для живота
227043014,Дополнительная информация,Доп. опции массажера,снятие напряжения; улучшает метаболизм; Укрепление мышц
227043014,Дополнительная информация,Комплектация,базовая комплектация; массажер-1шт
227043014,Дополнительная информация,Страна производства,Китай
227043014,Габариты,Вес без упаковки (кг),0.3 кг
227043014,Габариты,Вес с упаковкой (кг),0.5 кг
227043014,Габариты,Длина упаковки,14 см
227043014,Габариты,Высота упаковки,3 см
227043014,Габариты,Ширина упаковки,9 см
203491674,Основная информация,Цвет,белый; черный
203491674,Общие характеристики,Количество предметов в упаковке,5 шт.
203491674,Материалы,Материал изделия,abs-пластик; медицинская сталь; модель DRY - 1005
203491674,Дополнительная информация,Зона массажа,лицо; шея; декольте
203491674,Дополнительная информация,Действие,снятие отечности; против морщин; очищение
203491674,Дополнительная информация,Страна производства,Китай
203491674,Дополнительная информация,Комплектация,Массажер - 1 шт.; Подставка - 1 шт.; USB кабель - 1 шт.; кольцо для закрепления - 1 шт.; гель для ионофореза - 1 шт.; Инструкция - 1 шт.; подарочная упаковка - 1 шт.
203491674,Габариты,Ширина предмета,5 см
203491674,Габариты,Высота предмета,18 см
203491674,Габариты,Вес товара с упаковкой (г),500 г
203491674,Габариты,Длина упаковки,21 см
203491674,Габариты,Высота упаковки,11 см
203491674,Габариты,Ширина упаковки,16 см
317323425,Основная информация,Цвет,белый
317323425,Общие характеристики,Модель,"rf-лифтинг микротоковый, косметический аппарат"
317323425,Общие характеристики,Гарантийный срок,1 год
317323425,Питание,Питание,от аккумулятора; беспроводной
317323425,Технические особенности,Количество режимов работы,5 режимов
317323425,Насадки,Количество насадок,1 шт.
317323425,Дополнительная информация,Тип массажера,вибромассажер; электроимпульсный; тепловой
317323425,Дополнительная информация,Зона массажа,лицо; шея; зона вокруг глаз
317323425,Дополнительная информация,Форма массажера,ручной электромассажер
317323425,Дополнительная информация,Действие,снятие отечности; против морщин; очищение
317323425,Дополнительная информация,Мин. продолжительность автономной работы,60 мин
317323425,Дополнительная информация,Доп. опции массажера,электромиостимуляция; ионофорез; вибромассаж
317323425,Дополнительная информация,Количество роликов,1 шт.
317323425,Дополнительная информация,Комплектация,массажер - 1шт; подставка - 1 шт; USB - кабель - 1 шт; кольцо для закрепления - 1 шт; инструкция
317323425,Дополнительная информация,Страна производства,Китай
317323425,Габариты,Высота предмета,17 см
317323425,Габариты,Ширина предмета,5 см
317323425,Габариты,Вес без упаковки (кг),0.1 кг
317323425,Габариты,Вес с упаковкой (кг),0.2 кг
317323425,Габариты,Длина упаковки,23 см
317323425,Габариты,Высота упаковки,8 см
317323425,Габариты,Ширина упаковки,15 см
162308681,Основная информация,Цвет,черничный
162308681,Общие характеристики,Модель,Микротоновый
162308681,Дополнительная информация,Действие,Микротоковый массаж
162308681,Дополнительная информация,Страна производства,Китай
162308681,Габариты,Вес с упаковкой (кг),0.4 кг
162308681,Габариты,Длина упаковки,15 см
162308681,Габариты,Высота упаковки,5 см
162308681,Габариты,Ширина упаковки,10 см
342560720,Основная информация,Цвет,белый
342560720,Питание,Питание,от аккумулятора
342560720,Технические особенности,Количество режимов работы,12
342560720,Дополнительная информация,Тип массажера,вакуумный
342560720,Дополнительная информация,Зона массажа,для тела; для шеи; для спины
342560720,Дополнительная информация,Действие,лифтинг
342560720,Дополнительная информация,Комплектация,вакуумный массажер - 1 шт; фильтры - 5 шт; массажное масло - 2 шт; USB-провод - 1 шт; инструкция на русском языке все для похудения женщин
342560720,Дополнительная информация,Страна производства,Китай
342560720,Габариты,Вес с упаковкой (кг),0.5 кг
342560720,Габариты,Длина упаковки,24 см
342560720,Габариты,Высота упаковки,10 см
342560720,Габариты,Ширина упаковки,13 см
100959583,Основная информация,Цвет,черный
100959583,Общие характеристики,Модель,EMS Foot Massager; Массажер для ног; Электростимулятор
100959583,Питание,Питание,USB; от сети; от аккумулятора
100959583,Технические особенности,Количество режимов работы,6 шт
100959583,Дополнительная информация,Тип массажера,вибромассажер; виброплатформа; электро-импульсивный
100959583,Дополнительная информация,Зона массажа,ноги; стопы; тело
100959583,Дополнительная информация,Действие,Снятие усталости; релакс; снятие боли в мышцах
100959583,Дополнительная информация,Мин. продолжительность автономной работы,25 мин
100959583,Дополнительная информация,Доп. опции массажера,расслабляет мышцы; 6 режимов работы; 9 уровней интенсивности
100959583,Дополнительная информация,Комплектация,Массажный коврик для ног - 1 шт; основной модуль управления - 1 шт; USB - кабель - 1 шт; Инструкция на русском языке - 1 шт; ПУЛЬТ В КОМПЛЕКТ НЕ ВХОДИТ!!!
100959583,Дополнительная информация,Страна производства,Китай
100959583,Габариты,Высота предмета,33 см
100959583,Габариты,Ширина предмета,27 см
100959583,Габариты,Глубина предмета,1 см
100959583,Габариты,Вес без упаковки (кг),0.25 кг
100959583,Габариты,Вес с упаковкой (кг),0.5 кг
100959583,Габариты,Длина упаковки,16 см
100959583,Габариты,Высота упаковки,3 см
100959583,Габариты,Ширина упаковки,34 см
258814932,Дополнительная информация,Действие,восстановление
258814932,Габариты,Длина упаковки,31 см
258814932,Габариты,Высота упаковки,8 см
258814932,Габариты,Ширина упаковки,28 см
92192836,Основная информация,Цвет,фиолетовый
92192836,Общие характеристики,Количество предметов в упаковке,1
92192836,Дополнительная информация,Зона массажа,Интимная зона; лицо; тело
92192836,Дополнительная информация,Действие,тонизирующее; расслабляющее
92192836,Дополнительная информация,Комплектация,"массажер, батарейки"
92192836,Габариты,Высота предмета,2 см
92192836,Габариты,Длина упаковки,10 см
92192836,Габариты,Высота упаковки,2 см
92192836,Габариты,Ширина упаковки,8 см
303491069,Дополнительная информация,Модель тренажера,миостимулятор
303491069,Дополнительная информация,Комплектация,тренажер1шт
303491069,Габариты,Высота предмета,17 см
303491069,Габариты,Длина предмета,5 см
303491069,Габариты,Ширина предмета,20 см
303491069,Габариты,Вес без упаковки (кг),0.2 кг
303491069,Габариты,Длина упаковки,21 см
303491069,Габариты,Высота упаковки,6 см
303491069,Габариты,Ширина упаковки,18 см
265563093,Основная информация,Цвет,грейж
265563093,Общие характеристики,Гарантийный срок,1 год
265563093,Питание,Питание,от аккумулятора; USB; от прикуривателя автомобиля
265563093,Технические особенности,Количество режимов работы,4 режима
265563093,Насадки,Количество насадок,1 шт.
265563093,Дополнительная информация,Тип массажера,вибромассажер; стильный массажер для дома; подголовник массаж
265563093,Дополнительная информация,Зона массажа,голова; тело; шея
265563093,Дополнительная информация,Действие,улучшение кровообращения; против морщин; лифтинг
265563093,Дополнительная информация,Мин. продолжительность автономной работы,800 мин
265563093,Дополнительная информация,Доп. опции массажера,вибромассаж; таймер; выбор режима
265563093,Дополнительная информация,Комплектация,Массажный вибромассажер - 1шт.; Инструкция руководство массажёра - 1 шт.; Заводская коробка электро массажера - 1 шт.; Кабель USB - 1 шт.
265563093,Дополнительная информация,Страна производства,Китай
265563093,Габариты,Высота предмета,13.5 см
265563093,Габариты,Ширина предмета,16 см
265563093,Габариты,Вес без упаковки (кг),0.22 кг
265563093,Габариты,Вес с упаковкой (кг),0.35 кг
265563093,Габариты,Длина упаковки,16 см
265563093,Габариты,Высота упаковки,14 см
265563093,Габариты,Ширина упаковки,16 см
188666535,Основная информация,Цвет,темно-синий
188666535,Общие характеристики,Количество предметов в упаковке,1
188666535,Материалы,Материал изделия,Силикон + ABS; массажер антицеллюлитный для похудения; массажер для расслабления
188666535,Дополнительная информация,Зона массажа,"Плечи, Поясница, Руки, Тело, Шея, Ягодицы; мышцы пресса; все части тела"
188666535,Дополнительная информация,Действие,"массаж для всего тела, массаж восстанавливающий; массаж для похудения"
188666535,Дополнительная информация,Страна производства,Китай
188666535,Дополнительная информация,Комплектация,провод usb- 1шт; патч - 1шт; миостимулятор - 1шт
188666535,Габариты,Ширина предмета,9 см
188666535,Габариты,Высота предмета,15 см
188666535,Габариты,Вес товара с упаковкой (г),150 г
188666535,Габариты,Длина упаковки,10 см
188666535,Габариты,Высота упаковки,18 см
188666535,Габариты,Ширина упаковки,3 см
166102139,Основная информация,Цвет,серый
166102139,Общие характеристики,Количество предметов в упаковке,6
166102139,Материалы,Материал изделия,abs пластик; металл
166102139,Дополнительная информация,Зона массажа,"массажер для ног шеи тела спины лица; Спина, шея, плечи, ноги, руки, бедра, поясница; антицеллюлитный массажер от целлюлита"
166102139,Дополнительная информация,Действие,"вибромассажер электрический для тела; перкуссионный пистолет массажер электрический лимфодренажный для дома и автомобиля; лифтинг, против морщин, омолаживание"
166102139,Дополнительная информация,Страна производства,Китай
166102139,Дополнительная информация,Комплектация,"вибрационный массажер; массажер для ног; массажер для тела; массажный пистолет; перкуссионный массажер 4 насадки, кабель для зарядки по USB"
166102139,Габариты,Вес товара с упаковкой (г),723 г
166102139,Габариты,Длина упаковки,22 см
166102139,Габариты,Высота упаковки,8 см
166102139,Габариты,Ширина упаковки,24 см
222657684,Основная информация,Цвет,черный
222657684,Общие характеристики,Модель,для роста волос
222657684,Питание,Питание,от сети
222657684,Дополнительная информация,Тип массажера,электроимпульсный; вибромассажер; тепловой
222657684,Дополнительная информация,Зона массажа,ягодицы; живот; бедра
222657684,Дополнительная информация,Действие,коррекция фигуры; против растяжек; упругость
222657684,Дополнительная информация,Доп. опции массажера,вибромассаж; электромиостимуляция; функция подогрева
222657684,Дополнительная информация,Количество роликов,30 металлических иголок
222657684,Дополнительная информация,Комплектация,Массажер; Инструкция; Коробка; Масло антицеллюлитное
222657684,Дополнительная информация,Страна производства,Китай
222657684,Габариты,Вес с упаковкой (кг),0.7 кг
222657684,Габариты,Длина упаковки,31 см
222657684,Габариты,Высота упаковки,16 см
222657684,Габариты,Ширина упаковки,21 см
139193152,Основная информация,Цвет,розово-лавандовый; фиолетовый
139193152,Общие характеристики,Модель,от морщин под глазами
139193152,Общие характеристики,Гарантийный срок,12 месяцев
139193152,Питание,Питание,от аккумулятора; беспроводной
139193152,Технические особенности,Количество режимов работы,3 режима
139193152,Дополнительная информация,Тип массажера,вибрационный; rf лифтинг; LED терапия
139193152,Дополнительная информация,Зона массажа,лицо; зона вокруг глаз; шея
139193152,Дополнительная информация,Форма массажера,ручной массажер
139193152,Дополнительная информация,Действие,питание; против акне; снятие отечности
139193152,Дополнительная информация,Мин. продолжительность автономной работы,180 мин
139193152,Дополнительная информация,Доп. опции массажера,автовыключение
139193152,Дополнительная информация,Комплектация,аппарат для массажа - 1 шт; мешочек для хранения и транспортировки - 1 шт; Инструкция на русском языке - 1 шт; USB-шнур - 1 шт; Адаптер для розетки - 1 шт
139193152,Дополнительная информация,Страна производства,Китай
139193152,Габариты,Высота предмета,14 см
139193152,Габариты,Ширина предмета,4 см
139193152,Габариты,Глубина предмета,4 см
139193152,Габариты,Вес без упаковки (кг),0.25 кг
139193152,Габариты,Вес с упаковкой (кг),0.285 кг
139193152,Габариты,Длина упаковки,20 см
139193152,Габариты,Высота упаковки,7 см
139193152,Габариты,Ширина упаковки,10 см
354626462,Основная информация,Цвет,белый
354626462,Общие характеристики,Количество предметов в упаковке,3
354626462,Материалы,Материал изделия,abs-пластик; пластик
354626462,Дополнительная информация,Зона массажа,вокруг глаз; зона вокруг глаз
354626462,Дополнительная информация,Действие,beauty омолаживание подтяжка лица; миостимулятор аппарат против морщин
354626462,Дополнительная информация,Страна производства,Китай
354626462,Дополнительная информация,Комплектация,подставка; USB кабель; массажер
354626462,Габариты,Вес товара с упаковкой (г),166 г
354626462,Габариты,Длина упаковки,9 см
354626462,Габариты,Высота упаковки,15 см
354626462,Габариты,Ширина упаковки,5 см
160859490,Основная информация,Цвет,черный
160859490,Общие характеристики,Модель,Миостимулятор для ног; Коврик электрический
160859490,Питание,Питание,от аккумулятора; USB
160859490,Технические особенности,Количество режимов работы,8
160859490,Дополнительная информация,Тип массажера,магнитно-акупунктурный; электроимпульсный; Расслабляющий
160859490,Дополнительная информация,Зона массажа,ноги; ступни
160859490,Дополнительная информация,Действие,избавление от боли и отеков; Снятие усталости и расслабление ног; улучшение кровообращения
160859490,Дополнительная информация,Доп. опции массажера,миостимулятор; автоотключение; массаж ног
160859490,Дополнительная информация,Комплектация,коврик аппликатор для ног электрический - 1 шт; usb шнур - 1 шт; коробка - 1 шт
160859490,Дополнительная информация,Страна производства,Китай
160859490,Габариты,Вес с упаковкой (кг),0.3 кг
160859490,Габариты,Длина упаковки,32 см
160859490,Габариты,Высота упаковки,4 см
160859490,Габариты,Ширина упаковки,15 см
200606805,Основная информация,Цвет,черный
200606805,Общие характеристики,Модель,Xiaomi Meavon MV-FG-0308
200606805,Общие характеристики,Гарантийный срок,12 месяцев
200606805,Питание,Питание,Внешний источник питания
200606805,Технические особенности,Количество режимов работы,2
200606805,Дополнительная информация,Тип массажера,ПЕРКУССИОННЫЙ МАССАЖЕР
200606805,Дополнительная информация,Зона массажа,Ноги / Икры / Берда / Ягодицы
200606805,Дополнительная информация,Действие,Массаж для лица шеи и тела; Перкуссионный массажер; перкуссионный пистолет
200606805,Дополнительная информация,Доп. опции массажера,Массажер для спины и шеи; Массаж всего тела; Массажер для шеи и спины
200606805,Дополнительная информация,Комплектация,перкуссионный массажер 1 шт
200606805,Дополнительная информация,Страна производства,Китай
200606805,Габариты,Вес без упаковки (кг),2 кг
200606805,Габариты,Вес с упаковкой (кг),2.09 кг
200606805,Габариты,Длина упаковки,30 см
200606805,Габариты,Высота упаковки,11 см
200606805,Габариты,Ширина упаковки,29 см
155169229,Основная информация,Цвет,белый
155169229,Общие характеристики,Модель,S-022
155169229,Материалы,Материал корпуса,abs-пластик
155169229,Дополнительная информация,Назначение косметического прибора,Лифтинг; массаж лица; уход за лицом
155169229,Дополнительная информация,Возрастные ограничения,+18
155169229,Дополнительная информация,Противопоказания,аллергическая реакция; кардиостимулятор; новообразования
155169229,Дополнительная информация,Комплектация,массажер; зарядный шнур; Инструкция на русском языке; Пластиковая упаковка
155169229,Дополнительная информация,Страна производства,Китай
155169229,Габариты,Высота предмета,6 см
155169229,Габариты,Ширина предмета,6 см
155169229,Габариты,Глубина предмета,2.4 см
155169229,Габариты,Вес товара с упаковкой (г),150 г
155169229,Габариты,Длина упаковки,14 см
155169229,Габариты,Высота упаковки,6 см
155169229,Габариты,Ширина упаковки,11 см
371341268,Основная информация,Цвет,черный
371341268,Общие характеристики,Гарантийный срок,2 года
371341268,Технические особенности,Количество режимов работы,99 режимов; 10 программ тренировок
371341268,Дополнительная информация,Тип массажера,вибромассажер; виброплатформа; оздоровление
371341268,Дополнительная информация,Зона массажа,живот; ягодицы; ноги
371341268,Дополнительная информация,Действие,улучшение сна; снятие отечности; оздоровление
371341268,Дополнительная информация,Мин. продолжительность автономной работы,15 мин
371341268,Дополнительная информация,Доп. опции массажера,вибромассаж; вибромассажер для тела; массажер для спины
371341268,Дополнительная информация,Комплектация,Виброплатформа - 1 шт; экспандер - 2 шт; инструкция; пульт ДУ - 1шт
371341268,Дополнительная информация,Страна производства,Китай
371341268,Габариты,Высота предмета,13 см
371341268,Габариты,Ширина предмета,52 см
371341268,Габариты,Глубина предмета,32 см
371341268,Габариты,Вес без упаковки (кг),9 кг
371341268,Габариты,Вес с упаковкой (кг),8 кг
371341268,Габариты,Длина упаковки,58 см
371341268,Габариты,Высота упаковки,16 см
371341268,Габариты,Ширина упаковки,37 см
410296117,Основная информация,Цвет,черный
410296117,Общие характеристики,Модель,Массажер для ног стоп электрический
410296117,Технические особенности,Количество режимов работы,8 режимов
410296117,Дополнительная информация,Тип массажера,вибромассажер
410296117,Дополнительная информация,Зона массажа,ноги
410296117,Дополнительная информация,Действие,восстановление; коррекция фигуры; снятие мышечного напряжения
410296117,Дополнительная информация,Комплектация,Провод 1шт.; Электрический EMS массажер для ног и рук
410296117,Дополнительная информация,Страна производства,Китай
410296117,Габариты,Высота предмета,28 см
410296117,Габариты,Ширина предмета,28 см
410296117,Габариты,Вес с упаковкой (кг),1.35 кг
410296117,Габариты,Длина упаковки,33 см
410296117,Габариты,Высота упаковки,3 см
410296117,Габариты,Ширина упаковки,15 см
200527796,Основная информация,Цвет,белый
200527796,Общие характеристики,Количество предметов в упаковке,1 шт.
200527796,Материалы,Материал изделия,пластик; нержавеющая сталь; abs-пластик
200527796,Дополнительная информация,Зона массажа,лицо; шея; вокруг глаз
200527796,Дополнительная информация,Действие,против морщин; лифтинг; омолаживание
200527796,Дополнительная информация,Страна производства,Китай
200527796,Дополнительная информация,Комплектация,микротоковый массажер; USB-зарядка; инструкция; Мешочек для хранения
200527796,Габариты,Ширина предмета,6.5 см
200527796,Габариты,Высота предмета,10 см
200527796,Габариты,Вес товара с упаковкой (г),330 г
200527796,Габариты,Длина упаковки,14 см
200527796,Габариты,Высота упаковки,5 см
200527796,Габариты,Ширина упаковки,14 см
375748816,Основная информация,Цвет,черный
375748816,Питание,Питание,от сети
375748816,Технические особенности,Количество режимов работы,99; 99 режимов; 5 программ
375748816,Дополнительная информация,Тип массажера,вибрационный
375748816,Дополнительная информация,Зона массажа,ягодицы; тело; руки
375748816,Дополнительная информация,Действие,укрепление; улучшение кровообращения
375748816,Дополнительная информация,Мин. продолжительность автономной работы,15 мин
375748816,Дополнительная информация,Доп. опции массажера,вибромассаж; вибромассажер для тела; массажер для спины
375748816,Дополнительная информация,Количество роликов,массажер для спины; кардиотренажер; массажер для тела
375748816,Дополнительная информация,Комплектация,Виброплатформа - 1 шт.; пульт (без батареек) - 1 шт.; Шнур питания - 1 шт.; Инструкция на англ - 1 шт.; Коробка - 1 шт.; Эспандеры
375748816,Дополнительная информация,Страна производства,Китай
375748816,Габариты,Высота предмета,13 см
375748816,Габариты,Ширина предмета,52 см
375748816,Габариты,Глубина предмета,31 см
375748816,Габариты,Вес без упаковки (кг),12.5 кг
375748816,Габариты,Вес с упаковкой (кг),13 кг
375748816,Габариты,Длина упаковки,57 см
375748816,Габариты,Высота упаковки,18 см
375748816,Габариты,Ширина упаковки,43 см
155169228,Основная информация,Цвет,розовый
155169228,Общие характеристики,Модель,S-022
155169228,Материалы,Материал корпуса,abs-пластик
155169228,Дополнительная информация,Назначение косметического прибора,Лифтинг; массаж лица; уход за лицом
155169228,Дополнительная информация,Возрастные ограничения,+18
155169228,Дополнительная информация,Противопоказания,аллергическая реакция; кардиостимулятор; новообразования
155169228,Дополнительная информация,Комплектация,массажер; зарядный шнур; Инструкция на русском языке; Пластиковая упаковка
155169228,Дополнительная информация,Страна производства,Китай
155169228,Габариты,Высота предмета,6 см
155169228,Габариты,Ширина предмета,6 см
155169228,Габариты,Глубина предмета,2.4 см
155169228,Габариты,Вес товара с упаковкой (г),150 г
155169228,Габариты,Длина упаковки,14 см
155169228,Габариты,Высота упаковки,6 см
155169228,Габариты,Ширина упаковки,11 см
153241056,Основная информация,Цвет,черный
153241056,Общие характеристики,Количество предметов в упаковке,4
153241056,Материалы,Материал изделия,полирезина
153241056,Дополнительная информация,Зона массажа,ноги; стопы
153241056,Дополнительная информация,Действие,Микротоковый массаж; Расслабление и снятие усталости; массажер для ног электрический
153241056,Габариты,Длина упаковки,3 см
153241056,Габариты,Высота упаковки,33 см
153241056,Габариты,Ширина упаковки,15 см
367425486,Основная информация,Цвет,металл; пастельно-мятный
367425486,Общие характеристики,Модель,аппарат для подтяжки лица
367425486,Общие характеристики,Гарантийный срок,1 год
367425486,Питание,Питание,от аккумулятора
367425486,Технические особенности,Мощность устройства (Вт),1.9 Вт
367425486,Материалы,Материал корпуса,"металл, пластик"
367425486,Дополнительная информация,Назначение косметического прибора,омоложение; лифтинг; массаж лица
367425486,Дополнительная информация,Возрастные ограничения,18+
367425486,Дополнительная информация,Противопоказания,беременность
367425486,Дополнительная информация,Комплектация,кабель usb; ems массажер для глаз; Инструкция на русском языке
367425486,Дополнительная информация,Страна производства,Китай
367425486,Габариты,Высота предмета,16 см
367425486,Габариты,Ширина предмета,3 см
367425486,Габариты,Глубина предмета,1.7 см
367425486,Габариты,Вес товара с упаковкой (г),400 г
367425486,Габариты,Длина упаковки,21 см
367425486,Габариты,Высота упаковки,4 см
367425486,Габариты,Ширина упаковки,8 см
386261012,Основная информация,Цвет,белый
386261012,Питание,Питание,USB; от аккумулятора
386261012,Технические особенности,Количество режимов работы,4
386261012,Дополнительная информация,Тип массажера,микротоковый; для ног; для всего тела
386261012,Дополнительная информация,Зона массажа,массаж тела; массажер для ног электрический; массаж спины и поясницы
386261012,Дополнительная информация,Действие,"улучшение кровообращения, восстановление; расслабление шеи; профилактика остеохондроза"
386261012,Дополнительная информация,Доп. опции массажера,Автомобильная подушка; беспроводной массажер; косметический массажер
386261012,Дополнительная информация,Страна производства,Китай
386261012,Габариты,Длина упаковки,15 см
386261012,Габариты,Высота упаковки,5 см
386261012,Габариты,Ширина упаковки,19 см
198930846,Основная информация,Цвет,черный
198930846,Общие характеристики,Модель,вибромассажер
198930846,Питание,Питание,"Регулируемая скорость, пониженный уровень шума, сенсорное управление; все группы мышц, лицо, тело, руки, ноги спина, живот, шея, все части тела; от аккумултора"
198930846,Технические особенности,Количество режимов работы,"массажер для икр; Насадки для всех групп мышц, постукивающий, ударно-кулачковый, вибромассажер; 31режим"
198930846,Насадки,Количество насадок,4 шт.
198930846,Дополнительная информация,Тип массажера,ПЕРКУССИОННЫЙ МАССАЖЕР; массажер пистолет; массажный пистолет
198930846,Дополнительная информация,Зона массажа,спина; ноги; шея
198930846,Дополнительная информация,Действие,устранение боли в мышцах; расслабление мышц; восстановление после травм
198930846,Дополнительная информация,Доп. опции массажера,антицеллюлитный массаж; лимфодренажный массаж
198930846,Дополнительная информация,Количество роликов,"массажный аппарат для спины, вибромассажер-пистолет для ног беспроводной; массажер для триггерных точек, антицеллюлитный массажный пистолет, стимулятор для похудения; расслабление восстановление мышц, релакс и лифтинг, лечение и коррекция после травм"
198930846,Дополнительная информация,Страна производства,Китай
198930846,Габариты,Вес с упаковкой (кг),0.6 кг
198930846,Габариты,Длина упаковки,24 см
198930846,Габариты,Высота упаковки,6 см
198930846,Габариты,Ширина упаковки,20 см
224339043,Основная информация,Цвет,черный
224339043,Питание,Питание,USB
224339043,Технические особенности,Количество режимов работы,8
224339043,Дополнительная информация,Зона массажа,ноги; стопы
224339043,Дополнительная информация,Действие,улучшение кровообращения; успокаивающее
224339043,Дополнительная информация,Мин. продолжительность автономной работы,15 мин
224339043,Дополнительная информация,Доп. опции массажера,электромиостимуляция
224339043,Дополнительная информация,Комплектация,массажер; кабель для зарядки; коврик
224339043,Габариты,Вес без упаковки (кг),1 кг
224339043,Габариты,Вес с упаковкой (кг),1.5 кг
224339043,Габариты,Длина упаковки,15 см
224339043,Габариты,Высота упаковки,3 см
224339043,Габариты,Ширина упаковки,18 см
169492988,Основная информация,Цвет,черный
169492988,Общие характеристики,Количество предметов в упаковке,1 шт.
169492988,Дополнительная информация,Зона массажа,ноги; стопы; пятки
169492988,Дополнительная информация,Действие,улучшение кровообращения; успокаивающее
169492988,Габариты,Ширина предмета,33 см
169492988,Габариты,Высота предмета,4 см
217980571,Дополнительная информация,Тип массажера,постукивающий; электроимпульсный
217980571,Дополнительная информация,Зона массажа,ноги; стопы
217980571,Дополнительная информация,Действие,улучшение метаболизма; укрепление мышц стопы; Снятие усталости
217980571,Дополнительная информация,Мин. продолжительность автономной работы,15 мин
217980571,Дополнительная информация,Доп. опции массажера,"избавление от бессонницы; повышение иммунитета; укрепление мышц ног, икр"
217980571,Дополнительная информация,Комплектация,массажер электрический для ног
217980571,Дополнительная информация,Страна производства,Китай
217980571,Габариты,Длина упаковки,4 см
217980571,Габариты,Высота упаковки,34 см
217980571,Габариты,Ширина упаковки,16 см
303948402,Основная информация,Цвет,белый иней
303948402,Общие характеристики,Гарантийный срок,1 год
303948402,Питание,Питание,от аккумулятора
303948402,Технические особенности,Количество режимов работы,6 режимов
303948402,Насадки,Количество насадок,1 шт.
303948402,Дополнительная информация,Тип массажера,электроимпульсный; магнитно-акупунктурный; тепловой
303948402,Дополнительная информация,Зона массажа,грудная клетка; зона вокруг глаз; лицо
303948402,Дополнительная информация,Действие,лифтинг; против морщин; снятие отечности
303948402,Дополнительная информация,Мин. продолжительность автономной работы,60 мин
303948402,Дополнительная информация,Доп. опции массажера,ионофорез; автовыключение; электромиостимуляция
303948402,Дополнительная информация,Комплектация,Аппарат для лица; USB-шнур; зарядная станция; гарантийный талон
303948402,Дополнительная информация,Страна производства,Китай
303948402,Дополнительная информация,Срок эксплуатации,2 года
303948402,Габариты,Высота предмета,16 см
303948402,Габариты,Ширина предмета,4 см
303948402,Габариты,Глубина предмета,4.5 см
303948402,Габариты,Вес без упаковки (кг),0.3 кг
303948402,Габариты,Вес с упаковкой (кг),0.5 кг
303948402,Габариты,Длина упаковки,26 см
303948402,Габариты,Высота упаковки,11 см
303948402,Габариты,Ширина упаковки,14 см
224991102,Питание,Питание,от батареек
224991102,Технические особенности,Количество режимов работы,6
224991102,Материалы,Материал корпуса,пластик
224991102,Дополнительная информация,Область применения,для всего тела; для ног; для спины
224991102,Дополнительная информация,Комплектация,Аппарат - 1 шт; Количество патчей: 4 шт.
224991102,Дополнительная информация,Страна производства,Китай
224991102,Габариты,Вес товара без упаковки (г),0.5 г
224991102,Габариты,Вес товара с упаковкой (г),300 г
224991102,Габариты,Длина упаковки,15 см
224991102,Габариты,Высота упаковки,5 см
224991102,Габариты,Ширина упаковки,7 см
185283478,Основная информация,Цвет,изумрудно-зеленый
185283478,Общие характеристики,Количество предметов в упаковке,4 шт.
185283478,Материалы,Материал изделия,abs-пластик; нержавеющая сталь; металл
185283478,Дополнительная информация,Зона массажа,лицо; зона вокруг глаз; шея
185283478,Дополнительная информация,Действие,омолаживание; лифтинг; против морщин
185283478,Дополнительная информация,Страна производства,Китай
185283478,Дополнительная информация,Комплектация,Косметический аппарат - 1 шт; USB-кабель - 1 шт; инструкция - 1 шт
185283478,Габариты,Ширина предмета,5 см
185283478,Габариты,Высота предмета,17 см
185283478,Габариты,Вес товара с упаковкой (г),260 г
185283478,Габариты,Длина упаковки,22 см
185283478,Габариты,Высота упаковки,10 см
185283478,Габариты,Ширина упаковки,18 см
208644648,Основная информация,Цвет,черный
208644648,Дополнительная информация,Модель тренажера,Миостимулятор тренажер для мышц; Электромагнитный
208644648,Дополнительная информация,Система нагрузки,электро импульсная; Для рук ног живота попы ягодиц бедер пресс
208644648,Дополнительная информация,Комплектация,Массажер - миостимулятор; Тренажер-миостимулятор; Миостимулятор тренажер для мышц; вибромассажер для тела; вибромассажер для похудения; Массажер для похудения; домашний тренажер; Тренажер для похудения в домашних условиях
208644648,Дополнительная информация,Страна производства,Китай
208644648,Габариты,Длина упаковки,24 см
208644648,Габариты,Высота упаковки,4 см
208644648,Габариты,Ширина упаковки,21 см
198735371,Основная информация,Цвет,черный
198735371,Общие характеристики,Модель,Ems-trainer
198735371,Общие характеристики,Гарантийный срок,1 мес
198735371,Питание,Питание,от батареек
198735371,Дополнительная информация,Тип массажера,миостимулятор; импульсный; электрический массажер для тела
198735371,Дополнительная информация,Зона массажа,руки; пресс
198735371,Дополнительная информация,Действие,Массаж
198735371,Дополнительная информация,Доп. опции массажера,миостимуляция
198735371,Дополнительная информация,Страна производства,Китай
198735371,Габариты,Длина упаковки,24 см
198735371,Габариты,Высота упаковки,4 см
198735371,Габариты,Ширина упаковки,21 см
431364629,Питание,Питание,от сети; от аккумулятора; USB
431364629,Дополнительная информация,Действие,восстановление
431364629,Габариты,Вес с упаковкой (кг),1 кг
431364629,Габариты,Длина упаковки,31 см
431364629,Габариты,Высота упаковки,4 см
431364629,Габариты,Ширина упаковки,17 см
189042789,Основная информация,Цвет,белый
189042789,Питание,Питание,USB; от аккумулятора
189042789,Технические особенности,Количество режимов работы,4
189042789,Дополнительная информация,Тип массажера,микротоковый; для ног; для всего тела
189042789,Дополнительная информация,Зона массажа,массаж тела; массажер для ног электрический; массаж спины и поясницы
189042789,Дополнительная информация,Действие,"улучшение кровообращения, восстановление; расслабление шеи; профилактика остеохондроза"
189042789,Дополнительная информация,Доп. опции массажера,Автомобильная подушка; беспроводной массажер; косметический массажер
189042789,Дополнительная информация,Страна производства,Китай
189042789,Габариты,Вес с упаковкой (кг),0.001 кг
189042789,Габариты,Длина упаковки,15 см
189042789,Габариты,Высота упаковки,5 см
189042789,Габариты,Ширина упаковки,19 см
216844557,Основная информация,Цвет,серый
216844557,Общие характеристики,Модель,Вибромассажер антицеллюлитный Nozomi MH-102; Массажер ручной от целлюлита; массажер бытовой для похудения
216844557,Общие характеристики,Гарантийный срок,1 - год
216844557,Питание,Питание,от сети
216844557,Дополнительная информация,Тип массажера,ударно-кулачковый; ионное воздействие
216844557,Дополнительная информация,Зона массажа,"массаж шеи; массаж ног, ступней и в области голеней; массаж спины, бедер"
216844557,Дополнительная информация,Действие,"снятие болей в мышцах; уменьшение жировых отложений; стимулирует лимфообращение, обменные процессы"
216844557,Дополнительная информация,Доп. опции массажера,Для всех групп мышц; Длинная ручка; для здоровья спины и тела
216844557,Дополнительная информация,Количество роликов,2 ролика
216844557,Дополнительная информация,Комплектация,Массажер медицинский с лампой ионного излучения-1 шт; Гарантийная карта - 1 шт; упаковочная картонная коробка - 1 шт
216844557,Дополнительная информация,Страна производства,Китай
216844557,Габариты,Длина упаковки,41 см
216844557,Габариты,Высота упаковки,14 см
216844557,Габариты,Ширина упаковки,15 см
244057344,Основная информация,Цвет,черный; красный
244057344,Общие характеристики,Гарантийный срок,1 год
244057344,Питание,Питание,от сети
244057344,Технические особенности,Количество режимов работы,5 режимов
244057344,Насадки,Количество насадок,1 шт.
244057344,Дополнительная информация,Тип массажера,вибромассажер; тепловой; электроимпульсный
244057344,Дополнительная информация,Зона массажа,голова; лицо; тело
244057344,Дополнительная информация,Форма массажера,ручной электромассажер
244057344,Дополнительная информация,Действие,коррекция фигуры; снятие мышечного напряжения; снятие отечности
244057344,Дополнительная информация,Доп. опции массажера,вибромассаж; электромиостимуляция; инфракрасный излучатель
244057344,Дополнительная информация,Количество роликов,30
244057344,Дополнительная информация,Комплектация,Массажер - 1 шт. Инструкция - 1 шт.
244057344,Дополнительная информация,Страна производства,Китай
244057344,Габариты,Вес с упаковкой (кг),0.62 кг
244057344,Габариты,Длина упаковки,24 см
244057344,Габариты,Высота упаковки,11 см
244057344,Габариты,Ширина упаковки,19 см
383760972,Основная информация,Цвет,серый; белый
383760972,Технические особенности,Максимальный вес (кг),250 кг
383760972,Дополнительная информация,Модель тренажера,AST-300V
383760972,Дополнительная информация,Система нагрузки,электромагнитная
383760972,Дополнительная информация,Комплектация,массажер; электроды 4 шт; пульт управления; Шнур питания; инструкция
383760972,Дополнительная информация,Страна производства,Китай
383760972,Габариты,Высота предмета,6 см
383760972,Габариты,Длина предмета,35 см
383760972,Габариты,Ширина предмета,25 см
383760972,Габариты,Вес без упаковки (кг),1.2 кг
383760972,Габариты,Длина упаковки,34 см
383760972,Габариты,Высота упаковки,10 см
383760972,Габариты,Ширина упаковки,38 см
382999552,Основная информация,Цвет,черный; белый
382999552,Общие характеристики,Модель,Тренажер
382999552,Питание,Питание,от сети
382999552,Технические особенности,Количество режимов работы,99 режимов
382999552,Дополнительная информация,Тип массажера,оздоровление; вибрационный; Массажер для ног
382999552,Дополнительная информация,Зона массажа,ягодицы; ноги; живот
382999552,Дополнительная информация,Форма массажера,напольная платформа
382999552,Дополнительная информация,Действие,антицеллюлитное; для похудения; Лимфодренажный массажер
382999552,Дополнительная информация,Мин. продолжительность автономной работы,15 мин
382999552,Дополнительная информация,Доп. опции массажера,пульт ДУ; регулировка скорости; Bluetooth подключение
382999552,Дополнительная информация,Комплектация,Виброплатформа - 1 шт.; эспандер - 2 шт.; Пульт ДУ - 1 шт.; Шнур питания - 1 шт.; Инструкция на русском языке
382999552,Дополнительная информация,Страна производства,Китай
382999552,Габариты,Высота предмета,31 см
382999552,Габариты,Ширина предмета,53 см
382999552,Габариты,Глубина предмета,13 см
382999552,Габариты,Вес без упаковки (кг),7 кг
382999552,Габариты,Вес с упаковкой (кг),8 кг
382999552,Габариты,Длина упаковки,65 см
382999552,Габариты,Высота упаковки,15 см
382999552,Габариты,Ширина упаковки,37 см
179327762,Основная информация,Цвет,белый
179327762,Питание,Питание,USB; от аккумулятора
179327762,Технические особенности,Количество режимов работы,4
179327762,Дополнительная информация,Тип массажера,микротоковый; для ног; для всего тела
179327762,Дополнительная информация,Зона массажа,массаж тела; массажер для ног электрический; массаж спины и поясницы
179327762,Дополнительная информация,Действие,"улучшение кровообращения, восстановление; расслабление шеи; профилактика остеохондроза"
179327762,Дополнительная информация,Доп. опции массажера,Автомобильная подушка; беспроводной массажер; косметический массажер
179327762,Дополнительная информация,Страна производства,Китай
179327762,Габариты,Высота предмета,15 см
179327762,Габариты,Вес с упаковкой (кг),1 кг
179327762,Габариты,Длина упаковки,15 см
179327762,Габариты,Высота упаковки,19 см
179327762,Габариты,Ширина упаковки,5 см
386261736,Основная информация,Цвет,белый
386261736,Питание,Питание,USB; от аккумулятора
386261736,Технические особенности,Количество режимов работы,4
386261736,Дополнительная информация,Тип массажера,микротоковый; для ног; для всего тела
386261736,Дополнительная информация,Зона массажа,массаж тела; массажер для ног электрический; массаж спины и поясницы
386261736,Дополнительная информация,Действие,"улучшение кровообращения, восстановление; расслабление шеи; профилактика остеохондроза"
386261736,Дополнительная информация,Доп. опции массажера,Автомобильная подушка; беспроводной массажер; косметический массажер
386261736,Дополнительная информация,Страна производства,Китай
386261736,Габариты,Высота предмета,15 см
386261736,Габариты,Вес с упаковкой (кг),1 кг
386261736,Габариты,Длина упаковки,15 см
386261736,Габариты,Высота упаковки,19 см
386261736,Габариты,Ширина упаковки,5 см
145745754,Основная информация,Цвет,белый
145745754,Общие характеристики,Модель,Neck Massager HX-5880
145745754,Общие характеристики,Гарантийный срок,Один год
145745754,Питание,Питание,Батареи ААА - 2 шт
145745754,Технические особенности,Количество режимов работы,6
145745754,Дополнительная информация,Тип массажера,электрический; импульсный электрический массажер
145745754,Дополнительная информация,Зона массажа,ноги; ягодицы; Шея плечи
145745754,Дополнительная информация,Действие,массажер; массаж для тела; массаж шеи и плеч
145745754,Дополнительная информация,Доп. опции массажера,Автоматическое выключение; Оздоровительный массаж; Массаж для красоты и здоровья женщины
145745754,Дополнительная информация,Количество роликов,без роликов
145745754,Дополнительная информация,Страна производства,Китай
145745754,Габариты,Вес без упаковки (кг),0.5 кг
145745754,Габариты,Вес с упаковкой (кг),0.7 кг
145745754,Габариты,Длина упаковки,6 см
145745754,Габариты,Высота упаковки,20 см
145745754,Габариты,Ширина упаковки,22 см
136321945,Основная информация,Цвет,белый
136321945,Материалы,Материал изделия,вибромассажер для тела для спины; тренажеры для дома массажер для бедер; миостимулятор для тела
136321945,Дополнительная информация,Вид застежки,массажный пояс на резинке; пояс на эластичной резинке
136321945,Дополнительная информация,Особенности модели,Для похудения ягодиц и бедер для мужчин и женщин
136321945,Дополнительная информация,Страна производства,Китай
136321945,Габариты,Вес товара с упаковкой (г),200 г
124159035,Основная информация,Цвет,черный
124159035,Дополнительная информация,Модель тренажера,тренажер для бедер/укрепления мышц тазового дна; Интимный тренажер; Для интимных мышц
124159035,Дополнительная информация,Система нагрузки,механическая
124159035,Дополнительная информация,Комплектация,тренажер; инструкция
124159035,Дополнительная информация,Страна производства,Китай
124159035,Габариты,Длина упаковки,23 см
124159035,Габариты,Высота упаковки,8 см
124159035,Габариты,Ширина упаковки,15 см
174073641,Основная информация,Цвет,бордовый; красный; серый
174073641,Общие характеристики,Модель,Neck Massager
174073641,Общие характеристики,Гарантийный срок,1 год
174073641,Питание,Питание,5 вольт; аккумулятор
174073641,Технические особенности,Количество режимов работы,9
174073641,Насадки,Количество насадок,2 шт.
174073641,Дополнительная информация,Тип массажера,микротоковый; электроимпульсный; тепловой
174073641,Дополнительная информация,Зона массажа,шея; плечи; тело
174073641,Дополнительная информация,Действие,оздоровление; Расслабление; восстановление
174073641,Дополнительная информация,Мин. продолжительность автономной работы,60 мин
174073641,Дополнительная информация,Доп. опции массажера,Прогрев; Регулируемая скорость; подогрев
174073641,Дополнительная информация,Количество роликов,без роликов; нет
174073641,Дополнительная информация,Комплектация,1 массажер; 2 насадки
174073641,Дополнительная информация,Страна производства,Китай
174073641,Габариты,Высота предмета,71 см
174073641,Габариты,Ширина предмета,28 см
174073641,Габариты,Глубина предмета,15 см
174073641,Габариты,Вес без упаковки (кг),0.22 кг
174073641,Габариты,Вес с упаковкой (кг),2 кг
174073641,Габариты,Длина упаковки,26 см
174073641,Габариты,Высота упаковки,26 см
174073641,Габариты,Ширина упаковки,7 см
394416627,Основная информация,Цвет,черный
394416627,Дополнительная информация,Тип массажера,охлаждающий; омолаживающий; для молодости лица
394416627,Дополнительная информация,Зона массажа,голова; глаза; лицо
394416627,Дополнительная информация,Действие,снимает головные боли; лифтинг эффект; от отеков
394416627,Дополнительная информация,Комплектация,маска - массажер с 2 слоями геля для молодости лица и от головной боли
394416627,Габариты,Высота предмета,16 см
394416627,Габариты,Ширина предмета,21 см
394416627,Габариты,Глубина предмета,1 см
394416627,Габариты,Вес без упаковки (кг),0.44 кг
394416627,Габариты,Вес с упаковкой (кг),1.2 кг
394416627,Габариты,Длина упаковки,23 см
394416627,Габариты,Высота упаковки,4 см
394416627,Габариты,Ширина упаковки,18 см
231721084,Основная информация,Цвет,белый
231721084,Питание,Питание,USB; от аккумулятора; от прикуривателя автомобиля
231721084,Технические особенности,Количество режимов работы,9 режимов
231721084,Насадки,Количество насадок,5 шт.
231721084,Дополнительная информация,Тип массажера,электроимпульсный; электромассаж; массажер
231721084,Дополнительная информация,Зона массажа,лицо; тело; ноги
231721084,Дополнительная информация,Форма массажера,ручной электромассажер
231721084,Дополнительная информация,Действие,массажер для тела; акупунктурная; Точечный массаж всего тела
231721084,Дополнительная информация,Мин. продолжительность автономной работы,120 мин
231721084,Дополнительная информация,Доп. опции массажера,электромиостимуляция; массаж тела; уменьшения морщин и дряблости кожи
231721084,Дополнительная информация,Количество роликов,профессиональная косметика; акупунктурная палочка; ручка
231721084,Дополнительная информация,Комплектация,Ручка-массажер акупунктурная-1шт; USB кабель-1шт; 5 различных насадок; 2 баночками с массажным маслом; инструкция
231721084,Дополнительная информация,Страна производства,Китай
231721084,Габариты,Высота предмета,20 см
231721084,Габариты,Ширина предмета,4 см
231721084,Габариты,Глубина предмета,3 см
231721084,Габариты,Вес без упаковки (кг),0.1 кг
231721084,Габариты,Вес с упаковкой (кг),0.2 кг
231721084,Габариты,Длина упаковки,23 см
231721084,Габариты,Высота упаковки,2 см
231721084,Габариты,Ширина упаковки,11 см
144891056,Основная информация,Цвет,белый
144891056,Общие характеристики,Модель,KS-996-1D
144891056,Общие характеристики,Гарантийный срок,1 месяц
144891056,Питание,Питание,Аккумулятор встроенный; USB; Беспроводной
144891056,Технические особенности,Количество режимов работы,4 режима; 15 режимов силы тока; 15
144891056,Насадки,Количество насадок,2 шт.
144891056,Дополнительная информация,Тип массажера,постукивающий; электроимпульсный; вибромассажер
144891056,Дополнительная информация,Зона массажа,шея; плечи; голова
144891056,Дополнительная информация,Действие,снимает боль; Расслабление; Электроимпульсный массаж
144891056,Дополнительная информация,Мин. продолжительность автономной работы,15 мин
144891056,Дополнительная информация,Доп. опции массажера,автовыключение; вибромассаж; Прогрев
144891056,Дополнительная информация,Количество роликов,2; массажные ролики
144891056,Дополнительная информация,Комплектация,"Массажер для шеи электрический -1шт., USB шнур - 1шт. Электроды 2 шт и шнур; массажер токовый от боли в шее; электроды с токами"
144891056,Дополнительная информация,Страна производства,Китай
144891056,Габариты,Высота предмета,14.5 см
144891056,Габариты,Ширина предмета,14.5 см
144891056,Габариты,Глубина предмета,4 см
144891056,Габариты,Вес без упаковки (кг),0.18 кг
144891056,Габариты,Вес с упаковкой (кг),0.2 кг
144891056,Габариты,Длина упаковки,19 см
144891056,Габариты,Высота упаковки,20 см
144891056,Габариты,Ширина упаковки,8 см
261224691,Основная информация,Цвет,черный
261224691,Общие характеристики,Модель,EMS Foot Massager
261224691,Питание,Питание,USB
261224691,Технические особенности,Количество режимов работы,8
261224691,Дополнительная информация,Тип массажера,электроимпульсный
261224691,Дополнительная информация,Зона массажа,ноги; стопы
261224691,Дополнительная информация,Действие,улучшение кровообращения; успокаивающее; снимает усталость
261224691,Дополнительная информация,Доп. опции массажера,электромиостимуляция
261224691,Габариты,Длина упаковки,23 см
261224691,Габариты,Высота упаковки,3 см
261224691,Габариты,Ширина упаковки,15 см
212474514,Основная информация,Цвет,черный
212474514,Дополнительная информация,Комплектация,миостимулятор для пресса; миостимулятор для рук; Электромассажер для тела
212474514,Дополнительная информация,Страна производства,Китай
212474514,Габариты,Высота предмета,3 см
212474514,Габариты,Длина предмета,17 см
212474514,Габариты,Глубина предмета,1 см
212474514,Габариты,Ширина предмета,8 см
212474514,Габариты,Длина упаковки,17 см
212474514,Габариты,Высота упаковки,4 см
212474514,Габариты,Ширина упаковки,12 см
257897064,Основная информация,Цвет,розовый
257897064,Питание,Питание,USB
257897064,Технические особенности,Количество режимов работы,2 режима
257897064,Дополнительная информация,Тип массажера,роликовый
257897064,Дополнительная информация,Зона массажа,голова; плечи; стопы
257897064,Дополнительная информация,Действие,для роста волос; от выпадения волос; улучшение сна
257897064,Дополнительная информация,Мин. продолжительность автономной работы,120 мин
257897064,Дополнительная информация,Доп. опции массажера,вибромассаж
257897064,Дополнительная информация,Количество роликов,4
257897064,Дополнительная информация,Страна производства,Китай
257897064,Габариты,Вес с упаковкой (кг),0.3 кг
257897064,Габариты,Длина упаковки,13 см
257897064,Габариты,Высота упаковки,10 см
257897064,Габариты,Ширина упаковки,12 см
250883588,Основная информация,Цвет,белый
250883588,Общие характеристики,Гарантийный срок,12 мес
250883588,Питание,Питание,USB
250883588,Технические особенности,Количество режимов работы,6
250883588,Дополнительная информация,Зона массажа,голова; плечи; шея
250883588,Дополнительная информация,Действие,расслабляющий эффект; оздоровление; лечение
250883588,Дополнительная информация,Доп. опции массажера,вибромассаж; уменьшает напряжение в мышцах; биотоки
250883588,Дополнительная информация,Комплектация,массажер для шеи и спины; usb; кабель; упаковка; инструкция
250883588,Дополнительная информация,Страна производства,Китай
250883588,Габариты,Высота предмета,5.5 см
250883588,Габариты,Вес без упаковки (кг),0.17 кг
250883588,Габариты,Вес с упаковкой (кг),0.3 кг
250883588,Габариты,Длина упаковки,23 см
250883588,Габариты,Высота упаковки,6 см
250883588,Габариты,Ширина упаковки,21 см
205735096,Основная информация,Цвет,белый
205735096,Общие характеристики,Модель,Импульсивный для шеи; Миостимулятор электрический массажер; Беспроводной
205735096,Питание,Питание,Батарейки
205735096,Технические особенности,Количество режимов работы,6 шт.
205735096,Дополнительная информация,Тип массажера,Для мышц; Импульсный; Роликовый
205735096,Дополнительная информация,Зона массажа,Голова; Лопатки; Шея плечи
205735096,Дополнительная информация,Действие,Расслабляющий эффект; Лечебное; Оздоровительный
205735096,Дополнительная информация,Доп. опции массажера,Вибрация; Биотоки; Уменьшает напряжение в мышцах
205735096,Дополнительная информация,Комплектация,массажер для шеи и плеч электрический; Электроды; Коробка; Батарейки
205735096,Дополнительная информация,Страна производства,Китай
205735096,Габариты,Вес с упаковкой (кг),0.3 кг
205735096,Габариты,Длина упаковки,23 см
205735096,Габариты,Высота упаковки,6 см
205735096,Габариты,Ширина упаковки,21 см
233650763,Основная информация,Цвет,бежевый
233650763,Общие характеристики,Гарантийный срок,14 дней
233650763,Питание,Питание,от аккумулятора
233650763,Технические особенности,Количество режимов работы,2 режима
233650763,Насадки,Количество насадок,1 шт.
233650763,Дополнительная информация,Тип массажера,вибромассажер; роликовый; тепловой
233650763,Дополнительная информация,Зона массажа,спина; тело; шея
233650763,Дополнительная информация,Действие,разогревающее; снятие мышечного напряжения; улучшение кровообращения
233650763,Дополнительная информация,Мин. продолжительность автономной работы,10 мин
233650763,Дополнительная информация,Доп. опции массажера,вибромассаж; функция подогрева
233650763,Дополнительная информация,Количество роликов,6
233650763,Дополнительная информация,Комплектация,массажер-1 шт; инструкция- 1шт; USB-кабель-1 шт
233650763,Дополнительная информация,Страна производства,Китай
233650763,Габариты,Высота предмета,13 см
233650763,Габариты,Ширина предмета,18 см
233650763,Габариты,Глубина предмета,14 см
233650763,Габариты,Длина упаковки,25 см
233650763,Габариты,Высота упаковки,18 см
233650763,Габариты,Ширина упаковки,17 см
260906621,Основная информация,Цвет,черный
260906621,Общие характеристики,Модель,Массажер для ног
260906621,Питание,Питание,USB; от сети; от аккумулятора
260906621,Дополнительная информация,Тип массажера,вибромассажер
260906621,Дополнительная информация,Зона массажа,ноги
260906621,Дополнительная информация,Действие,восстановление; улучшение кровообращения
260906621,Дополнительная информация,Доп. опции массажера,вибромассаж
260906621,Дополнительная информация,Комплектация,пластиковый коврик-1шт.; Модуль управления - 1шт; Пульт управления-1шт.; Шнур питания - 1шт; подарочная упаковка-1шт.
260906621,Дополнительная информация,Страна производства,Китай
260906621,Габариты,Длина упаковки,31 см
260906621,Габариты,Высота упаковки,4 см
260906621,Габариты,Ширина упаковки,29 см
208401564,Основная информация,Цвет,черный
208401564,Общие характеристики,Модель,EMS1
208401564,Питание,Питание,Аккумулятор (встроенный); USB - кабель
208401564,Технические особенности,Количество режимов работы,8 режимов; 19 уровней интенсив
208401564,Дополнительная информация,Тип массажера,постукивающий; электроимпульсный
208401564,Дополнительная информация,Зона массажа,ноги; стопы
208401564,Дополнительная информация,Действие,улучшение метаболизма; укрепление мышц стопы; Снятие усталости
208401564,Дополнительная информация,Мин. продолжительность автономной работы,15 мин
208401564,Дополнительная информация,Доп. опции массажера,массажёр для ног; микротоковый массажер
208401564,Дополнительная информация,Количество роликов,без роликов
208401564,Дополнительная информация,Комплектация,Массажный коврик -1 шт.; блок с аккумулятор -1шт; провод USB-1шт; инструкция-1шт
208401564,Дополнительная информация,Страна производства,Китай
208401564,Габариты,Высота предмета,33 см
208401564,Габариты,Ширина предмета,15 см
208401564,Габариты,Глубина предмета,3 см
208401564,Габариты,Вес без упаковки (кг),0.2 кг
208401564,Габариты,Вес с упаковкой (кг),0.3 кг
208401564,Габариты,Длина упаковки,4 см
208401564,Габариты,Высота упаковки,34 см
208401564,Габариты,Ширина упаковки,16 см
170173598,Основная информация,Цвет,черный
170173598,Общие характеристики,Модель,акупунктурный массажер для ног электрический
170173598,Питание,Питание,USB
170173598,Технические особенности,Количество режимов работы,8
170173598,Дополнительная информация,Тип массажера,вибромассажер; вакуумный; роликовый
170173598,Дополнительная информация,Зона массажа,ноги; руки; стопы
170173598,Дополнительная информация,Действие,восстановление; снятие мышечного напряжения; улучшение кровообращения
170173598,Дополнительная информация,Доп. опции массажера,Регулируемая скорость; Прогрев; микротоки
170173598,Дополнительная информация,Комплектация,Аккумуляторный контроллер - 1 шт Электрический массажер для ног и тела - 1 шт; usb
170173598,Габариты,Высота предмета,4 см
170173598,Габариты,Ширина предмета,21 см
170173598,Габариты,Вес с упаковкой (кг),0.16 кг
170173598,Габариты,Длина упаковки,30 см
170173598,Габариты,Высота упаковки,4 см
170173598,Габариты,Ширина упаковки,21 см
213360742,Основная информация,Цвет,бордовый меланж
213360742,Общие характеристики,Модель,"Массажер для шеи и плеч электрический, импульсный, вибромассажный; Миостимулятор; вибромассажер"
213360742,Питание,Питание,"Встроенная батарея, заряжаемая от USB"
213360742,Технические особенности,Количество режимов работы,4
213360742,Дополнительная информация,Тип массажера,импульсный; электростимуляция; с подогревом
213360742,Дополнительная информация,Зона массажа,"шея, плечи, спина; воротниковая зона; голова"
213360742,Дополнительная информация,Действие,"Улучшает сон и общее самочувствие; расслабляет, снимает усталость и стресс; снимает головную боль"
213360742,Дополнительная информация,Доп. опции массажера,расслабление релакс; миостимуляция; лимфодренажный массажер
213360742,Дополнительная информация,Количество роликов,нет
213360742,Дополнительная информация,Страна производства,Китай
213360742,Габариты,Вес с упаковкой (кг),1 кг
213360742,Габариты,Длина упаковки,19 см
213360742,Габариты,Высота упаковки,4 см
213360742,Габариты,Ширина упаковки,14 см
175777288,Дополнительная информация,Страна производства,Китай
175777288,Дополнительная информация,Комплектация,Миостимулятор лимфодренажный
175777288,Габариты,Длина упаковки,21 см
175777288,Габариты,Высота упаковки,17 см
175777288,Габариты,Ширина упаковки,14 см
165680722,Основная информация,Цвет,белый
165680722,Общие характеристики,Модель,шейный массажер
165680722,Общие характеристики,Гарантийный срок,1 год
165680722,Питание,Питание,от аккумулятора; батарейки не требуются; USB
165680722,Технические особенности,Количество режимов работы,10
165680722,Дополнительная информация,Тип массажера,вибромассажер; тепловой; электроимпульсный
165680722,Дополнительная информация,Зона массажа,спина; шея; голова
165680722,Дополнительная информация,Действие,от боли в спине; от головной боли; от напряжения в мышцах
165680722,Дополнительная информация,Мин. продолжительность автономной работы,15 мин
165680722,Дополнительная информация,Доп. опции массажера,с подогревом; электрический; миостимулятор ems
165680722,Дополнительная информация,Комплектация,Массажер электрический - 1 шт.; USB кабель - 1 шт.; пульт - 1 шт.; Инструкция на русском языке
165680722,Дополнительная информация,Страна производства,Китай
165680722,Габариты,Высота предмета,4.5 см
165680722,Габариты,Ширина предмета,13 см
165680722,Габариты,Глубина предмета,10 см
165680722,Габариты,Вес без упаковки (кг),0.11 кг
165680722,Габариты,Вес с упаковкой (кг),0.37 кг
165680722,Габариты,Длина упаковки,23 см
165680722,Габариты,Высота упаковки,9 см
165680722,Габариты,Ширина упаковки,16 см
160887429,Основная информация,Цвет,черный
160887429,Дополнительная информация,Модель тренажера,"6 PACK EMS; для пресса; для рук, для ног"
160887429,Дополнительная информация,Система нагрузки,"электромагнитная; импульсная; механическая, комплексная"
160887429,Дополнительная информация,Комплектация,Накладка для пресса - 1 шт.; пульт управления - 1 шт.; Инструкция - 1 шт.
160887429,Дополнительная информация,Страна производства,Китай
160887429,Габариты,Высота предмета,3 см
160887429,Габариты,Длина предмета,19 см
160887429,Габариты,Ширина предмета,17 см
160887429,Габариты,Длина упаковки,30 см
160887429,Габариты,Высота упаковки,3 см
160887429,Габариты,Ширина упаковки,19 см
212474512,Основная информация,Цвет,черный
212474512,Дополнительная информация,Комплектация,миостимулятор для пресса; миостимулятор для рук; 3 пульта управления
212474512,Дополнительная информация,Страна производства,Китай
212474512,Габариты,Высота предмета,1 см
212474512,Габариты,Длина предмета,20 см
212474512,Габариты,Глубина предмета,1 см
212474512,Габариты,Ширина предмета,10 см
212474512,Габариты,Длина упаковки,22 см
212474512,Габариты,Высота упаковки,3 см
212474512,Габариты,Ширина упаковки,20 см
222186417,Основная информация,Цвет,серый
222186417,Общие характеристики,Модель,JT-88
222186417,Питание,Питание,от аккумулятора; USB; от прикуривателя автомобиля
222186417,Технические особенности,Количество режимов работы,6 шт
222186417,Дополнительная информация,Тип массажера,вибромассажер; электроимпульсный; тепловой
222186417,Дополнительная информация,Зона массажа,шея; плечи; тело
222186417,Дополнительная информация,Действие,Электроимпульсный массаж; Инфракрасный тепловой нагрев мышц; Механическое воздействие на мышцы и оздоровление
222186417,Дополнительная информация,Доп. опции массажера,вибромассаж; инфракрасный излучатель; импульсный массаж
222186417,Дополнительная информация,Количество роликов,5 вибрационных головок; 4 электроимпульсные насадки; 1 ик-элемент нагрева
222186417,Дополнительная информация,Комплектация,Массажер - 1 шт; Кабель питания - 1 шт; Инструкция - 1 шт
222186417,Дополнительная информация,Страна производства,Китай
222186417,Габариты,Длина упаковки,18 см
222186417,Габариты,Высота упаковки,10 см
222186417,Габариты,Ширина упаковки,15 см
362480794,Основная информация,Цвет,черный
362480794,Общие характеристики,Модель,электростимуляция
362480794,Питание,Питание,от аккумулятора
362480794,Технические особенности,Количество режимов работы,8 режимов; 29 уровней интенсивности
362480794,Дополнительная информация,Тип массажера,электроимпульсный
362480794,Дополнительная информация,Зона массажа,для ног; для рук
362480794,Дополнительная информация,Форма массажера,манжета
362480794,Дополнительная информация,Действие,восстановление; улучшение кровообращения; реабилитация после инсульта
362480794,Дополнительная информация,Мин. продолжительность автономной работы,30 мин
362480794,Дополнительная информация,Доп. опции массажера,реабилитация после травм
362480794,Дополнительная информация,Комплектация,массажер 1 шт; Ремень 1 шт; удлинитель ремня 1 шт; Диспенсер 1 шт; Кабель зарядки 1 шт; блок зарядки 1 шт; мячик в подарок 1 шт; силовая резинка в подарок
362480794,Дополнительная информация,Страна производства,Китай
362480794,Габариты,Высота предмета,2 см
362480794,Габариты,Ширина предмета,10 см
362480794,Габариты,Глубина предмета,60 см
362480794,Габариты,Вес без упаковки (кг),0.2 кг
362480794,Габариты,Вес с упаковкой (кг),0.25 кг
362480794,Габариты,Длина упаковки,29 см
362480794,Габариты,Высота упаковки,7 см
362480794,Габариты,Ширина упаковки,18 см
192004679,Основная информация,Цвет,розовый
192004679,Общие характеристики,Модель,роликовый
192004679,Питание,Питание,от аккумулятора; USB
192004679,Технические особенности,Количество режимов работы,5
192004679,Дополнительная информация,Тип массажера,роликовый; электроимпульсный; вибромассажер
192004679,Дополнительная информация,Зона массажа,лицо; тело; шея
192004679,Дополнительная информация,Действие,лифтинг; коррекция фигуры; снятие отечности
192004679,Дополнительная информация,Доп. опции массажера,функция подогрева; электромиостимуляция; вибромассаж
192004679,Дополнительная информация,Количество роликов,2
192004679,Дополнительная информация,Комплектация,Массажер - 1 шт; мешочек для хранения - 1 шт; USB провод - 1 шт
192004679,Дополнительная информация,Страна производства,Китай
192004679,Габариты,Высота предмета,12 см
192004679,Габариты,Ширина предмета,9 см
192004679,Габариты,Глубина предмета,1.5 см
192004679,Габариты,Вес с упаковкой (кг),0.2 кг
192004679,Габариты,Длина упаковки,18 см
192004679,Габариты,Высота упаковки,7 см
192004679,Габариты,Ширина упаковки,15 см
195627741,Основная информация,Цвет,черный
195627741,Общие характеристики,Количество предметов в упаковке,1 шт.
195627741,Дополнительная информация,Зона массажа,ноги; стопы; пятки
195627741,Дополнительная информация,Действие,улучшение кровообращения; успокаивающее
261224725,Основная информация,Цвет,черный
261224725,Общие характеристики,Модель,EMS Foot Massager
261224725,Питание,Питание,USB
261224725,Технические особенности,Количество режимов работы,8
261224725,Дополнительная информация,Тип массажера,электроимпульсный
261224725,Дополнительная информация,Зона массажа,ноги; стопы
261224725,Дополнительная информация,Действие,улучшение кровообращения; успокаивающее; снимает усталость
261224725,Дополнительная информация,Доп. опции массажера,электромиостимуляция
261224725,Габариты,Длина упаковки,23 см
261224725,Габариты,Высота упаковки,3 см
261224725,Габариты,Ширина упаковки,15 см
209347158,Основная информация,Цвет,белый
209347158,Общие характеристики,Модель,"массажер для шеи электрический импульсный миостимулятор; электромассажер для шеи спины плечи тела головы; электростимулятор мышц, подарок"
209347158,Общие характеристики,Гарантийный срок,12 месяцев; 1 год; 365 дней
209347158,Питание,Питание,USB провод; от аккумулятора; Беспроводной
209347158,Технические особенности,Количество режимов работы,6 шт.
209347158,Дополнительная информация,Тип массажера,электромассажер; электрический; Лимфодренажный
209347158,Дополнительная информация,Зона массажа,шея; плечи; воротниковая зона
209347158,Дополнительная информация,Действие,Расслабление; антистресс; оздоровление
209347158,Дополнительная информация,Доп. опции массажера,Регулируемая мощность; 6 режимов работы; электромиостимуляция
209347158,Дополнительная информация,Комплектация,Электромассажер - 1шт; USB провод - 1шт; Инструкция на русском языке - 1шт
209347158,Дополнительная информация,Страна производства,Китай
209347158,Габариты,Высота предмета,17 см
209347158,Габариты,Ширина предмета,17 см
209347158,Габариты,Глубина предмета,18 см
209347158,Габариты,Вес без упаковки (кг),0.2 кг
209347158,Габариты,Вес с упаковкой (кг),0.4 кг
209347158,Габариты,Длина упаковки,19 см
209347158,Габариты,Высота упаковки,18 см
209347158,Габариты,Ширина упаковки,9 см
159759869,Основная информация,Цвет,черничный
159759869,Общие характеристики,Модель,"Портативный мини-массажер для тела, миостимулятор"
159759869,Питание,Питание,USB зарядка
159759869,Технические особенности,Количество режимов работы,8
159759869,Дополнительная информация,Тип массажера,Массажная наклейка
159759869,Дополнительная информация,Зона массажа,все тело
159759869,Дополнительная информация,Действие,Массаж
159759869,Дополнительная информация,Доп. опции массажера,многофункциональный
159759869,Дополнительная информация,Количество роликов,1
159759869,Дополнительная информация,Страна производства,Китай
159759869,Габариты,Вес с упаковкой (кг),0.7 кг
159759869,Габариты,Длина упаковки,20 см
159759869,Габариты,Высота упаковки,2 см
159759869,Габариты,Ширина упаковки,4 см
264415389,Основная информация,Цвет,черный
264415389,Общие характеристики,Количество предметов в упаковке,1 шт.
264415389,Дополнительная информация,Зона массажа,ноги; стопы; пятки
264415389,Дополнительная информация,Действие,улучшение кровообращения; успокаивающее
156968410,Основная информация,Цвет,белый
156968410,Общие характеристики,Модель,массажер от целлюлита
156968410,Питание,Питание,USB; от аккумулятора
156968410,Технические особенности,Количество режимов работы,9
156968410,Насадки,Количество насадок,2 шт.
156968410,Дополнительная информация,Тип массажера,вакуумный; Антицеллюлитный; Лимфодренажный
156968410,Дополнительная информация,Зона массажа,тело; бедра; живот
156968410,Дополнительная информация,Действие,Лимфодренажный массаж; Антицеллюлитный массаж; Массаж от отеков
156968410,Дополнительная информация,Доп. опции массажера,вибромассаж; лимфодренаж; омоложение кожи от отеков и от растяжек для коррекции фигуры
156968410,Дополнительная информация,Комплектация,2 насадки; Зарядный провод Type-C - 1 шт; Вакуумный массажер - 1 шт
156968410,Габариты,Вес с упаковкой (кг),0.9 кг
156968410,Габариты,Длина упаковки,18 см
156968410,Габариты,Высота упаковки,18 см
156968410,Габариты,Ширина упаковки,9 см
266565943,Основная информация,Цвет,черный
266565943,Общие характеристики,Модель,H5
266565943,Материалы,Материал корпуса,ABS
266565943,Дополнительная информация,Назначение косметического прибора,мезотерапия; увлажнение; омоложение кожи
266565943,Дополнительная информация,Вид воздействия,электромиостимуляция; ems; микротоки
266565943,Дополнительная информация,Область применения,для всего тела; для кожи головы; для лица
266565943,Дополнительная информация,Возрастные ограничения,18+
266565943,Дополнительная информация,Противопоказания,ОРВИ; детский возраст; кардиостимулятор
266565943,Дополнительная информация,Комплектация,коробка; индукционная подставка; гидропен H5; зарядный кабель; адаптер питания; инструкция по применению; удерживающее кольцо - 2 шт; картридж на 12 игл -2 шт
266565943,Дополнительная информация,Страна производства,Китай
266565943,Габариты,Вес товара с упаковкой (г),655 г
266565943,Габариты,Длина упаковки,19 см
266565943,Габариты,Высота упаковки,8 см
266565943,Габариты,Ширина упаковки,15 см
273470050,Основная информация,Цвет,черный матовый
367423060,Основная информация,Цвет,белый; металл
367423060,Общие характеристики,Модель,аппарат для подтяжки лица
367423060,Общие характеристики,Гарантийный срок,1 год
367423060,Питание,Питание,от аккумулятора
367423060,Технические особенности,Мощность устройства (Вт),1.9 Вт
367423060,Материалы,Материал корпуса,"металл, пластик"
367423060,Дополнительная информация,Назначение косметического прибора,омоложение; лифтинг; массаж лица
367423060,Дополнительная информация,Возрастные ограничения,18+
367423060,Дополнительная информация,Противопоказания,беременность
367423060,Дополнительная информация,Комплектация,кабель usb; ems массажер для глаз; Инструкция на русском языке
367423060,Дополнительная информация,Страна производства,Китай
367423060,Габариты,Высота предмета,15.8 см
367423060,Габариты,Ширина предмета,3.2 см
367423060,Габариты,Глубина предмета,2.5 см
367423060,Габариты,Диаметр предмета,1.5 см
367423060,Габариты,Вес товара с упаковкой (г),250 г
367423060,Габариты,Длина упаковки,21 см
367423060,Габариты,Высота упаковки,4 см
367423060,Габариты,Ширина упаковки,11 см
233066882,Основная информация,Цвет,белый
233066882,Общие характеристики,Количество предметов в упаковке,3 шт.
233066882,Материалы,Материал изделия,abs-пластик
233066882,Дополнительная информация,Зона массажа,лицо; шея; зона вокруг глаз
233066882,Дополнительная информация,Действие,снятие отечности; против морщин; лифтинг
233066882,Дополнительная информация,Страна производства,Китай
233066882,Дополнительная информация,Комплектация,Массажер - 1 шт.; Зарядное устройство - 1 шт.; Инструкция на русском языке; гарантийный талон
233066882,Габариты,Высота предмета,8 см
233066882,Габариты,Вес товара с упаковкой (г),300 г
233066882,Габариты,Длина упаковки,15 см
233066882,Габариты,Высота упаковки,10 см
233066882,Габариты,Ширина упаковки,10 см
433664040,Основная информация,Цвет,черный
433664040,Общие характеристики,Модель,Тренажер
433664040,Питание,Питание,от сети
433664040,Технические особенности,Количество режимов работы,99 режимов
433664040,Дополнительная информация,Тип массажера,вибрационный; комбинированный
433664040,Дополнительная информация,Зона массажа,руки; спина; тело
433664040,Дополнительная информация,Форма массажера,напольная платформа
433664040,Дополнительная информация,Действие,снятие мышечного напряжения; восстановление; коррекция фигуры
433664040,Дополнительная информация,Мин. продолжительность автономной работы,15 мин
433664040,Дополнительная информация,Доп. опции массажера,пульт ДУ; регулировка скорости; Bluetooth подключение
433664040,Дополнительная информация,Комплектация,Виброплатформа - 1 шт.; эспандер - 2 шт.; Пульт ДУ - 1 шт.; Шнур питания - 1 шт.; Инструкция на русском языке
433664040,Дополнительная информация,Страна производства,Китай
433664040,Габариты,Высота предмета,13 см
433664040,Габариты,Ширина предмета,53 см
433664040,Габариты,Глубина предмета,32 см
433664040,Габариты,Вес без упаковки (кг),8 кг
433664040,Габариты,Вес с упаковкой (кг),9 кг
433664040,Габариты,Длина упаковки,65 см
433664040,Габариты,Высота упаковки,15 см
433664040,Габариты,Ширина упаковки,40 см
375610022,Основная информация,Цвет,жемчужный; жемчужно-белый; белый
375610022,Общие характеристики,Модель,MA0255
375610022,Питание,Питание,от аккумулятора
375610022,Дополнительная информация,Тип массажера,электроимпульсный
375610022,Дополнительная информация,Зона массажа,лицо; зона вокруг глаз
375610022,Дополнительная информация,Форма массажера,ручной электромассажер
375610022,Дополнительная информация,Действие,лифтинг; тонизирование; улучшение кровообращения
375610022,Дополнительная информация,Доп. опции массажера,таймер; индикация включения
375610022,Дополнительная информация,Комплектация,массажер-1шт; кабель_1шт; Коробка-1шт
375610022,Дополнительная информация,Страна производства,Китай
375610022,Габариты,Высота предмета,10 см
375610022,Габариты,Ширина предмета,6.5 см
375610022,Габариты,Вес с упаковкой (кг),0.34 кг
375610022,Габариты,Длина упаковки,14 см
375610022,Габариты,Высота упаковки,14 см
375610022,Габариты,Ширина упаковки,5 см
160487628,Основная информация,Цвет,белый; серый
160487628,Общие характеристики,Модель,1906
160487628,Общие характеристики,Гарантийный срок,1 год
160487628,Питание,Питание,Встроенный аккумулятор
160487628,Технические особенности,Количество режимов работы,6 режимов работы; 2 тепловых режима; электромассажер
160487628,Дополнительная информация,Тип массажера,вибромассажер; импульсный электрический массажер; массажер электрический для тела шиацу
160487628,Дополнительная информация,Зона массажа,"массажер для шеи, плеч и спины; массажер для головы и тела; Электроимпульсный массажер шейных позвонков"
160487628,Дополнительная информация,Действие,"массажер для тела, для спины, для шеи; снятие стресса; физиотерапевтическое устройство"
160487628,Дополнительная информация,Мин. продолжительность автономной работы,15 мин
160487628,Дополнительная информация,Доп. опции массажера,пистолет для массажа; вибромассаж; миостимулятор для тела
160487628,Дополнительная информация,Количество роликов,2
160487628,Дополнительная информация,Комплектация,Массажер электронный - 1шт; коробка; Гарантийный талон - 1 шт; USB - шнур 1шт.
160487628,Дополнительная информация,Страна производства,Китай
160487628,Габариты,Высота предмета,4.5 см
160487628,Габариты,Ширина предмета,18.5 см
160487628,Габариты,Вес без упаковки (кг),0.2 кг
160487628,Габариты,Вес с упаковкой (кг),0.3 кг
160487628,Габариты,Длина упаковки,20 см
160487628,Габариты,Высота упаковки,6 см
160487628,Габариты,Ширина упаковки,20 см
160301381,Основная информация,Цвет,черный; серый; черный кристалл; стальной графит
160301381,Общие характеристики,Модель,157
160301381,Общие характеристики,Гарантийный срок,14 дней
160301381,Питание,Питание,USB; от аккумулятора
160301381,Технические особенности,Количество режимов работы,6 режимов; 9 уровней
160301381,Дополнительная информация,Тип массажера,электроимпульсный; магнитный; тепловой
160301381,Дополнительная информация,Зона массажа,ноги; стопы; руки
160301381,Дополнительная информация,Действие,успокаивающее; восстановление; снятие мышечного напряжения
160301381,Дополнительная информация,Мин. продолжительность автономной работы,15 мин
160301381,Дополнительная информация,Доп. опции массажера,ультразвуковой массаж; электромиостимуляция; эффект иглоукалывания
160301381,Дополнительная информация,Количество роликов,без роликов
160301381,Дополнительная информация,Комплектация,базовая комплектация; массажер-1шт
160301381,Дополнительная информация,Страна производства,Китай
160301381,Дополнительная информация,Срок эксплуатации,бессрочно
160301381,Габариты,Высота предмета,3 см
160301381,Габариты,Ширина предмета,29 см
160301381,Габариты,Глубина предмета,0.5 см
160301381,Габариты,Вес без упаковки (кг),0.2 кг
160301381,Габариты,Вес с упаковкой (кг),0.3 кг
160301381,Габариты,Длина упаковки,32 см
160301381,Габариты,Высота упаковки,3 см
160301381,Габариты,Ширина упаковки,29 см
260982432,Основная информация,Цвет,белый; черный
260982432,Общие характеристики,Модель,Микротоки для лица
260982432,Общие характеристики,Гарантийный срок,3 года
260982432,Питание,Питание,от аккумулятора
260982432,Технические особенности,Количество режимов работы,5 режимов
260982432,Дополнительная информация,Тип массажера,вибромассажер; электроимпульсный; тепловой
260982432,Дополнительная информация,Зона массажа,бедра; живот; ноги
260982432,Дополнительная информация,Действие,восстановление; улучшение кровообращения; упругость
260982432,Дополнительная информация,Мин. продолжительность автономной работы,60 мин
260982432,Дополнительная информация,Доп. опции массажера,функция подогрева; электромиостимуляция; подтяжка лица
260982432,Дополнительная информация,Комплектация,Космтетологический аппарат; подставка; USB кабель
260982432,Дополнительная информация,Страна производства,Китай
260982432,Габариты,Вес с упаковкой (кг),0.38 кг
260982432,Габариты,Длина упаковки,8 см
260982432,Габариты,Высота упаковки,11 см
260982432,Габариты,Ширина упаковки,22 см
160424864,Дополнительная информация,Действие,эластичность
160424864,Дополнительная информация,Страна производства,Китай
160424864,Габариты,Вес с упаковкой (кг),2 кг
160424864,Габариты,Длина упаковки,21 см
160424864,Габариты,Высота упаковки,41 см
160424864,Габариты,Ширина упаковки,18 см
257897065,Основная информация,Цвет,бело-серый
257897065,Питание,Питание,USB
257897065,Технические особенности,Количество режимов работы,2 режима
257897065,Дополнительная информация,Тип массажера,роликовый
257897065,Дополнительная информация,Зона массажа,голова; плечи; стопы
257897065,Дополнительная информация,Действие,для роста волос; от выпадения волос; улучшение сна
257897065,Дополнительная информация,Мин. продолжительность автономной работы,120 мин
257897065,Дополнительная информация,Доп. опции массажера,вибромассаж
257897065,Дополнительная информация,Количество роликов,4
257897065,Дополнительная информация,Страна производства,Китай
257897065,Габариты,Вес с упаковкой (кг),0.3 кг
257897065,Габариты,Длина упаковки,13 см
257897065,Габариты,Высота упаковки,10 см
257897065,Габариты,Ширина упаковки,12 см
195992623,Общие характеристики,Модель,аппарат
195992623,Общие характеристики,Гарантийный срок,12 месяцев
195992623,Питание,Питание,Батарейки АА (4шт).
195992623,Материалы,Материал корпуса,Пластик ударопрочный
195992623,Дополнительная информация,Противопоказания,"кровотечения, онкология, гипертония 2Б-3стадии,; кардиостимулятор, беременность, эпилепсия,; металлические импланты в области воздействия"
195992623,Дополнительная информация,Комплектация,Элемент питания АА-4шт; Чехол для хранения аппарата-1шт; Электростимулятор Тренажер Маркелова-1шт; Инструкция по применению на 65 страницах с гарантийным талоном-1шт; Отвертка-1шт
195992623,Дополнительная информация,Страна производства,Россия
195992623,Габариты,Вес товара без упаковки (г),235 г
195992623,Габариты,Вес товара с упаковкой (г),580 г
195992623,Габариты,Длина упаковки,23 см
195992623,Габариты,Высота упаковки,4 см
195992623,Габариты,Ширина упаковки,15 см
195992623,Документы,Регистрационное удостоверение РФ,ФСР 2011/11334
416407275,Основная информация,Цвет,черный; серый; красный; синий; зеленый
416407275,Общие характеристики,Гарантийный срок,1 год
416407275,Питание,Питание,от аккумулятора
416407275,Технические особенности,Количество режимов работы,6 режимов
416407275,Насадки,Количество насадок,6 шт.
416407275,Дополнительная информация,Действие,восстановление; питание
416407275,Дополнительная информация,Мин. продолжительность автономной работы,480 мин
416407275,Габариты,Вес с упаковкой (кг),9 кг
416407275,Габариты,Длина упаковки,21 см
416407275,Габариты,Высота упаковки,6 см
416407275,Габариты,Ширина упаковки,26 см
279956239,Основная информация,Цвет,белый
279956239,Питание,Питание,от аккумулятора
279956239,Технические особенности,Количество режимов работы,7
279956239,Насадки,Количество насадок,1 шт.
279956239,Дополнительная информация,Тип массажера,вибромассажер; электроимпульсный; тепловой
279956239,Дополнительная информация,Зона массажа,лицо; шея; зона вокруг глаз
279956239,Дополнительная информация,Действие,против морщин; снятие отечности; омолаживание
279956239,Дополнительная информация,Мин. продолжительность автономной работы,70 мин
279956239,Дополнительная информация,Доп. опции массажера,электромиостимуляция; ионофорез; вибромассаж
279956239,Дополнительная информация,Комплектация,массажер; USB; подставка; кольцо; инструкция на русском языке
279956239,Дополнительная информация,Страна производства,Китай
279956239,Габариты,Высота предмета,17.5 см
279956239,Габариты,Ширина предмета,6.5 см
279956239,Габариты,Глубина предмета,6 см
279956239,Габариты,Длина упаковки,20 см
279956239,Габариты,Высота упаковки,8 см
279956239,Габариты,Ширина упаковки,15 см
266566716,Основная информация,Цвет,черный
266566716,Общие характеристики,Модель,H5 Gold
266566716,Материалы,Материал корпуса,abs-пластик
266566716,Дополнительная информация,Назначение косметического прибора,массаж; мезотерапия; омоложение кожи
266566716,Дополнительная информация,Вид воздействия,микротоки; емс; микронидлинг
266566716,Дополнительная информация,Область применения,для всего тела; для кожи головы; для лица
266566716,Дополнительная информация,Возрастные ограничения,18+
266566716,Дополнительная информация,Противопоказания,ОРВИ; воспалительные процессы; онкозаболевания
266566716,Дополнительная информация,Комплектация,индукционная подставка; гидропен H5; коробка; зарядный кабель; адаптер; инструкция по использованию; удерживающее кольцо - 2 шт; картридж 12 игл - 2 шт
266566716,Дополнительная информация,Страна производства,Китай
266566716,Габариты,Вес товара с упаковкой (г),655 г
266566716,Габариты,Длина упаковки,19 см
266566716,Габариты,Высота упаковки,8 см
266566716,Габариты,Ширина упаковки,15 см
165415885,Основная информация,Цвет,черный; синий
165415885,Дополнительная информация,Модель тренажера,фитнес; спортивный; складной
165415885,Дополнительная информация,Система нагрузки,электромагнитная
165415885,Дополнительная информация,Комплектация,тренажер; USB кабель
165415885,Дополнительная информация,Страна производства,Китай
165415885,Габариты,Длина упаковки,16 см
165415885,Габариты,Высота упаковки,2 см
165415885,Габариты,Ширина упаковки,8 см
178785530,Основная информация,Цвет,белый
178785530,Общие характеристики,Количество предметов в упаковке,7
178785530,Материалы,Материал изделия,пластик; точечный аппарат; электромиостимуляция
178785530,Дополнительная информация,Зона массажа,лицо; тело; ноги
178785530,Дополнительная информация,Действие,массажер для тела; акупунктура; Точечный массаж всего тела
178785530,Дополнительная информация,Страна производства,Китай
178785530,Дополнительная информация,Комплектация,5 насадок; косметический массажный аппарат; USB кабель для зарядки; массажёр для лица электрический; массажер для лица; массажеры; электроимпульсный; электромассаж; миостимулятор для лица; для любимой мамы; новогодний подарок; Акупунктурный массаж
178785530,Габариты,Ширина предмета,3 см
178785530,Габариты,Высота предмета,3 см
178785530,Габариты,Вес товара с упаковкой (г),100 г
178785530,Габариты,Длина упаковки,22 см
178785530,Габариты,Высота упаковки,3 см
178785530,Габариты,Ширина упаковки,8 см
219809298,Основная информация,Цвет,розовый
219809298,Общие характеристики,Модель,LED терапия
219809298,Питание,Питание,от аккумулятора
219809298,Материалы,Материал корпуса,abs-пластик
219809298,Дополнительная информация,Назначение косметического прибора,омоложение кожи; массаж; лимфодренаж
219809298,Дополнительная информация,Вид воздействия,микротоки
219809298,Дополнительная информация,Область применения,для лица; для тела; для шеи
219809298,Дополнительная информация,Возрастные ограничения,18 +; для взрослых
219809298,Дополнительная информация,Противопоказания,аллергическая реакция; беременность; воспалительные процессы
219809298,Дополнительная информация,Комплектация,массажер 1 шт; кабель для зарядки 1 шт; руководство пользователя; гарантийный талон
219809298,Дополнительная информация,Страна производства,Китай
219809298,Габариты,Ширина предмета,5 см
219809298,Габариты,Вес товара с упаковкой (г),200 г
219809298,Габариты,Длина упаковки,16 см
219809298,Габариты,Высота упаковки,13 см
219809298,Габариты,Ширина упаковки,3 см
215605204,Основная информация,Цвет,черный
215605204,Питание,Питание,от батареек
215605204,Технические особенности,Количество режимов работы,4 шт.
215605204,Дополнительная информация,Зона массажа,ягодицы
215605204,Дополнительная информация,Действие,укрепление
215605204,Дополнительная информация,Доп. опции массажера,электромиостимуляция
215605204,Габариты,Длина упаковки,23 см
215605204,Габариты,Высота упаковки,20 см
215605204,Габариты,Ширина упаковки,3 см
176739984,Питание,Питание,батарейки в комплекте
176739984,Дополнительная информация,Тип массажера,импульсный; Миостимулятор для мышц; электрический массажер
176739984,Дополнительная информация,Действие,снятие мышечного напряжения; улучшение кровообращения
176739984,Дополнительная информация,Страна производства,Китай
176739984,Габариты,Высота предмета,12 см
176739984,Габариты,Вес без упаковки (кг),0.3 кг
176739984,Габариты,Вес с упаковкой (кг),0.4 кг
176739984,Габариты,Длина упаковки,23 см
176739984,Габариты,Высота упаковки,6 см
176739984,Габариты,Ширина упаковки,21 см
17796422,Основная информация,Цвет,белый; золотистый
17796422,Общие характеристики,Количество предметов в упаковке,1 шт
17796422,Материалы,Материал изделия,пластик
17796422,Дополнительная информация,Зона массажа,лицо; шея; зона вокруг глаз
17796422,Дополнительная информация,Действие,лифтинг; против морщин; роллер для лица
17796422,Дополнительная информация,Страна производства,Китай
17796422,Дополнительная информация,Комплектация,Инструкция на русском языке; гарантийный талон на русском языке; Type-C - USB Кабель для зарядки; Массажер электрический для лица; Тканевый чехол для хранения
17796422,Габариты,Ширина предмета,10 см
17796422,Габариты,Высота предмета,13 см
17796422,Габариты,Вес товара с упаковкой (г),710 г
17796422,Габариты,Длина упаковки,21 см
17796422,Габариты,Высота упаковки,12 см
17796422,Габариты,Ширина упаковки,13 см
316907379,Основная информация,Цвет,розовый; черный
316907379,Общие характеристики,Модель,Массажер для тела электрический
316907379,Питание,Питание,от сети
316907379,Технические особенности,Количество режимов работы,3 режима
316907379,Дополнительная информация,Тип массажера,вибромассажер; миостимулятор; электроимпульсный
316907379,Дополнительная информация,Зона массажа,бедра; живот; тело
316907379,Дополнительная информация,Форма массажера,пояс
316907379,Дополнительная информация,Действие,Стимуляция мышц; Антицеллюлитный массаж; коррекция фигуры
316907379,Дополнительная информация,Доп. опции массажера,микротоковый; импульсный; вибрационный
316907379,Дополнительная информация,Комплектация,Миостимулятор для тела; Пояс для фиксации массажера; usb провод для зарядки; Инструкция
316907379,Габариты,Вес с упаковкой (кг),0.9 кг
316907379,Габариты,Длина упаковки,13 см
316907379,Габариты,Высота упаковки,5 см
316907379,Габариты,Ширина упаковки,23 см
367500997,Основная информация,Цвет,белый
367500997,Общие характеристики,Модель,косметический аппарат
367500997,Питание,Питание,от аккумулятора
367500997,Технические особенности,Количество режимов работы,7 режимов
367500997,Дополнительная информация,Тип массажера,вибромассажер; электроимпульсный; тепловой
367500997,Дополнительная информация,Зона массажа,лицо; зона вокруг глаз; шея
367500997,Дополнительная информация,Действие,против морщин; снятие отечности; очищение
367500997,Дополнительная информация,Мин. продолжительность автономной работы,60 мин
367500997,Дополнительная информация,Доп. опции массажера,вибромассаж; электромиостимуляция; ионофорез
367500997,Дополнительная информация,Комплектация,Массажер - 1 шт; Подставка - 1 шт; USB кабель - 1 шт; кольцо для закрепления - 1шт; Инструкция - 1 шт; Подарочная упаковка - 1 шт
367500997,Габариты,Вес с упаковкой (кг),0.2 кг
367500997,Габариты,Длина упаковки,19 см
367500997,Габариты,Высота упаковки,12 см
367500997,Габариты,Ширина упаковки,7 см
221907836,Основная информация,Цвет,белый; серебристый
221907836,Общие характеристики,Модель,001
221907836,Общие характеристики,Гарантийный срок,1 год
221907836,Питание,Питание,USB; от аккумулятора; от прикуривателя автомобиля
221907836,Технические особенности,Количество режимов работы,6 режимов массажа; 9 уровней интенсивности миостимуляции; 6 головок для равномерной процедуры
221907836,Насадки,Количество насадок,6 шт.
221907836,Дополнительная информация,Тип массажера,электроимпульсный; тепловой; электровибромассажер
221907836,Дополнительная информация,Зона массажа,шея и плечи; шейный отдел позвоночника; шейный массажер
221907836,Дополнительная информация,Действие,релаксация и улучшение сна; импульсная миостимуляция тела; СПА массаж
221907836,Дополнительная информация,Доп. опции массажера,Теплый компресс; эффект иглоукалывания; инфракрасный и тепловой нагрев мышц
221907836,Дополнительная информация,Количество роликов,6 электроимпульсных массажных головок
221907836,Дополнительная информация,Комплектация,массажер; Инструкция; кабель для зарядки; подарочная коробка
221907836,Дополнительная информация,Страна производства,Китай
221907836,Габариты,Высота предмета,4 см
221907836,Габариты,Ширина предмета,15 см
221907836,Габариты,Глубина предмета,15 см
221907836,Габариты,Вес без упаковки (кг),0.3 кг
221907836,Габариты,Вес с упаковкой (кг),0.4 кг
221907836,Габариты,Длина упаковки,20 см
221907836,Габариты,Высота упаковки,6 см
221907836,Габариты,Ширина упаковки,20 см
375587245,Основная информация,Цвет,белый бриллиант; белый; белый глянец; слоновая кость; кремовый
375587245,Общие характеристики,Модель,001
375587245,Питание,Питание,от аккумулятора
375587245,Технические особенности,Количество режимов работы,1 режим
375587245,Насадки,Количество насадок,1 шт.
375587245,Дополнительная информация,Тип массажера,электроимпульсный
375587245,Дополнительная информация,Зона массажа,лицо; зона вокруг глаз; шея
375587245,Дополнительная информация,Форма массажера,ручной электромассажер
375587245,Дополнительная информация,Действие,лифтинг; моделирование; омолаживание
375587245,Дополнительная информация,Доп. опции массажера,автовыключение; индикация включения; индикация уровня заряда
375587245,Дополнительная информация,Комплектация,массажер; инструкция; кабель для зарядки; Мешочек-чехол
375587245,Дополнительная информация,Страна производства,Китай
375587245,Габариты,Высота предмета,10 см
375587245,Габариты,Ширина предмета,6.5 см
375587245,Габариты,Вес с упаковкой (кг),0.33 кг
375587245,Габариты,Длина упаковки,14 см
375587245,Габариты,Высота упаковки,14 см
375587245,Габариты,Ширина упаковки,5 см
321527395,Основная информация,Цвет,белый; черный
321527395,Общие характеристики,Модель,"rf-лифтинг микротоковый, косметический аппарат"
321527395,Общие характеристики,Гарантийный срок,1 год
321527395,Питание,Питание,от аккумулятора; безпроводной
321527395,Технические особенности,Количество режимов работы,7 режимов
321527395,Насадки,Количество насадок,1 шт.
321527395,Дополнительная информация,Тип массажера,вибромассажер; тепловой; электроимпульсный
321527395,Дополнительная информация,Зона массажа,лицо; шея; зона вокруг глаз
321527395,Дополнительная информация,Форма массажера,ручной электромассажер
321527395,Дополнительная информация,Действие,лифтинг; против морщин; очищение
321527395,Дополнительная информация,Мин. продолжительность автономной работы,60 мин
321527395,Дополнительная информация,Доп. опции массажера,ионофорез; электромиостимуляция; вибромассаж
321527395,Дополнительная информация,Комплектация,массажер-1шт; подставка-1шт; USB-кабель-1шт; кольцо для очищения-1шт; инструкция на русском языке-1шт
321527395,Дополнительная информация,Страна производства,Китай
321527395,Габариты,Высота предмета,17.5 см
321527395,Габариты,Ширина предмета,6.5 см
321527395,Габариты,Глубина предмета,6 см
321527395,Габариты,Длина упаковки,19 см
321527395,Габариты,Высота упаковки,6 см
321527395,Габариты,Ширина упаковки,12 см
253733544,Основная информация,Цвет,серый
253733544,Общие характеристики,Модель,массажер - воротник
253733544,Питание,Питание,USB; от аккумулятора
253733544,Технические особенности,Количество режимов работы,3 режима
253733544,Насадки,Количество насадок,1 шт.
253733544,Дополнительная информация,Тип массажера,вибромассажер; роликовый; тепловой
253733544,Дополнительная информация,Зона массажа,плечи; шея; спина
253733544,Дополнительная информация,Действие,противовоспалительное; разогревающее; снятие мышечного напряжения
253733544,Дополнительная информация,Мин. продолжительность автономной работы,10 мин
253733544,Дополнительная информация,Доп. опции массажера,вибромассаж; поддержание температуры; функция подогрева
253733544,Дополнительная информация,Количество роликов,6
253733544,Дополнительная информация,Комплектация,массажер; usb кабель; инструкция
253733544,Дополнительная информация,Страна производства,Китай
253733544,Габариты,Высота предмета,10.5 см
253733544,Габариты,Ширина предмета,21 см
253733544,Габариты,Глубина предмета,49 см
253733544,Габариты,Вес без упаковки (кг),1.3 кг
253733544,Габариты,Вес с упаковкой (кг),1.6 кг
253733544,Габариты,Длина упаковки,25 см
253733544,Габариты,Высота упаковки,18 см
253733544,Габариты,Ширина упаковки,18 см
160512409,Основная информация,Цвет,бежевый; коричневый
160512409,Общие характеристики,Количество предметов в упаковке,3 шт
160512409,Материалы,Материал изделия,искусственная кожа; пластик
160512409,Дополнительная информация,Зона массажа,спина; шея; плечи
160512409,Дополнительная информация,Действие,массажер для спины и шеи; Массажер электрический для тела шиацу
160512409,Дополнительная информация,Страна производства,Китай
160512409,Дополнительная информация,Комплектация,электрический массажер для шеи; блок питания 220в; Автомобильный блок питания
160512409,Габариты,Высота предмета,19 см
160512409,Габариты,Вес товара с упаковкой (г),1000 г
160512409,Габариты,Длина упаковки,18 см
160512409,Габариты,Высота упаковки,18 см
160512409,Габариты,Ширина упаковки,41 см
243635907,Основная информация,Цвет,черный
243635907,Питание,Питание,USB; от аккумулятора
243635907,Технические особенности,Количество режимов работы,5 режимов
243635907,Дополнительная информация,Тип массажера,вибромассажер
243635907,Дополнительная информация,Зона массажа,вибромассажер; магнитно-акупунктурный; тепловой Зона массажа голова
243635907,Дополнительная информация,Действие,улучшение кровообращения; против морщин; лифтинг
243635907,Дополнительная информация,Комплектация,массажер для головы 1шт
243635907,Дополнительная информация,Страна производства,Китай
243635907,Габариты,Длина упаковки,16 см
243635907,Габариты,Высота упаковки,16 см
243635907,Габариты,Ширина упаковки,16 см
229899357,Основная информация,Цвет,черный
229899357,Общие характеристики,Модель,EMS Foot Massager
229899357,Питание,Питание,USB
229899357,Технические особенности,Количество режимов работы,8 режимов
229899357,Дополнительная информация,Тип массажера,электроимпулстный
229899357,Дополнительная информация,Зона массажа,ноги; руки; стопы
229899357,Дополнительная информация,Действие,восстановление; укрепление; снятие мышечного напряжения
229899357,Дополнительная информация,Мин. продолжительность автономной работы,15 мин
229899357,Дополнительная информация,Комплектация,Массажный коврик; USB зарядный кабель; Контроллер
229899357,Дополнительная информация,Страна производства,Китай
229899357,Габариты,Высота предмета,31 см
229899357,Габариты,Глубина предмета,2 см
229899357,Габариты,Вес без упаковки (кг),0.2 кг
229899357,Габариты,Вес с упаковкой (кг),0.2 кг
229899357,Габариты,Длина упаковки,33 см
229899357,Габариты,Высота упаковки,3 см
229899357,Габариты,Ширина упаковки,14 см
143706614,Основная информация,Цвет,белый
143706614,Общие характеристики,Количество предметов в упаковке,4 шт.
143706614,Материалы,Материал изделия,abc пластик
143706614,Дополнительная информация,Зона массажа,лицо; шея; зона вокруг глаз
143706614,Дополнительная информация,Действие,очищение; против морщин; снятие отечности
143706614,Дополнительная информация,Страна производства,Китай
143706614,Дополнительная информация,Комплектация,Массажер - 1 шт.; USB-кабель для зарядного устройства - 1 шт.; Подставка - 1 шт.; Инструкция - 1 шт.; Подарочная коробка - 1 шт.
143706614,Габариты,Ширина предмета,5 см
143706614,Габариты,Высота предмета,17.5 см
143706614,Габариты,Вес товара с упаковкой (г),480 г
143706614,Габариты,Длина упаковки,22 см
143706614,Габариты,Высота упаковки,9 см
143706614,Габариты,Ширина упаковки,16 см
255482119,Основная информация,Цвет,черный
255482119,Общие характеристики,Гарантийный срок,2 года
255482119,Питание,Питание,от сети 220В
255482119,Дополнительная информация,Зона массажа,стопы; лодыжки
255482119,Дополнительная информация,Действие,восстановление
255482119,Дополнительная информация,Мин. продолжительность автономной работы,15 мин
255482119,Дополнительная информация,Комплектация,Массажер - 1 шт; Инструкция на русском - 1шт
255482119,Дополнительная информация,Страна производства,Китай
255482119,Габариты,Высота предмета,20 см
255482119,Габариты,Ширина предмета,60 см
255482119,Габариты,Глубина предмета,40 см
255482119,Габариты,Вес без упаковки (кг),4 кг
255482119,Габариты,Вес с упаковкой (кг),5.4 кг
255482119,Габариты,Длина упаковки,47 см
255482119,Габариты,Высота упаковки,41 см
255482119,Габариты,Ширина упаковки,28 см
199168055,Основная информация,Цвет,черный
199168055,Дополнительная информация,Комплектация,миостимулятор для пресса
199168055,Дополнительная информация,Страна производства,Китай
199168055,Габариты,Высота предмета,1 см
199168055,Габариты,Длина предмета,20 см
199168055,Габариты,Глубина предмета,1 см
199168055,Габариты,Ширина предмета,10 см
199168055,Габариты,Длина упаковки,22 см
199168055,Габариты,Высота упаковки,3 см
199168055,Габариты,Ширина упаковки,20 см
257897063,Основная информация,Цвет,зеленый
257897063,Питание,Питание,USB
257897063,Технические особенности,Количество режимов работы,2 режима
257897063,Дополнительная информация,Тип массажера,роликовый
257897063,Дополнительная информация,Зона массажа,голова; плечи; стопы
257897063,Дополнительная информация,Действие,для роста волос; от выпадения волос; улучшение сна
257897063,Дополнительная информация,Мин. продолжительность автономной работы,120 мин
257897063,Дополнительная информация,Доп. опции массажера,вибромассаж
257897063,Дополнительная информация,Количество роликов,4
257897063,Дополнительная информация,Страна производства,Китай
257897063,Габариты,Вес с упаковкой (кг),0.3 кг
257897063,Габариты,Длина упаковки,13 см
257897063,Габариты,Высота упаковки,10 см
257897063,Габариты,Ширина упаковки,12 см
88064207,Основная информация,Цвет,черный
88064207,Общие характеристики,Модель,5D
88064207,Материалы,Материал корпуса,abs-пластик
88064207,Дополнительная информация,Назначение косметического прибора,лифтинг; массаж; омоложение кожи
88064207,Дополнительная информация,Вид воздействия,микротоки
88064207,Дополнительная информация,Область применения,для лица; для тела; для шеи
88064207,Дополнительная информация,Возрастные ограничения,для взрослых; 18+
88064207,Дополнительная информация,Противопоказания,беременность; Заболевания крови; Заболевания кожи
88064207,Дополнительная информация,Комплектация,Руководство по эксплуатации - 1 шт; устройство - 1 шт; USB кабель для зарядки - 1 шт; емкость для сыворотки - 4 шт; Зарядная станция в виде подставки - 1 шт
88064207,Дополнительная информация,Страна производства,Китай
88064207,Габариты,Высота предмета,12 см
88064207,Габариты,Ширина предмета,21 см
88064207,Габариты,Глубина предмета,6.5 см
88064207,Габариты,Вес товара с упаковкой (г),765 г
88064207,Габариты,Длина упаковки,8 см
88064207,Габариты,Высота упаковки,17 см
88064207,Габариты,Ширина упаковки,23 см
140699703,Основная информация,Цвет,белый
140699703,Общие характеристики,Количество предметов в упаковке,3
140699703,Материалы,Материал изделия,пластик; abs-пластик
140699703,Дополнительная информация,Зона массажа,овал лица; подбородок; лицо
140699703,Дополнительная информация,Действие,лифтинг подтяжка; против морщин; миостимулятор для омоложения
140699703,Дополнительная информация,Страна производства,Китай
140699703,Дополнительная информация,Комплектация,кабель для зарядки; инструкция; rf лифтинг бандаж
140699703,Габариты,Вес товара с упаковкой (г),166 г
140699703,Габариты,Длина упаковки,11 см
140699703,Габариты,Высота упаковки,17 см
140699703,Габариты,Ширина упаковки,7 см
233650481,Основная информация,Цвет,серый
233650481,Общие характеристики,Гарантийный срок,14 дней
233650481,Питание,Питание,от аккумулятора
233650481,Технические особенности,Количество режимов работы,2 режима
233650481,Насадки,Количество насадок,1 шт.
233650481,Дополнительная информация,Тип массажера,вибромассажер; роликовый; тепловой
233650481,Дополнительная информация,Зона массажа,спина; тело; шея
233650481,Дополнительная информация,Действие,разогревающее; снятие мышечного напряжения; улучшение кровообращения
233650481,Дополнительная информация,Мин. продолжительность автономной работы,10 мин
233650481,Дополнительная информация,Доп. опции массажера,вибромассаж; функция подогрева
233650481,Дополнительная информация,Количество роликов,6
233650481,Дополнительная информация,Комплектация,массажер-1 шт; инструкция- 1шт; USB-кабель-1 шт
233650481,Дополнительная информация,Страна производства,Китай
233650481,Габариты,Высота предмета,13 см
233650481,Габариты,Ширина предмета,18 см
233650481,Габариты,Глубина предмета,14 см
233650481,Габариты,Длина упаковки,25 см
233650481,Габариты,Высота упаковки,18 см
233650481,Габариты,Ширина упаковки,17 см
159659909,Основная информация,Цвет,белый
159659909,Дополнительная информация,Зона массажа,Лицо; Шея; Вокруг глаз
159659909,Дополнительная информация,Действие,лифтинг; чистка лица; микротоки аппарат
159659909,Дополнительная информация,Страна производства,Китай
159659909,Дополнительная информация,Комплектация,Подставка - 1 шт; USB кабель - 1шт; Инструкция - 1 шт; Фирменный мешочек - 1 шт; Микротоковый массажер для лица и шеи - 1 шт.
159659909,Габариты,Ширина предмета,5 см
159659909,Габариты,Высота предмета,18 см
159659909,Габариты,Вес товара с упаковкой (г),422 г
159659909,Габариты,Длина упаковки,23 см
159659909,Габариты,Высота упаковки,9 см
159659909,Габариты,Ширина упаковки,16 см
255619595,Питание,Питание,USB; от аккумулятора
255619595,Технические особенности,Количество режимов работы,4
255619595,Дополнительная информация,Тип массажера,микротоковый; для ног; для всего тела
255619595,Дополнительная информация,Зона массажа,массаж тела; массажер для ног электрический; массаж спины и поясницы
255619595,Дополнительная информация,Действие,"улучшение кровообращения, восстановление; расслабление шеи; профилактика остеохондроза"
255619595,Дополнительная информация,Доп. опции массажера,Автомобильная подушка; беспроводной массажер; косметический массажер
255619595,Дополнительная информация,Страна производства,Китай
255619595,Габариты,Длина упаковки,15 см
255619595,Габариты,Высота упаковки,19 см
255619595,Габариты,Ширина упаковки,5 см
222629643,Основная информация,Цвет,белый
222629643,Питание,Питание,Аккумулятор встроенный
222629643,Технические особенности,Количество режимов работы,5 режимов импульсного массажа; 4 режима вибромассажа
222629643,Дополнительная информация,Тип массажера,импульсный; электростимуляция; с подогревом
222629643,Дополнительная информация,Зона массажа,"воротниковая зона, шея, плечи и спина"
222629643,Дополнительная информация,Действие,снимает головную боль и смазмы; улучшает кровообращение и мозговую деятельность
222629643,Дополнительная информация,Мин. продолжительность автономной работы,20 мин
222629643,Дополнительная информация,Доп. опции массажера,подогрев; автоматическое отключение и usb шнур; электроды
222629643,Дополнительная информация,Количество роликов,3
222629643,Дополнительная информация,Комплектация,Импульсный массажер - 1шт.; Инструкция - 1шт.; USB-провод - 1шт.
222629643,Дополнительная информация,Страна производства,Китай
222629643,Габариты,Высота предмета,7 см
222629643,Габариты,Ширина предмета,10 см
222629643,Габариты,Глубина предмета,11 см
222629643,Габариты,Вес без упаковки (кг),0.2 кг
222629643,Габариты,Вес с упаковкой (кг),0.35 кг
222629643,Габариты,Длина упаковки,22 см
222629643,Габариты,Высота упаковки,9 см
222629643,Габариты,Ширина упаковки,18 см
165450701,Основная информация,Цвет,черный; серый
165450701,Дополнительная информация,Модель тренажера,фитнес; спортивный; складной
165450701,Дополнительная информация,Система нагрузки,электромагнитная
165450701,Дополнительная информация,Комплектация,тренажер; USB кабель
165450701,Габариты,Длина упаковки,16 см
165450701,Габариты,Высота упаковки,4 см
165450701,Габариты,Ширина упаковки,34 см
222658505,Основная информация,Цвет,белый
222658505,Общие характеристики,Модель,rf лифтинг аппарат
222658505,Питание,Мощность устройства (Вт),5 Вт
222658505,Питание,Питание,USB-C
222658505,Насадки,Количество насадок в комплекте,1 насадка
222658505,Материалы,Материал корпуса,абс пластик; Медицинская сталь
222658505,Дополнительная информация,Назначение косметического прибора,оздоровление и омолаживание; домашние подарки; от акне и черных точек
222658505,Дополнительная информация,Вид воздействия,EMS микротоки; криотерапия; фонофорез
222658505,Дополнительная информация,Область применения,для массажа лица; от морщин; для кожи вокруг глаз
222658505,Дополнительная информация,Возрастные ограничения,18+
222658505,Дополнительная информация,Комплектация,Пластиковое кольцо для крепления х/б салфетки; подставка; Аппарат для лица; Презентабельная упаковка; тканевые маски в подарок; провод для usb зарядки; Цветная русскоязычная инструкция
222658505,Дополнительная информация,Страна производства,Китай
222658505,Габариты,Вес товара с упаковкой (г),700 г
222658505,Габариты,Длина упаковки,21 см
222658505,Габариты,Высота упаковки,8 см
222658505,Габариты,Ширина упаковки,14 см
151044815,Общие характеристики,Модель,EMS Foot Massager; Массажер для ног; Электростимулятор
151044815,Питание,Питание,USB; от сети; от аккумулятора
151044815,Технические особенности,Количество режимов работы,6 шт
151044815,Дополнительная информация,Тип массажера,вибромассажер; виброплатформа; электро-импульсивный
151044815,Дополнительная информация,Зона массажа,ноги; стопы; тело
151044815,Дополнительная информация,Действие,Снятие усталости; релакс; снятие боли в мышцах
151044815,Дополнительная информация,Мин. продолжительность автономной работы,25 мин
151044815,Дополнительная информация,Доп. опции массажера,расслабляет мышцы; 6 режимов работы; 9 уровней интенсивности
151044815,Дополнительная информация,Комплектация,Массажный коврик для ног - 1 шт; основной модуль управления - 1 шт; USB - кабель - 1 шт; Инструкция на русском языке - 1 шт; ПУЛЬТ В КОМПЛЕКТ НЕ ВХОДИТ!!!
151044815,Дополнительная информация,Страна производства,Китай
151044815,Габариты,Высота предмета,33 см
151044815,Габариты,Ширина предмета,27 см
151044815,Габариты,Глубина предмета,1 см
151044815,Габариты,Вес без упаковки (кг),0.25 кг
151044815,Габариты,Вес с упаковкой (кг),0.5 кг
151044815,Габариты,Длина упаковки,16 см
151044815,Габариты,Высота упаковки,3 см
151044815,Габариты,Ширина упаковки,34 см
381230073,Основная информация,Цвет,белый
381230073,Общие характеристики,Количество предметов в упаковке,2
381230073,Материалы,Материал изделия,пластик
381230073,Дополнительная информация,Зона массажа,шея
381230073,Дополнительная информация,Действие,снятие мышечного напряжения; разогревающее; успокаивающее
381230073,Дополнительная информация,Страна производства,Китай
381230073,Дополнительная информация,Комплектация,массажер 1 шт.
381230073,Габариты,Вес товара с упаковкой (г),300 г
381230073,Габариты,Длина упаковки,20 см
381230073,Габариты,Высота упаковки,7 см
381230073,Габариты,Ширина упаковки,20 см
224346075,Основная информация,Цвет,черный
224346075,Питание,Питание,USB
224346075,Технические особенности,Количество режимов работы,8 режимов
224346075,Дополнительная информация,Тип массажера,электроимпульсный
224346075,Дополнительная информация,Зона массажа,ноги; стопы
224346075,Дополнительная информация,Действие,улучшение кровообращения; успокаивающее
224346075,Дополнительная информация,Мин. продолжительность автономной работы,15 мин
224346075,Дополнительная информация,Доп. опции массажера,электромиостимуляция
224346075,Дополнительная информация,Комплектация,коврик; пульт; кабель
224346075,Габариты,Вес без упаковки (кг),1 кг
224346075,Габариты,Вес с упаковкой (кг),1.5 кг
224346075,Габариты,Длина упаковки,16 см
224346075,Габариты,Высота упаковки,3 см
224346075,Габариты,Ширина упаковки,17 см
303487283,Материалы,Материал изделия,abs-пластик
303487283,Дополнительная информация,Вид застежки,без застежки
303487283,Дополнительная информация,Особенности модели,водоотталкивающий материал; корректирующий эффект; ультралегкая
303487283,Дополнительная информация,Комплектация,Тренажер1шт
303487283,Габариты,Ширина предмета,20 см
303487283,Габариты,Вес товара с упаковкой (г),300 г
291679081,Основная информация,Цвет,черный
291679081,Общие характеристики,Модель,EMS
291679081,Питание,Питание,аккумулятор; USB
291679081,Технические особенности,Количество режимов работы,8
291679081,Дополнительная информация,Тип массажера,электроимпульсный
291679081,Дополнительная информация,Зона массажа,ноги; стопы
291679081,Дополнительная информация,Форма массажера,напольная платформа
291679081,Дополнительная информация,Действие,Микротоковый массаж; миостимулятор электрический; Расслабление и снятие усталости
291679081,Дополнительная информация,Мин. продолжительность автономной работы,15 мин
291679081,Дополнительная информация,Доп. опции массажера,лимфодренажный массаж; Восстанавливающий массаж
291679081,Дополнительная информация,Комплектация,Коврик массажный 1шт.
291679081,Дополнительная информация,Страна производства,Китай
291679081,Габариты,Высота предмета,33 см
291679081,Габариты,Ширина предмета,29 см
291679081,Габариты,Глубина предмета,3 см
291679081,Габариты,Вес с упаковкой (кг),0.2 кг
291679081,Габариты,Длина упаковки,35 см
291679081,Габариты,Высота упаковки,4 см
291679081,Габариты,Ширина упаковки,17 см
316907378,Основная информация,Цвет,белый; черный
316907378,Общие характеристики,Модель,Массажер для тела электрический
316907378,Питание,Питание,от сети
316907378,Технические особенности,Количество режимов работы,3 режима
316907378,Дополнительная информация,Тип массажера,вибромассажер; миостимулятор; электроимпульсный
316907378,Дополнительная информация,Зона массажа,бедра; живот; тело
316907378,Дополнительная информация,Форма массажера,пояс
316907378,Дополнительная информация,Действие,Стимуляция мышц; Антицеллюлитный массаж; коррекция фигуры
316907378,Дополнительная информация,Доп. опции массажера,микротоковый; импульсный; вибрационный
316907378,Дополнительная информация,Комплектация,Миостимулятор для тела; Пояс для фиксации массажера; usb провод для зарядки; Инструкция
316907378,Габариты,Вес с упаковкой (кг),0.9 кг
316907378,Габариты,Длина упаковки,13 см
316907378,Габариты,Высота упаковки,5 см
316907378,Габариты,Ширина упаковки,23 см
176410178,Основная информация,Цвет,зеленый; черный
176410178,Общие характеристики,Количество предметов в упаковке,1 шт.
176410178,Материалы,Материал изделия,пластик
176410178,Дополнительная информация,Зона массажа,шея; воротниковая зона
176410178,Дополнительная информация,Действие,микротоки; импульсы; стимулирует кровообращение и улучшает питание тканей
176410178,Дополнительная информация,Страна производства,Китай
176410178,Дополнительная информация,Комплектация,массажер; подзарядное устройство
176410178,Габариты,Ширина предмета,13 см
176410178,Габариты,Высота предмета,15 см
176410178,Габариты,Вес товара с упаковкой (г),1000 г
176410178,Габариты,Длина упаковки,19 см
176410178,Габариты,Высота упаковки,15 см
176410178,Габариты,Ширина упаковки,5 см
174472190,Общие характеристики,Количество предметов в упаковке,1 шт.
174472190,Материалы,Материал изделия,пластик
174472190,Дополнительная информация,Зона массажа,лицо; зона вокруг глаз; тело
174472190,Дополнительная информация,Действие,омолаживание; массажер для лица; убирает морщины
174472190,Дополнительная информация,Страна производства,Китай
174472190,Дополнительная информация,Комплектация,Лифтинг аппарат; адаптер; инструкция; гель подарок; маска подарок
174472190,Габариты,Ширина предмета,5 см
174472190,Габариты,Высота предмета,6 см
174472190,Габариты,Вес товара с упаковкой (г),870 г
174472190,Габариты,Длина упаковки,27 см
174472190,Габариты,Высота упаковки,9 см
174472190,Габариты,Ширина упаковки,17 см
328160041,Основная информация,Цвет,серый
328160041,Питание,Питание,USB; от аккумулятора; от прикуривателя автомобиля
328160041,Технические особенности,Количество режимов работы,6 режимов; 15 уровней мощности
328160041,Насадки,Количество насадок,10 шт.
328160041,Дополнительная информация,Тип массажера,электромассажер; электроимпульсный массажер; Микротоковый массажер
328160041,Дополнительная информация,Зона массажа,шея
328160041,Дополнительная информация,Форма массажера,воротник
328160041,Дополнительная информация,Действие,улучшение кровообращения; упругость
328160041,Дополнительная информация,Доп. опции массажера,импульсный массаж; прогрев шеи; Микротоковый массаж
328160041,Дополнительная информация,Комплектация,Массажер для шеи 1 шт; USB-провод 1 шт; Инструкция -1шт
328160041,Дополнительная информация,Страна производства,Китай
328160041,Габариты,Высота предмета,9 см
328160041,Габариты,Ширина предмета,15 см
328160041,Габариты,Вес с упаковкой (кг),0.5 кг
328160041,Габариты,Длина упаковки,21 см
328160041,Габариты,Высота упаковки,9 см
328160041,Габариты,Ширина упаковки,19 см
268599664,Основная информация,Цвет,белый; серый; белый матовый; светло-серый; пастельно-серый
268599664,Общие характеристики,Модель,Travel PRO YPS-168
268599664,Общие характеристики,Гарантийный срок,1 год
268599664,Питание,Питание,USB; от аккумулятора; без питания
268599664,Технические особенности,Количество режимов работы,6 режимов; 3 уровня
268599664,Дополнительная информация,Тип массажера,электрический импульсный микротоковый; миостимулятор; с подогревом
268599664,Дополнительная информация,Зона массажа,шея; спина; плечи
268599664,Дополнительная информация,Действие,разогревающее; улучшение кровообращения; Электроимпульсный массаж
268599664,Дополнительная информация,Доп. опции массажера,электромиостимуляция; лечение остеохондроза; функция подогрева
268599664,Дополнительная информация,Количество роликов,4
268599664,Дополнительная информация,Комплектация,Подушка в дорогу массажер для шеи электрический импульсный; инструкция; картонная коробка; usb
268599664,Дополнительная информация,Страна производства,Китай
268599664,Габариты,Высота предмета,15 см
268599664,Габариты,Ширина предмета,16 см
268599664,Габариты,Глубина предмета,2 см
268599664,Габариты,Вес без упаковки (кг),0.5 кг
268599664,Габариты,Вес с упаковкой (кг),0.7 кг
268599664,Габариты,Длина упаковки,25 см
268599664,Габариты,Высота упаковки,12 см
268599664,Габариты,Ширина упаковки,27 см
228145946,Основная информация,Цвет,белый
228145946,Общие характеристики,Количество предметов в упаковке,1 шт.
228145946,Материалы,Материал изделия,abs-пластик
228145946,Дополнительная информация,Зона массажа,лицо; шея; тело
228145946,Дополнительная информация,Действие,лифтинг; омолаживание; против морщин
228145946,Дополнительная информация,Страна производства,Китай
228145946,Дополнительная информация,Комплектация,Массажёр 1 шт; подставка 1 шт; usb-кабель 1 шт; инструкция 1 шт; индивидуальная коробка 1 шт
228145946,Габариты,Ширина предмета,11 см
228145946,Габариты,Высота предмета,8 см
228145946,Габариты,Вес товара с упаковкой (г),550 г
228145946,Габариты,Длина упаковки,25 см
228145946,Габариты,Высота упаковки,9 см
228145946,Габариты,Ширина упаковки,12 см
215001212,Основная информация,Цвет,бежевый; коричневый
215001212,Общие характеристики,Модель,вибромассажер; роликовый массажер; массажер для тела с подогревом
215001212,Питание,Питание,встроенный аккумулятор
215001212,Технические особенности,Количество режимов работы,3
215001212,Насадки,Количество насадок,1 шт.
215001212,Дополнительная информация,Тип массажера,электромассажер; миостимулятор; беспроводной массажер
215001212,Дополнительная информация,Зона массажа,"спина, шея, поясница, тело, плечи; шейно-воротниковая зона"
215001212,Дополнительная информация,Действие,снятие мышечного напряжения; снятие усталости; расслабление
215001212,Дополнительная информация,Мин. продолжительность автономной работы,10 мин
215001212,Дополнительная информация,Доп. опции массажера,режим нагрева; смена вращений; регулировка мощности
215001212,Дополнительная информация,Количество роликов,6
215001212,Дополнительная информация,Комплектация,Массажер электрический-1 шт.; Зарядный кабель
215001212,Дополнительная информация,Страна производства,Китай
215001212,Габариты,Высота предмета,18 см
215001212,Габариты,Ширина предмета,25 см
215001212,Габариты,Глубина предмета,16 см
215001212,Габариты,Вес без упаковки (кг),1.4 кг
215001212,Габариты,Вес с упаковкой (кг),1.6 кг
215001212,Габариты,Длина упаковки,25 см
215001212,Габариты,Высота упаковки,18 см
215001212,Габариты,Ширина упаковки,22 см
169414840,Основная информация,Цвет,черный
169414840,Общие характеристики,Модель,"Модель S, для стоп"
169414840,Питание,Питание,USB; от аккумулятора
169414840,Дополнительная информация,Зона массажа,ноги
169414840,Дополнительная информация,Действие,Микротоковый массаж; Расслабление и снятие усталости; массажер для ног электрический
169414840,Дополнительная информация,Комплектация,Аппарат для физиотерапии; массажный коврик; массажер миостимулятор для ног; массажер для ног электрический; EMS массажер для стоп
169414840,Габариты,Вес с упаковкой (кг),0.25 кг
169414840,Габариты,Длина упаковки,33 см
169414840,Габариты,Высота упаковки,3 см
169414840,Габариты,Ширина упаковки,11 см
230860641,Основная информация,Цвет,белый
230860641,Общие характеристики,Модель,массажер
230860641,Общие характеристики,Гарантийный срок,12 месяцев; 1 год; 365 дней
230860641,Питание,Питание,USB провод; от аккумулятора; Беспроводной
230860641,Технические особенности,Количество режимов работы,6 шт.
230860641,Дополнительная информация,Тип массажера,вибрационный
230860641,Дополнительная информация,Зона массажа,шея; плечи; воротниковая зона
230860641,Дополнительная информация,Действие,Электроимпульсный массаж
230860641,Дополнительная информация,Мин. продолжительность автономной работы,120 мин
230860641,Дополнительная информация,Доп. опции массажера,"Виды массажа: импульсный, вибрационный, расслабляющий; Постоянная температура горячего компресса: 42 С; Количество уровней импульсов: 15 уровней"
230860641,Дополнительная информация,Количество роликов,1 ИК - элемент нагрева; 4 электроимпульсные насадки; 5 вибрационных головок
230860641,Дополнительная информация,Комплектация,Массажер для шеи микротоковый Heal-Help JT88 - 1 шт.
230860641,Дополнительная информация,Страна производства,Китай
230860641,Габариты,Высота предмета,15 см
230860641,Габариты,Ширина предмета,16 см
230860641,Габариты,Глубина предмета,16 см
230860641,Габариты,Вес без упаковки (кг),0.2 кг
230860641,Габариты,Вес с упаковкой (кг),0.45 кг
230860641,Габариты,Длина упаковки,22 см
230860641,Габариты,Высота упаковки,9 см
230860641,Габариты,Ширина упаковки,19 см
321739236,Основная информация,Цвет,белый
321739236,Питание,Питание,от батареек
321739236,Технические особенности,Количество режимов работы,6 режимов
321739236,Дополнительная информация,Тип массажера,электроимпульсный
321739236,Дополнительная информация,Зона массажа,шея; спина; тело
321739236,Дополнительная информация,Форма массажера,воротник
321739236,Дополнительная информация,Действие,питание
321739236,Дополнительная информация,Комплектация,Комплектация: 1 х Массажер для шеи 2 х Колодки 1 х Провод
321739236,Габариты,Вес с упаковкой (кг),0.5 кг
321739236,Габариты,Длина упаковки,23 см
321739236,Габариты,Высота упаковки,6 см
321739236,Габариты,Ширина упаковки,21 см
252662095,Основная информация,Цвет,черный
252662095,Питание,Питание,от аккумулятора
252662095,Технические особенности,Количество режимов работы,6 режимов
252662095,Дополнительная информация,Тип массажера,тепловой; Микротоки аппарат для лица
252662095,Дополнительная информация,Зона массажа,лицо; зона вокруг глаз; шея
252662095,Дополнительная информация,Действие,антибактериальное; восстановление; лифтинг
252662095,Дополнительная информация,Мин. продолжительность автономной работы,10 мин
252662095,Дополнительная информация,Доп. опции массажера,автовыключение; фонофорез; электромиостимуляция
252662095,Дополнительная информация,Комплектация,инструкция; usb шнур; зарядная станция
252662095,Габариты,Длина упаковки,23 см
252662095,Габариты,Высота упаковки,10 см
252662095,Габариты,Ширина упаковки,12 см
276178808,Основная информация,Цвет,белый; белый бриллиант; жемчужно-белый
276178808,Материалы,Материал изделия,abs-пластик; медицинская сталь
276178808,Дополнительная информация,Зона массажа,лицо; зона вокруг глаз; шея
276178808,Дополнительная информация,Действие,омолаживание; лифтинг; очищение
276178808,Дополнительная информация,Страна производства,Китай
276178808,Дополнительная информация,Комплектация,Аппарат RF лифтинг - 1шт; крепежное кольцо - 1 шт; Подставка - 1 шт; провод Type-C -1 шт; Инструкция - 1 шт
276178808,Габариты,Ширина предмета,5 см
276178808,Габариты,Высота предмета,3 см
276178808,Габариты,Вес товара с упаковкой (г),506 г
276178808,Габариты,Длина упаковки,21 см
276178808,Габариты,Высота упаковки,7 см
276178808,Габариты,Ширина упаковки,16 см
236485799,Основная информация,Цвет,белый
236485799,Общие характеристики,Количество предметов в упаковке,4 шт.
236485799,Материалы,Материал изделия,пластик; камень биан
236485799,Дополнительная информация,Зона массажа,лицо; шея; тело
236485799,Дополнительная информация,Действие,восстановление; лифтинг; укрепление
236485799,Дополнительная информация,Комплектация,массажер; зарядное устройство; масло; мешок для хранения; инструкция
236485799,Габариты,Вес товара с упаковкой (г),215 г
236485799,Габариты,Длина упаковки,24 см
236485799,Габариты,Высота упаковки,5 см
236485799,Габариты,Ширина упаковки,16 см
354637348,Основная информация,Цвет,белый
354637348,Общие характеристики,Количество предметов в упаковке,3
354637348,Материалы,Материал изделия,пластик; abs-пластик
354637348,Дополнительная информация,Зона массажа,овал лица; подбородок; лицо
354637348,Дополнительная информация,Действие,против морщин; лифтинг подтяжка; миостимулятор для омоложения
354637348,Дополнительная информация,Страна производства,Китай
354637348,Дополнительная информация,Комплектация,кабель для зарядки; инструкция; rf лифтинг бандаж
354637348,Габариты,Вес товара с упаковкой (г),166 г
354637348,Габариты,Длина упаковки,12 см
354637348,Габариты,Высота упаковки,18 см
354637348,Габариты,Ширина упаковки,7 см
239568299,Основная информация,Цвет,белый
239568299,Общие характеристики,Модель,rf лифтинг аппарат
239568299,Материалы,Материал корпуса,абс пластик
239568299,Дополнительная информация,Назначение косметического прибора,оздоровление и омолаживание; домашние подарки; от акне и черных точек
239568299,Дополнительная информация,Вид воздействия,криотерапия; фонофорез; EMS микротоки
239568299,Дополнительная информация,Область применения,от морщин; для массажа лица; для кожи вокруг глаз
239568299,Дополнительная информация,Возрастные ограничения,18+
239568299,Дополнительная информация,Комплектация,подставка; провод для usb зарядки
239568299,Дополнительная информация,Страна производства,Китай
239568299,Габариты,Вес товара с упаковкой (г),700 г
239568299,Габариты,Длина упаковки,10 см
239568299,Габариты,Высота упаковки,10 см
239568299,Габариты,Ширина упаковки,10 см
264416846,Основная информация,Цвет,черный
264416846,Общие характеристики,Модель,EMS Foot Massager
264416846,Питание,Питание,USB
264416846,Технические особенности,Количество режимов работы,8
264416846,Дополнительная информация,Тип массажера,электроимпульсный
264416846,Дополнительная информация,Зона массажа,ноги; стопы
264416846,Дополнительная информация,Действие,улучшение кровообращения; успокаивающее; снимает усталость
264416846,Дополнительная информация,Доп. опции массажера,электромиостимуляция
264416846,Габариты,Длина упаковки,23 см
264416846,Габариты,Высота упаковки,3 см
264416846,Габариты,Ширина упаковки,15 см
405657557,Основная информация,Цвет,розовый; белый
405657557,Общие характеристики,Количество предметов в упаковке,1 шт.
405657557,Материалы,Материал изделия,abs-пластик
405657557,Дополнительная информация,Зона массажа,лицо
405657557,Дополнительная информация,Действие,улучшение кровообращения; эластичность; лифтинг
405657557,Дополнительная информация,Комплектация,массаже 1 шт в коробке
405657557,Габариты,Вес товара с упаковкой (г),400 г
405657557,Габариты,Длина упаковки,33 см
405657557,Габариты,Высота упаковки,8 см
405657557,Габариты,Ширина упаковки,14 см
155914514,Основная информация,Цвет,пастельно-оранжевый
155914514,Материалы,Материал изделия,пластик
155914514,Общие характеристики,Количество предметов в упаковке (шт.),1 шт.
155914514,Дополнительная информация,Зона массажа,"Спина, шея, плечи, ноги, руки, бедра, поясница; тело шея плечи; тело"
155914514,Дополнительная информация,Действие,Расслабление и снятие усталости; оздоровление тела; Антицеллюлитный массаж
155914514,Дополнительная информация,Страна производства,Китай
294649624,Основная информация,Цвет,белый
294649624,Технические особенности,Количество режимов работы,5 режимов
294649624,Дополнительная информация,Тип массажера,вибромассажер
294649624,Дополнительная информация,Зона массажа,голова
294649624,Дополнительная информация,Действие,улучшение кровообращения; против морщин; лифтинг
294649624,Дополнительная информация,Комплектация,массажер для головы 1 шт
294649624,Дополнительная информация,Страна производства,Китай
294649624,Габариты,Длина упаковки,16 см
294649624,Габариты,Высота упаковки,16 см
294649624,Габариты,Ширина упаковки,16 см
213058013,Основная информация,Цвет,бежевый
213058013,Общие характеристики,Модель,массажная подушка для шеи и головы
213058013,Общие характеристики,Гарантийный срок,1 год
213058013,Питание,Питание,от сети; от прикуривателя автомобиля
213058013,Технические особенности,Количество режимов работы,3 режима интенсивности и скорости; 7 режимов; 6 режимов
213058013,Насадки,Количество насадок,1 шт.
213058013,Дополнительная информация,Тип массажера,роликовый; не миостимулятор для стоп; не вакуумный лимфодренажный массажер
213058013,Дополнительная информация,Зона массажа,"лицо не против морщин; Спина, шея, плечи, ноги, руки, бедра, поясница, живот; для ног шеи тела спины лица"
213058013,Дополнительная информация,Действие,восстановление; омолаживание; улучшение сна
213058013,Дополнительная информация,Доп. опции массажера,массажер не для глаз; не перкуссионный массажер пистолет; не виброплатформа
213058013,Дополнительная информация,Количество роликов,16; по 8 роликов в 2 узлах
213058013,Дополнительная информация,Комплектация,коробка; массажер; блок питания
213058013,Дополнительная информация,Страна производства,Китай
213058013,Габариты,Высота предмета,18 см
213058013,Габариты,Ширина предмета,18 см
213058013,Габариты,Длина упаковки,40 см
213058013,Габариты,Высота упаковки,17 см
213058013,Габариты,Ширина упаковки,18 см
14568528,Основная информация,Цвет,бежевый
14568528,Общие характеристики,Количество предметов в упаковке,не лимфодренажный массажер миостимулятор для стоп
14568528,Материалы,Материал изделия,массажер; массажер; массажер
14568528,Дополнительная информация,Зона массажа,"лицо; для ног шеи тела спины лица; Спина, шея, плечи, ноги, руки, бедра, поясница"
14568528,Дополнительная информация,Действие,массажная подушка для шеи и спины; Массажер электрический для дома и автомобиля; Массажер электрический для тела шиацу
14568528,Дополнительная информация,Страна производства,Республика Корея
14568528,Дополнительная информация,Комплектация,коробка; адаптер 220 В - 1 шт; Массажер для спины и шеи - 1 шт; Адаптер прикуривателя- 1шт; косметические принадлежности; массажер для тела
14568528,Габариты,Вес товара с упаковкой (г),1000 г
14568528,Габариты,Длина упаковки,17 см
14568528,Габариты,Высота упаковки,16 см
14568528,Габариты,Ширина упаковки,38 см
72234319,Основная информация,Цвет,голубой
72234319,Материалы,Материал изделия,пластик; ABS
72234319,Дополнительная информация,Зона массажа,"Спина, шея, плечи, ноги, руки, бедра, поясница; Икры / Бедра / Ягодицы; антицеллюлитный"
72234319,Дополнительная информация,Действие,Расслабление и снятие усталости; массаж спины и тела; Антицеллюлитный массаж
72234319,Дополнительная информация,Страна производства,Россия
72234319,Дополнительная информация,Комплектация,Ролик массажный с шипами
72234319,Общие характеристики,Количество предметов в упаковке (шт.),1 шт.
72234319,Габариты,Ширина предмета,21 см
72234319,Габариты,Высота предмета,14 см
16798639,Основная информация,Цвет,белый
16798639,Общие характеристики,Модель,UI-400AS-WH1
16798639,Материалы,Материал корпуса,металл; abs-пластик
16798639,Дополнительная информация,Назначение косметического прибора,лифтинг; очищение; ионофорез
16798639,Дополнительная информация,Область применения,для лица; для тела
16798639,Дополнительная информация,Возрастные ограничения,25+
16798639,Дополнительная информация,Противопоказания,беременность; Заболевания крови; Заболевания кожи
16798639,Дополнительная информация,Комплектация,аппарат; руководство пользователя; Кабель micro-USB; гарантийный талон
16798639,Дополнительная информация,Страна производства,Китай
16798639,Габариты,Высота предмета,4.4 см
16798639,Габариты,Ширина предмета,18 см
16798639,Габариты,Глубина предмета,2.5 см
16798639,Габариты,Вес товара с упаковкой (г),355 г
16798639,Габариты,Длина упаковки,10 см
16798639,Габариты,Высота упаковки,9 см
16798639,Габариты,Ширина упаковки,28 см
175204508,Основная информация,Цвет,черный
175204508,Питание,Питание,USB; от аккумулятора
175204508,Технические особенности,Количество режимов работы,8 режимов работы; 19 уровней мощности
175204508,Дополнительная информация,Тип массажера,электроимпульсный
175204508,Дополнительная информация,Зона массажа,ноги; стопы
175204508,Дополнительная информация,Действие,Микротоковый массаж; Расслабление и снятие усталости; массажер для ног электрический
175204508,Дополнительная информация,Комплектация,аккумуляторный контроллер; массажный коврик; USB кабель для зарядки; упаковка; инструкция
175204508,Дополнительная информация,Страна производства,Китай
175204508,Габариты,Высота предмета,29 см
175204508,Габариты,Ширина предмета,26 см
175204508,Габариты,Глубина предмета,3 см
175204508,Габариты,Вес с упаковкой (кг),0.17 кг
175204508,Габариты,Длина упаковки,33 см
175204508,Габариты,Высота упаковки,3 см
175204508,Габариты,Ширина упаковки,15 см
307010468,Основная информация,Цвет,белый
307010468,Питание,Питание,от аккумулятора
307010468,Технические особенности,Количество режимов работы,1 режим
307010468,Насадки,Количество насадок,8 шт.
307010468,Дополнительная информация,Тип массажера,вибрационный
307010468,Дополнительная информация,Зона массажа,плечи; спина; тело
307010468,Дополнительная информация,Форма массажера,массажный пистолет
307010468,Дополнительная информация,Действие,успокаивающее; снятие мышечного напряжения; против целлюлита
307010468,Дополнительная информация,Мин. продолжительность автономной работы,90 мин
307010468,Дополнительная информация,Доп. опции массажера,регулировка скорости; таймер
307010468,Дополнительная информация,Количество роликов,1 шт.
307010468,Дополнительная информация,Комплектация,Массажер; 8 насадок; 1 сетчатый чехол; провод для зарядки; инструкция
307010468,Дополнительная информация,Страна производства,Китай
307010468,Дополнительная информация,Срок эксплуатации,бессрочно
307010468,Габариты,Высота предмета,11.5 см
307010468,Габариты,Ширина предмета,8.6 см
307010468,Габариты,Глубина предмета,16.2 см
307010468,Габариты,Вес без упаковки (кг),0.55 кг
307010468,Габариты,Вес с упаковкой (кг),0.75 кг
307010468,Габариты,Длина упаковки,25 см
307010468,Габариты,Высота упаковки,9 см
307010468,Габариты,Ширина упаковки,15 см
399715975,Основная информация,Цвет,зеленый; изумрудно-зеленый; холодный зеленый
399715975,Дополнительная информация,Действие,восстановление; укрепление; эластичность
399715975,Габариты,Длина упаковки,11 см
399715975,Габариты,Высота упаковки,2 см
399715975,Габариты,Ширина упаковки,10 см
177556877,Основная информация,Цвет,бежевый
177556877,Общие характеристики,Количество предметов в упаковке,не лимфодренажный массажер миостимулятор для стоп
177556877,Дополнительная информация,Зона массажа,"лицо; для ног шеи тела спины лица; Спина, шея, плечи, ноги, руки, бедра, поясница"
177556877,Дополнительная информация,Действие,массажная подушка для шеи и спины; Массажер электрический для дома и автомобиля; Массажер электрический для тела шиацу
177556877,Дополнительная информация,Страна производства,Китай
177556877,Габариты,Вес товара с упаковкой (г),1500 г
177556877,Габариты,Длина упаковки,18 см
177556877,Габариты,Высота упаковки,18 см
177556877,Габариты,Ширина упаковки,41 см
253733543,Основная информация,Цвет,бежевый
253733543,Общие характеристики,Модель,массажер - воротник
253733543,Питание,Питание,USB; от аккумулятора
253733543,Технические особенности,Количество режимов работы,3 режима
253733543,Насадки,Количество насадок,1 шт.
253733543,Дополнительная информация,Тип массажера,вибромассажер; роликовый; тепловой
253733543,Дополнительная информация,Зона массажа,плечи; шея; спина
253733543,Дополнительная информация,Действие,противовоспалительное; разогревающее; снятие мышечного напряжения
253733543,Дополнительная информация,Мин. продолжительность автономной работы,10 мин
253733543,Дополнительная информация,Доп. опции массажера,вибромассаж; поддержание температуры; функция подогрева
253733543,Дополнительная информация,Количество роликов,6
253733543,Дополнительная информация,Комплектация,массажер; usb кабель; инструкция
253733543,Дополнительная информация,Страна производства,Китай
253733543,Габариты,Высота предмета,10.5 см
253733543,Габариты,Ширина предмета,21 см
253733543,Габариты,Глубина предмета,49 см
253733543,Габариты,Вес без упаковки (кг),1.3 кг
253733543,Габариты,Вес с упаковкой (кг),1.6 кг
253733543,Габариты,Длина упаковки,25 см
253733543,Габариты,Высота упаковки,18 см
253733543,Габариты,Ширина упаковки,18 см
266526682,Основная информация,Цвет,черный
266526682,Питание,Питание,от аккумулятора
266526682,Технические особенности,Количество режимов работы,8
266526682,Дополнительная информация,Тип массажера,постукивающий; электроимпульсный
266526682,Дополнительная информация,Зона массажа,ноги; стопы
266526682,Дополнительная информация,Действие,улучшение метаболизма; укрепление мышц стопы; снимает усталость
266526682,Дополнительная информация,Мин. продолжительность автономной работы,15 мин
266526682,Дополнительная информация,Доп. опции массажера,"избавление от бессонницы; повышение иммунитета; укрепление мышц ног, икр"
266526682,Дополнительная информация,Комплектация,Микротоковый EMS массажный коврик - 1 шт; коробка; инструкция; USB провод
266526682,Дополнительная информация,Страна производства,Китай
266526682,Габариты,Длина упаковки,16 см
266526682,Габариты,Высота упаковки,4 см
266526682,Габариты,Ширина упаковки,34 см
325759395,Основная информация,Цвет,белый
325759395,Питание,Питание,от аккумулятора
325759395,Технические особенности,Количество режимов работы,4 режима
325759395,Дополнительная информация,Тип массажера,электроимпульсный; тепловой; вибрационный
325759395,Дополнительная информация,Зона массажа,лицо; шея; зона вокруг глаз
325759395,Дополнительная информация,Форма массажера,ручной электромассажер
325759395,Дополнительная информация,Действие,лифтинг; омолаживание; против морщин
325759395,Дополнительная информация,Мин. продолжительность автономной работы,60 мин
325759395,Дополнительная информация,Доп. опции массажера,вибромассаж; дисплей; функция подогрева
325759395,Дополнительная информация,Комплектация,Массажер + 1 подарок (мешочек) USB провод для зарядки
325759395,Дополнительная информация,Страна производства,Китай
325759395,Габариты,Высота предмета,17 см
325759395,Габариты,Ширина предмета,5 см
325759395,Габариты,Глубина предмета,5 см
325759395,Габариты,Вес без упаковки (кг),0.25 кг
325759395,Габариты,Вес с упаковкой (кг),0.25 кг
325759395,Габариты,Длина упаковки,21 см
325759395,Габариты,Высота упаковки,7 см
325759395,Габариты,Ширина упаковки,9 см
348971834,Основная информация,Цвет,черный
348971834,Общие характеристики,Модель,"массажер для шеи, спины и тела"
348971834,Питание,Питание,от сети; от прикуривателя автомобиля; от прикуривателя машины
348971834,Технические особенности,Количество режимов работы,3 режима
348971834,Дополнительная информация,Тип массажера,роликовый; электроимпульсный; вибромассажер
348971834,Дополнительная информация,Зона массажа,спина; шея; ноги
348971834,Дополнительная информация,Форма массажера,пояс
348971834,Дополнительная информация,Действие,массажная подушка для шеи и спины; Массажер электрический для тела шиацу антицеллюлитный; Массажер электрический для дома и аксессуар для автомобиля
348971834,Дополнительная информация,Мин. продолжительность автономной работы,15 мин
348971834,Дополнительная информация,Доп. опции массажера,вибромассаж; функция подогрева; автомобильный
348971834,Дополнительная информация,Количество роликов,16; по 8 роликов в 2 узлах
348971834,Дополнительная информация,Комплектация,массажер - 1шт.; Блок питания от сети - 1шт.; автомобильный блок в прикуриватель - 1шт.
348971834,Дополнительная информация,Страна производства,Китай
348971834,Габариты,Вес с упаковкой (кг),1.3 кг
348971834,Габариты,Длина упаковки,41 см
348971834,Габариты,Высота упаковки,18 см
348971834,Габариты,Ширина упаковки,19 см
151556802,Основная информация,Цвет,белый
151556802,Дополнительная информация,Зона массажа,поясница; живот; ягодицы
151556802,Дополнительная информация,Страна производства,Китай
151556802,Габариты,Длина упаковки,5 см
151556802,Габариты,Высота упаковки,23 см
151556802,Габариты,Ширина упаковки,13 см
239568346,Основная информация,Цвет,белый; прозрачный
239568346,Насадки,Количество насадок в комплекте,1 насадка
239568346,Материалы,Материал корпуса,абс пластик
239568346,Дополнительная информация,Назначение косметического прибора,оздоровление и омолаживание; домашние подарки; от акне и черных точек
239568346,Дополнительная информация,Вид воздействия,криотерапия; фонофорез; EMS микротоки
239568346,Дополнительная информация,Область применения,от морщин; для массажа лица; для кожи вокруг глаз
239568346,Дополнительная информация,Возрастные ограничения,18+
239568346,Дополнительная информация,Комплектация,Пластиковое кольцо для крепления х/б салфетки
239568346,Дополнительная информация,Страна производства,Китай
239568346,Габариты,Вес товара с упаковкой (г),700 г
239568346,Габариты,Длина упаковки,10 см
239568346,Габариты,Высота упаковки,10 см
239568346,Габариты,Ширина упаковки,10 см
199276534,Основная информация,Цвет,черный
199276534,Дополнительная информация,Комплектация,миостимулятор
199276534,Дополнительная информация,Страна производства,Китай
199276534,Габариты,Высота предмета,3 см
199276534,Габариты,Длина предмета,17 см
199276534,Габариты,Ширина предмета,8 см
199276534,Габариты,Длина упаковки,17 см
199276534,Габариты,Высота упаковки,4 см
199276534,Габариты,Ширина упаковки,12 см
160512810,Основная информация,Цвет,бежевый
160512810,Общие характеристики,Количество предметов в упаковке,3 шт
160512810,Материалы,Материал изделия,искусственная кожа; пластик
160512810,Дополнительная информация,Зона массажа,спина; шея; плечи
160512810,Дополнительная информация,Действие,массажер для спины и шеи; Массажер электрический для тела шиацу
160512810,Дополнительная информация,Страна производства,Китай
160512810,Дополнительная информация,Комплектация,электрический массажер для шеи; блок питания 220в; Автомобильный блок питания
160512810,Габариты,Высота предмета,19 см
160512810,Габариты,Вес товара с упаковкой (г),1000 г
160512810,Габариты,Длина упаковки,18 см
160512810,Габариты,Высота упаковки,18 см
160512810,Габариты,Ширина упаковки,41 см
260593111,Основная информация,Цвет,серый
260593111,Питание,Питание,от сети; от аккумулятора
260593111,Дополнительная информация,Зона массажа,шея; плечи; тело
260593111,Дополнительная информация,Действие,разогревающее; тонизирование; успокаивающее
260593111,Дополнительная информация,Доп. опции массажера,выбор направления вращения роликов; инфракрасный излучатель; защита от долго воздействия
260593111,Дополнительная информация,Комплектация,провод от сети
260593111,Дополнительная информация,Страна производства,Китай
260593111,Габариты,Вес с упаковкой (кг),1.43 кг
260593111,Габариты,Длина упаковки,24 см
260593111,Габариты,Высота упаковки,15 см
260593111,Габариты,Ширина упаковки,16 см
215315579,Основная информация,Цвет,бежевый
215315579,Общие характеристики,Модель,массажер для шеи; массажер для спины; Лимфодренажный массажер
215315579,Общие характеристики,Гарантийный срок,6 мес; 180 дней; пол года
215315579,Питание,Питание,от сети; от прикуривателя автомобиля; от прикуривателя машины
215315579,Технические особенности,Количество режимов работы,3
215315579,Дополнительная информация,Тип массажера,роликовый; не перкуссионный вибромассажер пистолет для глаз; не лимфодренажный массажер миостимулятор для стоп
215315579,Дополнительная информация,Зона массажа,для ног; для шеи; для тела
215315579,Дополнительная информация,Действие,Расслабление; снятие напряжения; Снятие усталости
215315579,Дополнительная информация,Доп. опции массажера,инфракрасный прогрев; вибромассаж; автовыключение
215315579,Дополнительная информация,Количество роликов,4
215315579,Дополнительная информация,Комплектация,коробка; массажер; блок питания; шнур питания в прикуриватель; инструкция
215315579,Дополнительная информация,Страна производства,Китай
215315579,Габариты,Высота предмета,50 см
215315579,Габариты,Ширина предмета,20 см
215315579,Габариты,Длина упаковки,41 см
215315579,Габариты,Высота упаковки,19 см
215315579,Габариты,Ширина упаковки,20 см
152999291,Основная информация,Цвет,черный
152999291,Общие характеристики,Количество предметов в упаковке,2
152999291,Дополнительная информация,Зона массажа,ноги; стопы
152999291,Дополнительная информация,Действие,Восстановление кровообращения; Снятие усталости; Миостимулятор электрический
152999291,Дополнительная информация,Комплектация,Электротоковый массажер для ног
152999291,Габариты,Длина упаковки,15 см
152999291,Габариты,Высота упаковки,33 см
152999291,Габариты,Ширина упаковки,3 см
269117306,Общие характеристики,Гарантийный срок,2 года
269117306,Питание,Питание,от аккумулятора
269117306,Технические особенности,Количество режимов работы,4 режима
269117306,Дополнительная информация,Комплектация,Прибор физиотерапевтический для электростимуляции TensCare Ova+ – 1 шт; Провод соединительный Y –образной формы – 1 шт; кабель mini USB – 1 шт; Электроды 50x90мм– 2 шт; информационный вкладыш - 1 шт; косметичка
269117306,Дополнительная информация,Страна производства,Великобритания
269117306,Габариты,Вес товара с упаковкой (г),400 г
269117306,Габариты,Длина упаковки,20 см
269117306,Габариты,Высота упаковки,10 см
269117306,Габариты,Ширина упаковки,17 см
250111155,Основная информация,Цвет,дымчатый
250111155,Общие характеристики,Модель,вибромассажер; роликовый массажер; массажер для тела с подогревом
250111155,Питание,Питание,встроенный аккумулятор
250111155,Технические особенности,Количество режимов работы,3
250111155,Насадки,Количество насадок,1 шт.
250111155,Дополнительная информация,Тип массажера,электромассажер; миостимулятор; беспроводной массажер
250111155,Дополнительная информация,Зона массажа,"спина, шея, поясница, тело, плечи; шейно-воротниковая зона"
250111155,Дополнительная информация,Действие,снятие мышечного напряжения; снятие усталости; расслабление
250111155,Дополнительная информация,Мин. продолжительность автономной работы,10 мин
250111155,Дополнительная информация,Доп. опции массажера,режим нагрева; смена вращений; регулировка мощности
250111155,Дополнительная информация,Количество роликов,6
250111155,Дополнительная информация,Комплектация,Массажер электрический-1 шт.; Зарядный кабель
250111155,Дополнительная информация,Страна производства,Китай
250111155,Габариты,Высота предмета,18 см
250111155,Габариты,Ширина предмета,25 см
250111155,Габариты,Глубина предмета,16 см
250111155,Габариты,Вес без упаковки (кг),1.4 кг
250111155,Габариты,Вес с упаковкой (кг),1.6 кг
250111155,Габариты,Длина упаковки,25 см
250111155,Габариты,Высота упаковки,18 см
250111155,Габариты,Ширина упаковки,22 см
176754879,Общие характеристики,Модель,аппарат для домашнего использования
176754879,Общие характеристики,Гарантийный срок,1 год; 3 года
176754879,Питание,Питание,от батареек; от аккумулятора
176754879,Технические особенности,Количество режимов работы,28 программ и режимов; 95 частот; 26 программ
176754879,Материалы,Материал корпуса,металл; пластик; стекло
176754879,Дополнительная информация,Вид воздействия,микротоки; магнитотерапия; прессотерапия/лимфодренаж
176754879,Дополнительная информация,Область применения,для всего тела; для спины; для суставов
176754879,Дополнительная информация,Потребляемая мощность,0.48 Вт
176754879,Дополнительная информация,Частота (кГц),0.09 кГц
176754879,Дополнительная информация,Противопоказания,кардиостимулятор; индивидуальная непереносимость тока; эпилепсия
176754879,Дополнительная информация,Комплектация,Руководство по эксплуатации; Батарейки мизинчиковые ААА - 2 шт.; Электроды самоклеящиеся 5х5 см - 4 шт.; Кабель соединительный - 1 шт.; Электростимулятор чрескожный БиоТЭНС; Потребительская тара
176754879,Дополнительная информация,Страна производства,Россия
176754879,Габариты,Высота предмета,3.5 см
176754879,Габариты,Ширина предмета,6 см
176754879,Габариты,Длина предмета,19.5 см
176754879,Габариты,Вес товара без упаковки (г),150 г
176754879,Габариты,Вес товара с упаковкой (г),400 г
176754879,Габариты,Длина упаковки,22 см
176754879,Габариты,Высота упаковки,7 см
176754879,Габариты,Ширина упаковки,17 см
176754879,Документы,Регистрационное удостоверение,РЗН 2022/18135
310914986,Основная информация,Цвет,белый; белый глянец
310914986,Общие характеристики,Модель,"микротоковый rf-лифтинг, косметический аппарат"
310914986,Общие характеристики,Гарантийный срок,1 год
310914986,Питание,Питание,от аккумулятора; Беспроводной; USB
310914986,Технические особенности,Количество режимов работы,7 режимов
310914986,Дополнительная информация,Тип массажера,электроимпульсный; вибромассажер; тепловой
310914986,Дополнительная информация,Зона массажа,лицо; шея; зона вокруг глаз
310914986,Дополнительная информация,Действие,лифтинг; снятие отечности; против морщин
310914986,Дополнительная информация,Мин. продолжительность автономной работы,60 мин
310914986,Дополнительная информация,Доп. опции массажера,ионофорез; электромиостимуляция; вибромассаж
310914986,Дополнительная информация,Количество роликов,1 шт.
310914986,Дополнительная информация,Комплектация,массажер; кольцо для закрепления; USB - кабель; Инструкция на русском языке
310914986,Дополнительная информация,Страна производства,Китай
310914986,Габариты,Вес с упаковкой (кг),0.16 кг
310914986,Габариты,Длина упаковки,21 см
310914986,Габариты,Высота упаковки,7 см
310914986,Габариты,Ширина упаковки,9 см
195627687,Основная информация,Цвет,черный
195627687,Общие характеристики,Модель,EMS Foot Massager
195627687,Питание,Питание,USB
195627687,Технические особенности,Количество режимов работы,8
195627687,Дополнительная информация,Тип массажера,электроимпульсный
195627687,Дополнительная информация,Зона массажа,ноги; стопы
195627687,Дополнительная информация,Действие,улучшение кровообращения; успокаивающее; снимает усталость
195627687,Дополнительная информация,Доп. опции массажера,электромиостимуляция
195627687,Габариты,Длина упаковки,23 см
195627687,Габариты,Высота упаковки,3 см
195627687,Габариты,Ширина упаковки,15 см
156583085,Основная информация,Цвет,черный
156583085,Общие характеристики,Количество предметов в упаковке,не лимфодренажный массажер миостимулятор для стоп
156583085,Дополнительная информация,Зона массажа,"лицо; для ног шеи тела спины лица; Спина, шея, плечи, ноги, руки, бедра, поясница"
156583085,Дополнительная информация,Действие,массажная подушка для шеи и спины; Массажер электрический для дома и автомобиля; Массажер электрический для тела шиацу
156583085,Дополнительная информация,Страна производства,Китай
156583085,Габариты,Вес товара с упаковкой (г),1500 г
156583085,Габариты,Длина упаковки,18 см
156583085,Габариты,Высота упаковки,18 см
156583085,Габариты,Ширина упаковки,41 см
49468221,Основная информация,Цвет,белый
49468221,Дополнительная информация,Зона массажа,шея; лицо; зона декольте
49468221,Дополнительная информация,Действие,лифтинг; омоложение; против морщин
49468221,Дополнительная информация,Страна производства,Китай
49468221,Дополнительная информация,Комплектация,Инструкция по эксплуатации - 1 шт; Блок питания - 1 шт; Зарядное устройство с базой - 1 шт; массажер для лица электрический - 1 шт
49468221,Габариты,Вес товара с упаковкой (г),940 г
49468221,Габариты,Длина упаковки,9 см
49468221,Габариты,Высота упаковки,22 см
49468221,Габариты,Ширина упаковки,18 см
102415520,Основная информация,Цвет,бежевый
102415520,Общие характеристики,Модель,Mio
102415520,Материалы,Материал корпуса,Пластик (ABC)
102415520,Дополнительная информация,Назначение косметического прибора,вибромассаж; микротоковый массаж
102415520,Дополнительная информация,Страна производства,Китай
102415520,Габариты,Вес товара с упаковкой (г),1000 г
102415520,Габариты,Длина упаковки,12 см
102415520,Габариты,Высота упаковки,18 см
102415520,Габариты,Ширина упаковки,12 см
157554954,Основная информация,Цвет,коричневый
157554954,Общие характеристики,Количество предметов в упаковке,не лимфодренажный массажер миостимулятор для стоп
157554954,Дополнительная информация,Зона массажа,"лицо; для ног шеи тела спины лица; Спина, шея, плечи, ноги, руки, бедра, поясница"
157554954,Дополнительная информация,Действие,массажная подушка для шеи и спины; Массажер электрический для дома и автомобиля; Массажер электрический для тела шиацу
157554954,Дополнительная информация,Страна производства,Китай
157554954,Габариты,Вес товара с упаковкой (г),1300 г
157554954,Габариты,Длина упаковки,12 см
157554954,Габариты,Высота упаковки,32 см
157554954,Габариты,Ширина упаковки,20 см
210693520,Основная информация,Цвет,черный
210693520,Общие характеристики,Модель,Biopen Q2
210693520,Материалы,Материал корпуса,abs-пластик
210693520,Дополнительная информация,Назначение косметического прибора,лифтинг; мезотерапия; лимфодренаж
210693520,Дополнительная информация,Вид воздействия,микротоки
210693520,Дополнительная информация,Область применения,для лица; для волос; для тела
210693520,Дополнительная информация,Возрастные ограничения,18+
210693520,Дополнительная информация,Противопоказания,ОРВИ; заболеваниях сердечно-сосудистой системы; периоды беременности и лактации
210693520,Дополнительная информация,Комплектация,"коробка; аппарат; 2 картриджа на 25 игл; Руководство по эксплуатации; магнитная подставка, адаптер и кабель для зарядки"
210693520,Дополнительная информация,Страна производства,Китай
210693520,Габариты,Вес товара с упаковкой (г),655 г
210693520,Габариты,Длина упаковки,20 см
210693520,Габариты,Высота упаковки,7 см
210693520,Габариты,Ширина упаковки,15 см
217383600,Основная информация,Цвет,бежевый; коричневый
217383600,Общие характеристики,Модель,беспроводной массажер - воротник
217383600,Питание,Питание,от сети; USB; от аккумулятора
217383600,Технические особенности,Количество режимов работы,3
217383600,Насадки,Количество насадок,1 шт.
217383600,Дополнительная информация,Тип массажера,шейный массажер; постукивающий; роликовый
217383600,Дополнительная информация,Зона массажа,спина; шея; ноги
217383600,Дополнительная информация,Действие,восстановление; разогревающее; снятие мышечного напряжения
217383600,Дополнительная информация,Мин. продолжительность автономной работы,10 мин
217383600,Дополнительная информация,Доп. опции массажера,вибромассаж; имитация рук; подогрев
217383600,Дополнительная информация,Количество роликов,6
217383600,Дополнительная информация,Комплектация,Массажер - воротник - 1 шт; Сетевой адаптер - 1 шт
217383600,Дополнительная информация,Страна производства,Китай
217383600,Габариты,Высота предмета,50 см
217383600,Габариты,Ширина предмета,20 см
217383600,Габариты,Вес без упаковки (кг),1.4 кг
217383600,Габариты,Вес с упаковкой (кг),1.76 кг
217383600,Габариты,Длина упаковки,25 см
217383600,Габариты,Высота упаковки,16 см
217383600,Габариты,Ширина упаковки,18 см
163396805,Основная информация,Цвет,черный
163396805,Общие характеристики,Количество предметов в упаковке,4
163396805,Материалы,Материал изделия,полирезина
163396805,Дополнительная информация,Зона массажа,ноги; стопы
163396805,Дополнительная информация,Действие,Микротоковый массаж; Расслабление и снятие усталости; Антицеллюлитный массаж
163396805,Дополнительная информация,Комплектация,EMS массажер для стоп; Аппарат для физиотерапии; массажный коврик; массажер миостимулятор для но
163396805,Габариты,Ширина предмета,31 см
163396805,Габариты,Высота предмета,31 см
163396805,Габариты,Вес товара с упаковкой (г),300 г
163396805,Габариты,Длина упаковки,37 см
163396805,Габариты,Высота упаковки,4 см
163396805,Габариты,Ширина упаковки,15 см
232122655,Основная информация,Цвет,белый
232122655,Питание,Питание,USB; от аккумулятора
232122655,Технические особенности,Количество режимов работы,4
232122655,Дополнительная информация,Тип массажера,микротоковый; для ног; для всего тела
232122655,Дополнительная информация,Зона массажа,массаж тела; массажер для ног электрический; массаж спины и поясницы
232122655,Дополнительная информация,Действие,"улучшение кровообращения, восстановление; расслабление шеи; профилактика остеохондроза"
232122655,Дополнительная информация,Доп. опции массажера,Автомобильная подушка; беспроводной массажер; косметический массажер
232122655,Дополнительная информация,Страна производства,Китай
232122655,Габариты,Высота предмета,15 см
232122655,Габариты,Вес с упаковкой (кг),1 кг
232122655,Габариты,Длина упаковки,15 см
232122655,Габариты,Высота упаковки,19 см
232122655,Габариты,Ширина упаковки,5 см
330762828,Основная информация,Цвет,белый
330762828,Общие характеристики,Модель,JT-88
330762828,Питание,Питание,от аккумулятора
330762828,Технические особенности,Количество режимов работы,6
330762828,Дополнительная информация,Тип массажера,электроимпульсный
330762828,Дополнительная информация,Зона массажа,шея; спина; плечи
330762828,Дополнительная информация,Форма массажера,воротник
330762828,Дополнительная информация,Действие,нагрев; расслабление; лимфодренажный массаж
330762828,Дополнительная информация,Доп. опции массажера,нагрев; микротоки; расслабление
330762828,Дополнительная информация,Количество роликов,6
330762828,Дополнительная информация,Комплектация,"массажер, инструкция, провод USB"
330762828,Дополнительная информация,Страна производства,Китай
330762828,Габариты,Высота предмета,40 см
330762828,Габариты,Ширина предмета,27 см
330762828,Габариты,Длина упаковки,28 см
330762828,Габариты,Высота упаковки,41 см
330762828,Габариты,Ширина упаковки,10 см
175014274,Основная информация,Цвет,бежевый
175014274,Общие характеристики,Количество предметов в упаковке,3 шт
175014274,Материалы,Материал изделия,искусственная кожа; пластик
175014274,Дополнительная информация,Зона массажа,спина; шея; плечи
175014274,Дополнительная информация,Действие,массажер для спины и шеи; Массажер электрический для тела шиацу
175014274,Дополнительная информация,Страна производства,Китай
175014274,Дополнительная информация,Комплектация,электрический массажер для шеи; блок питания 220в; Автомобильный блок питания
175014274,Габариты,Высота предмета,19 см
175014274,Габариты,Вес товара с упаковкой (г),1000 г
175014274,Габариты,Длина упаковки,18 см
175014274,Габариты,Высота упаковки,18 см
175014274,Габариты,Ширина упаковки,41 см
160513836,Основная информация,Цвет,бежевый
160513836,Общие характеристики,Количество предметов в упаковке,3 шт
160513836,Материалы,Материал изделия,искусственная кожа; пластик
160513836,Дополнительная информация,Зона массажа,спина; шея; плечи
160513836,Дополнительная информация,Действие,массажер для спины и шеи; Массажер электрический для тела шиацу
160513836,Дополнительная информация,Страна производства,Китай
160513836,Дополнительная информация,Комплектация,электрический массажер для шеи; блок питания 220в; Автомобильный блок питания
160513836,Габариты,Высота предмета,19 см
160513836,Габариты,Вес товара с упаковкой (г),1000 г
160513836,Габариты,Длина упаковки,18 см
160513836,Габариты,Высота упаковки,18 см
160513836,Габариты,Ширина упаковки,41 см
80864816,Основная информация,Цвет,белый
80864816,Общие характеристики,Количество предметов в упаковке,1 шт.
80864816,Материалы,Материал изделия,abs-пластик; медицинская сталь
80864816,Дополнительная информация,Зона массажа,зона вокруг глаз; шея; лицо
80864816,Дополнительная информация,Действие,лифтинг; омолаживание; против морщин
80864816,Дополнительная информация,Страна производства,Китай
80864816,Дополнительная информация,Комплектация,Массажер - 1 шт; зарядный шнур - 1 шт; Инструкция на русском языке - 1 шт; Подарочная упаковка - 1 шт; Сумочка для хранения - 1 шт.
80864816,Габариты,Ширина предмета,8 см
80864816,Габариты,Высота предмета,10 см
80864816,Габариты,Вес товара с упаковкой (г),300 г
80864816,Габариты,Длина упаковки,17 см
80864816,Габариты,Высота упаковки,7 см
80864816,Габариты,Ширина упаковки,13 см
201921723,Основная информация,Цвет,белый
201921723,Общие характеристики,Количество предметов в упаковке,Массажер - 1шт.; Подставка - 1шт; Кабель зарядки и фиксирующее кольцо - 1шт
201921723,Материалы,Материал изделия,пластик; нержавеющая сталь; металл
201921723,Дополнительная информация,Зона массажа,лицо; шея; декольте
201921723,Дополнительная информация,Действие,разглаживает морщины; лифтинг; омолаживание
201921723,Дополнительная информация,Страна производства,Китай
201921723,Габариты,Длина упаковки,20 см
201921723,Габариты,Высота упаковки,7 см
201921723,Габариты,Ширина упаковки,13 см
204898543,Основная информация,Цвет,черный
204898543,Общие характеристики,Модель,массажер для шеи; массажер для спины; Лимфодренажный массажер
204898543,Питание,Питание,от сети; от прикуривателя автомобиля
204898543,Насадки,Количество насадок,16 шт.
204898543,Дополнительная информация,Тип массажера,роликовый; не перкуссионный вибромассажер пистолет для глаз; не лимфодренажный массажер миостимулятор для стоп
204898543,Дополнительная информация,Зона массажа,для ног; для тела; для шеи
204898543,Дополнительная информация,Действие,Расслабление; снятие напряжения; Снятие усталости
204898543,Дополнительная информация,Мин. продолжительность автономной работы,15 мин
204898543,Дополнительная информация,Доп. опции массажера,инфракрасный прогрев; вибромассаж; автовыключение
204898543,Дополнительная информация,Количество роликов,16
204898543,Дополнительная информация,Комплектация,массажер; коробка; инструкция; блок питания; шнур питания в прикуриватель
204898543,Дополнительная информация,Страна производства,Китай
204898543,Габариты,Высота предмета,19 см
204898543,Габариты,Ширина предмета,41 см
204898543,Габариты,Глубина предмета,20 см
204898543,Габариты,Длина упаковки,41 см
204898543,Габариты,Высота упаковки,17 см
204898543,Габариты,Ширина упаковки,17 см
431816399,Основная информация,Цвет,черный; красный
431816399,Общие характеристики,Модель,Тренажер
431816399,Питание,Питание,от сети
431816399,Технические особенности,Количество режимов работы,99 режимов
431816399,Дополнительная информация,Тип массажера,оздоровление; вибрационный; Массажер для ног
431816399,Дополнительная информация,Зона массажа,руки; спина; ягодицы
431816399,Дополнительная информация,Форма массажера,напольная платформа
431816399,Дополнительная информация,Действие,для похудения; снятие мышечного напряжения; коррекция фигуры
431816399,Дополнительная информация,Мин. продолжительность автономной работы,15 мин
431816399,Дополнительная информация,Доп. опции массажера,пульт ДУ; регулировка скорости; Bluetooth подключение
431816399,Дополнительная информация,Комплектация,Виброплатформа - 1 шт.; эспандер - 2 шт.; Пульт ДУ - 1 шт.; Шнур питания - 1 шт.; Инструкция на русском языке
431816399,Дополнительная информация,Страна производства,Китай
431816399,Габариты,Высота предмета,13 см
431816399,Габариты,Ширина предмета,54 см
431816399,Габариты,Глубина предмета,32 см
431816399,Габариты,Вес без упаковки (кг),8.5 кг
431816399,Габариты,Вес с упаковкой (кг),9 кг
431816399,Габариты,Длина упаковки,65 см
431816399,Габариты,Высота упаковки,15 см
431816399,Габариты,Ширина упаковки,40 см
380490993,Основная информация,Цвет,розовый; пудровый
380490993,Общие характеристики,Количество предметов в упаковке,зарядка
380490993,Материалы,Материал изделия,пластик
380490993,Дополнительная информация,Зона массажа,зона вокруг глаз; зона лица; Зона подбородка
380490993,Дополнительная информация,Действие,против морщин; снятие отечности; Микротоковый лифтинг
380490993,Дополнительная информация,Страна производства,Китай
380490993,Дополнительная информация,Комплектация,Косметический аппарат 1 шт; USB кабель 1 шт; Подарочная коробка 1 шт
380490993,Габариты,Ширина предмета,4 см
380490993,Габариты,Высота предмета,17 см
380490993,Габариты,Вес товара с упаковкой (г),400 г
380490993,Габариты,Длина упаковки,23 см
380490993,Габариты,Высота упаковки,6 см
380490993,Габариты,Ширина упаковки,12 см
381107256,Основная информация,Цвет,черный
381107256,Общие характеристики,Количество предметов в упаковке,6
381107256,Материалы,Материал изделия,пластик; abs-пластик
381107256,Дополнительная информация,Зона массажа,тело; ягодицы; ноги
381107256,Дополнительная информация,Действие,снятие мышечного напряжения; восстановление; разогревающее
381107256,Дополнительная информация,Страна производства,Китай
381107256,Дополнительная информация,Комплектация,Массажный пистолет 1 шт.; Зарядный usb кабель 1 шт.; сменные насадки 4 шт.
381107256,Габариты,Ширина предмета,14 см
381107256,Габариты,Высота предмета,15 см
381107256,Габариты,Вес товара с упаковкой (г),1000 г
381107256,Габариты,Длина упаковки,23 см
381107256,Габариты,Высота упаковки,7 см
381107256,Габариты,Ширина упаковки,18 см
247505306,Основная информация,Цвет,бежевый
247505306,Общие характеристики,Модель,массажер для спины
247505306,Питание,Питание,от сети; от прикуривателя автомобиля; от прикуривателя машины
247505306,Дополнительная информация,Тип массажера,роликовый; не перкуссионный вибромассажер пистолет для глаз; не лимфодренажный массажер миостимулятор для стоп
247505306,Дополнительная информация,Зона массажа,для ног; для шеи; для тела
247505306,Дополнительная информация,Действие,Расслабление; снятие напряжения; Снятие усталости
247505306,Дополнительная информация,Доп. опции массажера,вибромассаж; автовыключение; подарок на 8 марта
247505306,Дополнительная информация,Комплектация,коробка; массажер; блок питания; шнур питания в прикуриватель; инструкция; подарок на 8 марта
247505306,Дополнительная информация,Страна производства,Китай
247505306,Габариты,Вес с упаковкой (кг),0.5 кг
247505306,Габариты,Длина упаковки,31 см
247505306,Габариты,Высота упаковки,10 см
247505306,Габариты,Ширина упаковки,19 см
331334521,Основная информация,Цвет,черный
331334521,Общие характеристики,Модель,электростимуляция
331334521,Дополнительная информация,Комплектация,стимулятор; ремень; провод usb; распылитель; удлинитель ремня; тренажерный мячик для руки; зарядное устройство; резинка для пальцев рук
331334521,Дополнительная информация,Страна производства,Китай
331334521,Габариты,Высота предмета,18 см
331334521,Габариты,Ширина предмета,18 см
331334521,Габариты,Глубина предмета,4 см
331334521,Габариты,Вес без упаковки (кг),0.25 кг
331334521,Габариты,Вес с упаковкой (кг),0.38 кг
331334521,Габариты,Длина упаковки,20 см
331334521,Габариты,Высота упаковки,6 см
331334521,Габариты,Ширина упаковки,15 см
142542013,Основная информация,Цвет,розовый
142542013,Общие характеристики,Количество предметов в упаковке,3
142542013,Материалы,Материал изделия,пластик; abs-пластик
142542013,Дополнительная информация,Зона массажа,овал лица; подбородок; лицо
142542013,Дополнительная информация,Действие,против морщин; лифтинг подтяжка; миостимулятор для омоложения
142542013,Дополнительная информация,Страна производства,Китай
142542013,Дополнительная информация,Комплектация,кабель для зарядки; инструкция; rf лифтинг бандаж
142542013,Габариты,Вес товара с упаковкой (г),166 г
142542013,Габариты,Длина упаковки,11 см
142542013,Габариты,Высота упаковки,17 см
142542013,Габариты,Ширина упаковки,7 см
15847178,Общие характеристики,Количество предметов в упаковке,не лимфодренажный массажер миостимулятор для стоп
15847178,Материалы,Материал изделия,экокожа; похудеть; сжигание жира
15847178,Дополнительная информация,Зона массажа,"лицо; для ног шеи тела спины лица; Спина, шея, плечи, ноги, руки, бедра, поясница"
15847178,Дополнительная информация,Действие,массажная подушка для шеи и спины; Массажер электрический для дома и автомобиля; Массажер электрический для тела шиацу
15847178,Дополнительная информация,Страна производства,Республика Корея
15847178,Дополнительная информация,Комплектация,Адаптер автомобильный 12 Вт; массажер для шеи и плеч; кабель 220В; коробка; инструкция
15847178,Габариты,Длина упаковки,11 см
15847178,Габариты,Высота упаковки,19 см
15847178,Габариты,Ширина упаковки,32 см
229559615,Основная информация,Цвет,фиолетовый
229559615,Дополнительная информация,Тип массажера,вибромассажер; электроимпульсный
229559615,Дополнительная информация,Зона массажа,зона вокруг глаз; лицо; шея
229559615,Дополнительная информация,Действие,против морщин; снятие отечности
229559615,Дополнительная информация,Доп. опции массажера,вибромассаж
229559615,Дополнительная информация,Комплектация,кольцо для закрепления салфетки; подставка; инструкция; USB провод; Аппарат для лица
229559615,Дополнительная информация,Страна производства,Китай
229559615,Габариты,Длина упаковки,17 см
229559615,Габариты,Высота упаковки,6 см
229559615,Габариты,Ширина упаковки,14 см
145412566,Основная информация,Цвет,белый
145412566,Общие характеристики,Количество предметов в упаковке,3
145412566,Материалы,Материал изделия,abs-пластик; пластик
145412566,Дополнительная информация,Зона массажа,вокруг глаз; лицо; зона вокруг глаз
145412566,Дополнительная информация,Действие,beauty омолаживание подтяжка лица; аппарат против морщин от второго подбородка; rf лифтинг подтяжка
145412566,Дополнительная информация,Страна производства,Китай
145412566,Дополнительная информация,Комплектация,подставка; USB кабель; массажер
145412566,Габариты,Вес товара с упаковкой (г),166 г
145412566,Габариты,Длина упаковки,12 см
145412566,Габариты,Высота упаковки,19 см
145412566,Габариты,Ширина упаковки,7 см
258381724,Основная информация,Цвет,белый
258381724,Общие характеристики,Модель,М8807
258381724,Общие характеристики,Гарантийный срок,нет
258381724,Питание,Питание,от сети; от аккумулятора
258381724,Насадки,Количество насадок в комплекте,1 насадка
258381724,Материалы,Материал корпуса,abs-пластик
258381724,Дополнительная информация,Назначение косметического прибора,массаж; омоложение кожи; увлажнение
258381724,Дополнительная информация,Вид воздействия,микротоки
258381724,Дополнительная информация,Область применения,для глаз; для лица; для шеи
258381724,Дополнительная информация,Возрастные ограничения,15+
258381724,Дополнительная информация,Противопоказания,индивидуальная непереносимость; кожные заболеваниях в зоне воздействия; эпилепсия
258381724,Дополнительная информация,Комплектация,Массажер - 1 шт.; Подставка - 1 шт.; USB кабель - 1 шт.; кольцо для закрепления - 1 шт.; Инструкция - 1 шт.; упаковка - 1 шт.
258381724,Дополнительная информация,Страна производства,Китай
258381724,Дополнительная информация,Срок эксплуатации,10 лет
258381724,Габариты,Высота предмета,18 см
258381724,Габариты,Ширина предмета,5 см
258381724,Габариты,Глубина предмета,6 см
258381724,Габариты,Диаметр предмета,5 см
258381724,Габариты,Вес товара с упаковкой (г),250 г
258381724,Габариты,Длина упаковки,24 см
258381724,Габариты,Высота упаковки,7 см
258381724,Габариты,Ширина упаковки,14 см
17756945,Основная информация,Цвет,белый
17756945,Общие характеристики,Количество предметов в упаковке,1
17756945,Материалы,Материал изделия,пластик; металл
17756945,Дополнительная информация,Зона массажа,лицо; шея; зона вокруг глаз
17756945,Дополнительная информация,Действие,микротоки аппарат; против морщин; лифтинг
17756945,Дополнительная информация,Страна производства,Китай
17756945,Дополнительная информация,Комплектация,массажер для лица; чехол для хранения; USB-кабель для зарядки; гарантийный талон 1 год; Инструкция на русском языке в коробке
17756945,Габариты,Ширина предмета,6 см
17756945,Габариты,Высота предмета,16 см
17756945,Габариты,Вес товара с упаковкой (г),430 г
17756945,Габариты,Длина упаковки,21 см
17756945,Габариты,Высота упаковки,6 см
17756945,Габариты,Ширина упаковки,14 см
307832425,Основная информация,Цвет,белый
307832425,Общие характеристики,Модель,8807
307832425,Общие характеристики,Гарантийный срок,1 год
307832425,Питание,Мощность устройства (Вт),5 Вт
307832425,Питание,Питание,от аккумулятора
307832425,Материалы,Материал корпуса,пластик
307832425,Дополнительная информация,Назначение косметического прибора,омоложение кожи; rf лифтинг; массаж
307832425,Дополнительная информация,Вид воздействия,микротоки; УФ терапия; рф лифтинг
307832425,Дополнительная информация,Область применения,для лица; для шеи
307832425,Дополнительная информация,Противопоказания,нет
307832425,Дополнительная информация,Комплектация,кольцо для крепления салфетки; аппарат; USB шнур
307832425,Дополнительная информация,Страна производства,Китай
307832425,Габариты,Высота предмета,12 см
307832425,Габариты,Ширина предмета,5 см
307832425,Габариты,Глубина предмета,4 см
307832425,Габариты,Диаметр предмета,5.5 см
307832425,Габариты,Вес товара с упаковкой (г),243 г
307832425,Габариты,Длина упаковки,20 см
307832425,Габариты,Высота упаковки,11 см
307832425,Габариты,Ширина упаковки,15 см
270059490,Основная информация,Цвет,розовый
270059490,Общие характеристики,Количество предметов в упаковке,6
270059490,Материалы,Материал изделия,abs-пластик
270059490,Дополнительная информация,Зона массажа,лицо; вокруг глаз; шея
270059490,Дополнительная информация,Действие,восстановление; лифтинг; омолаживание
270059490,Дополнительная информация,Страна производства,Китай
270059490,Дополнительная информация,Комплектация,вибромассажер - 1 шт; насадки - 4 шт; инструкция - 1 шт
270059490,Габариты,Ширина предмета,2.5 см
270059490,Габариты,Высота предмета,10.2 см
270059490,Габариты,Вес товара с упаковкой (г),100 г
270059490,Габариты,Длина упаковки,12 см
270059490,Габариты,Высота упаковки,3 см
270059490,Габариты,Ширина упаковки,8 см
252299290,Основная информация,Цвет,бежевый; бежевый нейтральный
252299290,Общие характеристики,Модель,массажер для шеи; массажер для спины; Лимфодренажный массажер
252299290,Общие характеристики,Гарантийный срок,6 мес.; полгода
252299290,Питание,Питание,от сети; от прикуривателя автомобиля; от прикуривателя машины
252299290,Технические особенности,Количество режимов работы,3 режима интенсивности и скорости; 6 режимов
252299290,Дополнительная информация,Тип массажера,роликовый; не перкуссионный вибромассажер пистолет для глаз; не лимфодренажный массажер миостимулятор для стоп
252299290,Дополнительная информация,Зона массажа,"для ног шеи тела спины лица; лицо не против морщин; Спина, шея, плечи, ноги, руки, бедра, поясница, живот"
252299290,Дополнительная информация,Действие,массажная подушка для шеи и спины; Массажер электрический для тела шиацу антицеллюлитный; Массажер электрический для дома и аксессуар для автомобиля
252299290,Дополнительная информация,Доп. опции массажера,не виброплатформа; не перкуссионный массажер пистолет; массажер не для глаз
252299290,Дополнительная информация,Количество роликов,16; по 8 роликов в 2 узлах
252299290,Дополнительная информация,Комплектация,массажер - 1шт.; блок питания от сети - 1шт.; автомобильный блок в прикуриватель - 1шт.; подарок
252299290,Дополнительная информация,Страна производства,Китай
252299290,Габариты,Высота предмета,15 см
252299290,Габариты,Ширина предмета,15 см
252299290,Габариты,Глубина предмета,20 см
252299290,Габариты,Вес без упаковки (кг),1 кг
252299290,Габариты,Вес с упаковкой (кг),1 кг
252299290,Габариты,Длина упаковки,42 см
252299290,Габариты,Высота упаковки,20 см
252299290,Габариты,Ширина упаковки,20 см
150041947,Основная информация,Цвет,черный
150041947,Общие характеристики,Количество предметов в упаковке,4
150041947,Материалы,Материал изделия,полирезина
150041947,Дополнительная информация,Зона массажа,ноги; стопы
150041947,Дополнительная информация,Действие,Микротоковый массаж; миостимулятор электрический; Расслабление и снятие усталости
150041947,Габариты,Длина упаковки,3 см
150041947,Габариты,Высота упаковки,33 см
150041947,Габариты,Ширина упаковки,15 см
180615763,Основная информация,Цвет,черный
180615763,Общие характеристики,Модель,Массажер для ног и ступеней
180615763,Питание,Питание,от аккумулятора; USB; от сети
180615763,Технические особенности,Количество режимов работы,6; 6 шт.
180615763,Насадки,Количество насадок,1 шт.
180615763,Дополнительная информация,Тип массажера,вибромассажер; виброплатформа; магнитно-акупунктурный
180615763,Дополнительная информация,Зона массажа,ноги; ступни; тело
180615763,Дополнительная информация,Действие,снятие мышечного напряжения; улучшение кровообращения; снятие отечности
180615763,Дополнительная информация,Мин. продолжительность автономной работы,25 мин
180615763,Дополнительная информация,Доп. опции массажера,вибромассаж; электромиостимуляция; эффект иглоукалывания
180615763,Дополнительная информация,Комплектация,массажер для ног - 1 шт.; инструкция - 1 шт.; модуль управления - 1 шт.; Usb-шнур - 1 шт.; ПУЛЬТА НЕТ!!!
180615763,Дополнительная информация,Страна производства,Китай
180615763,Габариты,Высота предмета,1 см
180615763,Габариты,Ширина предмета,27 см
180615763,Габариты,Глубина предмета,1 см
180615763,Габариты,Вес без упаковки (кг),0.25 кг
180615763,Габариты,Вес с упаковкой (кг),0.5 кг
180615763,Габариты,Длина упаковки,34 см
180615763,Габариты,Высота упаковки,4 см
180615763,Габариты,Ширина упаковки,16 см
30582312,Основная информация,Цвет,бежевый
30582312,Материалы,Материал изделия,дерево; бук
30582312,Дополнительная информация,Зона массажа,"шея и плечи; ноги, руки, живот, поясница, шея, бедра; Тело, голени, бедра, ягодицы, бока, живот, руки"
30582312,Дополнительная информация,Действие,Антицеллюлитный массаж; массажер для ног; массажер для спины
30582312,Дополнительная информация,Страна производства,Россия
30582312,Дополнительная информация,Комплектация,ролик с шипами; Паспорт изделия
30582312,Общие характеристики,Количество предметов в упаковке (шт.),1 шт.
30582312,Габариты,Ширина предмета,21 см
30582312,Габариты,Высота предмета,13 см
209436534,Основная информация,Цвет,белый
209436534,Общие характеристики,Количество предметов в упаковке,1 шт.
209436534,Материалы,Материал изделия,abs-пластик
209436534,Дополнительная информация,Зона массажа,лицо; зона вокруг глаз; руки и шея
209436534,Дополнительная информация,Действие,"Снятие отечности и усталости лица; вибромассаж для лица и тела; лфитинг, омоложение и разглаживание"
209436534,Дополнительная информация,Страна производства,Китай
209436534,Дополнительная информация,Комплектация,массажер; батарейки
209436534,Габариты,Ширина предмета,9 см
209436534,Габариты,Высота предмета,12 см
209436534,Габариты,Вес товара с упаковкой (г),130 г
209436534,Габариты,Длина упаковки,13 см
209436534,Габариты,Высота упаковки,16 см
209436534,Габариты,Ширина упаковки,7 см
164231638,Основная информация,Цвет,небесно-голубой
164231638,Материалы,Материал изделия,пластик
164231638,Дополнительная информация,Зона массажа,"Спина, шея, плечи, ноги, руки, бедра, поясница; тело шея плечи; тело"
164231638,Дополнительная информация,Действие,Расслабление и снятие усталости; оздоровление тела; Антицеллюлитный массаж
164231638,Дополнительная информация,Страна производства,Китай
164231638,Общие характеристики,Количество предметов в упаковке (шт.),1 шт.
29979779,Основная информация,Цвет,черный
29979779,Материалы,Материал изделия,пластик; силикон; неопрен
29979779,Дополнительная информация,Вид застежки,липучка; гелевая накладка
29979779,Дополнительная информация,Особенности модели,сжигает подкожный жир и приводит мышцы живота и всего организма в тонус
29979779,Дополнительная информация,Комплектация,коробка; паспорт; миостимулятор 3 шт; накладки 3 шт
29979779,Дополнительная информация,Страна производства,Китай
29979779,Габариты,Ширина предмета,19 см
160803882,Основная информация,Цвет,белый
160803882,Материалы,Материал корпуса,abs-пластик
160803882,Дополнительная информация,Назначение косметического прибора,Лифтинг; омоложение; микротоки аппарат для лица
160803882,Дополнительная информация,Противопоказания,детский возраст
160803882,Габариты,Вес товара с упаковкой (г),425 г
160803882,Габариты,Длина упаковки,16 см
160803882,Габариты,Высота упаковки,22 см
160803882,Габариты,Ширина упаковки,6 см
173248110,Основная информация,Цвет,синий
173248110,Материалы,Материал изделия,полиэстер; ПВХ
173248110,Дополнительная информация,Вид застежки,липучка
173248110,Дополнительная информация,Особенности модели,Вибрационный
173248110,Дополнительная информация,Комплектация,пояс
173248110,Дополнительная информация,Страна производства,Китай
173248110,Габариты,Ширина предмета,17 см
404068098,Основная информация,Цвет,белый
404068098,Общие характеристики,Количество предметов в упаковке,1 шт.
404068098,Материалы,Материал изделия,abs- пластик; медицинская сталь
404068098,Дополнительная информация,Зона массажа,зона вокруг глаз; лицо; шея
404068098,Дополнительная информация,Действие,омолаживание; против морщин; лифтинг
404068098,Дополнительная информация,Страна производства,Китай
404068098,Дополнительная информация,Комплектация,Массажер для лица микротоковый - 1 шт.; Инструкция по применению на русском языке - 1 шт.; USB-кабель для зарядки - 1 шт.
404068098,Габариты,Ширина предмета,4 см
404068098,Габариты,Высота предмета,15 см
404068098,Габариты,Вес товара с упаковкой (г),430 г
404068098,Габариты,Длина упаковки,22 см
404068098,Габариты,Высота упаковки,9 см
404068098,Габариты,Ширина упаковки,15 см
54359422,Основная информация,Цвет,белый
54359422,Общие характеристики,Количество предметов в упаковке,2 шт.
54359422,Материалы,Материал изделия,АВС пластик+ металл
54359422,Дополнительная информация,Зона массажа,Массаж зона вокруг глаз
54359422,Дополнительная информация,Действие,разглаживает морщины; Микротоковый массаж; Лифтинг для лица
54359422,Дополнительная информация,Страна производства,Китай
54359422,Дополнительная информация,Комплектация,Массажер; Гель
54359422,Габариты,Ширина предмета,7 см
54359422,Габариты,Высота предмета,13 см
54359422,Габариты,Вес товара с упаковкой (г),400 г
54359422,Габариты,Длина упаковки,17 см
54359422,Габариты,Высота упаковки,7 см
54359422,Габариты,Ширина упаковки,29 см
171491771,Основная информация,Цвет,черный
171491771,Общие характеристики,Количество предметов в упаковке,3 шт.
171491771,Материалы,Материал изделия,электропроводящая резина; полирезина
171491771,Дополнительная информация,Зона массажа,бедра; ноги; стопы
171491771,Дополнительная информация,Действие,Микротоковый массаж; Расслабление и снятие усталости; массажер для ног электрический
171491771,Дополнительная информация,Страна производства,Китай
171491771,Дополнительная информация,Комплектация,EMS массажер для стоп; массажный коврик; массажер миостимулятор для ног; контроллер для массажера; массажер для ног электрический
171491771,Габариты,Ширина предмета,32 см
171491771,Габариты,Высота предмета,32 см
171491771,Габариты,Вес товара с упаковкой (г),120 г
171491771,Габариты,Длина упаковки,33 см
171491771,Габариты,Высота упаковки,3 см
171491771,Габариты,Ширина упаковки,15 см
303480563,Дополнительная информация,Модель тренажера,миостимулятор
303480563,Дополнительная информация,Комплектация,тренажер1шт
303480563,Габариты,Высота предмета,17 см
303480563,Габариты,Длина предмета,5 см
303480563,Габариты,Ширина предмета,20 см
303480563,Габариты,Вес без упаковки (кг),0.2 кг
303480563,Габариты,Длина упаковки,21 см
303480563,Габариты,Высота упаковки,6 см
303480563,Габариты,Ширина упаковки,18 см
199730528,Основная информация,Цвет,белый
199730528,Общие характеристики,Количество предметов в упаковке,4 шт.
199730528,Дополнительная информация,Действие,лифтинг; омолаживание; против морщин
199730528,Дополнительная информация,Страна производства,Китай
199730528,Дополнительная информация,Комплектация,бьюти бокс; массажер электрический 1 шт; Контактный гель 1 шт; Гидрогелевые патчи 1шт; инструкция 1шт; гипоаллергенная маска для лица - 1шт; массажер гуаша
199730528,Габариты,Вес товара с упаковкой (г),550 г
199730528,Габариты,Длина упаковки,15 см
199730528,Габариты,Высота упаковки,9 см
199730528,Габариты,Ширина упаковки,22 см
219310141,Общие характеристики,Модель,Отдых; электро; оздоровление
219310141,Общие характеристики,Гарантийный срок,1 год
219310141,Питание,Питание,от батареек; от сети
219310141,Технические особенности,Количество режимов работы,8 режимов; 15 уровней
219310141,Материалы,Материал корпуса,пластик
219310141,Дополнительная информация,Вид воздействия,магнитотерапия
219310141,Дополнительная информация,Область применения,для всего тела; для спины; для шеи
219310141,Дополнительная информация,Противопоказания,гиперчувствительность к току; воспалительные процессы; детский возраст
219310141,Дополнительная информация,Комплектация,Цифровой меридиан; электроды 2шт; адаптер; батарейки; подставка
219310141,Дополнительная информация,Страна производства,Китай
219310141,Габариты,Высота предмета,10 см
219310141,Габариты,Ширина предмета,8 см
219310141,Габариты,Длина предмета,15.3 см
219310141,Габариты,Вес товара без упаковки (г),350 г
219310141,Габариты,Вес товара с упаковкой (г),450 г
219310141,Габариты,Длина упаковки,26 см
219310141,Габариты,Высота упаковки,6 см
219310141,Габариты,Ширина упаковки,20 см
163986943,Основная информация,Цвет,красный
163986943,Общие характеристики,Модель,Маленький беспроводной вибромассажер для плеч с ручкой
163986943,Питание,Питание,USB; от аккумулятора; от сети
163986943,Технические особенности,Количество режимов работы,8
163986943,Насадки,Количество насадок,4 шт.
163986943,Дополнительная информация,Тип массажера,электроимпульсный; ударно-кулачковый; вибромассажер
163986943,Дополнительная информация,Зона массажа,бедра; живот; ноги
163986943,Дополнительная информация,Действие,снятие напряжения в мышцах; уход за телом - поддержание красоты и здоровья; лимфодренажный массаж для похудения
163986943,Дополнительная информация,Доп. опции массажера,антицеллюлитный массаж; Помощь при остеохондрозе; Точечная проработка мышечных спазмов
163986943,Дополнительная информация,Количество роликов,4
163986943,Дополнительная информация,Комплектация,Массажер - 1 шт; насадка - 4 шт
163986943,Дополнительная информация,Страна производства,Китай
163986943,Габариты,Высота предмета,19 см
163986943,Габариты,Ширина предмета,13 см
163986943,Габариты,Глубина предмета,5 см
163986943,Габариты,Длина упаковки,6 см
163986943,Габариты,Высота упаковки,20 см
163986943,Габариты,Ширина упаковки,21 см
6808578,Основная информация,Цвет,черный
6808578,Общие характеристики,Модель,001
6808578,Общие характеристики,Гарантийный срок,2мес
6808578,Питание,Питание,от батареек
6808578,Насадки,Количество насадок,1 шт.
6808578,Дополнительная информация,Тип массажера,миостимулятор
6808578,Дополнительная информация,Зона массажа,тело
6808578,Дополнительная информация,Мин. продолжительность автономной работы,25 мин
6808578,Дополнительная информация,Комплектация,USB-кабель
6808578,Дополнительная информация,Страна производства,Китай
6808578,Габариты,Высота предмета,20 см
6808578,Габариты,Ширина предмета,25.5 см
6808578,Габариты,Глубина предмета,1 см
6808578,Габариты,Вес без упаковки (кг),0.2 кг
6808578,Габариты,Вес с упаковкой (кг),0.2 кг
6808578,Габариты,Длина упаковки,2 см
6808578,Габариты,Высота упаковки,23 см
6808578,Габариты,Ширина упаковки,29 см
193349762,Основная информация,Цвет,черный
193349762,Общие характеристики,Модель,беспроводной массаж; автовыключение; в подарок
193349762,Общие характеристики,Гарантийный срок,1 год
193349762,Питание,Питание,USB; Встроенный аккумулятор; Работа без батареек
193349762,Технические особенности,Количество режимов работы,8
193349762,Насадки,Количество насадок,1 шт.
193349762,Дополнительная информация,Тип массажера,су джок пальцев для мышц бытовая техника электро массажер; массажер для стоп и пяток для икр от отеков оздоровление; массажер в машину импульсный массажер древмасс мини массажер
193349762,Дополнительная информация,Зона массажа,для живота массажер подушка массажное кресло накидка нефритовый; массажер для рук от жира лифтинг вибрационный акупунктурный; массажер бабочка массажер для кошки кота банные шейные
193349762,Дополнительная информация,Действие,микротоковый массажер массажер для ног электрический антицеллюлитный массажер; лимфодренажный массажер компрессионный массажер прессотерапия аппарат; виброплатформа массажер для тела вакуумный массажер для лица
193349762,Дополнительная информация,Мин. продолжительность автономной работы,15 мин
193349762,Дополнительная информация,Доп. опции массажера,автовыключение; электромиостимуляция; эффект иглоукалывания
193349762,Дополнительная информация,Количество роликов,19
193349762,Дополнительная информация,Страна производства,Китай
193349762,Габариты,Высота предмета,0.3 см
193349762,Габариты,Ширина предмета,29 см
193349762,Габариты,Глубина предмета,32 см
193349762,Габариты,Вес без упаковки (кг),0.1 кг
193349762,Габариты,Вес с упаковкой (кг),0.2 кг
193349762,Габариты,Длина упаковки,36 см
193349762,Габариты,Высота упаковки,2 см
193349762,Габариты,Ширина упаковки,17 см
304401940,Основная информация,Цвет,фиолетовый
304401940,Общие характеристики,Количество предметов в упаковке,1 шт.
304401940,Материалы,Материал изделия,abs-пластик
304401940,Дополнительная информация,Зона массажа,лицо; шея; зона декольте
304401940,Дополнительная информация,Действие,лифтинг; против морщин; очищение
304401940,Дополнительная информация,Страна производства,Китай
304401940,Дополнительная информация,Комплектация,Микротоковый аппарат 7в1 для ухода за кожей - 1 шт.; Подставка - 1 шт; USB - кабель - 1 шт; кольцо для закрепления - 1 шт.
304401940,Габариты,Ширина предмета,16 см
304401940,Габариты,Высота предмета,20 см
304401940,Габариты,Вес товара с упаковкой (г),200 г
304401940,Габариты,Длина упаковки,20 см
304401940,Габариты,Высота упаковки,12 см
304401940,Габариты,Ширина упаковки,13 см
264230794,Основная информация,Цвет,белый
264230794,Общие характеристики,Модель,косметический аппарат
264230794,Общие характеристики,Гарантийный срок,10 лет
264230794,Питание,Питание,от аккумулятора; Беспроводной; USB
264230794,Дополнительная информация,Комплектация,массажер; подставка; кабель; кольцо для закрепления
264230794,Дополнительная информация,Страна производства,Китай
264230794,Дополнительная информация,Срок эксплуатации,3 года
264230794,Габариты,Высота предмета,16.5 см
264230794,Габариты,Ширина предмета,5.5 см
264230794,Габариты,Глубина предмета,6 см
264230794,Габариты,Вес товара с упаковкой (г),200 г
264230794,Габариты,Длина упаковки,12 см
264230794,Габариты,Высота упаковки,18 см
264230794,Габариты,Ширина упаковки,6 см
242625769,Основная информация,Цвет,белый
242625769,Общие характеристики,Количество предметов в упаковке,1 шт.
242625769,Материалы,Материал изделия,abs-пластик
242625769,Дополнительная информация,Зона массажа,лицо; шея
242625769,Дополнительная информация,Действие,лифтинг; восстановление; против морщин
242625769,Дополнительная информация,Страна производства,Китай
242625769,Дополнительная информация,Комплектация,Массажер микротоковый электрический 1шт
242625769,Габариты,Вес товара с упаковкой (г),350 г
242625769,Габариты,Длина упаковки,11 см
242625769,Габариты,Высота упаковки,12 см
242625769,Габариты,Ширина упаковки,9 см
168520383,Основная информация,Цвет,изумрудно-зеленый
168520383,Материалы,Материал изделия,пластик
168520383,Дополнительная информация,Зона массажа,"Спина, шея, плечи, ноги, руки, бедра, поясница; тело шея плечи; тело"
168520383,Дополнительная информация,Действие,Расслабление и снятие усталости; оздоровление тела; Антицеллюлитный массаж
168520383,Дополнительная информация,Страна производства,Китай
168520383,Общие характеристики,Количество предметов в упаковке (шт.),1 шт.
373559433,Основная информация,Цвет,жемчужно-белый; жемчужный; белый иней; белый мрамор; мягкий белый
373559433,Общие характеристики,Модель,002
373559433,Питание,Питание,от аккумулятора
373559433,Технические особенности,Количество режимов работы,12 режимов; 12 режимов работы
373559433,Дополнительная информация,Тип массажера,комбинированный; ультразвуковой; электроимпульсный
373559433,Дополнительная информация,Зона массажа,лицо; шея
373559433,Дополнительная информация,Форма массажера,ручной электромассажер
373559433,Дополнительная информация,Действие,успокаивающее; противовоспалительное; лифтинг
373559433,Дополнительная информация,Доп. опции массажера,индикация включения; регулировка интенсивности; функция подогрева
373559433,Дополнительная информация,Количество роликов,1
373559433,Дополнительная информация,Комплектация,массажер; инструкция; кабель для зарядки; коробка
373559433,Дополнительная информация,Страна производства,Китай
373559433,Габариты,Вес с упаковкой (кг),0.28 кг
373559433,Габариты,Длина упаковки,18 см
373559433,Габариты,Высота упаковки,7 см
373559433,Габариты,Ширина упаковки,15 см
190319028,Основная информация,Цвет,черный
190319028,Дополнительная информация,Зона массажа,ноги; стопы; тело
190319028,Дополнительная информация,Действие,снятие мышечного напряжения; Расслабление; Восстановление и поддержка
190319028,Дополнительная информация,Комплектация,Массажер для ног и тела электрический микротоковый коврик
190319028,Габариты,Высота предмета,4 см
190319028,Габариты,Длина предмета,33 см
190319028,Габариты,Ширина предмета,19 см
190319028,Габариты,Вес с упаковкой (кг),0.17 кг
82587770,Основная информация,Цвет,черный
82587770,Материалы,Материал изделия,пенополиуретан; abs-пластик
82587770,Дополнительная информация,Зона массажа,ноги; стопы; лодыжки
82587770,Дополнительная информация,Действие,массаж ног
82587770,Дополнительная информация,Страна производства,Китай
82587770,Дополнительная информация,Комплектация,коробка; Пульт; массажный коврик; Электрический EMS для ног
82587770,Габариты,Ширина предмета,29 см
428280947,Основная информация,Цвет,черный
428280947,Материалы,Материал изделия,пластик; ткань
428280947,Дополнительная информация,Зона массажа,спина; стопы; тело
428280947,Дополнительная информация,Страна производства,Китай
428280947,Дополнительная информация,Комплектация,Массажный ортопедический коврик для ног + массажер миостимулятор
428280947,Габариты,Ширина предмета,34 см
428280947,Габариты,Высота предмета,117 см
264402845,Основная информация,Цвет,серый
264402845,Питание,Питание,USB; от аккумулятора
264402845,Дополнительная информация,Тип массажера,электроимпульсный; Микротоковый массажер; электромассажер
264402845,Дополнительная информация,Зона массажа,шея; шейный отдел позвоночника; воротниковая зона
264402845,Дополнительная информация,Действие,миостимулятор для шеи; вибромассаж
264402845,Дополнительная информация,Страна производства,Китай
264402845,Габариты,Вес с упаковкой (кг),0.5 кг
264402845,Габариты,Длина упаковки,10 см
264402845,Габариты,Высота упаковки,21 см
264402845,Габариты,Ширина упаковки,23 см
163458244,Основная информация,Цвет,белый
163458244,Общие характеристики,Количество предметов в упаковке,1 шт.
163458244,Материалы,Материал изделия,abs-пластик; нержавеющая сталь
163458244,Дополнительная информация,Зона массажа,зона вокруг глаз; лицо; шея
163458244,Дополнительная информация,Действие,против акне; против морщин; лифтинг
163458244,Дополнительная информация,Комплектация,Массажер - 1 шт; Инструкция на русском языке - 1 шт; USB кабель - 1 шт; Подарочная коробка - 1 шт; токопроводящий гель - 1шт
163458244,Габариты,Ширина предмета,7 см
163458244,Габариты,Высота предмета,17 см
163458244,Габариты,Вес товара с упаковкой (г),795 г
163458244,Габариты,Длина упаковки,25 см
163458244,Габариты,Высота упаковки,17 см
163458244,Габариты,Ширина упаковки,10 см
149488507,Основная информация,Цвет,фиолетовый
149488507,Общие характеристики,Количество предметов в упаковке,3
149488507,Материалы,Материал изделия,abs-пластик; пластик
149488507,Дополнительная информация,Зона массажа,вокруг глаз; лицо; зона вокруг глаз
149488507,Дополнительная информация,Действие,beauty омолаживание подтяжка лица; аппарат против морщин от второго подбородка; rf лифтинг подтяжка
149488507,Дополнительная информация,Страна производства,Китай
149488507,Дополнительная информация,Комплектация,подставка; USB кабель; массажер
149488507,Габариты,Вес товара с упаковкой (г),166 г
149488507,Габариты,Длина упаковки,12 см
149488507,Габариты,Высота упаковки,19 см
149488507,Габариты,Ширина упаковки,7 см
204729179,Основная информация,Цвет,бежевый
204729179,Общие характеристики,Модель,массажер для шеи; массажер для спины; Лимфодренажный массажер
204729179,Питание,Питание,от сети; от прикуривателя автомобиля
204729179,Насадки,Количество насадок,16 шт.
204729179,Дополнительная информация,Тип массажера,роликовый; не перкуссионный вибромассажер пистолет для глаз; не лимфодренажный массажер миостимулятор для стоп
204729179,Дополнительная информация,Зона массажа,для ног; для тела; для шеи
204729179,Дополнительная информация,Действие,Расслабление; снятие напряжения; Снятие усталости
204729179,Дополнительная информация,Мин. продолжительность автономной работы,15 мин
204729179,Дополнительная информация,Доп. опции массажера,инфракрасный прогрев; вибромассаж; автовыключение
204729179,Дополнительная информация,Количество роликов,16
204729179,Дополнительная информация,Комплектация,массажер; коробка; инструкция; блок питания; шнур питания в прикуриватель
204729179,Дополнительная информация,Страна производства,Китай
204729179,Габариты,Высота предмета,19 см
204729179,Габариты,Ширина предмета,41 см
204729179,Габариты,Глубина предмета,20 см
204729179,Габариты,Длина упаковки,41 см
204729179,Габариты,Высота упаковки,17 см
204729179,Габариты,Ширина упаковки,17 см
158466106,Основная информация,Цвет,белый
158466106,Общие характеристики,Количество предметов в упаковке,1 шт.
158466106,Материалы,Материал изделия,abs-пластик; Силикон + PVC
158466106,Дополнительная информация,Зона массажа,шея; ноги; спина
158466106,Дополнительная информация,Действие,Массаж; снятие мышечного напряжения; улучшение кровообращения
158466106,Дополнительная информация,Страна производства,Китай
158466106,Дополнительная информация,Комплектация,Электрический массажер - 1 шт; патчи-электроды для миостимулятора - 2 шт; кабель-USB -1 шт; Инструкция - 1 шт
158466106,Габариты,Вес товара с упаковкой (г),500 г
158466106,Габариты,Длина упаковки,6 см
158466106,Габариты,Высота упаковки,18 см
158466106,Габариты,Ширина упаковки,16 см
206239818,Основная информация,Цвет,белый
206239818,Габариты,Вес товара с упаковкой (г),300 г
206239818,Габариты,Длина упаковки,6 см
206239818,Габариты,Высота упаковки,16 см
206239818,Габариты,Ширина упаковки,14 см
199236899,Основная информация,Цвет,черный
199236899,Дополнительная информация,Комплектация,миостимулятор для пресса бабочка
199236899,Дополнительная информация,Страна производства,Китай
199236899,Габариты,Высота предмета,17 см
199236899,Габариты,Длина предмета,20 см
199236899,Габариты,Глубина предмета,3 см
199236899,Габариты,Ширина предмета,17 см
199236899,Габариты,Длина упаковки,22 см
199236899,Габариты,Высота упаковки,3 см
199236899,Габариты,Ширина упаковки,20 см
238716037,Основная информация,Цвет,темно-коричневый
238716037,Питание,Питание,от сети
238716037,Технические особенности,Количество режимов работы,9 режимов
238716037,Дополнительная информация,Тип массажера,вибромассажер; роликовый; тепловой
238716037,Дополнительная информация,Зона массажа,тело; шея; ноги
238716037,Дополнительная информация,Действие,ароматерапия; снятие отечности; расслабление
238716037,Дополнительная информация,Доп. опции массажера,вибромассаж; таймер; функция подогрева
238716037,Дополнительная информация,Количество роликов,6
238716037,Дополнительная информация,Комплектация,автоматическая подушка валик; массажная подушка для шеи и плеч; массажный матрас с роликами; массажер для ног; пульт управления; инструкция
238716037,Дополнительная информация,Страна производства,Китай
238716037,Габариты,Высота предмета,165 см
238716037,Габариты,Ширина предмета,50 см
238716037,Габариты,Вес с упаковкой (кг),4.9 кг
238716037,Габариты,Длина упаковки,39 см
238716037,Габариты,Высота упаковки,60 см
238716037,Габариты,Ширина упаковки,19 см
171225327,Основная информация,Цвет,голубой меланж
171225327,Общие характеристики,Модель,тренажер для тела; Миостимулятор; вибромассажер
171225327,Материалы,Материал корпуса,пластик
171225327,Дополнительная информация,Назначение косметического прибора,"для шеи, спины, поясницы, ягодиц; для талии, рук, плеч, ног; для тела"
171225327,Дополнительная информация,Возрастные ограничения,для взрослых
171225327,Дополнительная информация,Комплектация,массажер-1шт.; насадки-3шт.
171225327,Дополнительная информация,Страна производства,Китай
171225327,Габариты,Высота предмета,16 см
171225327,Габариты,Ширина предмета,11 см
171225327,Габариты,Глубина предмета,15 см
171225327,Габариты,Вес товара с упаковкой (г),1000 г
171225327,Габариты,Длина упаковки,26 см
171225327,Габариты,Высота упаковки,19 см
171225327,Габариты,Ширина упаковки,12 см
213129969,Основная информация,Цвет,серый
213129969,Материалы,Материал изделия,пластик; ABS
213129969,Дополнительная информация,Зона массажа,"Спина, шея, плечи, ноги, руки, бедра, поясница; Икры / Бедра / Ягодицы; антицеллюлитный"
213129969,Дополнительная информация,Действие,Расслабление и снятие усталости; массаж спины и тела; Антицеллюлитный массаж
213129969,Дополнительная информация,Страна производства,Россия
213129969,Дополнительная информация,Комплектация,Ролик массажный с шипами
213129969,Общие характеристики,Количество предметов в упаковке (шт.),1 шт.
213129969,Габариты,Ширина предмета,21 см
213129969,Габариты,Высота предмета,12.8 см
172919419,Основная информация,Цвет,серый
172919419,Общие характеристики,Количество предметов в упаковке,1 шт.
172919419,Материалы,Материал изделия,abs-пластик; металл; медь
172919419,Дополнительная информация,Зона массажа,лицо; зона вокруг глаз; тело
172919419,Дополнительная информация,Действие,лифтинг; омолаживание; против морщин
172919419,Дополнительная информация,Страна производства,Китай
172919419,Дополнительная информация,Комплектация,аппарат; адаптер; инструкция; гель; маска
172919419,Габариты,Ширина предмета,5 см
172919419,Габариты,Высота предмета,6 см
172919419,Габариты,Вес товара с упаковкой (г),870 г
172919419,Габариты,Длина упаковки,27 см
172919419,Габариты,Высота упаковки,9 см
172919419,Габариты,Ширина упаковки,17 см
