,good_id,marketplace,name,value
0,221329577,wb,Цвет,серебристый
1,221329577,wb,Гарантийный срок,12 месяцев
2,221329577,wb,Питание,USB; от аккумулятора
3,221329577,wb,Количество режимов работы,36 режимов
4,221329577,wb,Количество насадок,10 шт.
5,221329577,wb,Тип массажера,электроимпульсный; вибромассажер
6,221329577,wb,Зона массажа,ноги; спина; тело
7,221329577,wb,Действие,снятие отечности; улучшение кровообращения; разогревающее
8,221329577,wb,Доп. опции массажера,таймер; электромиостимуляция; эффект иглоукалывания
9,221329577,wb,Страна производства,Китай
10,221329577,wb,Высота предмета,9.5 см
11,221329577,wb,Ширина предмета,7 см
12,221329577,wb,Глубина предмета,1 см
13,221329577,wb,Вес без упаковки (кг),0.07 кг
14,221329577,wb,Вес с упаковкой (кг),0.4 кг
15,221329577,wb,Длина упаковки,17 см
16,221329577,wb,Высота упаковки,9 см
17,221329577,wb,Ширина упаковки,9 см
18,334678554,wb,Цвет,серебристый
19,334678554,wb,Гарантийный срок,12 месяцев
20,334678554,wb,Питание,от аккумулятора
21,334678554,wb,Количество режимов работы,48 режимов
22,334678554,wb,Количество насадок,16 шт.
23,334678554,wb,Тип массажера,электроимпульсный
24,334678554,wb,Зона массажа,тело
25,334678554,wb,Действие,разогревающее; коррекция фигуры; снятие отечности
26,334678554,wb,Мин. продолжительность автономной работы,1200 мин
27,334678554,wb,Доп. опции массажера,вибромассаж; электромиостимуляция; эффект иглоукалывания
28,334678554,wb,Страна производства,Китай
29,334678554,wb,Вес с упаковкой (кг),0.6 кг
30,334678554,wb,Длина упаковки,26 см
31,334678554,wb,Высота упаковки,6 см
32,334678554,wb,Ширина упаковки,19 см
33,221352035,wb,Цвет,серебристый
34,221352035,wb,Гарантийный срок,12 месяцев
35,221352035,wb,Питание,от аккумулятора
36,221352035,wb,Количество режимов работы,36 режимов
37,221352035,wb,Количество насадок,10 шт.
38,221352035,wb,Тип массажера,электроимпульсный
39,221352035,wb,Зона массажа,тело
40,221352035,wb,Действие,разогревающее; коррекция фигуры; снятие отечности
41,221352035,wb,Мин. продолжительность автономной работы,600 мин
42,221352035,wb,Доп. опции массажера,вибромассаж; электромиостимуляция; эффект иглоукалывания
43,221352035,wb,Страна производства,Китай
44,221352035,wb,Высота предмета,12 см
45,221352035,wb,Ширина предмета,6 см
46,221352035,wb,Глубина предмета,1 см
47,221352035,wb,Вес без упаковки (кг),0.09 кг
48,221352035,wb,Вес с упаковкой (кг),0.4 кг
49,221352035,wb,Длина упаковки,17 см
50,221352035,wb,Высота упаковки,9 см
51,221352035,wb,Ширина упаковки,9 см
52,91028354,wb,Цвет,серый
53,91028354,wb,Модель,JR309
54,91028354,wb,Питание,220В (5А); 3 батарейки ААА; USB-шнур
55,91028354,wb,Количество режимов работы,9
56,91028354,wb,Тип массажера,миостимулятор; Массажер электрический; лечение
57,91028354,wb,Зона массажа,ноги; пресс; тело
58,91028354,wb,Действие,для массажа; для тренировки мышц; для похудения
59,91028354,wb,Доп. опции массажера,автовыключение; электромиостимуляция; Регулируемая скорость
60,91028354,wb,Комплектация,миостимулятор; тапочки - 2 шт; Перчатки - 2 шт; носки - 2 шт; нарукавники - 2 шт
61,91028354,wb,Страна производства,Китай
62,91028354,wb,Высота предмета,4 см
63,91028354,wb,Ширина предмета,10 см
64,91028354,wb,Глубина предмета,15 см
65,91028354,wb,Вес без упаковки (кг),0.15 кг
66,91028354,wb,Вес с упаковкой (кг),0.45 кг
67,91028354,wb,Длина упаковки,11 см
68,91028354,wb,Высота упаковки,10 см
69,91028354,wb,Ширина упаковки,27 см
70,169351017,wb,Цвет,белый; синий
71,169351017,wb,Модель,"Миостимулятор FZ-1 ""ШУБОШИ"" / ""Удобный Доктор"""
72,169351017,wb,Гарантийный срок,1 год
73,169351017,wb,Питание,от аккумулятора; от сети
74,169351017,wb,Количество режимов работы,4
75,169351017,wb,Количество насадок,2 шт.
76,169351017,wb,Тип массажера,миостимулятор; массажер электрический импульсный; Миостимулятор EMS - TENS
77,169351017,wb,Зона массажа,Лицо / Тело / Руки / Ноги / Спина / Живот / Кожа
78,169351017,wb,Форма массажера,ручной электромассажер
79,169351017,wb,Действие,лифтинг/от отеков/от темных кругов; Оздоровительный эффект; Массажер для лица шеи и тела
80,169351017,wb,Доп. опции массажера,дисплей; индикация времени до окончания процедуры; индикация выбранного режима
81,169351017,wb,Комплектация,Инструкция - 1 шт.; Сетевой адаптер - 1 шт.; Миостимулятор - 1 шт.
82,169351017,wb,Страна производства,Китай
83,169351017,wb,Срок эксплуатации,15 лет
84,169351017,wb,Высота предмета,15 см
85,169351017,wb,Ширина предмета,6.2 см
86,169351017,wb,Глубина предмета,2.6 см
87,169351017,wb,Вес без упаковки (кг),0.12 кг
88,169351017,wb,Вес с упаковкой (кг),0.7 кг
89,169351017,wb,Длина упаковки,9 см
90,169351017,wb,Высота упаковки,18 см
91,169351017,wb,Ширина упаковки,11 см
92,251013688,wb,Цвет,серебристый; черный
93,251013688,wb,Модель,"Миостимулятор FZ-2 ""ШУБОШИ"""
94,251013688,wb,Гарантийный срок,2 года
95,251013688,wb,Питание,от аккумулятора
96,251013688,wb,Количество режимов работы,8 режимов
97,251013688,wb,Количество насадок,4 шт.
98,251013688,wb,Тип массажера,миостимулятор; массажер электрический импульсный; Миостимулятор EMS - TENS
99,251013688,wb,Зона массажа,Лицо / Тело / Руки / Ноги / Спина / Живот / Кожа
100,251013688,wb,Форма массажера,ручной электромассажер
101,251013688,wb,Действие,лифтинг/от отеков/от темных кругов; Оздоровительный эффект; Массажер для лица шеи и тела
102,251013688,wb,Доп. опции массажера,электромиостимуляция
103,251013688,wb,Комплектация,Инструкция - 1 шт.; Сетевой адаптер - 1 шт.; Миостимулятор - 1 шт.; провод micro USB; Кнопочный провод для электродов - 2 шт; Массажные электроды стандартные - 4 шт
104,251013688,wb,Страна производства,Китай
105,251013688,wb,Срок эксплуатации,15 лет
106,251013688,wb,Высота предмета,8 см
107,251013688,wb,Ширина предмета,4 см
108,251013688,wb,Глубина предмета,1 см
109,251013688,wb,Вес без упаковки (кг),0.42 кг
110,251013688,wb,Вес с упаковкой (кг),0.43 кг
111,251013688,wb,Длина упаковки,9 см
112,251013688,wb,Высота упаковки,15 см
113,251013688,wb,Ширина упаковки,8 см
114,141376926,wb,Цвет,серый
115,141376926,wb,Модель,REMASO
116,141376926,wb,Гарантийный срок,1 год
117,141376926,wb,Питание,USB; от сети
118,141376926,wb,Количество режимов работы,25
119,141376926,wb,Количество насадок,10 шт.
120,141376926,wb,Тип массажера,тепловой; электроимпульсный
121,141376926,wb,Зона массажа,шея; спина; ноги
122,141376926,wb,Действие,восстановление; снятие мышечного напряжения; оздоровление
123,141376926,wb,Мин. продолжительность автономной работы,360 мин
124,141376926,wb,Доп. опции массажера,электромиостимуляция; ударный
125,141376926,wb,Количество роликов,нет
126,141376926,wb,Комплектация,миостимулятор-1шт; электродные накладки-4 шт; соединительный кабель- 1 шт; зарядка-1 шт
127,141376926,wb,Страна производства,Китай
128,141376926,wb,Высота предмета,15 см
129,141376926,wb,Вес без упаковки (кг),0.65 кг
130,141376926,wb,Вес с упаковкой (кг),0.65 кг
131,141376926,wb,Длина упаковки,19 см
132,141376926,wb,Высота упаковки,7 см
133,141376926,wb,Ширина упаковки,11 см
134,35995950,wb,Цвет,белый
135,35995950,wb,Модель,"Миостимулятор FZ-1 ""ШУБОШИ"" / ""Удобный Доктор"""
136,35995950,wb,Тип массажера,миостимулятор; массажер электрический импульсный; Миостимулятор EMS - TENS
137,35995950,wb,Зона массажа,Лицо / Тело / Руки / Ноги / Спина / Живот / Кожа
138,35995950,wb,Действие,лифтинг/от отеков/от темных кругов; Оздоровительный эффект; Массажер для лица шеи и тела
139,35995950,wb,Комплектация,Инструкция - 1 шт.; Сетевой адаптер - 1 шт.; Миостимулятор - 1 шт.
140,35995950,wb,Страна производства,Китай
141,35995950,wb,Вес с упаковкой (кг),0.48 кг
142,35995950,wb,Длина упаковки,9 см
143,35995950,wb,Высота упаковки,18 см
144,35995950,wb,Ширина упаковки,12 см
145,143533250,wb,Цвет,белый; белый глянец
146,143533250,wb,Модель,беспроводной
147,143533250,wb,Гарантийный срок,1 год
148,143533250,wb,Питание,от аккумулятора; от сети
149,143533250,wb,Количество режимов работы,24
150,143533250,wb,Количество насадок,10 шт.
151,143533250,wb,Тип массажера,электроимпульсный; постукивающий; электроимпульсный
152,143533250,wb,Зона массажа,спина; тело; ноги
153,143533250,wb,Форма массажера,ручной электромассажер
154,143533250,wb,Действие,снятие мышечного напряжения; улучшение кровообращения; восстановление
155,143533250,wb,Мин. продолжительность автономной работы,10000 мин
156,143533250,wb,Доп. опции массажера,электромиостимуляция; эффект иглоукалывания; инфракрасный излучатель
157,143533250,wb,Комплектация,"миостимулятор, блок питания,комплект проводов; Инструкция пользователя; аппликаторы 8 шт; лор насадка"
158,143533250,wb,Страна производства,Китай
159,143533250,wb,Высота предмета,6 см
160,143533250,wb,Ширина предмета,13.5 см
161,143533250,wb,Глубина предмета,2 см
162,143533250,wb,Вес без упаковки (кг),0.13 кг
163,143533250,wb,Вес с упаковкой (кг),0.42 кг
164,143533250,wb,Длина упаковки,18 см
165,143533250,wb,Высота упаковки,8 см
166,143533250,wb,Ширина упаковки,10 см
167,198641294,wb,Цвет,черный
168,198641294,wb,Модель,Миостимулятор
169,198641294,wb,Питание,от батареек
170,198641294,wb,Количество режимов работы,6
171,198641294,wb,Количество насадок,1 шт.
172,198641294,wb,Тип массажера,Миостимулирующий; Миостимулятор для мышц; Миостимулятор EMS
173,198641294,wb,Зона массажа,ноги; живот; руки
174,198641294,wb,Форма массажера,манжета
175,198641294,wb,Действие,коррекция фигуры; укрепление; упругость
176,198641294,wb,Мин. продолжительность автономной работы,15 мин
177,198641294,wb,Доп. опции массажера,миостимулятор электрический; микротоки; прессотерапия
178,198641294,wb,Комплектация,массажер для живота - 1шт; массажер для рук - 1шт; массажер для бедер - 1шт; пульт - 3 шт; инструкция
179,198641294,wb,Страна производства,Китай
180,198641294,wb,Высота предмета,17 см
181,198641294,wb,Глубина предмета,2 см
182,198641294,wb,Вес без упаковки (кг),0.55 кг
183,198641294,wb,Вес с упаковкой (кг),0.55 кг
184,198641294,wb,Длина упаковки,24 см
185,198641294,wb,Высота упаковки,4 см
186,198641294,wb,Ширина упаковки,21 см
187,178910159,wb,Цвет,белый
188,178910159,wb,Модель,для тела
189,178910159,wb,Гарантийный срок,12
190,178910159,wb,Питание,от сети; от батареек
191,178910159,wb,Количество режимов работы,8
192,178910159,wb,Тип массажера,магнитно-акупунктурный; постукивающий; электроимпульсная
193,178910159,wb,Зона массажа,тело; спина; руки
194,178910159,wb,Действие,коррекция фигуры; антицеллюлитный; для похудения
195,178910159,wb,Мин. продолжительность автономной работы,15 мин
196,178910159,wb,Доп. опции массажера,электромиостимуляция; эффект иглоукалывания; таймер
197,178910159,wb,Комплектация,блок питания; инструкция; Шнуры электроды - 2 шт; Электроды (патчи) - 4 шт; Терапевтические тапочки - 1 шт
198,178910159,wb,Страна производства,Китай
199,178910159,wb,Высота предмета,10 см
200,178910159,wb,Ширина предмета,27 см
201,178910159,wb,Вес с упаковкой (кг),0.5 кг
202,178910159,wb,Длина упаковки,11 см
203,178910159,wb,Высота упаковки,10 см
204,178910159,wb,Ширина упаковки,27 см
205,43996867,wb,Цвет,серый
206,43996867,wb,Модель,микротоковый массажер цифровой меридиан
207,43996867,wb,Гарантийный срок,3 месяца
208,43996867,wb,Питание,от сети; от батареек
209,43996867,wb,Количество режимов работы,6 режимов массажа; 6 шт
210,43996867,wb,Количество насадок,4 шт.
211,43996867,wb,Тип массажера,вибромассажер; микротоковый импульсный миостимулятор; электроимпульсный
212,43996867,wb,Зона массажа,спина; тело; шея
213,43996867,wb,Форма массажера,массажный аппарат
214,43996867,wb,Действие,снятие мышечного напряжения; восстановление; коррекция фигуры
215,43996867,wb,Мин. продолжительность автономной работы,40 мин
216,43996867,wb,Доп. опции массажера,вибромассаж; электромиостимуляция; регулировка интенсивности
217,43996867,wb,Комплектация,Инструмент для терапии Цифровой меридиан; аппликаторы электроды 4 шт; кабель питания от сети USB; инструкция; батарейки 3 шт; 2 парных кабеля для электродов; картонная коробка
218,43996867,wb,Страна производства,Китай
219,43996867,wb,Высота предмета,16 см
220,43996867,wb,Ширина предмета,6 см
221,43996867,wb,Глубина предмета,2 см
222,43996867,wb,Вес без упаковки (кг),0.1 кг
223,43996867,wb,Вес с упаковкой (кг),0.3 кг
224,43996867,wb,Длина упаковки,24 см
225,43996867,wb,Высота упаковки,5 см
226,43996867,wb,Ширина упаковки,19 см
227,148830492,wb,Цвет,серый
228,148830492,wb,Модель,JR309
229,148830492,wb,Гарантийный срок,2 мес
230,148830492,wb,Питание,220В (5А); 3 батарейки ААА; USB-шнур
231,148830492,wb,Количество режимов работы,9
232,148830492,wb,Количество насадок,8 шт.
233,148830492,wb,Тип массажера,миостимулятор; Массажер электрический; лечение
234,148830492,wb,Зона массажа,"для шеи, для головы, для ног"
235,148830492,wb,Форма массажера,ручной электромассажер
236,148830492,wb,Действие,Массаж; Укрепление мышц; уменьшение целлюлита
237,148830492,wb,Доп. опции массажера,электрофорез; электромиостимуляция; автовыключение
238,148830492,wb,Количество роликов,импульсный массажер; мини массажер для тела; электромассажер-миостимулятор
239,148830492,wb,Комплектация,тапочки - 2 шт; Перчатки - 2 шт; носки - 2 шт; нарукавники - 2 шт; Миостимулятор массажер
240,148830492,wb,Страна производства,Китай
241,148830492,wb,Высота предмета,4 см
242,148830492,wb,Ширина предмета,10 см
243,148830492,wb,Глубина предмета,15 см
244,148830492,wb,Вес без упаковки (кг),0.15 кг
245,148830492,wb,Вес с упаковкой (кг),0.58 кг
246,148830492,wb,Длина упаковки,11 см
247,148830492,wb,Высота упаковки,10 см
248,148830492,wb,Ширина упаковки,27 см
249,250135346,wb,Цвет,белый
250,250135346,wb,Модель,EMS 309A
251,250135346,wb,Гарантийный срок,1 год
252,250135346,wb,Питание,"Usb, от сети"
253,250135346,wb,Количество режимов работы,6
254,250135346,wb,Количество насадок,1 шт.
255,250135346,wb,Тип массажера,"Вакуумный, Миостимулирующий, Расслабляющий, Оздоровительный; Лечебный, Лимфодренажный"
256,250135346,wb,Зона массажа,шея; тело; спина
257,250135346,wb,Действие,восстановление
258,250135346,wb,Доп. опции массажера,автовыключение
259,250135346,wb,Комплектация,устройство - 1 шт; Тапочки - 1 пара; Кабель USB - 1 шт; Электроды - 8 шт.; Кабели для подключения электродов - 8 шт.; Адаптер питания - 1 шт.; Инструкция - 1 шт.
260,250135346,wb,Страна производства,Китай
261,250135346,wb,Вес с упаковкой (кг),0.6 кг
262,250135346,wb,Длина упаковки,28 см
263,250135346,wb,Высота упаковки,10 см
264,250135346,wb,Ширина упаковки,11 см
265,141936084,wb,Цвет,черный
266,141936084,wb,Модель,HQ185
267,141936084,wb,Питание,USB
268,141936084,wb,Количество режимов работы,24 режима работы
269,141936084,wb,Количество насадок,1 шт.
270,141936084,wb,Тип массажера,вибромассажер; виброплатформа; электроимпульсный
271,141936084,wb,Зона массажа,"ноги, руки, живот, поясница, шея, бедра, лицо; Плечи / Шея / Спина / Ягодицы; позвоночника, пресса, груди, икры, под коленом, ступни"
272,141936084,wb,Форма массажера,накидка
273,141936084,wb,Действие,"антистресс, релаксация, уменьшает тревогу; расслабление шеи; Массаж"
274,141936084,wb,Мин. продолжительность автономной работы,5 мин
275,141936084,wb,Доп. опции массажера,электрический массажер; массаж шеи; массажер для шеи и плеч
276,141936084,wb,Страна производства,Китай
277,141936084,wb,Высота предмета,15 см
278,141936084,wb,Ширина предмета,7 см
279,141936084,wb,Глубина предмета,3 см
280,141936084,wb,Вес без упаковки (кг),0.08 кг
281,141936084,wb,Вес с упаковкой (кг),0.1 кг
282,141936084,wb,Длина упаковки,18 см
283,141936084,wb,Высота упаковки,3 см
284,141936084,wb,Ширина упаковки,9 см
285,291888914,wb,Цвет,белый
286,291888914,wb,Модель,беспроводной
287,291888914,wb,Гарантийный срок,1 год
288,291888914,wb,Питание,от аккумулятора; от сети
289,291888914,wb,Количество режимов работы,15 режимов
290,291888914,wb,Количество насадок,10 шт.
291,291888914,wb,Тип массажера,электроимпульсный; электроимпульсный; акупунктурный/акупрессурный
292,291888914,wb,Зона массажа,живот; ягодицы; бедра
293,291888914,wb,Форма массажера,ручной электромассажер
294,291888914,wb,Действие,коррекция фигуры; снятие мышечного напряжения; улучшение кровообращения
295,291888914,wb,Мин. продолжительность автономной работы,10000 мин
296,291888914,wb,Доп. опции массажера,электромиостимуляция; эффект иглоукалывания; инфракрасный излучатель
297,291888914,wb,Комплектация,"миостимулятор, блок питания,комплект проводов; комплект батареек; Инструкция пользователя; аппликаторы 8 шт; ЛОР насадка - 2 шт"
298,291888914,wb,Страна производства,Китай
299,291888914,wb,Высота предмета,7 см
300,291888914,wb,Ширина предмета,19 см
301,291888914,wb,Вес без упаковки (кг),0.13 кг
302,291888914,wb,Вес с упаковкой (кг),0.43 кг
303,291888914,wb,Длина упаковки,18 см
304,291888914,wb,Высота упаковки,5 см
305,291888914,wb,Ширина упаковки,18 см
306,312901930,wb,Цвет,черный
307,312901930,wb,Питание,от батареек
308,312901930,wb,Количество режимов работы,6
309,312901930,wb,Тип массажера,электроимпульсный
310,312901930,wb,Зона массажа,живот; руки; тело
311,312901930,wb,Форма массажера,манжета
312,312901930,wb,Действие,контуринг; коррекция фигуры; укрепление
313,312901930,wb,Страна производства,Китай
314,312901930,wb,Вес с упаковкой (кг),0.2 кг
315,312901930,wb,Длина упаковки,22 см
316,312901930,wb,Высота упаковки,3 см
317,312901930,wb,Ширина упаковки,20 см
318,44081627,wb,Цвет,черный
319,44081627,wb,Модель,Миостимулятор для тела Yamaguchi ABS Trainer MIO
320,44081627,wb,Гарантийный срок,12 месяцев; + постгарантийное обслуживание до 5 лет
321,44081627,wb,Питание,5 В; от аккумулятора; без питания
322,44081627,wb,Количество режимов работы,2 автоматические программы; 15 уровней интенсивности
323,44081627,wb,Количество насадок,1 шт.
324,44081627,wb,Тип массажера,электроимпульсный; вибрационный; миостимулятор
325,44081627,wb,Зона массажа,пресс; живот; тело
326,44081627,wb,Форма массажера,бабочка
327,44081627,wb,Действие,коррекция фигуры; улучшение кровообращения; тонизирование
328,44081627,wb,Мин. продолжительность автономной работы,10 мин
329,44081627,wb,Доп. опции массажера,массажер для пресса; массажер для тела; антицеллюлитный массаж
330,44081627,wb,Комплектация,миостимулятор для пресса; Пластина с электродами; USB кабель для зарядки; руководство пользователя
331,44081627,wb,Высота предмета,19 см
332,44081627,wb,Ширина предмета,15.5 см
333,44081627,wb,Глубина предмета,0.2 см
334,44081627,wb,Вес без упаковки (кг),0.05 кг
335,44081627,wb,Вес с упаковкой (кг),0.19 кг
336,44081627,wb,Длина упаковки,2 см
337,44081627,wb,Высота упаковки,22 см
338,44081627,wb,Ширина упаковки,28 см
339,236596238,wb,Цвет,белый
340,236596238,wb,Зона массажа,спина; тело; руки
341,236596238,wb,Вес с упаковкой (кг),0.23 кг
342,236596238,wb,Длина упаковки,17 см
343,236596238,wb,Высота упаковки,5 см
344,236596238,wb,Ширина упаковки,11 см
345,250133162,wb,Цвет,черный
346,250133162,wb,Модель,EMS
347,250133162,wb,Питание,USB; от аккумулятора
348,250133162,wb,Количество режимов работы,36
349,250133162,wb,Тип массажера,электроимпульсный вибромассажер
350,250133162,wb,Зона массажа,"ноги, спина, тело"
351,250133162,wb,Действие,"улучшение кровообращения; снятие отечности,; разогревающее"
352,250133162,wb,Доп. опции массажера,таймер; электромиостимуляция; эффект иглоукалывания
353,250133162,wb,Комплектация,Электродные накладки - 4 пары; 2 электродных провода - 2 шт; USB-кабель - 1 шт; Крепежная пластина вкладыша - 1 шт; Руководство по эксплуатации - 1 шт
354,250133162,wb,Страна производства,Китай
355,250133162,wb,Вес с упаковкой (кг),0.3 кг
356,250133162,wb,Длина упаковки,15 см
357,250133162,wb,Высота упаковки,8 см
358,250133162,wb,Ширина упаковки,8 см
359,114150729,wb,Цвет,белый
360,114150729,wb,Модель,Косметологический аппарат В-333
361,114150729,wb,Питание,от сети
362,114150729,wb,Количество насадок в комплекте,20 электродов для тела
363,114150729,wb,Материал корпуса,abs-пластик
364,114150729,wb,Назначение косметического прибора,массаж; против целлюлита; антицеллюлитный лифтинг
365,114150729,wb,Вид воздействия,миостимуляция; лимфодренаж; электромиостимуляция (EMS)
366,114150729,wb,Область применения,для тела; для всего тела; для груди
367,114150729,wb,Возрастные ограничения,18+
368,114150729,wb,Комплектация,"косметологическое оборудование; аппарат миостимуляции-1шт; Электроды (долговечные, сменные) -10 шт; кабели для подключения -1 комплект; Руководство пользователя на русском языке; гарантийный талон; Упаковка (транспортировочная коробка)"
369,114150729,wb,Страна производства,Китай
370,114150729,wb,Высота предмета,46 см
371,114150729,wb,Ширина предмета,39 см
372,114150729,wb,Глубина предмета,21 см
373,114150729,wb,Вес товара с упаковкой (г),5900 г
374,114150729,wb,Длина упаковки,46 см
375,114150729,wb,Высота упаковки,22 см
376,114150729,wb,Ширина упаковки,40 см
377,346462615,wb,Цвет,серебристый
378,346462615,wb,Питание,от аккумулятора
379,346462615,wb,Количество режимов работы,36 режимов
380,346462615,wb,Тип массажера,электроимпульсный
381,346462615,wb,Доп. опции массажера,Количество режимов интенсивности - 20; Длительность импульсов 100 мкс; Частота импульсов 0-100 Гц
382,346462615,wb,Комплектация,Соединительные провода - 2 шт Блок питания - 1 шт USB-кабель - 1 шт; инструкция на русском - 1 шт; Миостимулятор - 1 шт Самоклеящиеся - 1 шт Электрод - 4 шт
383,346462615,wb,Вес с упаковкой (кг),0.34 кг
384,346462615,wb,Длина упаковки,15 см
385,346462615,wb,Высота упаковки,7 см
386,346462615,wb,Ширина упаковки,9 см
387,328814914,wb,Цвет,фиолетовый
388,328814914,wb,Модель,Кегель массажер для женщин электрический
389,328814914,wb,Питание,USB
390,328814914,wb,Количество режимов работы,6 режимов
391,328814914,wb,Количество насадок,4 шт.
392,328814914,wb,Тип массажера,электроимпульсный
393,328814914,wb,Зона массажа,живот; интимная зона; тело
394,328814914,wb,Действие,восстановление; укрепление; коррекция фигуры
395,328814914,wb,Мин. продолжительность автономной работы,10 мин
396,328814914,wb,Доп. опции массажера,электромиостимуляция
397,328814914,wb,Комплектация,Хост-1 шт Зонд - 1 шт Стандартные электроды - 3 пары Нагрудные электроды - 2 пары; Кабель для зарядки -1 шт Соединительный провод- 2 шт; Инструкция - 1 шт Упаковочная коробка- 1 шт
398,328814914,wb,Страна производства,Китай
399,328814914,wb,Вес с упаковкой (кг),0.3 кг
400,328814914,wb,Длина упаковки,22 см
401,328814914,wb,Высота упаковки,7 см
402,328814914,wb,Ширина упаковки,15 см
403,260607223,wb,Цвет,черный
404,260607223,wb,Модель,электростимуляция
405,260607223,wb,Материал изделия,ткань; текстиль; медицинский пластик
406,260607223,wb,Вид реабилитационного тренажера,миостимулятор; электростимулятор; массажер
407,260607223,wb,Страна производства,Китай
408,260607223,wb,Назначение тренажера,для реабилитации после инсульта; массажер электрический; аппарат для физиотерапии
409,260607223,wb,Комплектация,стимулятор; ремень; провод usb; распылитель; удлинитель ремня; тренажерный мячик для руки
410,260607223,wb,Ширина предмета,18 см
411,260607223,wb,Высота предмета,18 см
412,260607223,wb,Глубина предмета,4 см
413,260607223,wb,Вес без упаковки (кг),0.25 кг
414,260607223,wb,Вес с упаковкой (кг),0.33 кг
415,260607223,wb,Длина упаковки,20 см
416,260607223,wb,Высота упаковки,6 см
417,260607223,wb,Ширина упаковки,15 см
418,192370914,wb,Цвет,серый; белый
419,192370914,wb,Питание,встроенный аккумулятор
420,192370914,wb,Количество режимов работы,15 уровней интенсивности; 4 режима вибрации; 6 режимов микротоковой стимуляции
421,192370914,wb,Тип массажера,вибромассажер; электроимпульсный; тепловой
422,192370914,wb,Зона массажа,шея; шейно-воротниковая зона
423,192370914,wb,Действие,облегчает боль в шее; снимает напряжение в шейном отделе; расслабляющий релакс массаж
424,192370914,wb,Мин. продолжительность автономной работы,240 мин
425,192370914,wb,Доп. опции массажера,таймер; функция подогрева; вибромассаж
426,192370914,wb,Количество роликов,9
427,192370914,wb,Комплектация,Микротовый вибромассажер; инструкция; кабель для зарядки без адаптера
428,192370914,wb,Страна производства,Китай
429,192370914,wb,Вес с упаковкой (кг),0.44 кг
430,192370914,wb,Длина упаковки,19 см
431,192370914,wb,Высота упаковки,9 см
432,192370914,wb,Ширина упаковки,21 см
433,159323506,wb,Цвет,белый
434,159323506,wb,Модель,Миостимулятор для лица и тела
435,159323506,wb,Гарантийный срок,6 мес
436,159323506,wb,Питание,USB; от аккумулятора; от сети
437,159323506,wb,Количество режимов работы,5 шт.
438,159323506,wb,Количество насадок,1 шт.
439,159323506,wb,Тип массажера,вибромассажер; электроимпульсный; магнитно-акупунктурный
440,159323506,wb,Зона массажа,лицо; тело; подбородок
441,159323506,wb,Действие,лифтинг; против морщин; против акне
442,159323506,wb,Мин. продолжительность автономной работы,15 мин
443,159323506,wb,Доп. опции массажера,моделирующий массажер для лица; led маска; эффект иглоукалывания
444,159323506,wb,Комплектация,массажер электрический; импульсивный пластырь; пульт дистанционный
445,159323506,wb,Страна производства,Китай
446,159323506,wb,Высота предмета,18.2 см
447,159323506,wb,Ширина предмета,5.2 см
448,159323506,wb,Глубина предмета,2.3 см
449,159323506,wb,Вес без упаковки (кг),0.28 кг
450,159323506,wb,Вес с упаковкой (кг),0.31 кг
451,159323506,wb,Длина упаковки,24 см
452,159323506,wb,Высота упаковки,7 см
453,159323506,wb,Ширина упаковки,13 см
454,343099404,wb,Модель,EMS
455,343099404,wb,Питание,от сети
456,343099404,wb,Количество режимов работы,12
457,343099404,wb,Тип массажера,миостимулятор
458,343099404,wb,Зона массажа,"голова, шея; поясница, спина, ступни"
459,343099404,wb,Действие,восстановление
460,343099404,wb,Доп. опции массажера,Емкость аккумулятора: 1000 мАч; Интенсивность: 30 уровней; Выходная мощность: 5 Вт
461,343099404,wb,Количество роликов,Массажные головки: 4 шт.
462,343099404,wb,Комплектация,массажер; USB-кабель питания; электродные подушечки; инструкция
463,343099404,wb,Страна производства,Китай
464,343099404,wb,Вес с упаковкой (кг),0.7 кг
465,343099404,wb,Длина упаковки,19 см
466,343099404,wb,Высота упаковки,6 см
467,343099404,wb,Ширина упаковки,18 см
468,61124788,wb,Цвет,серебристый
469,61124788,wb,Модель,EMS-750
470,61124788,wb,Гарантийный срок,3 года
471,61124788,wb,Питание,220 В
472,61124788,wb,Количество режимов работы,4; вибромассажер для тела; вибромассажер
473,61124788,wb,Количество насадок,10 шт.
474,61124788,wb,Тип массажера,Миостимулятор для мышц; Миостимулятор EMS - TENS
475,61124788,wb,Зона массажа,Плечи / Шея / Спина / Ягодицы; Спина / Живот / Поясница
476,61124788,wb,Действие,Массаж; миостимулятор; Массажер для пресса
477,61124788,wb,Мин. продолжительность автономной работы,5 мин
478,61124788,wb,Доп. опции массажера,тренажеры; тренажер для пресса; тренажеры и фитнес
479,61124788,wb,Количество роликов,миостимулятор
480,61124788,wb,Комплектация,"массажер-миостимулятор - 1шт; тапочки 2 шт, наколенник\налокотник, инструкция; электроды 10 шт; пояс 1 шт; адаптер"
481,61124788,wb,Страна производства,Китай
482,61124788,wb,Высота предмета,10 см
483,61124788,wb,Ширина предмета,15 см
484,61124788,wb,Глубина предмета,15 см
485,61124788,wb,Вес без упаковки (кг),1.9 кг
486,61124788,wb,Вес с упаковкой (кг),2 кг
487,61124788,wb,Длина упаковки,35 см
488,61124788,wb,Высота упаковки,12 см
489,61124788,wb,Ширина упаковки,30 см
490,318374112,wb,Цвет,черный
491,318374112,wb,Модель,Массажер для мышц с функцией фототерапии ринита
492,318374112,wb,Гарантийный срок,1 мес
493,318374112,wb,Питание,USB; от аккумулятора; от сети
494,318374112,wb,Количество режимов работы,12 программ; 30 уровней интенсивности
495,318374112,wb,Количество насадок,12 шт.
496,318374112,wb,Тип массажера,электроимпульсный
497,318374112,wb,Зона массажа,тело
498,318374112,wb,Действие,снятие мышечного напряжения; физиотерапия
499,318374112,wb,Доп. опции массажера,регулировка интенсивности
500,318374112,wb,Комплектация,Провод для насадок - 2 шт.; Шнур питания - 1 шт.; Хост управления - 1 шт.; Назальная насадка - 1 шт.; Электроды - 12 шт.
501,318374112,wb,Страна производства,Китай
502,318374112,wb,Срок эксплуатации,бессрочно
503,318374112,wb,Высота предмета,12.8 см
504,318374112,wb,Ширина предмета,5.8 см
505,318374112,wb,Глубина предмета,1.3 см
506,318374112,wb,Вес без упаковки (кг),0.1 кг
507,318374112,wb,Вес с упаковкой (кг),0.44 кг
508,318374112,wb,Длина упаковки,23 см
509,318374112,wb,Высота упаковки,4 см
510,318374112,wb,Ширина упаковки,19 см
511,236420653,wb,Цвет,голубой
512,236420653,wb,Модель,микротоковый массажер цифровой меридиан
513,236420653,wb,Гарантийный срок,6 мес
514,236420653,wb,Питание,USB; от сети
515,236420653,wb,Количество режимов работы,8 режимов; 15 уровней
516,236420653,wb,Количество насадок,4 шт.
517,236420653,wb,Тип массажера,электроимпульсный; микротоковый импульсный миостимулятор; вибрационный
518,236420653,wb,Зона массажа,шея; спина; живот
519,236420653,wb,Форма массажера,ручной электромассажер
520,236420653,wb,Действие,восстановление; коррекция фигуры; для похудения
521,236420653,wb,Мин. продолжительность автономной работы,45 мин
522,236420653,wb,Доп. опции массажера,вибромассаж; электромиостимуляция; регулировка интенсивности
523,236420653,wb,Комплектация,инструмент для терапии Meridian; электроды 4 шт; Кабель питания USB; инструкция на англ
524,236420653,wb,Страна производства,Китай
525,236420653,wb,Высота предмета,12 см
526,236420653,wb,Ширина предмета,6 см
527,236420653,wb,Глубина предмета,2 см
528,236420653,wb,Вес без упаковки (кг),0.1 кг
529,236420653,wb,Вес с упаковкой (кг),0.3 кг
530,236420653,wb,Длина упаковки,17 см
531,236420653,wb,Высота упаковки,4 см
532,236420653,wb,Ширина упаковки,10 см
533,314416549,wb,Цвет,белый
534,314416549,wb,Питание,от сети; от батареек
535,314416549,wb,Количество режимов работы,20 уровней интенсивности массажа; 4 режима работы
536,314416549,wb,Количество насадок,16 шт.
537,314416549,wb,Тип массажера,электроимпульсный; электромиостимуляция; микротоковый
538,314416549,wb,Зона массажа,ноги; пресс; тело
539,314416549,wb,Форма массажера,акупунктурное воздействие
540,314416549,wb,Действие,снятие мышечного напряжения; похудение
541,314416549,wb,Доп. опции массажера,автоотключение; дисплей с наглядными изображениями
542,314416549,wb,Комплектация,"миостимулятор; тапочки - 2 шт; носки - 2 шт; сумка для хранения; 16 электродов, которые подходят для многократного использования"
543,314416549,wb,Страна производства,Китай
544,314416549,wb,Вес с упаковкой (кг),1.05 кг
545,314416549,wb,Длина упаковки,30 см
546,314416549,wb,Высота упаковки,19 см
547,314416549,wb,Ширина упаковки,11 см
548,313622916,wb,Количество режимов работы,8
549,313622916,wb,Тип массажера,электроимпульсный
550,313622916,wb,Зона массажа,стопы; тело; спина
551,313622916,wb,Форма массажера,миостимулятор
552,313622916,wb,Действие,восстановление; улучшение кровообращения; коррекция фигуры
553,313622916,wb,Доп. опции массажера,регулировка интенсивности
554,313622916,wb,Комплектация,пульт-контроллер; Электроды для тела; тапочки; провода для электродов
555,313622916,wb,Страна производства,Китай
556,313622916,wb,Вес с упаковкой (кг),0.7 кг
557,313622916,wb,Длина упаковки,30 см
558,313622916,wb,Высота упаковки,7 см
559,313622916,wb,Ширина упаковки,26 см
560,104503339,wb,Цвет,белый
561,104503339,wb,Модель,EMS-300
562,104503339,wb,Гарантийный срок,3 года
563,104503339,wb,Питание,от батареек
564,104503339,wb,Количество режимов работы,12
565,104503339,wb,Количество насадок,16 шт.
566,104503339,wb,Тип массажера,массажер миостимулятор; Миостимулятор EMS - TENS
567,104503339,wb,Зона массажа,"Спина и конечности; Тело спина поясница живот; Ягодицы, Ноги, Стопы"
568,104503339,wb,Действие,Массаж; миостимулятор; миостимулятор для пресса
569,104503339,wb,Мин. продолжительность автономной работы,5 мин
570,104503339,wb,Доп. опции массажера,миостимулятор
571,104503339,wb,Количество роликов,миостимулятор
572,104503339,wb,Комплектация,"инструкция, миостимулятор, 16 электродов"
573,104503339,wb,Страна производства,Китай
574,104503339,wb,Высота предмета,1.5 см
575,104503339,wb,Ширина предмета,6 см
576,104503339,wb,Глубина предмета,13.5 см
577,104503339,wb,Вес без упаковки (кг),0.2 кг
578,104503339,wb,Вес с упаковкой (кг),0.4 кг
579,104503339,wb,Длина упаковки,17 см
580,104503339,wb,Высота упаковки,19 см
581,104503339,wb,Ширина упаковки,10 см
582,264221158,wb,Гарантийный срок,14 дней
583,264221158,wb,Питание,USB
584,264221158,wb,Количество режимов работы,24
585,264221158,wb,Действие,восстановление
586,264221158,wb,Доп. опции массажера,электромиостимуляция
587,264221158,wb,Страна производства,Китай
588,264221158,wb,Вес с упаковкой (кг),0.2 кг
589,264221158,wb,Длина упаковки,17 см
590,264221158,wb,Высота упаковки,7 см
591,264221158,wb,Ширина упаковки,11 см
592,160527057,wb,Цвет,черный
593,160527057,wb,Модель,аппарат миостимуляции для тела
594,160527057,wb,Гарантийный срок,1 мес
595,160527057,wb,Питание,от аккумулятора
596,160527057,wb,Количество режимов работы,6 режимов; 19 уровней интенсивности
597,160527057,wb,Количество насадок,8 шт.
598,160527057,wb,Тип массажера,электроимпульсный
599,160527057,wb,Зона массажа,тело
600,160527057,wb,Действие,восстановление; снятие мышечного напряжения; коррекция фигуры
601,160527057,wb,Мин. продолжительность автономной работы,2400 мин
602,160527057,wb,Доп. опции массажера,регулировка интенсивности
603,160527057,wb,Комплектация,Электроды - 8 шт.; Провод для насадок - 2 шт.; Шнур питания - 1 шт.; Хост управления - 1 шт.; инструкция на русском языке - 1 шт.
604,160527057,wb,Страна производства,Китай
605,160527057,wb,Высота предмета,13 см
606,160527057,wb,Ширина предмета,6.5 см
607,160527057,wb,Глубина предмета,2 см
608,160527057,wb,Вес с упаковкой (кг),0.3 кг
609,160527057,wb,Длина упаковки,23 см
610,160527057,wb,Высота упаковки,4 см
611,160527057,wb,Ширина упаковки,20 см
612,108786610,wb,Цвет,белый
613,108786610,wb,Модель,для пресса
614,108786610,wb,Гарантийный срок,3 года
615,108786610,wb,Питание,от сети; от батареек
616,108786610,wb,Количество режимов работы,8
617,108786610,wb,Количество насадок,10 шт.
618,108786610,wb,Тип массажера,электроимпульсный
619,108786610,wb,Зона массажа,живот; бедра; тело
620,108786610,wb,Действие,снятие мышечного напряжения
621,108786610,wb,Мин. продолжительность автономной работы,180 мин
622,108786610,wb,Доп. опции массажера,электромиостимуляция
623,108786610,wb,Комплектация,массажер для пресса; комплект насадок
624,108786610,wb,Страна производства,Китай
625,108786610,wb,Высота предмета,5 см
626,108786610,wb,Ширина предмета,17 см
627,108786610,wb,Глубина предмета,5 см
628,108786610,wb,Вес без упаковки (кг),0.043 кг
629,108786610,wb,Вес с упаковкой (кг),0.45 кг
630,108786610,wb,Длина упаковки,23 см
631,108786610,wb,Высота упаковки,5 см
632,108786610,wb,Ширина упаковки,20 см
633,315057523,wb,Цвет,серый
634,315057523,wb,Модель,Миостимулятор - микротоковый массажер для красоты и здоровья
635,315057523,wb,Питание,от батареек; от сети
636,315057523,wb,Количество режимов работы,15 режимов; 8 программ; 4 электрода-насадки
637,315057523,wb,Тип массажера,вибромассажер; электроимпульсный; микротоковый
638,315057523,wb,Зона массажа,бедра; живот; ягодицы
639,315057523,wb,Действие,Укрепление и восстановление мышц; похудение и снятие отечности; реабилитация после инсульта и травм
640,315057523,wb,Комплектация,Инструмент для терапии Цифровой меридиан; аппликаторы электроды 4 шт; кабель питания от сети USB
641,315057523,wb,Страна производства,Китай
642,315057523,wb,Вес без упаковки (кг),0.2 кг
643,315057523,wb,Вес с упаковкой (кг),0.4 кг
644,315057523,wb,Длина упаковки,24 см
645,315057523,wb,Высота упаковки,5 см
646,315057523,wb,Ширина упаковки,20 см
647,318375411,wb,Цвет,белый; желтый
648,318375411,wb,Модель,Массажер для мышц
649,318375411,wb,Гарантийный срок,1 мес
650,318375411,wb,Питание,USB; от аккумулятора; от сети
651,318375411,wb,Количество режимов работы,15 режимов; 8 программ
652,318375411,wb,Количество насадок,8 шт.
653,318375411,wb,Тип массажера,электроимпульсный
654,318375411,wb,Зона массажа,тело
655,318375411,wb,Действие,восстановление; снятие мышечного напряжения; улучшение кровообращения
656,318375411,wb,Доп. опции массажера,регулировка интенсивности
657,318375411,wb,Комплектация,Электроды - 8 шт.; Провод для насадок - 2 шт.; Шнур питания - 1 шт.; Хост управления - 1 шт.; Адаптер - 1 шт.; батарейка - 3 шт.
658,318375411,wb,Страна производства,Китай
659,318375411,wb,Срок эксплуатации,бессрочно
660,318375411,wb,Высота предмета,13 см
661,318375411,wb,Ширина предмета,6.7 см
662,318375411,wb,Глубина предмета,3 см
663,318375411,wb,Вес без упаковки (кг),0.07 кг
664,318375411,wb,Вес с упаковкой (кг),0.33 кг
665,318375411,wb,Длина упаковки,24 см
666,318375411,wb,Высота упаковки,5 см
667,318375411,wb,Ширина упаковки,19 см
668,366132108,wb,Цвет,черный
669,366132108,wb,Гарантийный срок,12
670,366132108,wb,Питание,от аккумулятора; от батареек; от сети
671,366132108,wb,Количество режимов работы,8 режимов
672,366132108,wb,Количество насадок,1 шт.
673,366132108,wb,Тип массажера,вибрационный; электроимпульсный; комбинированный
674,366132108,wb,Зона массажа,тело; живот; спина
675,366132108,wb,Действие,восстановление; улучшение кровообращения; коррекция фигуры
676,366132108,wb,Мин. продолжительность автономной работы,15 мин
677,366132108,wb,Доп. опции массажера,автовыключение; регулировка интенсивности; индикация уровня заряда
678,366132108,wb,Комплектация,массажер; кабель
679,366132108,wb,Страна производства,Китай
680,366132108,wb,Высота предмета,2 см
681,366132108,wb,Вес без упаковки (кг),0.08 кг
682,366132108,wb,Длина упаковки,16 см
683,366132108,wb,Высота упаковки,2 см
684,366132108,wb,Ширина упаковки,9 см
685,217790915,wb,Цвет,розовый
686,217790915,wb,Питание,2 батареи ААА
687,217790915,wb,Количество режимов работы,3
688,217790915,wb,Количество насадок,4 шт.
689,217790915,wb,Тип массажера,электроимпульсный; вибрационный; миостимулятор для лица электрический
690,217790915,wb,Зона массажа,зона вокруг глаз; лицо
691,217790915,wb,Действие,лифтинг; снятие отечности; тонизирование
692,217790915,wb,Доп. опции массажера,электрофорез; электромиостимуляция; миостимулятор массажер
693,217790915,wb,Комплектация,миостимулятор 1шт; электроды 4шт
694,217790915,wb,Страна производства,Китай
695,217790915,wb,Высота предмета,10 см
696,217790915,wb,Ширина предмета,7.5 см
697,217790915,wb,Глубина предмета,2.5 см
698,217790915,wb,Вес без упаковки (кг),0.1 кг
699,217790915,wb,Вес с упаковкой (кг),0.11 кг
700,217790915,wb,Длина упаковки,14 см
701,217790915,wb,Высота упаковки,3 см
702,217790915,wb,Ширина упаковки,9 см
703,44096937,wb,Цвет,черный; красный
704,44096937,wb,Модель,Миостимулятор для шеи и поясницы NECK Trainer MIO
705,44096937,wb,Гарантийный срок,12 месяцев; + постгарантийное обслуживание до 5 лет
706,44096937,wb,Питание,от аккумулятора; Литиевая аккумуляторная батарея
707,44096937,wb,Количество режимов работы,2 автоматические программы; 15 уровней интенсивности
708,44096937,wb,Количество насадок,1 шт.
709,44096937,wb,Тип массажера,электроимпульсный; вибрационный; миостимулятор
710,44096937,wb,Зона массажа,плечи; спина; шея
711,44096937,wb,Действие,миостимулятор; массажер для спины; массажер для шеи и плеч
712,44096937,wb,Мин. продолжительность автономной работы,25 мин
713,44096937,wb,Доп. опции массажера,миостимуляция; массажер для шеи; снятие напряжения
714,44096937,wb,Комплектация,Миостимулятор для шеи; Пластина с электродами; USB-кабель для зарядки; руководство пользователя
715,44096937,wb,Страна производства,Япония
716,44096937,wb,Высота предмета,23 см
717,44096937,wb,Ширина предмета,10 см
718,44096937,wb,Глубина предмета,0.2 см
719,44096937,wb,Вес без упаковки (кг),0.05 кг
720,44096937,wb,Вес с упаковкой (кг),0.15 кг
721,44096937,wb,Длина упаковки,3 см
722,44096937,wb,Высота упаковки,26 см
723,44096937,wb,Ширина упаковки,13 см
724,171541891,wb,Цвет,серый
725,171541891,wb,Модель,массажер для похудения
726,171541891,wb,Гарантийный срок,массажер миостимулятор
727,171541891,wb,Питание,от сети; от батареек; USB (в комплекте)
728,171541891,wb,Количество режимов работы,8
729,171541891,wb,Количество насадок,2 шт.
730,171541891,wb,Тип массажера,Косметический массажер; спортивный постукивающий электроимпульсный; не вибромассажер подушка
731,171541891,wb,Зона массажа,тело; руки и ноги; спина пресс руки и ноги для пресса
732,171541891,wb,Действие,массаж тела в домашних условиях; Массаж для похудения и против целлюлита; улучшение метаболизма укрепление мышц и кожи
733,171541891,wb,Мин. продолжительность автономной работы,20 мин
734,171541891,wb,Доп. опции массажера,Импульсное вибрационное расслабляющее вибрационный; Оздоровление организма микротоковый массажер; избавление от бессонницы повышение иммунитета перкуссионный
735,171541891,wb,Количество роликов,без роликов; электроимпульсный тепловой электростимулятор; коррекция фигуры для похудения упругость
736,171541891,wb,Комплектация,электрический массажер антицеллюлитный для тела; Микротоковый EMS массажный аппарат - 1 шт; USB провод; инструкция; коробка
737,171541891,wb,Страна производства,Китай
738,171541891,wb,Высота предмета,12 см
739,171541891,wb,Глубина предмета,3 см
740,171541891,wb,Вес без упаковки (кг),0.7 кг
741,171541891,wb,Вес с упаковкой (кг),1 кг
742,171541891,wb,Длина упаковки,25 см
743,171541891,wb,Высота упаковки,6 см
744,171541891,wb,Ширина упаковки,20 см
745,312901173,wb,Цвет,белый
746,312901173,wb,Вес с упаковкой (кг),0.23 кг
747,312901173,wb,Длина упаковки,24 см
748,312901173,wb,Высота упаковки,5 см
749,312901173,wb,Ширина упаковки,19 см
750,264135194,wb,Цвет,черный; синий; белый
751,264135194,wb,Модель,бабочка
752,264135194,wb,Гарантийный срок,2 нед
753,264135194,wb,Питание,от аккумулятора; от сети
754,264135194,wb,Количество режимов работы,8 режимов
755,264135194,wb,Количество насадок,1 шт.
756,264135194,wb,Тип массажера,электро-импульсивный; вибрационный
757,264135194,wb,Зона массажа,живот; тело; спина
758,264135194,wb,Форма массажера,пояс
759,264135194,wb,Действие,похудение
760,264135194,wb,Мин. продолжительность автономной работы,60 мин
761,264135194,wb,Доп. опции массажера,автовыключение; регулировка интенсивности; регулировка скорости
762,264135194,wb,Количество роликов,1 шт.
763,264135194,wb,Комплектация,Пояс миостимулятор для пресса - 1 шт.; Контроллер - 1 шт.; Зарядка USB - 1 шт.
764,264135194,wb,Страна производства,Китай
765,264135194,wb,Срок эксплуатации,1 год
766,264135194,wb,Высота предмета,3 см
767,264135194,wb,Ширина предмета,15 см
768,264135194,wb,Глубина предмета,15 см
769,264135194,wb,Вес без упаковки (кг),0.6 кг
770,264135194,wb,Вес с упаковкой (кг),0.8 кг
771,264135194,wb,Длина упаковки,24 см
772,264135194,wb,Высота упаковки,3 см
773,264135194,wb,Ширина упаковки,15 см
774,178777119,wb,Цвет,белый
775,178777119,wb,Модель,EMS 200
776,178777119,wb,Гарантийный срок,14 дней
777,178777119,wb,Питание,USB; от батареек; от сети
778,178777119,wb,Количество режимов работы,8
779,178777119,wb,Количество насадок,2 шт.
780,178777119,wb,Тип массажера,электроимпульсный; вибромассажер; электрический массажер
781,178777119,wb,Зона массажа,бедра; живот; плечи
782,178777119,wb,Форма массажера,ручной электромассажер
783,178777119,wb,Действие,восстановление; улучшение кровообращения; упругость
784,178777119,wb,Мин. продолжительность автономной работы,15 мин
785,178777119,wb,Доп. опции массажера,электромиостимуляция; эффект иглоукалывания; перкуссионный
786,178777119,wb,Количество роликов,для похудения; массаж для кровообращения; Косметический массажер
787,178777119,wb,Комплектация,массажер-1шт; провод для подключения электродов к массажеры-1шт; Шнур для зарядки-1шт; подставка для хранения электродов; Адаптер-1шт
788,178777119,wb,Страна производства,Китай
789,178777119,wb,Вес с упаковкой (кг),0.32 кг
790,178777119,wb,Длина упаковки,24 см
791,178777119,wb,Высота упаковки,5 см
792,178777119,wb,Ширина упаковки,20 см
793,20880491,wb,Цвет,белый; голубой
794,20880491,wb,Модель,EMS-200
795,20880491,wb,Гарантийный срок,3 года
796,20880491,wb,Питание,от батареек; USB
797,20880491,wb,Количество режимов работы,10
798,20880491,wb,Количество насадок,8 шт.
799,20880491,wb,Тип массажера,Миостимулятор EMS - TENS; массажер миостимулятор
800,20880491,wb,Зона массажа,"Спина и конечности; Ягодицы, Ноги, Стопы; Тело спина поясница живот"
801,20880491,wb,Действие,Массаж; миостимулятор; миостимулятор для пресса
802,20880491,wb,Мин. продолжительность автономной работы,20 мин
803,20880491,wb,Доп. опции массажера,миостимулятор
804,20880491,wb,Количество роликов,миостимулятор
805,20880491,wb,Комплектация,"USB-кабель; инструкция; Массажер - 1шт; 8 электродов, 4 соединительных провода"
806,20880491,wb,Страна производства,Китай
807,20880491,wb,Высота предмета,1.5 см
808,20880491,wb,Ширина предмета,6 см
809,20880491,wb,Глубина предмета,20 см
810,20880491,wb,Вес без упаковки (кг),0.2 кг
811,20880491,wb,Вес с упаковкой (кг),0.4 кг
812,20880491,wb,Длина упаковки,11 см
813,20880491,wb,Высота упаковки,27 см
814,20880491,wb,Ширина упаковки,7 см
815,399491740,wb,Цвет,белый
816,399491740,wb,Модель,Массажер электрический
817,399491740,wb,Питание,от аккумулятора
818,399491740,wb,Количество режимов работы,8
819,399491740,wb,Количество насадок,3 шт.
820,399491740,wb,Тип массажера,электроимпульсный
821,399491740,wb,Зона массажа,тело; мышцы; руки
822,399491740,wb,Форма массажера,ручной электромассажер
823,399491740,wb,Действие,восстановление; тонизирование; миостимуляция
824,399491740,wb,Мин. продолжительность автономной работы,120 мин
825,399491740,wb,Доп. опции массажера,автовыключение; электромиостимуляция
826,399491740,wb,Количество роликов,Нет ролики
827,399491740,wb,Комплектация,Электрический мини массажер бабочка миостимулятор микротоковый 1 шт
828,399491740,wb,Страна производства,Китай
829,399491740,wb,Высота предмета,2 см
830,399491740,wb,Ширина предмета,16 см
831,399491740,wb,Глубина предмета,7.5 см
832,399491740,wb,Вес без упаковки (кг),0.1 кг
833,399491740,wb,Вес с упаковкой (кг),0.45 кг
834,399491740,wb,Длина упаковки,16 см
835,399491740,wb,Высота упаковки,4 см
836,399491740,wb,Ширина упаковки,8 см
837,183867687,wb,Модель,электромассажер
838,183867687,wb,Гарантийный срок,1 год
839,183867687,wb,Питание,от батареек; от сети
840,183867687,wb,Количество режимов работы,8
841,183867687,wb,Тип массажера,электроимпульсный; механический
842,183867687,wb,Зона массажа,бедра; живот; плечи
843,183867687,wb,Действие,Массаж; электрические импульсы; миостимуляция
844,183867687,wb,Доп. опции массажера,ударный; электромиостимуляция; электрофорез
845,183867687,wb,Количество роликов,без роликов
846,183867687,wb,Комплектация,Цифровой меридиан; электроды 2шт; адаптер; батарейки; подставка
847,183867687,wb,Страна производства,Китай
848,183867687,wb,Высота предмета,10 см
849,183867687,wb,Вес с упаковкой (кг),0.5 кг
850,183867687,wb,Длина упаковки,10 см
851,183867687,wb,Высота упаковки,5 см
852,183867687,wb,Ширина упаковки,16 см
853,209568635,wb,Цвет,черный
854,209568635,wb,Зона массажа,бедра; живот; ноги
855,209568635,wb,Действие,коррекция фигуры; Лечение целлюлита; стимуляция мышц электронными импульсами
856,209568635,wb,Комплектация,пояс-миостимулятор
857,209568635,wb,Страна производства,Китай
858,209568635,wb,Длина упаковки,24 см
859,209568635,wb,Высота упаковки,4 см
860,209568635,wb,Ширина упаковки,21 см
861,204716562,wb,Цвет,черный
862,204716562,wb,Количество режимов работы,8
863,204716562,wb,Тип массажера,электроимпульсный
864,204716562,wb,Действие,лифтинг; восстановление
865,204716562,wb,Комплектация,ems пояс; контроллер; пульверизатор; usb зарядка
866,204716562,wb,Вес с упаковкой (кг),0.22 кг
867,204716562,wb,Длина упаковки,32 см
868,204716562,wb,Высота упаковки,2 см
869,204716562,wb,Ширина упаковки,18 см
870,239622627,wb,Цвет,черный
871,239622627,wb,Модель,Миостимулятор Smart Fitness EMS
872,239622627,wb,Количество режимов работы,6 режимов
873,239622627,wb,Количество насадок,5 шт.
874,239622627,wb,Тип массажера,вибромассажер
875,239622627,wb,Зона массажа,живот; ноги; руки
876,239622627,wb,Действие,массаж
877,239622627,wb,Доп. опции массажера,вибромассаж
878,239622627,wb,Комплектация,ремень 2 шт; пояс 1 шт; пульт 1 шт
879,239622627,wb,Страна производства,Китай
880,239622627,wb,Вес без упаковки (кг),0.4 кг
881,239622627,wb,Вес с упаковкой (кг),0.5 кг
882,239622627,wb,Длина упаковки,22 см
883,239622627,wb,Высота упаковки,4 см
884,239622627,wb,Ширина упаковки,20 см
885,253495405,wb,Цвет,розовый
886,253495405,wb,Модель,Breast Enhancer
887,253495405,wb,Питание,от батареек
888,253495405,wb,Количество насадок,2 шт.
889,253495405,wb,Тип массажера,миостимулятор; микроток; электроимпульсный
890,253495405,wb,Зона массажа,грудь; молочная железа; грудная клетка
891,253495405,wb,Действие,упругость; улучшение кровообращения; против растяжек
892,253495405,wb,Доп. опции массажера,электромиостимуляция
893,253495405,wb,Комплектация,миостимулятор; насадки - 2 шт.; шнур на 4 контакта; батарейка ААА - 2 шт.; токопроводящий гель; инструкция на русском языке
894,253495405,wb,Страна производства,Китай
895,253495405,wb,Высота предмета,10 см
896,253495405,wb,Ширина предмета,7 см
897,253495405,wb,Глубина предмета,2 см
898,253495405,wb,Вес без упаковки (кг),0.08 кг
899,253495405,wb,Вес с упаковкой (кг),0.28 кг
900,253495405,wb,Длина упаковки,25 см
901,253495405,wb,Высота упаковки,5 см
902,253495405,wb,Ширина упаковки,15 см
903,394606252,wb,Цвет,серебро; белый
904,394606252,wb,Гарантийный срок,14 дней
905,394606252,wb,Питание,от аккумулятора
906,394606252,wb,Количество режимов работы,15 режимов; 20 уровней интенсивности
907,394606252,wb,Количество насадок,8 шт.
908,394606252,wb,Тип массажера,электроимпульсный
909,394606252,wb,Зона массажа,тело
910,394606252,wb,Действие,восстановление; снятие мышечного напряжения; улучшение кровообращения
911,394606252,wb,Доп. опции массажера,регулировка интенсивности
912,394606252,wb,Комплектация,Прибор-1 шт.; Электроды-8 шт.; Кабель для электродов-4 шт.; Кабель-зарядка (без блока питания)-1 шт.; инструкция-1 шт.
913,394606252,wb,Страна производства,Китай
914,394606252,wb,Высота предмета,10.5 см
915,394606252,wb,Ширина предмета,6 см
916,394606252,wb,Вес без упаковки (кг),0.1 кг
917,394606252,wb,Вес с упаковкой (кг),0.33 кг
918,394606252,wb,Длина упаковки,22 см
919,394606252,wb,Высота упаковки,4 см
920,394606252,wb,Ширина упаковки,17 см
921,362178861,wb,Цвет,серебристый
922,362178861,wb,Модель,BodyRave
923,362178861,wb,Гарантийный срок,1 год
924,362178861,wb,Питание,от сети
925,362178861,wb,Количество режимов работы,5 режимов; 12 режимов
926,362178861,wb,Тип массажера,вибрационный; роликовый; электроимпульсный
927,362178861,wb,Зона массажа,лицо; тело; зона вокруг глаз
928,362178861,wb,Форма массажера,ручной электромассажер
929,362178861,wb,Действие,лифтинг; омолаживание; против морщин
930,362178861,wb,Мин. продолжительность автономной работы,144 мин
931,362178861,wb,Доп. опции массажера,вибромассаж; электромиостимуляция; эффект иглоукалывания
932,362178861,wb,Количество роликов,2
933,362178861,wb,Комплектация,массажер; Провод для зарядки; инструкция; коробка; 2 маски для лица; токопроводящий гель
934,362178861,wb,Страна производства,Китай
935,362178861,wb,Высота предмета,18 см
936,362178861,wb,Ширина предмета,10 см
937,362178861,wb,Глубина предмета,5.5 см
938,362178861,wb,Вес без упаковки (кг),0.18 кг
939,362178861,wb,Вес с упаковкой (кг),0.35 кг
940,362178861,wb,Длина упаковки,19 см
941,362178861,wb,Высота упаковки,11 см
942,362178861,wb,Ширина упаковки,9 см
943,27541382,wb,Цвет,черный
944,27541382,wb,Модель,EMS-350
945,27541382,wb,Гарантийный срок,3 года
946,27541382,wb,Питание,220 В
947,27541382,wb,Количество режимов работы,12
948,27541382,wb,Количество насадок,8 шт.
949,27541382,wb,Тип массажера,миостимулятор; миостимулятор электрический; миостимулятор для пресса
950,27541382,wb,Зона массажа,"Спина и конечности; Тело, Бёдра, Ноги, Плечи, Бока, Руки"
951,27541382,wb,Действие,миостимуляция
952,27541382,wb,Мин. продолжительность автономной работы,5 мин
953,27541382,wb,Доп. опции массажера,Разные режимы массажа; Раздельные электроды
954,27541382,wb,Количество роликов,миостимулятор
955,27541382,wb,Комплектация,"USB-кабель; инструкция; Массажер - 1 шт; самоклеящиеся электроды (8 шт.), соединительные провода (4 шт.)"
956,27541382,wb,Страна производства,Китай
957,27541382,wb,Высота предмета,12.2 см
958,27541382,wb,Ширина предмета,6.5 см
959,27541382,wb,Глубина предмета,12.2 см
960,27541382,wb,Вес без упаковки (кг),0.4 кг
961,27541382,wb,Вес с упаковкой (кг),0.5 кг
962,27541382,wb,Длина упаковки,13 см
963,27541382,wb,Высота упаковки,18 см
964,27541382,wb,Ширина упаковки,10 см
965,204010629,wb,Цвет,белый
966,204010629,wb,Модель,электромассажер
967,204010629,wb,Питание,от батареек; от сети
968,204010629,wb,Количество режимов работы,8
969,204010629,wb,Количество насадок,2 шт.
970,204010629,wb,Тип массажера,электроимпульсный; механический
971,204010629,wb,Зона массажа,бедра; живот; плечи
972,204010629,wb,Действие,Массаж; электрические импульсы; миостимуляция
973,204010629,wb,Мин. продолжительность автономной работы,100 мин
974,204010629,wb,Доп. опции массажера,ударный; электромиостимуляция; электрофорез
975,204010629,wb,Количество роликов,без роликов
976,204010629,wb,Комплектация,Цифровой меридиан; электроды 2шт; адаптер; батарейки; подставка
977,204010629,wb,Страна производства,Китай
978,204010629,wb,Высота предмета,10 см
979,204010629,wb,Ширина предмета,8 см
980,204010629,wb,Глубина предмета,5 см
981,204010629,wb,Вес без упаковки (кг),0.1 кг
982,204010629,wb,Вес с упаковкой (кг),0.4 кг
983,204010629,wb,Длина упаковки,24 см
984,204010629,wb,Высота упаковки,5 см
985,204010629,wb,Ширина упаковки,20 см
986,44696286,wb,Цвет,белый; серый
987,44696286,wb,Модель,Миостимулятор
988,44696286,wb,Питание,USB кабель (В комплекте); от аккумулятора; USB
989,44696286,wb,Количество режимов работы,9 уровней интенсивности; 6 шт.; 6 режимов
990,44696286,wb,Количество насадок,3 шт.
991,44696286,wb,Тип массажера,Расслабляющий; электрический массажер; электроимпульсный
992,44696286,wb,Зона массажа,спина; шейный отдел позвоночника; воротниковая зона
993,44696286,wb,Действие,Массажер электрический для дома и автомобиля; микротоковый; электростимуляция
994,44696286,wb,Мин. продолжительность автономной работы,15 мин
995,44696286,wb,Доп. опции массажера,нагрев; работает без проводов; таймер автоматического отключения
996,44696286,wb,Количество роликов,3 массажные головки; 3; 3 шт.
997,44696286,wb,Комплектация,массажер - 1шт.; Инструкция на русском языке - 1шт.; USB кабель для зарядки - 1шт.
998,44696286,wb,Страна производства,Китай
999,44696286,wb,Срок эксплуатации,бессрочно
1000,44696286,wb,Ширина предмета,4.5 см
1001,44696286,wb,Глубина предмета,15 см
1002,44696286,wb,Вес без упаковки (кг),0.14 кг
1003,44696286,wb,Вес с упаковкой (кг),0.24 кг
1004,44696286,wb,Длина упаковки,18 см
1005,44696286,wb,Высота упаковки,6 см
1006,44696286,wb,Ширина упаковки,20 см
1007,51787540,wb,Цвет,белый
1008,51787540,wb,Модель,для пресса
1009,51787540,wb,Гарантийный срок,6 месяцев
1010,51787540,wb,Питание,от сети; от батареек
1011,51787540,wb,Количество режимов работы,8
1012,51787540,wb,Количество насадок,10 шт.
1013,51787540,wb,Тип массажера,электроимпульсный
1014,51787540,wb,Зона массажа,живот; бедра; тело
1015,51787540,wb,Действие,снятие мышечного напряжения
1016,51787540,wb,Мин. продолжительность автономной работы,180 мин
1017,51787540,wb,Доп. опции массажера,электромиостимуляция
1018,51787540,wb,Комплектация,Массажер для шеи и плеч электрический - 1 шт; насадки для массажера - 10 шт
1019,51787540,wb,Страна производства,Китай
1020,51787540,wb,Высота предмета,5 см
1021,51787540,wb,Ширина предмета,17 см
1022,51787540,wb,Глубина предмета,5 см
1023,51787540,wb,Вес без упаковки (кг),0.04 кг
1024,51787540,wb,Вес с упаковкой (кг),0.45 кг
1025,51787540,wb,Длина упаковки,23 см
1026,51787540,wb,Высота упаковки,5 см
1027,51787540,wb,Ширина упаковки,20 см
1028,236802936,wb,Цвет,черный
1029,236802936,wb,Модель,Тренажер
1030,236802936,wb,Гарантийный срок,1 год
1031,236802936,wb,Питание,от сети; Bluetooth
1032,236802936,wb,Количество режимов работы,99 режимов; 6 программ тренировок
1033,236802936,wb,Количество насадок,1 шт.
1034,236802936,wb,Тип массажера,оздоровление; вибромассажер; Массажер для ног
1035,236802936,wb,Зона массажа,ноги; живот; ягодицы
1036,236802936,wb,Действие,улучшение сна; улучшение кровообращения; спорт
1037,236802936,wb,Доп. опции массажера,вибромассаж; для похудения; вибромассажер для тела
1038,236802936,wb,Количество роликов,Кардиотренажер; антицеллюлитный; массажер для спины
1039,236802936,wb,Комплектация,виброплатформа-1шт; Экспандер ручной - 2шт; Инструкция на русском языке; пульт ДУ - 1шт
1040,236802936,wb,Страна производства,Китай
1041,236802936,wb,Высота предмета,12.5 см
1042,236802936,wb,Ширина предмета,52 см
1043,236802936,wb,Глубина предмета,32 см
1044,236802936,wb,Вес без упаковки (кг),10 кг
1045,236802936,wb,Вес с упаковкой (кг),9 кг
1046,236802936,wb,Длина упаковки,57 см
1047,236802936,wb,Высота упаковки,18 см
1048,236802936,wb,Ширина упаковки,43 см
1049,258435392,wb,Модель,Миостимулятор для ног Yamaguchi FOOT Trainer MIO
1050,258435392,wb,Гарантийный срок,12 месяцев; + постгарантийное обслуживание до 5 лет
1051,258435392,wb,Количество режимов работы,2
1052,258435392,wb,Тип массажера,электроимпульсный; вибрационный; миостимулятор
1053,258435392,wb,Зона массажа,ноги; тело; бедра
1054,258435392,wb,Форма массажера,напольная платформа
1055,258435392,wb,Действие,восстановление
1056,258435392,wb,Высота предмета,1.4 см
1057,258435392,wb,Ширина предмета,31 см
1058,258435392,wb,Глубина предмета,31 см
1059,258435392,wb,Вес с упаковкой (кг),0.73 кг
1060,258435392,wb,Длина упаковки,34 см
1061,258435392,wb,Высота упаковки,4 см
1062,258435392,wb,Ширина упаковки,34 см
1063,269273309,wb,Цвет,синий; черный
1064,269273309,wb,Гарантийный срок,14 дней
1065,269273309,wb,Питание,USB
1066,269273309,wb,Количество режимов работы,8 режимов
1067,269273309,wb,Тип массажера,электроимпульсный
1068,269273309,wb,Зона массажа,живот; спина; тело
1069,269273309,wb,Действие,укрепление; питание
1070,269273309,wb,Доп. опции массажера,электромиостимуляция
1071,269273309,wb,Комплектация,пояс-миостимулятор; контроллер; usb-провод; пульверизатор для воды
1072,269273309,wb,Страна производства,Китай
1073,269273309,wb,Вес с упаковкой (кг),0.23 кг
1074,269273309,wb,Длина упаковки,32 см
1075,269273309,wb,Высота упаковки,2 см
1076,269273309,wb,Ширина упаковки,18 см
1077,220795333,wb,Цвет,голубой
1078,220795333,wb,Питание,от батареек
1079,220795333,wb,Количество режимов работы,8
1080,220795333,wb,Действие,эластичность; укрепление
1081,220795333,wb,Страна производства,Россия
1082,220795333,wb,Вес с упаковкой (кг),0.25 кг
1083,220795333,wb,Длина упаковки,15 см
1084,220795333,wb,Высота упаковки,6 см
1085,220795333,wb,Ширина упаковки,10 см
1086,394600906,wb,Цвет,серый
1087,394600906,wb,Гарантийный срок,14 дней
1088,394600906,wb,Питание,от батареек
1089,394600906,wb,Количество режимов работы,5 режимов; 7 встроенных программ
1090,394600906,wb,Количество насадок,4 шт.
1091,394600906,wb,Тип массажера,электроимпульсный
1092,394600906,wb,Зона массажа,тело
1093,394600906,wb,Действие,восстановление; снятие мышечного напряжения; улучшение кровообращения
1094,394600906,wb,Доп. опции массажера,регулировка интенсивности
1095,394600906,wb,Комплектация,Кейс для хранения-1 шт.; Прибор-1 шт.; электроды-4 шт.; кабель-2 шт.; Батарейка 9V-1 шт.; инструкция-1 шт.
1096,394600906,wb,Страна производства,Китай
1097,394600906,wb,Высота предмета,10.1 см
1098,394600906,wb,Ширина предмета,6.1 см
1099,394600906,wb,Глубина предмета,2.45 см
1100,394600906,wb,Вес без упаковки (кг),0.15 кг
1101,394600906,wb,Вес с упаковкой (кг),0.56 кг
1102,394600906,wb,Длина упаковки,23 см
1103,394600906,wb,Высота упаковки,6 см
1104,394600906,wb,Ширина упаковки,20 см
1105,141319553,wb,Цвет,черный
1106,141319553,wb,Модель,Электростимулятор мышц
1107,141319553,wb,Питание,USB кабель (В комплекте)
1108,141319553,wb,Количество режимов работы,19 уровней интенсивности; 8 режимов массажа
1109,141319553,wb,Количество насадок,3 шт.
1110,141319553,wb,Тип массажера,Расслабляющий; электрический массажер; Миостимулятор для мышц
1111,141319553,wb,Зона массажа,спина; тело; шея
1112,141319553,wb,Действие,Массажер электрический для дома и автомобиля; миостимулятор; массажер для шеи и плеч
1113,141319553,wb,Мин. продолжительность автономной работы,15 мин
1114,141319553,wb,Доп. опции массажера,работает без проводов; таймер автоматического отключения; электрод
1115,141319553,wb,Количество роликов,3 электрода
1116,141319553,wb,Комплектация,Миостимулятор - 1 шт; электрод - 3 шт; USB- кабель; Инструкция на русском языке; Провод для электродов - 1 шт
1117,141319553,wb,Страна производства,Китай
1118,141319553,wb,Высота предмета,1 см
1119,141319553,wb,Ширина предмета,6 см
1120,141319553,wb,Глубина предмета,16 см
1121,141319553,wb,Вес без упаковки (кг),0.06 кг
1122,141319553,wb,Вес с упаковкой (кг),0.12 кг
1123,141319553,wb,Длина упаковки,21 см
1124,141319553,wb,Высота упаковки,4 см
1125,141319553,wb,Ширина упаковки,13 см
1126,14154692,wb,Цвет,черничный
1127,14154692,wb,Модель,M10
1128,14154692,wb,Гарантийный срок,2 года
1129,14154692,wb,Питание,"Батарея ААА, 2 шт"
1130,14154692,wb,Количество режимов работы,8
1131,14154692,wb,Тип массажера,электростимулятор мышц; электрический
1132,14154692,wb,Зона массажа,бедра; пресс; живот
1133,14154692,wb,Действие,Массажер для пресса; миостимулятор для пресса; электрический пояс для похудения
1134,14154692,wb,Мин. продолжительность автономной работы,15 мин
1135,14154692,wb,Доп. опции массажера,пояс для похудения для живота
1136,14154692,wb,Комплектация,инструкция по применению; Пульт; удлинитель; электрод; пояс для похудения электрический
1137,14154692,wb,Страна производства,Тайвань
1138,14154692,wb,Высота предмета,28 см
1139,14154692,wb,Ширина предмета,18 см
1140,14154692,wb,Глубина предмета,9 см
1141,14154692,wb,Вес с упаковкой (кг),0.6 кг
1142,14154692,wb,Длина упаковки,9 см
1143,14154692,wb,Высота упаковки,28 см
1144,14154692,wb,Ширина упаковки,18 см
1145,231332321,wb,Цвет,черный
1146,231332321,wb,Модель,бабочка
1147,231332321,wb,Гарантийный срок,2 нед
1148,231332321,wb,Питание,от аккумулятора; от сети
1149,231332321,wb,Количество режимов работы,8 режимов
1150,231332321,wb,Количество насадок,1 шт.
1151,231332321,wb,Тип массажера,электро-импульсивный; вибрационный
1152,231332321,wb,Зона массажа,живот; тело; спина
1153,231332321,wb,Форма массажера,пояс
1154,231332321,wb,Действие,похудение
1155,231332321,wb,Мин. продолжительность автономной работы,60 мин
1156,231332321,wb,Доп. опции массажера,автовыключение; регулировка интенсивности; регулировка скорости
1157,231332321,wb,Количество роликов,1 шт.
1158,231332321,wb,Комплектация,Пояс миостимулятор для пресса - 1 шт.; Контроллер - 1 шт.; Зарядка USB - 1 шт.; Инструкция - 1 шт.
1159,231332321,wb,Страна производства,Китай
1160,231332321,wb,Срок эксплуатации,1 год
1161,231332321,wb,Высота предмета,3 см
1162,231332321,wb,Ширина предмета,15 см
1163,231332321,wb,Глубина предмета,15 см
1164,231332321,wb,Вес без упаковки (кг),0.6 кг
1165,231332321,wb,Вес с упаковкой (кг),0.8 кг
1166,231332321,wb,Длина упаковки,24 см
1167,231332321,wb,Высота упаковки,3 см
1168,231332321,wb,Ширина упаковки,15 см
1169,397300881,wb,Цвет,черный; карбон
1170,397300881,wb,Модель,массажер перкуссионный
1171,397300881,wb,Питание,от аккумулятора
1172,397300881,wb,Количество режимов работы,30 режимов
1173,397300881,wb,Количество насадок,6 шт.
1174,397300881,wb,Тип массажера,перкуссионный; вибрационный
1175,397300881,wb,Зона массажа,ноги; тело; руки
1176,397300881,wb,Форма массажера,массажный пистолет
1177,397300881,wb,Действие,восстановление; тонизирование; снятие мышечного напряжения
1178,397300881,wb,Мин. продолжительность автономной работы,120 мин
1179,397300881,wb,Доп. опции массажера,дисплей; регулировка скорости; индикация уровня заряда
1180,397300881,wb,Количество роликов,6
1181,397300881,wb,Комплектация,"массажер, 6 насадок, провод зарядки"
1182,397300881,wb,Страна производства,Китай
1183,397300881,wb,Высота предмета,21 см
1184,397300881,wb,Ширина предмета,27 см
1185,397300881,wb,Глубина предмета,6 см
1186,397300881,wb,Вес без упаковки (кг),1 кг
1187,397300881,wb,Вес с упаковкой (кг),1.3 кг
1188,397300881,wb,Длина упаковки,28 см
1189,397300881,wb,Высота упаковки,8 см
1190,397300881,wb,Ширина упаковки,23 см
1191,245525396,wb,Цвет,белый
1192,245525396,wb,Модель,Кегель массажер для женщин электрический
1193,245525396,wb,Действие,укрепление; восстановление; упругость
1194,245525396,wb,Комплектация,Хост - 1 шт Зонд - 1 шт Стандартные электроды - 2 пары; Абдоминальные электроды - 1 пара Нагрудные электроды - 1 пара; Кабель для зарядки - 1 шт Соединительный провод - 2 шт; Инструкция - 1 шт Упаковочная коробка - 1 шт
1195,245525396,wb,Вес с упаковкой (кг),0.42 кг
1196,245525396,wb,Длина упаковки,20 см
1197,245525396,wb,Высота упаковки,5 см
1198,245525396,wb,Ширина упаковки,17 см
1199,173241584,wb,Цвет,розовый
1200,173241584,wb,Модель,Косметический микротоковый вибромассажер для лица
1201,173241584,wb,Гарантийный срок,1 год
1202,173241584,wb,Питание,USB; от аккумулятора
1203,173241584,wb,Количество режимов работы,4
1204,173241584,wb,Тип массажера,вибромассажер; электроимпульсный; микротоковый
1205,173241584,wb,Зона массажа,овал лица; подбородок; лицо
1206,173241584,wb,Действие,омолаживание; против морщин; лифтинг подтяжка
1207,173241584,wb,Мин. продолжительность автономной работы,180 мин
1208,173241584,wb,Доп. опции массажера,микротоки от морщин прыщей отеков; борьба с несовершенствами; электромассажер миостимулятор
1209,173241584,wb,Комплектация,кабель для зарядки; интсрукция; массажер
1210,173241584,wb,Страна производства,Китай
1211,173241584,wb,Вес с упаковкой (кг),0.9 кг
1212,173241584,wb,Длина упаковки,11 см
1213,173241584,wb,Высота упаковки,17 см
1214,173241584,wb,Ширина упаковки,7 см
1215,259347584,wb,Цвет,белый
1216,259347584,wb,Модель,Кегель массажер для женщин электрический
1217,259347584,wb,Питание,USB
1218,259347584,wb,Количество режимов работы,6 режимов
1219,259347584,wb,Количество насадок,8 шт.
1220,259347584,wb,Тип массажера,электроимпульсный
1221,259347584,wb,Зона массажа,живот; интимная зона; тело
1222,259347584,wb,Действие,укрепление; восстановление; коррекция фигуры
1223,259347584,wb,Мин. продолжительность автономной работы,15 мин
1224,259347584,wb,Доп. опции массажера,электромиостимуляция
1225,259347584,wb,Комплектация,Хост - 1 шт Зонд - 1 шт Стандартные электроды - 2 пары; Абдоминальные электроды - 1 пара Нагрудные электроды - 1 пара; Кабель для зарядки - 1 шт Соединительный провод - 2 шт; Инструкция - 1 шт Упаковочная коробка - 1 шт
1226,259347584,wb,Страна производства,Китай
1227,259347584,wb,Вес с упаковкой (кг),0.45 кг
1228,259347584,wb,Длина упаковки,26 см
1229,259347584,wb,Высота упаковки,6 см
1230,259347584,wb,Ширина упаковки,18 см
1231,204511996,wb,Цвет,серый
1232,204511996,wb,Модель,009
1233,204511996,wb,Гарантийный срок,1 мес
1234,204511996,wb,Питание,от батареек; от сети
1235,204511996,wb,Количество режимов работы,4 шт.
1236,204511996,wb,Количество насадок,4 шт.
1237,204511996,wb,Тип массажера,электроимпульсный
1238,204511996,wb,Зона массажа,плечи; спина; тело
1239,204511996,wb,Действие,восстановление; снятие мышечного напряжения; улучшение кровообращения
1240,204511996,wb,Мин. продолжительность автономной работы,15 мин
1241,204511996,wb,Доп. опции массажера,автовыключение; вибромассаж; электромиостимуляция
1242,204511996,wb,Количество роликов,16
1243,204511996,wb,Комплектация,миостимулятор; блок питания; провода для электродов на 2 и 4 контакта; перчатки; тапочки; электроды 8 пар
1244,204511996,wb,Страна производства,Китай
1245,204511996,wb,Высота предмета,4.5 см
1246,204511996,wb,Ширина предмета,15 см
1247,204511996,wb,Глубина предмета,10 см
1248,204511996,wb,Вес без упаковки (кг),0.25 кг
1249,204511996,wb,Вес с упаковкой (кг),0.4 кг
1250,204511996,wb,Длина упаковки,27 см
1251,204511996,wb,Высота упаковки,10 см
1252,204511996,wb,Ширина упаковки,10 см
1253,369001845,wb,Цвет,голубой; черный
1254,369001845,wb,Модель,Миостимулятор
1255,369001845,wb,Питание,от сети
1256,369001845,wb,Количество режимов работы,8 режимов
1257,369001845,wb,Количество насадок,4 шт.
1258,369001845,wb,Тип массажера,миостимулятор
1259,369001845,wb,Зона массажа,лицо; тело
1260,369001845,wb,Форма массажера,ручной электромассажер
1261,369001845,wb,Действие,восстановление; снятие мышечного напряжения; тонизирование
1262,369001845,wb,Мин. продолжительность автономной работы,40 мин
1263,369001845,wb,Доп. опции массажера,дисплей; регулировка интенсивности; индикация выбранного режима
1264,369001845,wb,Комплектация,Миостимулятор - 1 шт.; электроды - 4 шт.
1265,369001845,wb,Высота предмета,2 см
1266,369001845,wb,Ширина предмета,6 см
1267,369001845,wb,Глубина предмета,12 см
1268,369001845,wb,Вес без упаковки (кг),0.2 кг
1269,369001845,wb,Вес с упаковкой (кг),0.3 кг
1270,369001845,wb,Длина упаковки,17 см
1271,369001845,wb,Высота упаковки,4 см
1272,369001845,wb,Ширина упаковки,10 см
1273,263006628,wb,Цвет,черный
1274,263006628,wb,Модель,"23 февраля, новый год"
1275,263006628,wb,Питание,от аккумулятора
1276,263006628,wb,Количество режимов работы,32; 32 режима
1277,263006628,wb,Количество насадок,4 шт.
1278,263006628,wb,Тип массажера,вибромассажер; постукивающий; ударно-кулачковый
1279,263006628,wb,Зона массажа,"тело,ноги,шея"
1280,263006628,wb,Действие,снятие мышечного напряжения; лимфодренажный; антицеллюлитный
1281,263006628,wb,Мин. продолжительность автономной работы,360 мин
1282,263006628,wb,Комплектация,Инструкция - 1 шт.; насадки 4 шт; кабель для зарядки 1 шт; Многофункциональный массажер - 1 шт
1283,263006628,wb,Страна производства,Китай
1284,263006628,wb,Высота предмета,14 см
1285,263006628,wb,Ширина предмета,13 см
1286,263006628,wb,Глубина предмета,5 см
1287,263006628,wb,Вес без упаковки (кг),0.48 кг
1288,263006628,wb,Вес с упаковкой (кг),0.58 кг
1289,263006628,wb,Длина упаковки,22 см
1290,263006628,wb,Высота упаковки,6 см
1291,263006628,wb,Ширина упаковки,18 см
1292,286626694,wb,Цвет,бежевый
1293,286626694,wb,Питание,USB; от аккумулятора
1294,286626694,wb,Количество режимов работы,10 режимов
1295,286626694,wb,Количество насадок,1 шт.
1296,286626694,wb,Тип массажера,для похудения; роликовый; тепловой
1297,286626694,wb,Зона массажа,шея; спина; ягодицы
1298,286626694,wb,Действие,восстановление; разогревающее; снятие мышечного напряжения
1299,286626694,wb,Мин. продолжительность автономной работы,15 мин
1300,286626694,wb,Доп. опции массажера,автовыключение; функция подогрева
1301,286626694,wb,Количество роликов,16
1302,286626694,wb,Комплектация,массажер для шеи; провод питания
1303,286626694,wb,Страна производства,Китай
1304,286626694,wb,Высота предмета,17 см
1305,286626694,wb,Ширина предмета,18 см
1306,286626694,wb,Глубина предмета,40 см
1307,286626694,wb,Вес без упаковки (кг),1 кг
1308,286626694,wb,Вес с упаковкой (кг),1.3 кг
1309,286626694,wb,Длина упаковки,42 см
1310,286626694,wb,Высота упаковки,20 см
1311,286626694,wb,Ширина упаковки,19 см
1312,258613995,wb,Цвет,белый
1313,258613995,wb,Гарантийный срок,1 год
1314,258613995,wb,Питание,USB; от аккумулятора
1315,258613995,wb,Количество режимов работы,10 режимов
1316,258613995,wb,Тип массажера,вакуумный; EMS; роликовый
1317,258613995,wb,Зона массажа,бедра; живот; руки
1318,258613995,wb,Действие,улучшение кровообращения; упругость; лифтинг
1319,258613995,wb,Доп. опции массажера,функция подогрева; EMS; Ролики
1320,258613995,wb,Количество роликов,2
1321,258613995,wb,Комплектация,массажер; патчи; кабель зарядки; кабель патчей; сумочка
1322,258613995,wb,Страна производства,Китай
1323,258613995,wb,Вес с упаковкой (кг),0.4 кг
1324,258613995,wb,Длина упаковки,17 см
1325,258613995,wb,Высота упаковки,9 см
1326,258613995,wb,Ширина упаковки,13 см
1327,217653354,wb,Цвет,белый
1328,217653354,wb,Питание,220В (5А); USB-шнур; 3 батарейки тип АА
1329,217653354,wb,Количество режимов работы,9
1330,217653354,wb,Количество насадок,16 шт.
1331,217653354,wb,Тип массажера,электроимпульсный; миостимулятор для тела электрический; вибрационный
1332,217653354,wb,Зона массажа,"шея, голова; ноги,руки,живот; остеохондроз аппарат"
1333,217653354,wb,Действие,коррекция фигуры; снятие мышечного напряжения; улучшение кровообращения
1334,217653354,wb,Мин. продолжительность автономной работы,5 мин
1335,217653354,wb,Доп. опции массажера,электромиостимуляция; автовыключение; регулируемая скорость
1336,217653354,wb,Комплектация,миостимулятор; электродные пластины 16шт; адаптер питания-1шт; USB -шнур; электродный кабель (на 2 и 4 электрода)-2 шт
1337,217653354,wb,Страна производства,Китай
1338,217653354,wb,Высота предмета,4 см
1339,217653354,wb,Ширина предмета,10 см
1340,217653354,wb,Глубина предмета,15 см
1341,217653354,wb,Вес без упаковки (кг),0.15 кг
1342,217653354,wb,Вес с упаковкой (кг),0.4 кг
1343,217653354,wb,Длина упаковки,16 см
1344,217653354,wb,Высота упаковки,9 см
1345,217653354,wb,Ширина упаковки,10 см
1346,278820954,wb,Цвет,черный
1347,278820954,wb,Модель,Массажер электрический
1348,278820954,wb,Питание,от аккумулятора
1349,278820954,wb,Количество режимов работы,8
1350,278820954,wb,Количество насадок,1 шт.
1351,278820954,wb,Тип массажера,электроимпульсный
1352,278820954,wb,Зона массажа,спина; тело; мышцы
1353,278820954,wb,Действие,восстановление; тонизирование; миостимуляция
1354,278820954,wb,Мин. продолжительность автономной работы,15 мин
1355,278820954,wb,Доп. опции массажера,автовыключение; электромиостимуляция
1356,278820954,wb,Количество роликов,Нет ролики
1357,278820954,wb,Комплектация,миостимулятор; Гидрогелевые пластины 2 шт; зарядный кабель; пульт управления
1358,278820954,wb,Страна производства,Китай
1359,278820954,wb,Высота предмета,2 см
1360,278820954,wb,Ширина предмета,16 см
1361,278820954,wb,Глубина предмета,7.5 см
1362,278820954,wb,Вес без упаковки (кг),0.1 кг
1363,278820954,wb,Вес с упаковкой (кг),0.15 кг
1364,278820954,wb,Длина упаковки,16 см
1365,278820954,wb,Высота упаковки,3 см
1366,278820954,wb,Ширина упаковки,10 см
1367,340459341,wb,Цвет,черный
1368,340459341,wb,Модель,Массажер электрический
1369,340459341,wb,Гарантийный срок,2 нед
1370,340459341,wb,Питание,от аккумулятора
1371,340459341,wb,Количество режимов работы,8
1372,340459341,wb,Количество насадок,3 шт.
1373,340459341,wb,Тип массажера,электроимпульсный
1374,340459341,wb,Зона массажа,спина; тело; мышцы
1375,340459341,wb,Действие,восстановление; тонизирование; миостимуляция
1376,340459341,wb,Мин. продолжительность автономной работы,15 мин
1377,340459341,wb,Доп. опции массажера,автовыключение; электромиостимуляция; ультразвуковой массаж
1378,340459341,wb,Количество роликов,Нет ролики
1379,340459341,wb,Комплектация,Электрический мини массажер бабочка миостимулятор микротоковый 1 шт
1380,340459341,wb,Страна производства,Китай
1381,340459341,wb,Высота предмета,2 см
1382,340459341,wb,Ширина предмета,16 см
1383,340459341,wb,Глубина предмета,7.5 см
1384,340459341,wb,Вес без упаковки (кг),0.1 кг
1385,340459341,wb,Вес с упаковкой (кг),0.15 кг
1386,340459341,wb,Длина упаковки,16 см
1387,340459341,wb,Высота упаковки,4 см
1388,340459341,wb,Ширина упаковки,8 см
1389,259612238,wb,Цвет,белый
1390,259612238,wb,Модель,HX-5880
1391,259612238,wb,Гарантийный срок,1
1392,259612238,wb,Питание,от батареек
1393,259612238,wb,Количество режимов работы,6
1394,259612238,wb,Количество насадок,2 шт.
1395,259612238,wb,Тип массажера,электроимпульсный; Расслабляющий; электрический массажер
1396,259612238,wb,Зона массажа,спина; шейный отдел позвоночника; воротниковая зона
1397,259612238,wb,Действие,"Портативный электромассажер для дома, офиса и в дорогу; миостимулятор; Оздоровительный и расслабляющий массаж"
1398,259612238,wb,Мин. продолжительность автономной работы,15 мин
1399,259612238,wb,Доп. опции массажера,работает без проводов; таймер автоматического отключения; есть выносные электроды
1400,259612238,wb,Количество роликов,0
1401,259612238,wb,Комплектация,массажер; электроды-патчи 2шт; инструкция; кабель к электродам
1402,259612238,wb,Страна производства,Китай
1403,259612238,wb,Высота предмета,5 см
1404,259612238,wb,Ширина предмета,13 см
1405,259612238,wb,Глубина предмета,16 см
1406,259612238,wb,Вес без упаковки (кг),0.2 кг
1407,259612238,wb,Вес с упаковкой (кг),0.3 кг
1408,259612238,wb,Длина упаковки,21 см
1409,259612238,wb,Высота упаковки,7 см
1410,259612238,wb,Ширина упаковки,23 см
1411,165741322,wb,Цвет,черный
1412,165741322,wb,Модель,электроимпульсный; виброплатформа
1413,165741322,wb,Питание,Встроенный аккумулятор
1414,165741322,wb,Количество режимов работы,3
1415,165741322,wb,Количество насадок,1 шт.
1416,165741322,wb,Тип массажера,Вибрационный; импульсный
1417,165741322,wb,Зона массажа,"ноги, руки, живот, поясница, шея, бедра, лицо; Плечи / Шея / Спина / Ягодицы; позвоночника, пресса, груди, икры, под коленом, ступни"
1418,165741322,wb,Действие,"антистресс, релаксация, уменьшает тревогу; расслабление шеи"
1419,165741322,wb,Доп. опции массажера,вибромассаж; вибромассажер для шеи и плеч; электрический массаж шеи
1420,165741322,wb,Количество роликов,1
1421,165741322,wb,Комплектация,Мини массажер для снятия мышечного напряжения 1шт.
1422,165741322,wb,Страна производства,Китай
1423,165741322,wb,Высота предмета,15 см
1424,165741322,wb,Глубина предмета,2 см
1425,165741322,wb,Вес без упаковки (кг),0.08 кг
1426,165741322,wb,Вес с упаковкой (кг),0.08 кг
1427,165741322,wb,Длина упаковки,18 см
1428,165741322,wb,Высота упаковки,9 см
1429,165741322,wb,Ширина упаковки,3 см
1430,52241526,wb,Цвет,черный
1431,52241526,wb,Максимальный вес (кг),180 кг
1432,52241526,wb,Модель тренажера,для пресса; для ног; подарочная
1433,52241526,wb,Система нагрузки,электромагнитная; механическая; комплексная
1434,52241526,wb,Комплектация,коробка; паспорт; накладки 3 шт; массажер косметический 3 шт
1435,52241526,wb,Страна производства,Китай
1436,52241526,wb,Высота предмета,2.5 см
1437,52241526,wb,Длина предмета,17 см
1438,52241526,wb,Глубина предмета,0.5 см
1439,52241526,wb,Ширина предмета,15 см
1440,52241526,wb,Длина упаковки,26 см
1441,52241526,wb,Высота упаковки,6 см
1442,52241526,wb,Ширина упаковки,23 см
1443,196843983,wb,Цвет,черный
1444,196843983,wb,Питание,USB
1445,196843983,wb,Количество режимов работы,8
1446,196843983,wb,Тип массажера,электроимпульсный
1447,196843983,wb,Зона массажа,живот
1448,196843983,wb,Действие,коррекция фигуры; лифтинг
1449,196843983,wb,Страна производства,Китай
1450,196843983,wb,Вес с упаковкой (кг),0.18 кг
1451,196843983,wb,Длина упаковки,24 см
1452,196843983,wb,Высота упаковки,3 см
1453,196843983,wb,Ширина упаковки,15 см
1454,241182990,wb,Цвет,черный
1455,241182990,wb,Модель,для спины; электро; для пресса
1456,241182990,wb,Питание,USB; от аккумулятора; поддержка и восстановление
1457,241182990,wb,Тип массажера,электроимпульсный; вибромассажер; оздоровление
1458,241182990,wb,Зона массажа,живот; тело; спина
1459,241182990,wb,Действие,массажер для тела; массажер для спины; антицеллюлитный массажер
1460,241182990,wb,Доп. опции массажера,Антицеллюлитный; виброплатформа; для похудения живота
1461,241182990,wb,Длина упаковки,30 см
1462,241182990,wb,Высота упаковки,5 см
1463,241182990,wb,Ширина упаковки,20 см
1464,161953259,wb,Цвет,белый
1465,161953259,wb,Количество предметов в упаковке,3
1466,161953259,wb,Материал изделия,пластик; abs-пластик
1467,161953259,wb,Зона массажа,овал лица; подбородок; лицо
1468,161953259,wb,Действие,против морщин; лифтинг подтяжка; миостимулятор для омоложения
1469,161953259,wb,Страна производства,Китай
1470,161953259,wb,Комплектация,кабель для зарядки; инструкция; rf лифтинг бандаж
1471,161953259,wb,Вес товара с упаковкой (г),166 г
1472,161953259,wb,Длина упаковки,6 см
1473,161953259,wb,Высота упаковки,22 см
1474,161953259,wb,Ширина упаковки,6 см
1475,284200562,wb,Модель,001
1476,284200562,wb,Питание,от сети
1477,284200562,wb,Количество режимов работы,6; 6 режимов
1478,284200562,wb,Комплектация,"зарядное, батарейки, пластны, аппарат"
1479,284200562,wb,Страна производства,Китай
1480,284200562,wb,Длина упаковки,24 см
1481,284200562,wb,Высота упаковки,5 см
1482,284200562,wb,Ширина упаковки,20 см
1483,213710877,wb,Цвет,белый
1484,213710877,wb,Модель,электро стимулятор лимофдренажный микротоки
1485,213710877,wb,Питание,от сети; от батареек; USB (в комплекте)
1486,213710877,wb,Количество режимов работы,8
1487,213710877,wb,Количество насадок,2 шт.
1488,213710877,wb,Тип массажера,акупунктурный; терапевтический; Расслабляющий импульсный
1489,213710877,wb,Зона массажа,"Спина, плечи, ноги, руки, ягодицы; Живот, Талия; поясница, бедра"
1490,213710877,wb,Действие,массаж тела в домашних условиях; Массаж для похудения и против целлюлита; улучшение метаболизма укрепление мышц и кожи
1491,213710877,wb,Доп. опции массажера,улучшение кровообращения и общий тонус тела; терапевтический эффект; стимуляция кровообращения
1492,213710877,wb,Количество роликов,нет
1493,213710877,wb,Комплектация,Массажер - миостимулятор - 1 шт; насадки; Инструкция - 1 шт
1494,213710877,wb,Страна производства,Китай
1495,213710877,wb,Длина упаковки,25 см
1496,213710877,wb,Высота упаковки,6 см
1497,213710877,wb,Ширина упаковки,20 см
1498,327037933,wb,Цвет,черный
1499,327037933,wb,Количество режимов работы,1 режим
1500,327037933,wb,Тип массажера,электроимпульсный; миостимулятор
1501,327037933,wb,Зона массажа,живот; руки; плечи
1502,327037933,wb,Действие,коррекция фигуры; омолаживание; тонизирование
1503,327037933,wb,Доп. опции массажера,беспроводной; защита от перегрева
1504,327037933,wb,Комплектация,миостимулятор для пресса - 1 шт.; миостимулятор для рук - 2 шт.
1505,327037933,wb,Вес с упаковкой (кг),0.2 кг
1506,327037933,wb,Длина упаковки,22 см
1507,327037933,wb,Высота упаковки,4 см
1508,327037933,wb,Ширина упаковки,20 см
1509,50511241,wb,Модель,EM 28
1510,50511241,wb,Питание,Батарейки ААА - 3 шт
1511,50511241,wb,Тип массажера,миостимулятор TENS; электростимулятор
1512,50511241,wb,Зона массажа,запястье; предплечье
1513,50511241,wb,Действие,улучшение кровообращения; обезболивающее действие; укрепление
1514,50511241,wb,Комплектация,миостимулятор; Манжета для предплечья и запястья; батарейки ААА - 3 шт; инструкция по эксплуатации
1515,50511241,wb,Страна производства,Германия
1516,50511241,wb,Вес с упаковкой (кг),0.52 кг
1517,50511241,wb,Длина упаковки,28 см
1518,50511241,wb,Высота упаковки,14 см
1519,50511241,wb,Ширина упаковки,10 см
1520,327048053,wb,Цвет,черный
1521,327048053,wb,Количество режимов работы,1 режим
1522,327048053,wb,Тип массажера,электроимпульсный; миостимулятор
1523,327048053,wb,Зона массажа,живот; руки; плечи
1524,327048053,wb,Действие,коррекция фигуры; омолаживание; тонизирование
1525,327048053,wb,Доп. опции массажера,беспроводной; защита от перегрева
1526,327048053,wb,Комплектация,миостимулятор для пресса - 1 шт.
1527,327048053,wb,Вес с упаковкой (кг),0.2 кг
1528,327048053,wb,Длина упаковки,21 см
1529,327048053,wb,Высота упаковки,3 см
1530,327048053,wb,Ширина упаковки,20 см
1531,324901316,wb,Цвет,черный
1532,324901316,wb,Модель,Массажер электрический
1533,324901316,wb,Гарантийный срок,2 нед
1534,324901316,wb,Питание,от аккумулятора
1535,324901316,wb,Количество режимов работы,8
1536,324901316,wb,Количество насадок,3 шт.
1537,324901316,wb,Тип массажера,электроимпульсный
1538,324901316,wb,Зона массажа,спина; тело; мышцы
1539,324901316,wb,Действие,восстановление; тонизирование; миостимуляция
1540,324901316,wb,Мин. продолжительность автономной работы,15 мин
1541,324901316,wb,Доп. опции массажера,автовыключение; электромиостимуляция
1542,324901316,wb,Количество роликов,Нет ролики
1543,324901316,wb,Комплектация,Электрический мини массажер бабочка миостимулятор микротоковый 2 шт; Сменные пластины для массажера бабочка 2 шт
1544,324901316,wb,Страна производства,Китай
1545,324901316,wb,Высота предмета,2 см
1546,324901316,wb,Ширина предмета,16 см
1547,324901316,wb,Глубина предмета,7.5 см
1548,324901316,wb,Вес без упаковки (кг),0.2 кг
1549,324901316,wb,Вес с упаковкой (кг),0.25 кг
1550,324901316,wb,Длина упаковки,16 см
1551,324901316,wb,Высота упаковки,6 см
1552,324901316,wb,Ширина упаковки,8 см
1553,185540115,wb,Цвет,белый
1554,185540115,wb,Модель,EMSF-20
1555,185540115,wb,Гарантийный срок,3 года
1556,185540115,wb,Питание,от батареек
1557,185540115,wb,Количество режимов работы,9
1558,185540115,wb,Количество насадок,1 шт.
1559,185540115,wb,Тип массажера,виброплатформа
1560,185540115,wb,Зона массажа,ноги
1561,185540115,wb,Форма массажера,круглая
1562,185540115,wb,Действие,улучшение кровообращения
1563,185540115,wb,Мин. продолжительность автономной работы,30 мин
1564,185540115,wb,Доп. опции массажера,таймер
1565,185540115,wb,Количество роликов,миостимулятор
1566,185540115,wb,Комплектация,массажная платформа - 1шт; пульт-1шт; инструкция - 1шт
1567,185540115,wb,Страна производства,Китай
1568,185540115,wb,Срок эксплуатации,3 года
1569,185540115,wb,Высота предмета,3.8 см
1570,185540115,wb,Ширина предмета,36.5 см
1571,185540115,wb,Глубина предмета,36.5 см
1572,185540115,wb,Вес без упаковки (кг),1.2 кг
1573,185540115,wb,Вес с упаковкой (кг),1.4 кг
1574,185540115,wb,Длина упаковки,41 см
1575,185540115,wb,Высота упаковки,41 см
1576,185540115,wb,Ширина упаковки,9 см
1577,279628028,wb,Цвет,белый
1578,279628028,wb,Питание,USB
1579,279628028,wb,Количество режимов работы,6
1580,279628028,wb,Тип массажера,электроимпульсный
1581,279628028,wb,Зона массажа,интимная зона
1582,279628028,wb,Действие,улучшение кровообращения; укрепление; восстановление
1583,279628028,wb,Доп. опции массажера,электромиостимуляция
1584,279628028,wb,Комплектация,миостимулятор; насадка-зонд для влагалища; Соединительные провода
1585,279628028,wb,Страна производства,Китай
1586,279628028,wb,Вес с упаковкой (кг),0.31 кг
1587,279628028,wb,Длина упаковки,19 см
1588,279628028,wb,Высота упаковки,4 см
1589,279628028,wb,Ширина упаковки,16 см
1590,194367611,wb,Цвет,белый
1591,194367611,wb,Модель,Массажер для тела электрический; Миостимулятор для пресса; Тренажер для живота
1592,194367611,wb,Питание,USB; от аккумулятора
1593,194367611,wb,Количество режимов работы,3
1594,194367611,wb,Тип массажера,вибромассажер; миостимулятор; электроимпульсный
1595,194367611,wb,Зона массажа,живот; бедра; тело
1596,194367611,wb,Действие,Стимуляция мышц; Антицеллюлитный массаж; Для сжигания жира
1597,194367611,wb,Доп. опции массажера,вибрационный; микротоковый; импульсный
1598,194367611,wb,Комплектация,Картонная упаковка 1шт; Миостимулятор для тела 1шт; Пояс для фиксации массажера; usb провод для зарядки 1шт; Инструкция 1шт
1599,194367611,wb,Страна производства,Китай
1600,194367611,wb,Вес с упаковкой (кг),0.3 кг
1601,194367611,wb,Длина упаковки,13 см
1602,194367611,wb,Высота упаковки,5 см
1603,194367611,wb,Ширина упаковки,25 см
1604,262515548,wb,Цвет,белый
1605,262515548,wb,Модель,Цифровой массажер миостимулятор
1606,262515548,wb,Питание,от батареек; от сети
1607,262515548,wb,Количество режимов работы,8 режимов
1608,262515548,wb,Количество насадок,2 шт.
1609,262515548,wb,Тип массажера,постукивающий; ударно-кулачковый; электроимпульсный
1610,262515548,wb,Зона массажа,ноги; руки; тело
1611,262515548,wb,Действие,снятие мышечного напряжения; улучшение кровообращения; упругость
1612,262515548,wb,Доп. опции массажера,вибромассаж; электромиостимуляция; эффект иглоукалывания
1613,262515548,wb,Комплектация,Массажер - 1; Насадки - 2; Кабель питания - 1; Блок для кабеля - 1
1614,262515548,wb,Страна производства,Китай
1615,262515548,wb,Вес с упаковкой (кг),0.275 кг
1616,262515548,wb,Длина упаковки,24 см
1617,262515548,wb,Высота упаковки,5 см
1618,262515548,wb,Ширина упаковки,19 см
1619,154413759,wb,Модель,мини массажер тренажер
1620,154413759,wb,Страна производства,Китай
1621,154413759,wb,Вес без упаковки (кг),0.05 кг
1622,154413759,wb,Вес с упаковкой (кг),0.09 кг
1623,154413759,wb,Длина упаковки,8 см
1624,154413759,wb,Высота упаковки,2 см
1625,154413759,wb,Ширина упаковки,5 см
1626,174252707,wb,Цвет,черный
1627,174252707,wb,Модель,пояс
1628,174252707,wb,Гарантийный срок,14 дней
1629,174252707,wb,Питание,USB
1630,174252707,wb,Количество режимов работы,8
1631,174252707,wb,Количество насадок,1 шт.
1632,174252707,wb,Тип массажера,электроимпульсный
1633,174252707,wb,Зона массажа,живот; тело
1634,174252707,wb,Действие,коррекция фигуры; тонизирование; улучшение кровообращения
1635,174252707,wb,Мин. продолжительность автономной работы,15 мин
1636,174252707,wb,Доп. опции массажера,автовыключение; электромиостимуляция; эффект иглоукалывания
1637,174252707,wb,Комплектация,контроллер; пояс; usb зарядка
1638,174252707,wb,Страна производства,Китай
1639,174252707,wb,Ширина предмета,100 см
1640,174252707,wb,Вес без упаковки (кг),0.1 кг
1641,174252707,wb,Вес с упаковкой (кг),0.15 кг
1642,174252707,wb,Длина упаковки,25 см
1643,174252707,wb,Высота упаковки,3 см
1644,174252707,wb,Ширина упаковки,16 см
1645,19237484,wb,Цвет,бледно-розовый; черный
1646,19237484,wb,Материал изделия,безопасный медицинский пластик; нержавеющая сталь; пластик
1647,19237484,wb,Диаметр,28 мм
1648,19237484,wb,Особенности секс игрушки,тренажер кегеля; миостимулятор для интимных мышц; вагинальный тренажер кегеля
1649,19237484,wb,Страна производства,Россия
1650,19237484,wb,Комплектация,зарядное устройство; инструкция; блок управления; соединительные кабели; зонд 1шт.
1651,19237484,wb,Длина упаковки,5 см
1652,19237484,wb,Высота упаковки,5 см
1653,19237484,wb,Ширина упаковки,20 см
1654,239618683,wb,Цвет,черный
1655,239618683,wb,Модель,Массажер для ног
1656,239618683,wb,Гарантийный срок,1 год
1657,239618683,wb,Питание,аккумуляторный
1658,239618683,wb,Количество режимов работы,8 режимов
1659,239618683,wb,Количество насадок,1 шт.
1660,239618683,wb,Тип массажера,электроимпульсный
1661,239618683,wb,Зона массажа,живот; ноги; спина
1662,239618683,wb,Действие,восстановление
1663,239618683,wb,Мин. продолжительность автономной работы,15 мин
1664,239618683,wb,Доп. опции массажера,Микротоковый массаж; лимфодренажный; восстанавливающий
1665,239618683,wb,Количество роликов,без роликов
1666,239618683,wb,Комплектация,Датчик управление 1шт; Бабочка резиновый 1шт; Кабель USB 1шт
1667,239618683,wb,Страна производства,Китай
1668,239618683,wb,Высота предмета,1 см
1669,239618683,wb,Ширина предмета,6 см
1670,239618683,wb,Глубина предмета,1 см
1671,239618683,wb,Вес без упаковки (кг),0.2 кг
1672,239618683,wb,Вес с упаковкой (кг),0.2 кг
1673,239618683,wb,Длина упаковки,16 см
1674,239618683,wb,Высота упаковки,2 см
1675,239618683,wb,Ширина упаковки,8 см
1676,253122237,wb,Цвет,черный
1677,253122237,wb,Действие,разогревающее; снятие мышечного напряжения
1678,253122237,wb,Вес с упаковкой (кг),0.3 кг
1679,253122237,wb,Длина упаковки,20 см
1680,253122237,wb,Высота упаковки,4 см
1681,253122237,wb,Ширина упаковки,13 см
1682,175537092,wb,Цвет,серый
1683,175537092,wb,Модель,Антицеллюлитный массажер; массажер для похудения; Тренажер для пресса
1684,175537092,wb,Питание,от сети; от батареек; USB (в комплекте)
1685,175537092,wb,Количество режимов работы,8
1686,175537092,wb,Количество насадок,2 шт.
1687,175537092,wb,Тип массажера,электрический массажер; вибромассажер; Косметический массажер
1688,175537092,wb,Зона массажа,тело; лицо; руки и ноги
1689,175537092,wb,Действие,Массаж; массаж тела в домашних условиях; Массаж для похудения и против целлюлита
1690,175537092,wb,Доп. опции массажера,вибромассаж; микротоки; перкуссионный
1691,175537092,wb,Комплектация,миостимулятор
1692,175537092,wb,Страна производства,Китай
1693,175537092,wb,Вес без упаковки (кг),0.6 кг
1694,175537092,wb,Вес с упаковкой (кг),0.8 кг
1695,175537092,wb,Длина упаковки,25 см
1696,175537092,wb,Высота упаковки,6 см
1697,175537092,wb,Ширина упаковки,20 см
1698,163743837,wb,Длина упаковки,10 см
1699,163743837,wb,Высота упаковки,10 см
1700,163743837,wb,Ширина упаковки,10 см
1701,390778793,wb,Цвет,черный
1702,390778793,wb,Питание,USB
1703,390778793,wb,Количество режимов работы,8 режимов
1704,390778793,wb,Тип массажера,вибрационный
1705,390778793,wb,Зона массажа,грудная клетка; живот; бедра
1706,390778793,wb,Действие,снятие мышечного напряжения; успокаивающее; улучшение кровеобращения
1707,390778793,wb,Мин. продолжительность автономной работы,15 мин
1708,390778793,wb,Доп. опции массажера,электромиостимуляция
1709,390778793,wb,Высота предмета,3 см
1710,390778793,wb,Ширина предмета,10 см
1711,390778793,wb,Глубина предмета,5 см
1712,390778793,wb,Вес без упаковки (кг),0.2 кг
1713,390778793,wb,Вес с упаковкой (кг),0.2 кг
1714,390778793,wb,Длина упаковки,15 см
1715,390778793,wb,Высота упаковки,3 см
1716,390778793,wb,Ширина упаковки,10 см
1717,223351635,wb,Цвет,черный
1718,223351635,wb,Модель,LPG
1719,223351635,wb,Питание,USB; без питания; от аккумулятора
1720,223351635,wb,Количество режимов работы,15 режимов; Импульсный; LPG
1721,223351635,wb,Количество насадок,2 шт.
1722,223351635,wb,Тип массажера,вакуумный; EMS; лазерный
1723,223351635,wb,Зона массажа,бедра; живот; ноги
1724,223351635,wb,Действие,упругость; коррекция фигуры; лифтинг
1725,223351635,wb,Мин. продолжительность автономной работы,20 мин
1726,223351635,wb,Доп. опции массажера,электромиостимуляция; Лазерная терапия; нагрев
1727,223351635,wb,Количество роликов,2 насадки; 40 роликов
1728,223351635,wb,Комплектация,вакуумный массажер; Мешочек для хранения; Пластыри EMS - 2 шт; Лазер - 1 шт; Роликовые насадки - 2 шт; массажное масло - 2 шт; Инструкция на русском языке; вкладыш - 1 шт
1729,223351635,wb,Страна производства,Китай
1730,223351635,wb,Вес с упаковкой (кг),0.7 кг
1731,223351635,wb,Длина упаковки,10 см
1732,223351635,wb,Высота упаковки,18 см
1733,223351635,wb,Ширина упаковки,14 см
1734,267641140,wb,Цвет,белый
1735,267641140,wb,Модель,Миостимулятор
1736,267641140,wb,Питание,USB; от батареек; от сети
1737,267641140,wb,Количество режимов работы,8
1738,267641140,wb,Количество насадок,2 шт.
1739,267641140,wb,Тип массажера,вибромассажер; электроимпульсный
1740,267641140,wb,Зона массажа,тело; руки; шея
1741,267641140,wb,Действие,коррекция фигуры; снятие мышечного напряжения; тонизирование
1742,267641140,wb,Мин. продолжительность автономной работы,15 мин
1743,267641140,wb,Доп. опции массажера,вибромассаж; электромиостимуляция; эффект иглоукалывания
1744,267641140,wb,Комплектация,прибор для терапии; 2 насадки; провод для насадок; адаптер для розетки; провод USB-адаптер
1745,267641140,wb,Страна производства,Китай
1746,267641140,wb,Высота предмета,15 см
1747,267641140,wb,Ширина предмета,8 см
1748,267641140,wb,Глубина предмета,8 см
1749,267641140,wb,Вес без упаковки (кг),0.2 кг
1750,267641140,wb,Вес с упаковкой (кг),0.22 кг
1751,267641140,wb,Длина упаковки,20 см
1752,267641140,wb,Высота упаковки,8 см
1753,267641140,wb,Ширина упаковки,15 см
1754,194438944,wb,Цвет,розовый
1755,194438944,wb,Модель,Массажер для тела электрический; Миостимулятор для пресса; Тренажер для живота
1756,194438944,wb,Питание,USB; от аккумулятора
1757,194438944,wb,Количество режимов работы,3
1758,194438944,wb,Тип массажера,вибромассажер; миостимулятор; электроимпульсный
1759,194438944,wb,Зона массажа,живот; бедра; тело
1760,194438944,wb,Действие,Стимуляция мышц; Антицеллюлитный массаж; Для сжигания жира
1761,194438944,wb,Доп. опции массажера,вибрационный; микротоковый; импульсный
1762,194438944,wb,Комплектация,Картонная упаковка 1шт; Миостимулятор для тела 1шт; Пояс для фиксации массажера 1шт; usb провод для зарядки 1шт; Инструкция 1шт
1763,194438944,wb,Страна производства,Китай
1764,194438944,wb,Вес с упаковкой (кг),0.3 кг
1765,194438944,wb,Длина упаковки,13 см
1766,194438944,wb,Высота упаковки,5 см
1767,194438944,wb,Ширина упаковки,25 см
1768,159900838,wb,Цвет,черный
1769,159900838,wb,Модель,мини массажер тренажер
1770,159900838,wb,Питание,USB; от аккумулятора; от сети
1771,159900838,wb,Количество режимов работы,8 шт.
1772,159900838,wb,Тип массажера,постукивающий; электроимпульсный; вибромассажер
1773,159900838,wb,Зона массажа,шея; спина; живот
1774,159900838,wb,Действие,Лимфодренажное; антицеллюлитный; оздоровление
1775,159900838,wb,Доп. опции массажера,электромиостимуляция; вибромассаж; ударный
1776,159900838,wb,Количество роликов,нет
1777,159900838,wb,Страна производства,Китай
1778,159900838,wb,Высота предмета,6 см
1779,159900838,wb,Глубина предмета,2 см
1780,159900838,wb,Вес с упаковкой (кг),0.055 кг
1781,159900838,wb,Длина упаковки,17 см
1782,159900838,wb,Высота упаковки,4 см
1783,159900838,wb,Ширина упаковки,9 см
1784,108673217,wb,Цвет,белый
1785,108673217,wb,Материал изделия,нержавеющая сталь; медицинский сплав; пластик
1786,108673217,wb,Диаметр,28 мм
1787,108673217,wb,Особенности секс игрушки,укрепление интимных мышц; электростимуляция; дистанционное управление
1788,108673217,wb,Страна производства,Китай
1789,108673217,wb,Комплектация,Батарейки ААА 2шт; Косметичка для хранения 1шт; Русская инструкция; Провод и миостимулятор 1шт; лубрикант на водной основе 3шт
1790,108673217,wb,Длина предмета,7 см
1791,108673217,wb,Вес товара без упаковки (г),300 г
1792,108673217,wb,Длина упаковки,18 см
1793,108673217,wb,Высота упаковки,6 см
1794,108673217,wb,Ширина упаковки,22 см
1795,147167296,wb,Цвет,черный
1796,147167296,wb,Модель,EMS Foot Massager
1797,147167296,wb,Гарантийный срок,6 месяцев
1798,147167296,wb,Питание,от аккумулятора
1799,147167296,wb,Количество режимов работы,8
1800,147167296,wb,Тип массажера,постукивающий; электроимпульсный
1801,147167296,wb,Зона массажа,ноги; стопы
1802,147167296,wb,Форма массажера,напольная платформа
1803,147167296,wb,Действие,улучшение метаболизма; укрепление мышц стопы; снимает усталость
1804,147167296,wb,Мин. продолжительность автономной работы,15 мин
1805,147167296,wb,Доп. опции массажера,"избавление от бессонницы; повышение иммунитета; укрепление мышц ног, икр"
1806,147167296,wb,Комплектация,Микротоковый EMS массажный коврик - 1 шт; коробка; инструкция; USB провод
1807,147167296,wb,Страна производства,Китай
1808,147167296,wb,Вес с упаковкой (кг),0.215 кг
1809,147167296,wb,Длина упаковки,16 см
1810,147167296,wb,Высота упаковки,4 см
1811,147167296,wb,Ширина упаковки,34 см
1812,312899254,wb,Цвет,черный
1813,312899254,wb,Вес с упаковкой (кг),1.4 кг
1814,312899254,wb,Длина упаковки,27 см
1815,312899254,wb,Высота упаковки,7 см
1816,312899254,wb,Ширина упаковки,20 см
1817,198312913,wb,Цвет,черный
1818,198312913,wb,Модель,Smart Fitness
1819,198312913,wb,Гарантийный срок,6 мес
1820,198312913,wb,Питание,USB; от сети
1821,198312913,wb,Количество режимов работы,6
1822,198312913,wb,Количество насадок,1 шт.
1823,198312913,wb,Тип массажера,миостимулятор; микротоковый; электроимпульсный
1824,198312913,wb,Зона массажа,живот; спина; тело
1825,198312913,wb,Форма массажера,пояс
1826,198312913,wb,Действие,массажер для тела; массажер для спины; антицеллюлитный массажер
1827,198312913,wb,Мин. продолжительность автономной работы,60 мин
1828,198312913,wb,Доп. опции массажера,Антицеллюлитный; для похудения живота; Микротоковый массаж
1829,198312913,wb,Комплектация,Массажер электрический миостимулятор живота EMS Abdominal Toning Belt для мужчин и женщин; кабель usb; инструкция к применению
1830,198312913,wb,Страна производства,Китай
1831,198312913,wb,Высота предмета,17 см
1832,198312913,wb,Ширина предмета,102 см
1833,198312913,wb,Глубина предмета,2 см
1834,198312913,wb,Вес без упаковки (кг),0.6 кг
1835,198312913,wb,Вес с упаковкой (кг),0.22 кг
1836,198312913,wb,Длина упаковки,36 см
1837,198312913,wb,Высота упаковки,4 см
1838,198312913,wb,Ширина упаковки,18 см
1839,288062550,wb,Цвет,черный
1840,288062550,wb,Модель,HQ185
1841,288062550,wb,Питание,USB
1842,288062550,wb,Количество режимов работы,3 режима
1843,288062550,wb,Тип массажера,вибромассажер; виброплатформа; электроимпульсный
1844,288062550,wb,Зона массажа,"ноги, руки, живот, поясница, шея, бедра, лицо; лечи / Шея / Спина / Ягодицы; позвоночника, пресса, груди, икры, под коленом, ступни"
1845,288062550,wb,Действие,"антистресс, релаксация, уменьшает тревогу; расслабление шеи; Массаж"
1846,288062550,wb,Доп. опции массажера,электрический массажер; массаж шеи; массажер для шеи и плеч
1847,288062550,wb,Комплектация,Зарядка; липучка; массажер
1848,288062550,wb,Страна производства,Китай
1849,288062550,wb,Вес с упаковкой (кг),0.1 кг
1850,288062550,wb,Длина упаковки,8 см
1851,288062550,wb,Высота упаковки,16 см
1852,288062550,wb,Ширина упаковки,2 см
1853,283874508,wb,Цвет,черный
1854,283874508,wb,Гарантийный срок,1 год
1855,283874508,wb,Питание,от аккумулятора
1856,283874508,wb,Количество режимов работы,8 режимов
1857,283874508,wb,Количество насадок,2 шт.
1858,283874508,wb,Тип массажера,микротоковый
1859,283874508,wb,Зона массажа,тело; руки; шея
1860,283874508,wb,Действие,восстановление
1861,283874508,wb,Мин. продолжительность автономной работы,15 мин
1862,283874508,wb,Количество роликов,без роликов
1863,283874508,wb,Комплектация,датчик управление 2шт; бабочка резиновый 2шт
1864,283874508,wb,Страна производства,Китай
1865,283874508,wb,Высота предмета,1 см
1866,283874508,wb,Ширина предмета,6 см
1867,283874508,wb,Глубина предмета,13 см
1868,283874508,wb,Вес без упаковки (кг),0.2 кг
1869,283874508,wb,Вес с упаковкой (кг),0.2 кг
1870,283874508,wb,Длина упаковки,16 см
1871,283874508,wb,Высота упаковки,2 см
1872,283874508,wb,Ширина упаковки,8 см
1873,249559438,wb,Цвет,белый
1874,249559438,wb,Модель,Цифровой меридиан
1875,249559438,wb,Питание,USB
1876,249559438,wb,Количество режимов работы,8 режимов
1877,249559438,wb,Количество насадок,2 шт.
1878,249559438,wb,Тип массажера,миостимулятор
1879,249559438,wb,Зона массажа,бедра; плечи; спина
1880,249559438,wb,Действие,восстановление
1881,249559438,wb,Мин. продолжительность автономной работы,10 мин
1882,249559438,wb,Доп. опции массажера,вибромассаж; защита от перегрева; электромиостимуляция
1883,249559438,wb,Количество роликов,нет
1884,249559438,wb,Комплектация,коробка; зарядное устройство; массажер; Массажер-миостимулятор
1885,249559438,wb,Страна производства,Китай
1886,249559438,wb,Высота предмета,15 см
1887,249559438,wb,Ширина предмета,6 см
1888,249559438,wb,Глубина предмета,5 см
1889,249559438,wb,Вес без упаковки (кг),0.3 кг
1890,249559438,wb,Вес с упаковкой (кг),0.6 кг
1891,249559438,wb,Длина упаковки,8 см
1892,249559438,wb,Высота упаковки,20 см
1893,249559438,wb,Ширина упаковки,25 см
1894,208669037,wb,Цвет,черный
1895,208669037,wb,Модель,EMS Foot Massager; электро
1896,208669037,wb,Гарантийный срок,3 мес
1897,208669037,wb,Питание,USB; от аккумулятора
1898,208669037,wb,Количество режимов работы,6
1899,208669037,wb,Количество насадок,1 шт.
1900,208669037,wb,Тип массажера,вибромассажер; электроимпульсный; постукивающий
1901,208669037,wb,Зона массажа,тело; спина; ноги
1902,208669037,wb,Действие,снятие мышечного напряжения; улучшение кровообращения; упругость
1903,208669037,wb,Мин. продолжительность автономной работы,15 мин
1904,208669037,wb,Доп. опции массажера,вибромассаж; электромиостимуляция
1905,208669037,wb,Количество роликов,нет
1906,208669037,wb,Комплектация,Массажер - 1 шт.
1907,208669037,wb,Страна производства,Китай
1908,208669037,wb,Высота предмета,15 см
1909,208669037,wb,Ширина предмета,6.5 см
1910,208669037,wb,Глубина предмета,6 см
1911,208669037,wb,Вес без упаковки (кг),0.2 кг
1912,208669037,wb,Вес с упаковкой (кг),0.3 кг
1913,208669037,wb,Длина упаковки,16 см
1914,208669037,wb,Высота упаковки,2 см
1915,208669037,wb,Ширина упаковки,8 см
1916,290863727,wb,Цвет,черный; синий
1917,290863727,wb,Питание,USB
1918,290863727,wb,Количество режимов работы,8 режимов
1919,290863727,wb,Тип массажера,вибромассажер; электроимпульсный
1920,290863727,wb,Зона массажа,плечи; спина; рук и ног
1921,290863727,wb,Действие,восстановление; снятие мышечного напряжения; улучшение кровообращения
1922,290863727,wb,Мин. продолжительность автономной работы,15 мин
1923,290863727,wb,Доп. опции массажера,вибромассаж
1924,290863727,wb,Комплектация,Массажер для мужчин и женщин 1 шт.; массажер для шеи; массажер для ног; массажер для спины; электрический массажер
1925,290863727,wb,Страна производства,КНДР
1926,290863727,wb,Вес с упаковкой (кг),0.4 кг
1927,290863727,wb,Длина упаковки,17 см
1928,290863727,wb,Высота упаковки,5 см
1929,290863727,wb,Ширина упаковки,10 см
1930,244563420,wb,Цвет,черный; белый
1931,244563420,wb,Питание,от сети
1932,244563420,wb,Количество режимов работы,12 режимов работы; 12 режимов
1933,244563420,wb,Тип массажера,электроимпульсный; ультразвуковой; комбинированный
1934,244563420,wb,Зона массажа,живот; ноги; спина
1935,244563420,wb,Форма массажера,пояс
1936,244563420,wb,Действие,коррекция фигуры; снятие отечности
1937,244563420,wb,Мин. продолжительность автономной работы,15 мин
1938,244563420,wb,Доп. опции массажера,индикация уровня заряда; регулировка скорости; дисплей
1939,244563420,wb,Количество роликов,6
1940,244563420,wb,Комплектация,пояс для похудения с эффектом сауны - 1шт; спортивный фитнес корсет для живота; инструкция; чехол для хранения
1941,244563420,wb,Страна производства,Китай
1942,244563420,wb,Высота предмета,13 см
1943,244563420,wb,Ширина предмета,112 см
1944,244563420,wb,Глубина предмета,1 см
1945,244563420,wb,Длина упаковки,10 см
1946,244563420,wb,Высота упаковки,10 см
1947,244563420,wb,Ширина упаковки,10 см
1948,192970989,wb,Цвет,черный
1949,192970989,wb,Модель,Smart Fitness
1950,192970989,wb,Гарантийный срок,6 мес
1951,192970989,wb,Питание,USB; от сети
1952,192970989,wb,Количество режимов работы,6
1953,192970989,wb,Количество насадок,1 шт.
1954,192970989,wb,Тип массажера,электроимпульсный; миостимулятор; микротоковый
1955,192970989,wb,Зона массажа,живот; спина; тело
1956,192970989,wb,Форма массажера,пояс
1957,192970989,wb,Действие,восстановление; контуринг; коррекция фигуры
1958,192970989,wb,Мин. продолжительность автономной работы,60 мин
1959,192970989,wb,Доп. опции массажера,регулировка интенсивности; индикация выбранного режима; регулировка скорости
1960,192970989,wb,Комплектация,Массажер электрический миостимулятор живота EMS Abdominal Toning Belt для мужчин и женщин; кабель usb; инструкция к применению
1961,192970989,wb,Страна производства,Китай
1962,192970989,wb,Высота предмета,17 см
1963,192970989,wb,Ширина предмета,110 см
1964,192970989,wb,Глубина предмета,2 см
1965,192970989,wb,Вес без упаковки (кг),0.2 кг
1966,192970989,wb,Вес с упаковкой (кг),0.22 кг
1967,192970989,wb,Длина упаковки,36 см
1968,192970989,wb,Высота упаковки,4 см
1969,192970989,wb,Ширина упаковки,18 см
1970,176541310,wb,Цвет,черный
1971,176541310,wb,Модель,электрический; Бабочка; на липучке
1972,176541310,wb,Питание,USB; от аккумулятора; от сети
1973,176541310,wb,Количество режимов работы,8 режимов; 19 уровней мощности
1974,176541310,wb,Количество насадок,1 шт.
1975,176541310,wb,Тип массажера,электроимпульсный; для ног; для шеи
1976,176541310,wb,Зона массажа,тело; руки; шея
1977,176541310,wb,Действие,Снятие усталости; Массаж; релаксация
1978,176541310,wb,Доп. опции массажера,электромиостимуляция; беспроводной массаж; массаж пресса
1979,176541310,wb,Количество роликов,1
1980,176541310,wb,Комплектация,патч; механизм; шнур для зарядки
1981,176541310,wb,Страна производства,Китай
1982,176541310,wb,Высота предмета,16 см
1983,176541310,wb,Вес без упаковки (кг),0.14 кг
1984,176541310,wb,Вес с упаковкой (кг),0.2 кг
1985,176541310,wb,Длина упаковки,17 см
1986,176541310,wb,Высота упаковки,3 см
1987,176541310,wb,Ширина упаковки,7 см
1988,141145037,wb,Цвет,белый
1989,141145037,wb,Модель,Массажер для шеи Yamaguchi EMS Neck Massager
1990,141145037,wb,Гарантийный срок,12 месяцев; + постгарантийное обслуживание до 5 лет
1991,141145037,wb,Питание,DC 5В/1А
1992,141145037,wb,Количество режимов работы,4 программы массажа; 16 уровней интенсивности
1993,141145037,wb,Тип массажера,электрический; беспроводной; электроимпульсный
1994,141145037,wb,Зона массажа,шея
1995,141145037,wb,Действие,улучшение кровообращения; восстановление; снятие мышечного напряжения
1996,141145037,wb,Доп. опции массажера,электромиостимуляция; функция подогрева; таймер
1997,141145037,wb,Комплектация,массажер для шеи; USB Туре-С кабель для зарядки; руководство пользователя
1998,141145037,wb,Высота предмета,17 см
1999,141145037,wb,Ширина предмета,15 см
2000,141145037,wb,Глубина предмета,16 см
2001,141145037,wb,Вес без упаковки (кг),0.15 кг
2002,141145037,wb,Вес с упаковкой (кг),0.4 кг
2003,141145037,wb,Длина упаковки,25 см
2004,141145037,wb,Высота упаковки,25 см
2005,141145037,wb,Ширина упаковки,4 см
2006,108435239,wb,Цвет,белый
2007,108435239,wb,Модель,HX-5880
2008,108435239,wb,Питание,USB
2009,108435239,wb,Количество режимов работы,6
2010,108435239,wb,Тип массажера,электроимпульсный
2011,108435239,wb,Зона массажа,Шея / Плечи
2012,108435239,wb,Действие,миостимулятор; миостимулятор электрический; миостимуляция
2013,108435239,wb,Страна производства,Китай
2014,108435239,wb,Длина упаковки,30 см
2015,108435239,wb,Высота упаковки,30 см
2016,108435239,wb,Ширина упаковки,10 см
2017,16329046,wb,Материал изделия,abs-пластик
2018,16329046,wb,Страна производства,Китай
2019,16329046,wb,Комплектация,массажер; контроллер; тапочки; вилка; инструкция по применению
2020,372471091,wb,Цвет,черный
2021,372471091,wb,Модель,Массажер электрический
2022,372471091,wb,Гарантийный срок,2 нед
2023,372471091,wb,Питание,от аккумулятора
2024,372471091,wb,Количество режимов работы,8
2025,372471091,wb,Количество насадок,2 шт.
2026,372471091,wb,Тип массажера,электроимпульсный
2027,372471091,wb,Зона массажа,спина; тело; мышцы
2028,372471091,wb,Действие,восстановление; тонизирование; миостимуляция
2029,372471091,wb,Мин. продолжительность автономной работы,15 мин
2030,372471091,wb,Доп. опции массажера,автовыключение; электромиостимуляция; ультразвуковой массаж
2031,372471091,wb,Количество роликов,Нет ролики
2032,372471091,wb,Комплектация,Электрический мини тренажер бабочка миостимулятор микротоковый 1 шт; пульт управления дистанционный; сменная пластина электрод насадка
2033,372471091,wb,Страна производства,Китай
2034,372471091,wb,Высота предмета,2 см
2035,372471091,wb,Ширина предмета,16 см
2036,372471091,wb,Глубина предмета,7.5 см
2037,372471091,wb,Вес без упаковки (кг),0.15 кг
2038,372471091,wb,Вес с упаковкой (кг),0.15 кг
2039,372471091,wb,Длина упаковки,16 см
2040,372471091,wb,Высота упаковки,5 см
2041,372471091,wb,Ширина упаковки,15 см
2042,172075398,wb,Цвет,черный
2043,172075398,wb,Модель,мини массажер миостимулятор
2044,172075398,wb,Питание,USB
2045,172075398,wb,Количество режимов работы,8; 19
2046,172075398,wb,Количество насадок,1 шт.
2047,172075398,wb,Тип массажера,Лимфодренажный; электроимпульсный; постукивающий
2048,172075398,wb,Зона массажа,спина; пресс; руки и ноги
2049,172075398,wb,Действие,восстановление; заживление; коррекция фигуры
2050,172075398,wb,Мин. продолжительность автономной работы,15 мин
2051,172075398,wb,Доп. опции массажера,вибромассаж; электромиостимуляция; лимфодренаж
2052,172075398,wb,Количество роликов,нет
2053,172075398,wb,Комплектация,массажер; коробка; инструкция; кабель для зарядки
2054,172075398,wb,Страна производства,Китай
2055,172075398,wb,Высота предмета,2 см
2056,172075398,wb,Ширина предмета,18 см
2057,172075398,wb,Глубина предмета,8 см
2058,172075398,wb,Вес без упаковки (кг),0.2 кг
2059,172075398,wb,Вес с упаковкой (кг),0.2 кг
2060,172075398,wb,Длина упаковки,18 см
2061,172075398,wb,Высота упаковки,3 см
2062,172075398,wb,Ширина упаковки,9 см
2063,226456901,wb,Цвет,белый
2064,226456901,wb,Питание,USB; от аккумулятора
2065,226456901,wb,Количество режимов работы,6
2066,226456901,wb,Количество насадок,1 шт.
2067,226456901,wb,Тип массажера,электроимпульсный
2068,226456901,wb,Зона массажа,бедра; живот; ноги
2069,226456901,wb,Действие,восстановление; коррекция фигуры; снятие мышечного напряжения
2070,226456901,wb,Доп. опции массажера,электромиостимуляция
2071,226456901,wb,Количество роликов,1
2072,226456901,wb,Комплектация,массажер 1 шт
2073,226456901,wb,Страна производства,Китай
2074,226456901,wb,Высота предмета,7.3 см
2075,226456901,wb,Ширина предмета,14.5 см
2076,226456901,wb,Глубина предмета,2 см
2077,226456901,wb,Вес без упаковки (кг),0.3 кг
2078,226456901,wb,Вес с упаковкой (кг),0.35 кг
2079,226456901,wb,Длина упаковки,15 см
2080,226456901,wb,Высота упаковки,5 см
2081,226456901,wb,Ширина упаковки,8 см
2082,206250025,wb,Цвет,серый
2083,206250025,wb,Модель,K4
2084,206250025,wb,Гарантийный срок,1 год
2085,206250025,wb,Питание,USB
2086,206250025,wb,Количество режимов работы,10 шт.
2087,206250025,wb,Количество насадок,1 шт.
2088,206250025,wb,Тип массажера,электроимпульсный; тепловой; электростимулятор
2089,206250025,wb,Зона массажа,талия; поясница; живот
2090,206250025,wb,Действие,коррекция фигуры; для похудения; упругость
2091,206250025,wb,Мин. продолжительность автономной работы,15 мин
2092,206250025,wb,Доп. опции массажера,автовыключение; электростимуляция; функция подогрева
2093,206250025,wb,Количество роликов,роликов нет
2094,206250025,wb,Комплектация,электрический пояс для похудения; блок управления; пояс регулировка талии; варежка для пилинга; кабель Type-С; Коробка для стимулятора; дозатор для воды
2095,206250025,wb,Страна производства,Китай
2096,206250025,wb,Ширина предмета,7 см
2097,206250025,wb,Вес без упаковки (кг),0.5 кг
2098,206250025,wb,Вес с упаковкой (кг),0.55 кг
2099,206250025,wb,Длина упаковки,26 см
2100,206250025,wb,Высота упаковки,7 см
2101,206250025,wb,Ширина упаковки,21 см
2102,274734385,wb,Цвет,серый металлик; белый
2103,274734385,wb,Модель,Миостимулятор
2104,274734385,wb,Питание,от батареек; USB; от сети
2105,274734385,wb,Количество режимов работы,15 режимов
2106,274734385,wb,Количество насадок,2 шт.
2107,274734385,wb,Тип массажера,постукивающий; вибромассажер; электроимпульсный
2108,274734385,wb,Зона массажа,тело; шея; живот
2109,274734385,wb,Действие,упругость; эластичность; коррекция фигуры
2110,274734385,wb,Мин. продолжительность автономной работы,15 мин
2111,274734385,wb,Доп. опции массажера,вибромассаж; электромиостимуляция; эффект иглоукалывания
2112,274734385,wb,Комплектация,Массажный аппарат 1 шт; массажные пластины 2 шт; батарейки тип ААА 3 шт
2113,274734385,wb,Страна производства,Китай
2114,274734385,wb,Высота предмета,16 см
2115,274734385,wb,Ширина предмета,7 см
2116,274734385,wb,Глубина предмета,3 см
2117,274734385,wb,Вес без упаковки (кг),0.3 кг
2118,274734385,wb,Вес с упаковкой (кг),0.5 кг
2119,274734385,wb,Длина упаковки,24 см
2120,274734385,wb,Высота упаковки,5 см
2121,274734385,wb,Ширина упаковки,19 см
2122,195586166,wb,Зона массажа,тело; шея; спина
2123,195586166,wb,Действие,улучшение кровообращения; успокаивающее; улучшение сна
2124,195586166,wb,Доп. опции массажера,электромиостимуляция
2125,195586166,wb,Длина упаковки,16 см
2126,195586166,wb,Высота упаковки,6 см
2127,195586166,wb,Ширина упаковки,8 см
2128,234866369,wb,Цвет,белый
2129,234866369,wb,Модель,Миостимулятор для тела
2130,234866369,wb,Гарантийный срок,1 год
2131,234866369,wb,Количество режимов работы,5 шт.
2132,234866369,wb,Тип массажера,вибромассажер; микротоковый массажер для тела; Лимфодренажный
2133,234866369,wb,Зона массажа,живот; ягодицы; бедра
2134,234866369,wb,Действие,коррекция фигуры; против растяжек и целлюлита; для похудения
2135,234866369,wb,Доп. опции массажера,вибромассаж; rf-лифтинг тела; lpg массаж
2136,234866369,wb,Комплектация,Инструкция на русском языке; массажер электрический
2137,234866369,wb,Страна производства,Китай
2138,234866369,wb,Вес с упаковкой (кг),0.5 кг
2139,234866369,wb,Длина упаковки,17 см
2140,234866369,wb,Высота упаковки,10 см
2141,234866369,wb,Ширина упаковки,12 см
2142,263899530,wb,Цвет,черный
2143,263899530,wb,Гарантийный срок,1 год
2144,263899530,wb,Питание,от аккумулятора
2145,263899530,wb,Количество режимов работы,8 режимов
2146,263899530,wb,Количество насадок,1 шт.
2147,263899530,wb,Тип массажера,микротоковый
2148,263899530,wb,Зона массажа,тело; руки; шея
2149,263899530,wb,Действие,восстановление
2150,263899530,wb,Мин. продолжительность автономной работы,15 мин
2151,263899530,wb,Количество роликов,без роликов
2152,263899530,wb,Комплектация,датчик управление 1шт; бабочка резиновый 1шт; кабель usb 1шт
2153,263899530,wb,Страна производства,Китай
2154,263899530,wb,Высота предмета,1 см
2155,263899530,wb,Ширина предмета,6 см
2156,263899530,wb,Глубина предмета,13 см
2157,263899530,wb,Вес без упаковки (кг),0.2 кг
2158,263899530,wb,Вес с упаковкой (кг),0.2 кг
2159,263899530,wb,Длина упаковки,16 см
2160,263899530,wb,Высота упаковки,2 см
2161,263899530,wb,Ширина упаковки,8 см
2162,173234055,wb,Цвет,белый; белый матовый
2163,173234055,wb,Модель,Nosto
2164,173234055,wb,Гарантийный срок,1 год
2165,173234055,wb,Питание,от аккумулятора
2166,173234055,wb,Количество режимов работы,4 режима
2167,173234055,wb,Количество насадок,1 шт.
2168,173234055,wb,Тип массажера,вибромассажер; электроимпульсный; тепловой
2169,173234055,wb,Зона массажа,зона вокруг глаз; лицо; декольте
2170,173234055,wb,Действие,против морщин; против акне; снятие отечности
2171,173234055,wb,Мин. продолжительность автономной работы,60 мин
2172,173234055,wb,Доп. опции массажера,вибромассаж; ионофорез; функция подогрева
2173,173234055,wb,Количество роликов,0
2174,173234055,wb,Комплектация,косметологический аппарат; USB-шнур заряда; кольцо для салфетки; Инструкция на русском языке; гарантийный талон
2175,173234055,wb,Страна производства,Китай
2176,173234055,wb,Высота предмета,4 см
2177,173234055,wb,Ширина предмета,4 см
2178,173234055,wb,Глубина предмета,3.5 см
2179,173234055,wb,Вес без упаковки (кг),0.1 кг
2180,173234055,wb,Вес с упаковкой (кг),0.2 кг
2181,173234055,wb,Длина упаковки,20 см
2182,173234055,wb,Высота упаковки,5 см
2183,173234055,wb,Ширина упаковки,7 см
2184,145254296,wb,Цвет,белый; черный
2185,145254296,wb,Материал изделия,пластик; металл
2186,145254296,wb,Зона массажа,Все тело шея спина ноги плечи руки ягодицы живот
2187,145254296,wb,Действие,массаж тела в домашних условиях; Улучшение работы мышц; Реабилитация мышц
2188,145254296,wb,Страна производства,Китай
2189,145254296,wb,Комплектация,"Инструмент для терапии, аппликаторы"
2190,145254296,wb,Ширина предмета,8 см
2191,145254296,wb,Высота предмета,10 см
2192,178660867,wb,Цвет,белый
2193,178660867,wb,Модель,Всесемерки
2194,178660867,wb,Гарантийный срок,2 нед
2195,178660867,wb,Питание,от аккумулятора
2196,178660867,wb,Количество режимов работы,6
2197,178660867,wb,Тип массажера,электроимпульсный; магнитно-акупунктурный
2198,178660867,wb,Зона массажа,плечи; шея; спина
2199,178660867,wb,Действие,противовоспалительное; снятие мышечного напряжения; улучшение кровообращения
2200,178660867,wb,Мин. продолжительность автономной работы,120 мин
2201,178660867,wb,Количество роликов,2
2202,178660867,wb,Комплектация,зарядное устройство; массажер
2203,178660867,wb,Страна производства,Китай
2204,178660867,wb,Высота предмета,5 см
2205,178660867,wb,Ширина предмета,4 см
2206,178660867,wb,Глубина предмета,2 см
2207,178660867,wb,Вес без упаковки (кг),0.14 кг
2208,178660867,wb,Вес с упаковкой (кг),0.14 кг
2209,178660867,wb,Длина упаковки,16 см
2210,178660867,wb,Высота упаковки,4 см
2211,178660867,wb,Ширина упаковки,15 см
2212,341047679,wb,Количество предметов в упаковке,1 шт.
2213,341047679,wb,Материал изделия,abs-пластик
2214,341047679,wb,Зона массажа,Для всего тела; для лица и рук; для шеи и спины
2215,341047679,wb,Действие,Против целлюлита; снятие отечности; тонизирование
2216,341047679,wb,Комплектация,Миостимулятор-массажер; электроды - 4 шт; инструкция; кабель USB
2217,341047679,wb,Ширина предмета,6 см
2218,341047679,wb,Высота предмета,12 см
2219,341047679,wb,Вес товара с упаковкой (г),200 г
2220,341047679,wb,Длина упаковки,17 см
2221,341047679,wb,Высота упаковки,4 см
2222,341047679,wb,Ширина упаковки,10 см
2223,335214615,wb,Зона массажа,все тело
2224,335214615,wb,Действие,болеутоляющий
2225,205796949,wb,Цвет,черный
2226,205796949,wb,Модель,Массажер для ног
2227,205796949,wb,Питание,220
2228,205796949,wb,Количество режимов работы,19 уровней интенсивности
2229,205796949,wb,Количество насадок,1 шт.
2230,205796949,wb,Тип массажера,постукивающий; электроимпульсный; вибромассажер
2231,205796949,wb,Зона массажа,стопы; ноги
2232,205796949,wb,Форма массажера,напольная платформа
2233,205796949,wb,Действие,улучшение метаболизма; укрепление мышц стопы; Снятие усталости
2234,205796949,wb,Мин. продолжительность автономной работы,5 мин
2235,205796949,wb,Доп. опции массажера,"избавление от бессонницы; повышение иммунитета; укрепление мышц ног, икр"
2236,205796949,wb,Комплектация,"Коврик, массажер, usb провод, инструкция"
2237,205796949,wb,Страна производства,Китай
2238,205796949,wb,Высота предмета,33 см
2239,205796949,wb,Ширина предмета,28 см
2240,205796949,wb,Глубина предмета,1 см
2241,205796949,wb,Вес без упаковки (кг),0.2 кг
2242,205796949,wb,Вес с упаковкой (кг),0.2 кг
2243,205796949,wb,Длина упаковки,32 см
2244,205796949,wb,Высота упаковки,3 см
2245,205796949,wb,Ширина упаковки,15 см
2246,198348956,wb,Цвет,белый
2247,198348956,wb,Материал изделия,пластик
2248,198348956,wb,Действие,Массаж для лица шеи и тела; Омоложение Восстановление овала лица
2249,198348956,wb,Страна производства,Китай
2250,195324674,wb,Цвет,белый
2251,195324674,wb,Модель,массажер для второго подбородка
2252,195324674,wb,Питание,от аккумулятора
2253,195324674,wb,Количество режимов работы,5
2254,195324674,wb,Количество насадок,2 шт.
2255,195324674,wb,Тип массажера,электроимпульсный; вибромассажер; магнитно-акупунктурный
2256,195324674,wb,Зона массажа,лицо; подбородок; тело
2257,195324674,wb,Действие,омолаживание; лифтинг; контуринг
2258,195324674,wb,Мин. продолжительность автономной работы,15 мин
2259,195324674,wb,Доп. опции массажера,эффект иглоукалывания; электромиостимуляция
2260,195324674,wb,Комплектация,Массажер - 1шт.; Пульт - 1шт.; Насадка - 2шт.; USB шнур - 1шт.; Инструкция - 1шт.
2261,195324674,wb,Страна производства,Китай
2262,195324674,wb,Высота предмета,18 см
2263,195324674,wb,Ширина предмета,5 см
2264,195324674,wb,Глубина предмета,2 см
2265,195324674,wb,Вес без упаковки (кг),0.3 кг
2266,195324674,wb,Вес с упаковкой (кг),0.5 кг
2267,195324674,wb,Длина упаковки,28 см
2268,195324674,wb,Высота упаковки,7 см
2269,195324674,wb,Ширина упаковки,18 см
2270,170078190,wb,Цвет,черный
2271,170078190,wb,Питание,USB
2272,170078190,wb,Количество режимов работы,8; 19
2273,170078190,wb,Тип массажера,Лимфодренажный; электроимпульсный; постукивающий
2274,170078190,wb,Зона массажа,спина; пресс; руки и ноги
2275,170078190,wb,Действие,массажер для спины и шеи электрический; электрический массажер антицеллюлитный для тела; массажер импульсный лимфодренажный
2276,170078190,wb,Мин. продолжительность автономной работы,15 мин
2277,170078190,wb,Доп. опции массажера,вибромассаж; электромиостимуляция; лимфодренаж
2278,170078190,wb,Комплектация,массажер; коробка; инструкция; кабель для зарядки
2279,170078190,wb,Страна производства,Китай
2280,170078190,wb,Высота предмета,2 см
2281,170078190,wb,Вес с упаковкой (кг),0.1 кг
2282,170078190,wb,Длина упаковки,17 см
2283,170078190,wb,Высота упаковки,3 см
2284,170078190,wb,Ширина упаковки,9 см
2285,224272499,wb,Цвет,черный
2286,224272499,wb,Модель,массажер для похудения
2287,224272499,wb,Гарантийный срок,1 год
2288,224272499,wb,Питание,от сети
2289,224272499,wb,Количество режимов работы,99 режимов; 10 программ тренировок
2290,224272499,wb,Количество насадок,1 шт.
2291,224272499,wb,Тип массажера,магнитно-акупунктурный; оздоровление; Массажер для ног
2292,224272499,wb,Зона массажа,ягодицы; ноги; живот
2293,224272499,wb,Действие,улучшение кровообращения; улучшение сна; спорт
2294,224272499,wb,Мин. продолжительность автономной работы,15 мин
2295,224272499,wb,Доп. опции массажера,вибромассаж; вибромассажер для тела; массажер для спины
2296,224272499,wb,Количество роликов,массажер для спины; Кардиотренажер; массажер для тела
2297,224272499,wb,Комплектация,Виброплатформа - 1 шт; экспандер - 2 шт; инструкция; пульт ДУ - 1шт
2298,224272499,wb,Страна производства,Китай
2299,224272499,wb,Высота предмета,12.5 см
2300,224272499,wb,Ширина предмета,52 см
2301,224272499,wb,Глубина предмета,32 см
2302,224272499,wb,Вес без упаковки (кг),10 кг
2303,224272499,wb,Вес с упаковкой (кг),9 кг
2304,224272499,wb,Длина упаковки,57 см
2305,224272499,wb,Высота упаковки,18 см
2306,224272499,wb,Ширина упаковки,43 см
2307,154707733,wb,Цвет,белый
2308,154707733,wb,Модель,Электростимулятор мышц
2309,154707733,wb,Гарантийный срок,12 месяцев; 12 мес.
2310,154707733,wb,Питание,USB кабель (В комплекте)
2311,154707733,wb,Количество режимов работы,9 уровней интенсивности; 6 режимов массажа
2312,154707733,wb,Тип массажера,Расслабляющий; электрический массажер; Миостимулятор для мышц
2313,154707733,wb,Зона массажа,шея; плечи; спина
2314,154707733,wb,Действие,Массажер электрический для дома и автомобиля; миостимулятор
2315,154707733,wb,Доп. опции массажера,функция подогрева; эффект иглоукалывания; электромиостимуляция
2316,154707733,wb,Количество роликов,3 массажные головки
2317,154707733,wb,Комплектация,1 - импульсный электромассажер для шеи; 1 - технический паспорт(инструкция); 1- провод для зарядки microusb
2318,154707733,wb,Страна производства,Китай
2319,154707733,wb,Вес с упаковкой (кг),0.4 кг
2320,154707733,wb,Длина упаковки,20 см
2321,154707733,wb,Высота упаковки,18 см
2322,154707733,wb,Ширина упаковки,6 см
2323,209520605,wb,Цвет,серый
2324,209520605,wb,Модель,EMS
2325,209520605,wb,Гарантийный срок,1 год
2326,209520605,wb,Питание,USB; от аккумулятора
2327,209520605,wb,Количество режимов работы,6 режимов
2328,209520605,wb,Тип массажера,магнитно-акупунктурный; электроимпульсный; тепловой
2329,209520605,wb,Зона массажа,плечи; шея; спина
2330,209520605,wb,Действие,противовоспалительное; снятие мышечного напряжения; улучшение кровообращения
2331,209520605,wb,Мин. продолжительность автономной работы,10 мин
2332,209520605,wb,Доп. опции массажера,электромиостимуляция; ультразвуковой массаж; функция подогрева
2333,209520605,wb,Количество роликов,2
2334,209520605,wb,Комплектация,массажер; зарядный шнур
2335,209520605,wb,Страна производства,Китай
2336,209520605,wb,Высота предмета,5 см
2337,209520605,wb,Ширина предмета,4 см
2338,209520605,wb,Глубина предмета,2 см
2339,209520605,wb,Вес без упаковки (кг),0.14 кг
2340,209520605,wb,Вес с упаковкой (кг),0.14 кг
2341,209520605,wb,Длина упаковки,16 см
2342,209520605,wb,Высота упаковки,4 см
2343,209520605,wb,Ширина упаковки,15 см
2344,120391480,wb,Цвет,черный
2345,120391480,wb,Модель,EMS1
2346,120391480,wb,Питание,от аккумулятора
2347,120391480,wb,Количество режимов работы,8
2348,120391480,wb,Тип массажера,постукивающий; электроимпульсный; вибромассажер
2349,120391480,wb,Зона массажа,стопы; ноги; пятки
2350,120391480,wb,Действие,улучшение метаболизма; укрепление мышц стопы; Снятие усталости
2351,120391480,wb,Мин. продолжительность автономной работы,15 мин
2352,120391480,wb,Доп. опции массажера,"избавление от бессонницы; повышение иммунитета; укрепление мышц ног, икр"
2353,120391480,wb,Комплектация,Микротоковый EMS массажный коврик - 1 шт; коробка; инструкция; USB провод
2354,120391480,wb,Страна производства,Китай
2355,120391480,wb,Вес с упаковкой (кг),0.215 кг
2356,120391480,wb,Длина упаковки,16 см
2357,120391480,wb,Высота упаковки,4 см
2358,120391480,wb,Ширина упаковки,34 см
2359,398379808,wb,Цвет,черный
2360,398379808,wb,Модель,микротоковый массажер
2361,398379808,wb,Гарантийный срок,1 год
2362,398379808,wb,Питание,от сети; проводной массажер
2363,398379808,wb,Тип массажера,микротоковый
2364,398379808,wb,Зона массажа,голова; тело; ноги
2365,398379808,wb,Форма массажера,ручной электромассажер
2366,398379808,wb,Действие,"улучшение кровообращения, рост волос; коррекция фигуры; тонизирование"
2367,398379808,wb,Доп. опции массажера,инфракрасный излучатель; миостимулятор; EMC лифтинг
2368,398379808,wb,Комплектация,Массажер для тела проводной; Инструкция на русском языке; 4 массажных масла
2369,398379808,wb,Высота предмета,17 см
2370,398379808,wb,Ширина предмета,9 см
2371,398379808,wb,Глубина предмета,9 см
2372,398379808,wb,Вес без упаковки (кг),0.4 кг
2373,398379808,wb,Вес с упаковкой (кг),0.8 кг
2374,398379808,wb,Длина упаковки,26 см
2375,398379808,wb,Высота упаковки,14 см
2376,398379808,wb,Ширина упаковки,11 см
2377,178660879,wb,Цвет,зеленый
2378,178660879,wb,Модель,EMS
2379,178660879,wb,Гарантийный срок,1 год
2380,178660879,wb,Питание,USB; от аккумулятора
2381,178660879,wb,Количество режимов работы,6
2382,178660879,wb,Количество насадок,1 шт.
2383,178660879,wb,Тип массажера,магнитно-акупунктурный; электроимпульсный; тепловой
2384,178660879,wb,Зона массажа,плечи; шея; спина
2385,178660879,wb,Действие,противовоспалительное; снятие мышечного напряжения; улучшение кровообращения
2386,178660879,wb,Мин. продолжительность автономной работы,10 мин
2387,178660879,wb,Доп. опции массажера,электромиостимуляция; ультразвуковой массаж; функция подогрева
2388,178660879,wb,Количество роликов,2
2389,178660879,wb,Комплектация,массажер; зарядный шнур
2390,178660879,wb,Страна производства,Китай
2391,178660879,wb,Высота предмета,5 см
2392,178660879,wb,Ширина предмета,4 см
2393,178660879,wb,Глубина предмета,2 см
2394,178660879,wb,Вес без упаковки (кг),0.14 кг
2395,178660879,wb,Вес с упаковкой (кг),0.14 кг
2396,178660879,wb,Длина упаковки,16 см
2397,178660879,wb,Высота упаковки,4 см
2398,178660879,wb,Ширина упаковки,15 см
2399,296274286,wb,Цвет,черный
2400,296274286,wb,Модель,HQ185
2401,296274286,wb,Питание,USB
2402,296274286,wb,Количество насадок,1 шт.
2403,296274286,wb,Тип массажера,вибромассажер; виброплатформа; электроимпульсный
2404,296274286,wb,Действие,восстановление
2405,296274286,wb,Комплектация,Зарядка; Липучка; Массажер
2406,296274286,wb,Страна производства,Китай
2407,296274286,wb,Высота предмета,2 см
2408,296274286,wb,Вес без упаковки (кг),0.08 кг
2409,296274286,wb,Вес с упаковкой (кг),1.5 кг
2410,296274286,wb,Длина упаковки,17 см
2411,296274286,wb,Высота упаковки,3 см
2412,296274286,wb,Ширина упаковки,9 см
2413,139626366,wb,Цвет,белый
2414,139626366,wb,Модель,RM03
2415,139626366,wb,Гарантийный срок,1 год
2416,139626366,wb,Питание,"Встроенная батарея, заряжаемая от USB"
2417,139626366,wb,Количество режимов работы,4
2418,139626366,wb,Количество насадок,2 шт.
2419,139626366,wb,Тип массажера,электроимпульсный; электроимпульсный
2420,139626366,wb,Зона массажа,"воротниковая зона; шея, плечи, спина; шея"
2421,139626366,wb,Действие,"расслабляет, снимает усталость и стресс; снимает головную боль; Улучшает сон и общее самочувствие"
2422,139626366,wb,Мин. продолжительность автономной работы,15 мин
2423,139626366,wb,Доп. опции массажера,автовыключение; беспроводной массаж; электромиостимуляция
2424,139626366,wb,Комплектация,Зарядный шнур Type-C - USB; Инструкция на русском языке; Подарочная упаковка; Массажер электрический для шеи
2425,139626366,wb,Страна производства,Китай
2426,139626366,wb,Высота предмета,13 см
2427,139626366,wb,Ширина предмета,13 см
2428,139626366,wb,Глубина предмета,4 см
2429,139626366,wb,Вес без упаковки (кг),0.1 кг
2430,139626366,wb,Вес с упаковкой (кг),0.17 кг
2431,139626366,wb,Длина упаковки,15 см
2432,139626366,wb,Высота упаковки,5 см
2433,139626366,wb,Ширина упаковки,15 см
2434,340544412,wb,Цвет,голубой
2435,340544412,wb,Питание,USB
2436,340544412,wb,Комплектация,блок управления; инструкция; USB кабель; пояс 2 шт; пульт управления
2437,340544412,wb,Страна производства,Китай
2438,340544412,wb,Высота предмета,35 см
2439,340544412,wb,Ширина предмета,58 см
2440,340544412,wb,Длина упаковки,30 см
2441,340544412,wb,Высота упаковки,6 см
2442,340544412,wb,Ширина упаковки,21 см
2443,270063928,wb,Цвет,черный матовый
2444,270063928,wb,Модель,7ton
2445,270063928,wb,Питание,от аккумулятора
2446,270063928,wb,Количество режимов работы,6 режимов
2447,270063928,wb,Количество насадок,2 шт.
2448,270063928,wb,Тип массажера,тепловой; электроимпульсный; магнитно-акупунктурный
2449,270063928,wb,Зона массажа,шея; тело; живот
2450,270063928,wb,Действие,коррекция фигуры; восстановление; снятие мышечного напряжения
2451,270063928,wb,Мин. продолжительность автономной работы,30 мин
2452,270063928,wb,Доп. опции массажера,автовыключение; функция подогрева; пульт ДУ
2453,270063928,wb,Комплектация,массажер; пульт ДУ; 2 сменных основания; 3 ремешка; зарядник; инструкция; спиртовые салфетки 5шт
2454,270063928,wb,Высота предмета,6 см
2455,270063928,wb,Ширина предмета,6 см
2456,270063928,wb,Глубина предмета,1 см
2457,270063928,wb,Вес без упаковки (кг),0.05 кг
2458,270063928,wb,Вес с упаковкой (кг),0.33 кг
2459,270063928,wb,Длина упаковки,20 см
2460,270063928,wb,Высота упаковки,4 см
2461,270063928,wb,Ширина упаковки,13 см
2462,201647766,wb,Цвет,белый
2463,201647766,wb,Модель,Электростимулятор мышц
2464,201647766,wb,Гарантийный срок,12 месяцев; 12 мес.
2465,201647766,wb,Питание,USB кабель (В комплекте)
2466,201647766,wb,Количество режимов работы,6 режимов массажа
2467,201647766,wb,Тип массажера,Расслабляющий; электрический массажер; Миостимулятор для мышц
2468,201647766,wb,Зона массажа,шея; плечи; спина
2469,201647766,wb,Действие,восстановление
2470,201647766,wb,Доп. опции массажера,функция подогрева; эффект иглоукалывания; электромиостимуляция
2471,201647766,wb,Количество роликов,6 импульсных пластин для массажа
2472,201647766,wb,Комплектация,1 - импульсный электромассажер для шеи; 1 - технический паспорт(инструкция); 1- провод для зарядки microusb
2473,201647766,wb,Страна производства,Китай
2474,201647766,wb,Вес с упаковкой (кг),0.4 кг
2475,201647766,wb,Длина упаковки,20 см
2476,201647766,wb,Высота упаковки,7 см
2477,201647766,wb,Ширина упаковки,20 см
2478,169443138,wb,Цвет,черный
2479,169443138,wb,Модель,Электростимулятор
2480,169443138,wb,Питание,USB; от сети; от аккумулятора
2481,169443138,wb,Тип массажера,Массажер для ног; электростимулятор
2482,169443138,wb,Зона массажа,ноги
2483,169443138,wb,Действие,Расслабление мышц и снятие усталости; миостимулятор электрический; Микротоковый массаж
2484,169443138,wb,Комплектация,пластиковый коврик-1шт.; Модуль управления - 1шт; Пульт управления-1шт.; Шнур питания - 1шт; подарочная упаковка-1шт.
2485,169443138,wb,Страна производства,Китай
2486,169443138,wb,Высота предмета,1.5 см
2487,169443138,wb,Ширина предмета,31 см
2488,169443138,wb,Глубина предмета,29 см
2489,169443138,wb,Вес без упаковки (кг),0.3 кг
2490,169443138,wb,Вес с упаковкой (кг),0.35 кг
2491,169443138,wb,Длина упаковки,31 см
2492,169443138,wb,Высота упаковки,4 см
2493,169443138,wb,Ширина упаковки,17 см
2494,260867590,wb,Цвет,серый
2495,260867590,wb,Гарантийный срок,1 год
2496,260867590,wb,Питание,USB
2497,260867590,wb,Количество режимов работы,10 режимов
2498,260867590,wb,Тип массажера,электроимпульсный; тепловой; электростимулятор
2499,260867590,wb,Зона массажа,живот; спина; талия
2500,260867590,wb,Действие,коррекция фигуры; упругость; похудения
2501,260867590,wb,Мин. продолжительность автономной работы,15 мин
2502,260867590,wb,Доп. опции массажера,автовыключение; электромиостимуляция; функция подогрева
2503,260867590,wb,Количество роликов,роликов нет
2504,260867590,wb,Комплектация,электрический пояс для похудения; блок управления; пояс регулировка талии; кабель Type-c; Коробка для стимулятора; дозатор для воды; массажер для шеи
2505,260867590,wb,Страна производства,Китай
2506,260867590,wb,Срок эксплуатации,бессрочно
2507,260867590,wb,Высота предмета,7 см
2508,260867590,wb,Ширина предмета,21 см
2509,260867590,wb,Вес с упаковкой (кг),0.54 кг
2510,260867590,wb,Длина упаковки,26 см
2511,260867590,wb,Высота упаковки,7 см
2512,260867590,wb,Ширина упаковки,21 см
2513,227887076,wb,Цвет,серебристый
2514,227887076,wb,Модель,КМ 833
2515,227887076,wb,Гарантийный срок,2 года
2516,227887076,wb,Питание,5 ВТ
2517,227887076,wb,Количество режимов работы,12 режимов; 9 микротока; 5 вибромассаж
2518,227887076,wb,Тип массажера,Массажер для лица; микротоковый массажер для лица; микротоки
2519,227887076,wb,Зона массажа,лицо; шея
2520,227887076,wb,Действие,от морщин; лифтинг; упругость кожи
2521,227887076,wb,Мин. продолжительность автономной работы,144 мин
2522,227887076,wb,Доп. опции массажера,вибромассаж
2523,227887076,wb,Количество роликов,2
2524,227887076,wb,Комплектация,массажер; провод питания; инструкция
2525,227887076,wb,Страна производства,Китай
2526,227887076,wb,Высота предмета,18 см
2527,227887076,wb,Ширина предмета,10 см
2528,227887076,wb,Глубина предмета,5.5 см
2529,227887076,wb,Вес без упаковки (кг),0.18 кг
2530,227887076,wb,Вес с упаковкой (кг),0.28 кг
2531,227887076,wb,Длина упаковки,20 см
2532,227887076,wb,Высота упаковки,9 см
2533,227887076,wb,Ширина упаковки,12 см
2534,387043128,wb,Цвет,черный
2535,387043128,wb,Гарантийный срок,1 год
2536,387043128,wb,Питание,USB; от сети
2537,387043128,wb,Количество режимов работы,8 режимов
2538,387043128,wb,Количество насадок,1 шт.
2539,387043128,wb,Тип массажера,вибромассажер; виброплатформа; магнитно-акупунктурный
2540,387043128,wb,Зона массажа,ноги
2541,387043128,wb,Действие,улучшение кровообращения; восстановление; укрепление
2542,387043128,wb,Доп. опции массажера,вибромассаж; электромиостимуляция
2543,387043128,wb,Комплектация,EMS массажер для стоп; Аппарат для физиотерапии; массажер миостимулятор для ног
2544,387043128,wb,Страна производства,Китай
2545,387043128,wb,Высота предмета,32 см
2546,387043128,wb,Ширина предмета,15 см
2547,387043128,wb,Глубина предмета,3 см
2548,387043128,wb,Вес без упаковки (кг),0.2 кг
2549,387043128,wb,Вес с упаковкой (кг),0.5 кг
2550,387043128,wb,Длина упаковки,30 см
2551,387043128,wb,Высота упаковки,3 см
2552,387043128,wb,Ширина упаковки,17 см
2553,296836467,wb,Цвет,белый
2554,296836467,wb,Модель,BodyRave
2555,296836467,wb,Гарантийный срок,1 год
2556,296836467,wb,Питание,от сети
2557,296836467,wb,Количество режимов работы,5 режимов; 12 режимов
2558,296836467,wb,Тип массажера,вибрационный; роликовый; электроимпульсный
2559,296836467,wb,Зона массажа,лицо; тело; зона вокруг глаз
2560,296836467,wb,Форма массажера,ручной электромассажер
2561,296836467,wb,Действие,лифтинг; омолаживание; против морщин
2562,296836467,wb,Мин. продолжительность автономной работы,144 мин
2563,296836467,wb,Доп. опции массажера,вибромассаж; электромиостимуляция; эффект иглоукалывания
2564,296836467,wb,Количество роликов,2
2565,296836467,wb,Комплектация,массажер; Провод для зарядки; инструкция; коробка; 2 маски для лица; токопроводящий гель
2566,296836467,wb,Страна производства,Китай
2567,296836467,wb,Высота предмета,18 см
2568,296836467,wb,Ширина предмета,10 см
2569,296836467,wb,Глубина предмета,5.5 см
2570,296836467,wb,Вес без упаковки (кг),0.18 кг
2571,296836467,wb,Вес с упаковкой (кг),0.35 кг
2572,296836467,wb,Длина упаковки,21 см
2573,296836467,wb,Высота упаковки,7 см
2574,296836467,wb,Ширина упаковки,11 см
2575,59169214,wb,Цвет,белый
2576,59169214,wb,Зона массажа,шея; лицо; зона вокруг глаз
2577,59169214,wb,Действие,лифтинг; против морщин; микротоки для лица
2578,59169214,wb,Страна производства,Китай
2579,59169214,wb,Комплектация,инструкция; гарантийный талон; 1 шнур USB; Зарядная база - 1 шт; косметологический аппарат для лица
2580,59169214,wb,Ширина предмета,6 см
2581,59169214,wb,Высота предмета,18 см
2582,59169214,wb,Вес товара с упаковкой (г),560 г
2583,59169214,wb,Длина упаковки,8 см
2584,59169214,wb,Высота упаковки,22 см
2585,59169214,wb,Ширина упаковки,20 см
2586,143753238,wb,Цвет,белый; серый
2587,143753238,wb,Модель,массажер
2588,143753238,wb,Питание,USB; от аккумулятора; от прикуривателя автомобиля
2589,143753238,wb,Количество режимов работы,6 режимов; 15 уровней мощности
2590,143753238,wb,Тип массажера,электромассажер; электроимпульсный массажер; Микротоковый массажер
2591,143753238,wb,Зона массажа,шейный отдел позвоночника; спина; воротниковая зона
2592,143753238,wb,Действие,Электроимпульсный массаж; вибромассаж; миостимулятор для шеи
2593,143753238,wb,Доп. опции массажера,импульсный массаж; прогрев шеи; микротоки
2594,143753238,wb,Количество роликов,5 вибрационных головок; 4 электроимпульсные насадки; 1 ИК - элемент нагрева
2595,143753238,wb,Комплектация,Массажер для шеи 1 шт; USB-провод 1 шт; ИНСТРУКЦИЯ НА РУССКОМ ЯЗЫКЕ 1 ШТ
2596,143753238,wb,Страна производства,Китай
2597,143753238,wb,Вес с упаковкой (кг),0.45 кг
2598,143753238,wb,Длина упаковки,21 см
2599,143753238,wb,Высота упаковки,9 см
2600,143753238,wb,Ширина упаковки,19 см
2601,252571255,wb,Цвет,белый; белый матовый
2602,252571255,wb,Модель,с фиксирующим кольцом
2603,252571255,wb,Гарантийный срок,1 год
2604,252571255,wb,Питание,USB; от сети
2605,252571255,wb,Количество режимов работы,10 режимов
2606,252571255,wb,Количество насадок,1 шт.
2607,252571255,wb,Тип массажера,вибромассажер; тепловой; электроимпульсный
2608,252571255,wb,Зона массажа,лицо; зона вокруг глаз; шея
2609,252571255,wb,Форма массажера,ручной электромассажер
2610,252571255,wb,Действие,охлаждение; против морщин; очищение
2611,252571255,wb,Мин. продолжительность автономной работы,60 мин
2612,252571255,wb,Доп. опции массажера,вибромассаж; функция подогрева; электромиостимуляция
2613,252571255,wb,Комплектация,массажер для лица - 1 шт; подставка; инструкция; 3 пакетика геля; блок зарядки; зарядный провод
2614,252571255,wb,Страна производства,Китай
2615,252571255,wb,Высота предмета,17 см
2616,252571255,wb,Ширина предмета,6 см
2617,252571255,wb,Глубина предмета,6 см
2618,252571255,wb,Вес без упаковки (кг),0.15 кг
2619,252571255,wb,Вес с упаковкой (кг),0.55 кг
2620,252571255,wb,Длина упаковки,22 см
2621,252571255,wb,Высота упаковки,9 см
2622,252571255,wb,Ширина упаковки,15 см
2623,195627696,wb,Цвет,черный
2624,195627696,wb,Модель,Mini
2625,195627696,wb,Питание,USB
2626,195627696,wb,Тип массажера,электроимпульсный
2627,195627696,wb,Зона массажа,спина; тело; шея
2628,195627696,wb,Действие,снятие мышечного напряжения; успокаивающее; улучшение кровообращения
2629,195627696,wb,Комплектация,массажер; кабель для зарядки
2630,195627696,wb,Длина упаковки,15 см
2631,195627696,wb,Высота упаковки,3 см
2632,195627696,wb,Ширина упаковки,10 см
2633,223922330,wb,Цвет,серый; белый; серебристый
2634,223922330,wb,Модель,Микротоковый
2635,223922330,wb,Питание,от аккумулятора; USB
2636,223922330,wb,Количество режимов работы,15 шагов мощности; 6 режимов
2637,223922330,wb,Количество насадок,4 шт.
2638,223922330,wb,Тип массажера,электро-импульсныый
2639,223922330,wb,Зона массажа,шея
2640,223922330,wb,Действие,восстановление; снятие мышечного напряжения; улучшение кровообращения
2641,223922330,wb,Мин. продолжительность автономной работы,15 мин
2642,223922330,wb,Доп. опции массажера,импульсный массаж; электростимуляция; автомобильный
2643,223922330,wb,Количество роликов,4 электроимпульсные массажные головки; 4 активных контакта для массирования
2644,223922330,wb,Комплектация,Импульсный массажер; Инструкция на русском языке; коробка
2645,223922330,wb,Высота предмета,15 см
2646,223922330,wb,Ширина предмета,15 см
2647,223922330,wb,Глубина предмета,5 см
2648,223922330,wb,Вес без упаковки (кг),0.2 кг
2649,223922330,wb,Вес с упаковкой (кг),0.2 кг
2650,223922330,wb,Длина упаковки,18 см
2651,223922330,wb,Высота упаковки,6 см
2652,223922330,wb,Ширина упаковки,18 см
2653,173241288,wb,Цвет,белый
2654,173241288,wb,Модель,Joven
2655,173241288,wb,Гарантийный срок,1 год
2656,173241288,wb,Питание,от аккумулятора
2657,173241288,wb,Количество режимов работы,4 режима
2658,173241288,wb,Тип массажера,вибромассажер; тепловой; электроимпульсный
2659,173241288,wb,Зона массажа,зона вокруг глаз; лицо; декольте
2660,173241288,wb,Действие,лифтинг; омолаживание; против акне
2661,173241288,wb,Мин. продолжительность автономной работы,60 мин
2662,173241288,wb,Доп. опции массажера,ионофорез; функция подогрева; автовыключение
2663,173241288,wb,Количество роликов,0
2664,173241288,wb,Комплектация,usb шнур заряд; Инструкция на русском языке; гарантийный талон; кольцо для крепления салфетки; аппарат
2665,173241288,wb,Страна производства,Китай
2666,173241288,wb,Высота предмета,6 см
2667,173241288,wb,Ширина предмета,6 см
2668,173241288,wb,Глубина предмета,3 см
2669,173241288,wb,Вес без упаковки (кг),0.15 кг
2670,173241288,wb,Вес с упаковкой (кг),0.26 кг
2671,173241288,wb,Длина упаковки,22 см
2672,173241288,wb,Высота упаковки,7 см
2673,173241288,wb,Ширина упаковки,12 см
2674,217456725,wb,Цвет,белый
2675,217456725,wb,Модель,"RF лифтинг, косметический аппарат"
2676,217456725,wb,Гарантийный срок,1 год
2677,217456725,wb,Питание,от аккумулятора; Беспроводной
2678,217456725,wb,Количество режимов работы,7 режимов
2679,217456725,wb,Количество насадок,1 шт.
2680,217456725,wb,Тип массажера,электроимпульсный; рф лифтинг и микротоки; Тепловой вибромассажер
2681,217456725,wb,Зона массажа,лицо; шея; зона вокруг глаз
2682,217456725,wb,Действие,против морщин; Подтяжка лица; очищение и снятие отечности
2683,217456725,wb,Мин. продолжительность автономной работы,90 мин
2684,217456725,wb,Доп. опции массажера,электромиостимуляция; ионофорез; вибромассаж
2685,217456725,wb,Количество роликов,модель M 8807
2686,217456725,wb,Комплектация,"Массажер - 1 шт.,; Подставка - 1 шт.; USB кабель - 1 шт.; кольцо для режима CLEAN - 1 шт.; инструкция с QR кодом - 1 шт.; подарочная упаковка - 1 шт."
2687,217456725,wb,Страна производства,Китай
2688,217456725,wb,Срок эксплуатации,бессрочно
2689,217456725,wb,Высота предмета,16 см
2690,217456725,wb,Ширина предмета,5 см
2691,217456725,wb,Глубина предмета,11 см
2692,217456725,wb,Вес без упаковки (кг),0.1 кг
2693,217456725,wb,Вес с упаковкой (кг),0.25 кг
2694,217456725,wb,Длина упаковки,20 см
2695,217456725,wb,Высота упаковки,10 см
2696,217456725,wb,Ширина упаковки,15 см
2697,203501890,wb,Цвет,белый
2698,203501890,wb,Модель,косметический аппарат
2699,203501890,wb,Гарантийный срок,1 год
2700,203501890,wb,Питание,от аккумулятора
2701,203501890,wb,Количество режимов работы,7 режимов
2702,203501890,wb,Количество насадок,1 шт.
2703,203501890,wb,Тип массажера,вибромассажер; электроимпульсный; тепловой
2704,203501890,wb,Зона массажа,лицо; шея; зона вокруг глаз
2705,203501890,wb,Форма массажера,ручной электромассажер
2706,203501890,wb,Действие,против морщин; снятие отечности; очищение
2707,203501890,wb,Мин. продолжительность автономной работы,60 мин
2708,203501890,wb,Доп. опции массажера,вибромассаж; электромиостимуляция; ионофорез
2709,203501890,wb,Количество роликов,модель М8807
2710,203501890,wb,Комплектация,Массажер - 1 шт.; Подставка - 1 шт.; USB кабель - 1 шт.; кольцо для закрепления - 1шт.; гель для ионофореза - 1 шт.; Инструкция - 1 шт.; подарочная упаковка - 1 шт.
2711,203501890,wb,Страна производства,Китай
2712,203501890,wb,Срок эксплуатации,бессрочно
2713,203501890,wb,Высота предмета,18 см
2714,203501890,wb,Ширина предмета,6 см
2715,203501890,wb,Глубина предмета,6 см
2716,203501890,wb,Вес без упаковки (кг),0.3 кг
2717,203501890,wb,Вес с упаковкой (кг),0.3 кг
2718,203501890,wb,Длина упаковки,21 см
2719,203501890,wb,Высота упаковки,11 см
2720,203501890,wb,Ширина упаковки,16 см
2721,282777101,wb,Цвет,серый
2722,282777101,wb,Питание,USB
2723,282777101,wb,Комплектация,блок управления; пояс; инструкция; кабель Type-c
2724,282777101,wb,Страна производства,Китай
2725,282777101,wb,Длина упаковки,21 см
2726,282777101,wb,Высота упаковки,5 см
2727,282777101,wb,Ширина упаковки,19 см
2728,135576690,wb,Цвет,белый
2729,135576690,wb,Материал изделия,Нержавеющая сталь + abs-пластик; Пластик ( PP+ABS) безопасный
2730,135576690,wb,Диаметр,28 мм
2731,135576690,wb,Особенности секс игрушки,сужение влагалища; миостимуляция; укрепление интимных мышц
2732,135576690,wb,Страна производства,Китай
2733,135576690,wb,Комплектация,Стимулятор для мышц Sensa TONE – 1 шт.; Зонд – 1 шт.; Провод – 1 шт.; Батарейки ААА – 2 шт.; Шнурок для шеи - 1 шт.; Подробная инструкция на русском языке – 1 шт.; Футляр для хранения – 1 шт.; Вагинальный гель ГИА-РЕЛАКС 30 мл – 1шт.; Коробка – 1шт.; Непрозрачный конфиденциальный пакет – 1шт.
2734,135576690,wb,Длина предмета,12 см
2735,135576690,wb,Вес товара без упаковки (г),250 г
2736,135576690,wb,Длина упаковки,29 см
2737,135576690,wb,Высота упаковки,10 см
2738,135576690,wb,Ширина упаковки,17 см
2739,331332601,wb,Цвет,черный
2740,331332601,wb,Модель,тренажер для рук и ног
2741,331332601,wb,Материал изделия,ткань; текстиль; медицинский пластик
2742,331332601,wb,Вид реабилитационного тренажера,электростимулятор; реабилитация; вибромассажер
2743,331332601,wb,Страна производства,Китай
2744,331332601,wb,Назначение тренажера,для реабилитации после инсульта; массажные аксессуары; Поддержка и восстановление
2745,331332601,wb,Комплектация,стимулятор; ремень; провод usb; распылитель; удлинитель ремня; тренажерный мячик для руки
2746,331332601,wb,Ширина предмета,18 см
2747,331332601,wb,Высота предмета,18 см
2748,331332601,wb,Глубина предмета,4 см
2749,331332601,wb,Вес без упаковки (кг),0.25 кг
2750,331332601,wb,Вес с упаковкой (кг),0.37 кг
2751,331332601,wb,Длина упаковки,20 см
2752,331332601,wb,Высота упаковки,7 см
2753,331332601,wb,Ширина упаковки,14 см
2754,174650201,wb,Цвет,черный
2755,174650201,wb,Модель,Антицеллюлитный массажер для тела и ног
2756,174650201,wb,Гарантийный срок,1 год
2757,174650201,wb,Питание,от сети
2758,174650201,wb,Количество режимов работы,5
2759,174650201,wb,Количество насадок,1 шт.
2760,174650201,wb,Тип массажера,вибромассажер; Микротоковый массажер; электроимпульсный
2761,174650201,wb,Зона массажа,спина; ноги; тело
2762,174650201,wb,Действие,Лимфодренажный массаж; для похудения; от целлюлита
2763,174650201,wb,Мин. продолжительность автономной работы,180 мин
2764,174650201,wb,Доп. опции массажера,инфракрасный прогрев; EMC лифтинг; миостимулятор
2765,174650201,wb,Количество роликов,30 иголок
2766,174650201,wb,Комплектация,Инструкция на русском языке; Антицеллюлитный массажер
2767,174650201,wb,Высота предмета,20 см
2768,174650201,wb,Ширина предмета,9.5 см
2769,174650201,wb,Глубина предмета,9.5 см
2770,174650201,wb,Вес без упаковки (кг),0.68 кг
2771,174650201,wb,Вес с упаковкой (кг),0.72 кг
2772,174650201,wb,Длина упаковки,24 см
2773,174650201,wb,Высота упаковки,11 см
2774,174650201,wb,Ширина упаковки,18 см
2775,214337249,wb,Цвет,черный
2776,214337249,wb,Модель,миостимулятор
2777,214337249,wb,Питание,Встроенный аккумулятор
2778,214337249,wb,Количество режимов работы,8 шт
2779,214337249,wb,Тип массажера,вибромассажер; электроимпульсный; виброплатформа
2780,214337249,wb,Зона массажа,ноги; шея; спина
2781,214337249,wb,Действие,снятие мышечного напряжения; лифтинг; улучшение кровообращения
2782,214337249,wb,Доп. опции массажера,беспроводной массаж; вибромассаж; дистанционное управление
2783,214337249,wb,Количество роликов,1
2784,214337249,wb,Комплектация,массажер - 1шт
2785,214337249,wb,Страна производства,Китай
2786,214337249,wb,Высота предмета,15 см
2787,214337249,wb,Ширина предмета,2 см
2788,214337249,wb,Глубина предмета,6 см
2789,214337249,wb,Длина упаковки,15 см
2790,214337249,wb,Высота упаковки,2 см
2791,214337249,wb,Ширина упаковки,9 см
2792,247781618,wb,Цвет,белый
2793,247781618,wb,Модель,"rf-лифтинг микротоковый, косметический аппарат"
2794,247781618,wb,Гарантийный срок,1 год
2795,247781618,wb,Питание,от аккумулятора; Беспроводной
2796,247781618,wb,Количество режимов работы,7 режимов
2797,247781618,wb,Количество насадок,1 шт.
2798,247781618,wb,Тип массажера,вибромассажер; электроимпульсный; тепловой
2799,247781618,wb,Зона массажа,лицо; шея; зона вокруг глаз
2800,247781618,wb,Действие,снятие отечности; против морщин; очищение
2801,247781618,wb,Мин. продолжительность автономной работы,60 мин
2802,247781618,wb,Доп. опции массажера,электромиостимуляция; ионофорез; вибромассаж
2803,247781618,wb,Количество роликов,1
2804,247781618,wb,Комплектация,Массажер - 1шт; Подставка - 1 шт; USB - кабель - 1 шт; кольцо для закрепления - 1 шт; Инструкция на русском языке
2805,247781618,wb,Страна производства,Китай
2806,247781618,wb,Высота предмета,17.5 см
2807,247781618,wb,Ширина предмета,6.5 см
2808,247781618,wb,Глубина предмета,6 см
2809,247781618,wb,Вес с упаковкой (кг),0.3 кг
2810,247781618,wb,Длина упаковки,16 см
2811,247781618,wb,Высота упаковки,10 см
2812,247781618,wb,Ширина упаковки,21 см
2813,173241055,wb,Цвет,пастельно-розовый; розовый; бледно-розовый
2814,173241055,wb,Модель,Joven
2815,173241055,wb,Гарантийный срок,1 год
2816,173241055,wb,Питание,от аккумулятора
2817,173241055,wb,Количество режимов работы,4 шт.
2818,173241055,wb,Тип массажера,вибромассажер; тепловой; электроимпульсный
2819,173241055,wb,Зона массажа,лицо; зона вокруг глаз; декольте
2820,173241055,wb,Действие,снятие отечности; против морщин; против акне
2821,173241055,wb,Мин. продолжительность автономной работы,30 мин
2822,173241055,wb,Доп. опции массажера,вибромассаж; ионофорез; функция подогрева
2823,173241055,wb,Количество роликов,0
2824,173241055,wb,Комплектация,косметологический аппарат; USB-шнур заряда; кольцо для салфетки; гарантийный талон; Инструкция на русском языке
2825,173241055,wb,Страна производства,Китай
2826,173241055,wb,Высота предмета,6 см
2827,173241055,wb,Ширина предмета,6 см
2828,173241055,wb,Глубина предмета,3 см
2829,173241055,wb,Вес без упаковки (кг),0.1 кг
2830,173241055,wb,Вес с упаковкой (кг),0.26 кг
2831,173241055,wb,Длина упаковки,22 см
2832,173241055,wb,Высота упаковки,7 см
2833,173241055,wb,Ширина упаковки,12 см
2834,229539758,wb,Модель тренажера,для домашних тренировок; тренажер для похудения; пояс для похудения
2835,229539758,wb,Система нагрузки,электромагнитная; резистентная; механическая
2836,229539758,wb,Комплектация,пояс-миостимулятор
2837,229539758,wb,Страна производства,Китай
2838,229539758,wb,Высота предмета,20 см
2839,229539758,wb,Ширина предмета,20 см
2840,229539758,wb,Длина упаковки,25 см
2841,229539758,wb,Высота упаковки,10 см
2842,229539758,wb,Ширина упаковки,14 см
2843,174691648,wb,Цвет,белый; белый глянец
2844,174691648,wb,Модель,беспроводной
2845,174691648,wb,Гарантийный срок,1 год
2846,174691648,wb,Питание,USB; от сети
2847,174691648,wb,Количество режимов работы,6 режимов
2848,174691648,wb,Количество насадок,1 шт.
2849,174691648,wb,Тип массажера,магнитно-акупунктурный; микротоковый; вибрационный
2850,174691648,wb,Зона массажа,лицо; зона вокруг глаз; шея
2851,174691648,wb,Форма массажера,ручной электромассажер
2852,174691648,wb,Действие,восстановление; омолаживание; лифтинг
2853,174691648,wb,Мин. продолжительность автономной работы,30 мин
2854,174691648,wb,Доп. опции массажера,электромиостимуляция; ультразвуковой массаж; индикация уровня заряда
2855,174691648,wb,Комплектация,контактный гель; Инструкция - 1 шт; Зарядный кабель - 1 шт; массажер для лица - 1 шт; блок питания-1шт
2856,174691648,wb,Высота предмета,15 см
2857,174691648,wb,Ширина предмета,4 см
2858,174691648,wb,Глубина предмета,3 см
2859,174691648,wb,Вес без упаковки (кг),0.26 кг
2860,174691648,wb,Вес с упаковкой (кг),0.5 кг
2861,174691648,wb,Длина упаковки,20 см
2862,174691648,wb,Высота упаковки,5 см
2863,174691648,wb,Ширина упаковки,10 см
2864,176135675,wb,Цвет,белый
2865,176135675,wb,Модель,косметический аппарат
2866,176135675,wb,Гарантийный срок,1 год
2867,176135675,wb,Питание,от аккумулятора
2868,176135675,wb,Количество режимов работы,5 шт.
2869,176135675,wb,Тип массажера,вибромассажер; электроимпульсный; тепловой
2870,176135675,wb,Зона массажа,зона вокруг глаз; лицо
2871,176135675,wb,Действие,против морщин; омолаживание; лифтинг
2872,176135675,wb,Мин. продолжительность автономной работы,120 мин
2873,176135675,wb,Доп. опции массажера,вибромассаж; функция подогрева; электромиостимуляция
2874,176135675,wb,Количество роликов,0
2875,176135675,wb,Комплектация,"Массажер, инструкция, USB-шнур, кольцо для салфетки, подставка, гарантийный талон"
2876,176135675,wb,Страна производства,Китай
2877,176135675,wb,Высота предмета,17.5 см
2878,176135675,wb,Ширина предмета,6 см
2879,176135675,wb,Глубина предмета,5.5 см
2880,176135675,wb,Вес без упаковки (кг),0.3 кг
2881,176135675,wb,Вес с упаковкой (кг),0.55 кг
2882,176135675,wb,Длина упаковки,22 см
2883,176135675,wb,Высота упаковки,7 см
2884,176135675,wb,Ширина упаковки,13 см
2885,413452261,wb,Цвет,черно-коричневый
2886,413452261,wb,Модель,Smart Fitness
2887,413452261,wb,Питание,от сети
2888,413452261,wb,Количество режимов работы,6
2889,413452261,wb,Количество насадок,3 шт.
2890,413452261,wb,Тип массажера,комбинированный; электроимпульсный; микротоковый
2891,413452261,wb,Зона массажа,живот; руки; тело
2892,413452261,wb,Форма массажера,пояс
2893,413452261,wb,Действие,коррекция фигуры; эластичность
2894,413452261,wb,Мин. продолжительность автономной работы,60 мин
2895,413452261,wb,Доп. опции массажера,индикация включения; индикация выбранного режима; регулировка интенсивности
2896,413452261,wb,Комплектация,3 миостимулятора накладки; 3 контролера; usb кабель с 3 разъемами; инструкция
2897,413452261,wb,Страна производства,Китай
2898,413452261,wb,Высота предмета,25 см
2899,413452261,wb,Ширина предмета,25 см
2900,413452261,wb,Вес без упаковки (кг),0.6 кг
2901,413452261,wb,Вес с упаковкой (кг),1 кг
2902,413452261,wb,Длина упаковки,26 см
2903,413452261,wb,Высота упаковки,3 см
2904,413452261,wb,Ширина упаковки,25 см
2905,71879726,wb,Цвет,белый; черный
2906,71879726,wb,Модель,Импульсный для шеи; Миостимулятор электрический массажер
2907,71879726,wb,Гарантийный срок,12 мес
2908,71879726,wb,Питание,От батареек (2 шт АА)
2909,71879726,wb,Количество режимов работы,3
2910,71879726,wb,Тип массажера,импульсный; Миостимулятор для мышц; для мышц
2911,71879726,wb,Зона массажа,голова; лопатки; Шея плечи
2912,71879726,wb,Действие,расслабляющий эффект; лечебное; Оздоровительный
2913,71879726,wb,Мин. продолжительность автономной работы,180 мин
2914,71879726,wb,Доп. опции массажера,вибрация; биотоки; уменьшает напряжение в мышцах
2915,71879726,wb,Количество роликов,0
2916,71879726,wb,Комплектация,Батарейки - 2 шт; Упаковочная коробка - 1 шт; Массажер импульсный - 1 шт
2917,71879726,wb,Страна производства,Россия
2918,71879726,wb,Высота предмета,3 см
2919,71879726,wb,Ширина предмета,15 см
2920,71879726,wb,Глубина предмета,15 см
2921,71879726,wb,Вес без упаковки (кг),0.17 кг
2922,71879726,wb,Вес с упаковкой (кг),0.25 кг
2923,71879726,wb,Длина упаковки,23 см
2924,71879726,wb,Высота упаковки,6 см
2925,71879726,wb,Ширина упаковки,21 см
2926,229398109,wb,Цвет,зеленый
2927,229398109,wb,Модель,EMS
2928,229398109,wb,Гарантийный срок,12 месяцев
2929,229398109,wb,Питание,USB
2930,229398109,wb,Количество режимов работы,7 режимов
2931,229398109,wb,Количество насадок,1 шт.
2932,229398109,wb,Тип массажера,электроимпульсный; микротоковый массажер для лица; рф лифтинг и микротоки
2933,229398109,wb,Зона массажа,зона вокруг глаз; лицо; шея
2934,229398109,wb,Действие,устранение отеков и темных кругов; омоложение кожи и лифтинг эффект; выравнивает цвет лица
2935,229398109,wb,Доп. опции массажера,электромиостимуляция; вибромассаж; ионофорез
2936,229398109,wb,Комплектация,кабель usb; пластиковая насадка для режима очищения; скребок гуаша в подарок; коробка; Инструкция на русском языке; массажер для лица
2937,229398109,wb,Страна производства,Китай
2938,229398109,wb,Высота предмета,16.7 см
2939,229398109,wb,Ширина предмета,5.7 см
2940,229398109,wb,Глубина предмета,4.9 см
2941,229398109,wb,Вес без упаковки (кг),0.15 кг
2942,229398109,wb,Вес с упаковкой (кг),0.36 кг
2943,229398109,wb,Длина упаковки,20 см
2944,229398109,wb,Высота упаковки,7 см
2945,229398109,wb,Ширина упаковки,10 см
2946,81549518,wb,Цвет,белый; серый
2947,81549518,wb,Модель,Миостимулятор
2948,81549518,wb,Гарантийный срок,1 год
2949,81549518,wb,Питание,USB
2950,81549518,wb,Количество режимов работы,6 режимов; 9 уровней интенсивности
2951,81549518,wb,Количество насадок,3 шт.
2952,81549518,wb,Тип массажера,акупунктурный/акупрессурный; электроимпульсный; комбинированный
2953,81549518,wb,Зона массажа,шея; спина; плечи
2954,81549518,wb,Форма массажера,воротник
2955,81549518,wb,Действие,массаж шеи; снимает спазмы и напряжение; Облегчает боль
2956,81549518,wb,Мин. продолжительность автономной работы,15 мин
2957,81549518,wb,Доп. опции массажера,нагрев; акупунктурный массаж; Автоматическое выключение
2958,81549518,wb,Количество роликов,нет роликов
2959,81549518,wb,Комплектация,USB кабель для зарядки - 1шт.; Массажер для шеи- 1 шт; инструкция
2960,81549518,wb,Высота предмета,16 см
2961,81549518,wb,Ширина предмета,4.5 см
2962,81549518,wb,Глубина предмета,15 см
2963,81549518,wb,Вес без упаковки (кг),0.2 кг
2964,81549518,wb,Вес с упаковкой (кг),0.26 кг
2965,81549518,wb,Длина упаковки,15 см
2966,81549518,wb,Высота упаковки,20 см
2967,81549518,wb,Ширина упаковки,7 см
2968,240667779,wb,Цвет,черный
2969,240667779,wb,Модель,Виброплатформа
2970,240667779,wb,Гарантийный срок,1 год
2971,240667779,wb,Питание,от сети
2972,240667779,wb,Количество режимов работы,99
2973,240667779,wb,Тип массажера,виброплатформа; Лимфодренажный
2974,240667779,wb,Зона массажа,ягодицы; ноги; живот
2975,240667779,wb,Действие,для похудения; Лимфодренажный массажер; антицеллюлитный
2976,240667779,wb,Доп. опции массажера,вибромассаж
2977,240667779,wb,Количество роликов,206324729
2978,240667779,wb,Комплектация,виброплатформа 1 шт.
2979,240667779,wb,Страна производства,Китай
2980,240667779,wb,Высота предмета,31 см
2981,240667779,wb,Ширина предмета,53 см
2982,240667779,wb,Глубина предмета,13 см
2983,240667779,wb,Вес без упаковки (кг),10 кг
2984,240667779,wb,Вес с упаковкой (кг),8 кг
2985,240667779,wb,Длина упаковки,57 см
2986,240667779,wb,Высота упаковки,17 см
2987,240667779,wb,Ширина упаковки,42 см
2988,170075078,wb,Количество предметов в упаковке,1 шт.
2989,170075078,wb,Материал изделия,abs-пластик; пластик
2990,170075078,wb,Зона массажа,лицо; шея; зона вокруг глаз
2991,170075078,wb,Действие,Уход за кожей; лифтинг от морщин; Миостимулятор против отеков
2992,170075078,wb,Страна производства,Китай
2993,170075078,wb,Комплектация,массажер; USB-зарядка
2994,170075078,wb,Ширина предмета,12 см
2995,170075078,wb,Высота предмета,12 см
2996,170075078,wb,Вес товара с упаковкой (г),150 г
2997,170075078,wb,Длина упаковки,12 см
2998,170075078,wb,Высота упаковки,10 см
2999,170075078,wb,Ширина упаковки,10 см
3000,177877982,wb,Цвет,шоколадный
3001,177877982,wb,Модель,массажер для ног электрический
3002,177877982,wb,Гарантийный срок,1 год
3003,177877982,wb,Питание,от сети 220В
3004,177877982,wb,Количество режимов работы,3; 5 режимов интенсивности
3005,177877982,wb,Тип массажера,массаж ног; Лимфодренажный электромассажер для ног; Поддержка и восстановление
3006,177877982,wb,Зона массажа,стопы; ноги; ступни
3007,177877982,wb,Форма массажера,напольная платформа
3008,177877982,wb,Действие,Расслабление; снятие мышечного напряжения; инфракрасное прогревание
3009,177877982,wb,Мин. продолжительность автономной работы,15 мин
3010,177877982,wb,Доп. опции массажера,таймер; Прогрев; миостимулятор
3011,177877982,wb,Количество роликов,2
3012,177877982,wb,Комплектация,"массажер для ног - 1 шт., инструкция на русском языке - 1 шт."
3013,177877982,wb,Страна производства,Китай
3014,177877982,wb,Высота предмета,20 см
3015,177877982,wb,Ширина предмета,24 см
3016,177877982,wb,Глубина предмета,20 см
3017,177877982,wb,Вес без упаковки (кг),3.4 кг
3018,177877982,wb,Вес с упаковкой (кг),4.2 кг
3019,177877982,wb,Длина упаковки,27 см
3020,177877982,wb,Высота упаковки,39 см
3021,177877982,wb,Ширина упаковки,46 см
3022,154962159,wb,Цвет,черничный
3023,154962159,wb,Модель,Микротоновый; Миостимулятор; голевой массажный пластырь
3024,154962159,wb,Действие,Микротоковый массаж
3025,154962159,wb,Страна производства,Китай
3026,154962159,wb,Высота предмета,1 см
3027,154962159,wb,Длина упаковки,38 см
3028,154962159,wb,Высота упаковки,3 см
3029,154962159,wb,Ширина упаковки,18 см
3030,87665607,wb,Цвет,белый
3031,87665607,wb,Модель,G20
3032,87665607,wb,Гарантийный срок,1 год
3033,87665607,wb,Питание,от сети; от аккумулятора
3034,87665607,wb,Количество режимов работы,15 уровней интенсивности; 4 техники массажа
3035,87665607,wb,Тип массажера,EMS массажер; электрический массажер; температурный массажер
3036,87665607,wb,Зона массажа,шея; плечи
3037,87665607,wb,Действие,Расслабление и снятие усталости; Снятие болевых ощущений и нервного напряжения; Массаж шейно-воротниковой зоны
3038,87665607,wb,Доп. опции массажера,дистанционное управление; подарок на Новый год
3039,87665607,wb,Количество роликов,3; 3 подвижные головки
3040,87665607,wb,Комплектация,кабель зарядки - 1 шт; Документация- 1 шт; Массажер - 1шт
3041,87665607,wb,Страна производства,Китай
3042,87665607,wb,Срок эксплуатации,2 года
3043,87665607,wb,Высота предмета,8 см
3044,87665607,wb,Ширина предмета,14 см
3045,87665607,wb,Глубина предмета,8 см
3046,87665607,wb,Вес без упаковки (кг),0.16 кг
3047,87665607,wb,Вес с упаковкой (кг),0.5 кг
3048,87665607,wb,Длина упаковки,7 см
3049,87665607,wb,Высота упаковки,20 см
3050,87665607,wb,Ширина упаковки,20 см
3051,94481874,wb,Модель,Плакаты А4 Биологически Активных Точек
3052,94481874,wb,Гарантийный срок,14 дней
3053,94481874,wb,Количество режимов работы,15 режимов
3054,94481874,wb,Тип массажера,вибромассажер; электроимпульсный
3055,94481874,wb,Зона массажа,бедра; живот; ягодицы
3056,94481874,wb,Действие,для похудения; антицеллюлитный
3057,94481874,wb,Комплектация,"4 плаката: спереди, сзади на позвоночнике и лице"
3058,94481874,wb,Страна производства,Россия
3059,94481874,wb,Вес с упаковкой (кг),0.1 кг
3060,94481874,wb,Длина упаковки,35 см
3061,94481874,wb,Высота упаковки,1 см
3062,94481874,wb,Ширина упаковки,22 см
3063,180402727,wb,Цвет,белый
3064,180402727,wb,Модель,Косметический микротоковый вибромассажер для лица
3065,180402727,wb,Гарантийный срок,1 год
3066,180402727,wb,Питание,USB; от аккумулятора
3067,180402727,wb,Количество режимов работы,4
3068,180402727,wb,Тип массажера,вибромассажер; электроимпульсный; микротоковый
3069,180402727,wb,Зона массажа,овал лица; подбородок; лицо
3070,180402727,wb,Действие,омолаживание; против морщин; лифтинг подтяжка
3071,180402727,wb,Мин. продолжительность автономной работы,180 мин
3072,180402727,wb,Доп. опции массажера,микротоки от морщин прыщей отеков; борьба с несовершенствами; электромассажер миостимулятор
3073,180402727,wb,Комплектация,кабель для зарядки; интсрукция; массажер
3074,180402727,wb,Страна производства,Китай
3075,180402727,wb,Вес с упаковкой (кг),0.9 кг
3076,180402727,wb,Длина упаковки,6 см
3077,180402727,wb,Высота упаковки,22 см
3078,180402727,wb,Ширина упаковки,6 см
3079,235840654,wb,Цвет,черный
3080,235840654,wb,Питание,от аккумулятора
3081,235840654,wb,Количество режимов работы,7 режимов
3082,235840654,wb,Количество насадок,1 шт.
3083,235840654,wb,Тип массажера,вибромассажер; электроимпульсный; массажер косметический
3084,235840654,wb,Зона массажа,зона вокруг глаз; лицо; шея
3085,235840654,wb,Действие,против морщин; против пигментации; против акне
3086,235840654,wb,Доп. опции массажера,таймер; ems для лица; автовыключение
3087,235840654,wb,Количество роликов,5
3088,235840654,wb,Комплектация,Инструкция на русском языке; Type-C; Аппарат MX-200; подставка для массажера; подарочная упаковка; Кольцо фиксатор для ватного диска или космет. салфетки
3089,235840654,wb,Вес без упаковки (кг),0.4 кг
3090,235840654,wb,Вес с упаковкой (кг),0.46 кг
3091,235840654,wb,Длина упаковки,21 см
3092,235840654,wb,Высота упаковки,9 см
3093,235840654,wb,Ширина упаковки,16 см
3094,87685422,wb,Цвет,серебристый
3095,87685422,wb,Количество предметов в упаковке,1
3096,87685422,wb,Материал изделия,пластик
3097,87685422,wb,Зона массажа,шея; лицо; тело
3098,87685422,wb,Действие,лифтинг; восстановление; омолаживание
3099,87685422,wb,Страна производства,Тайвань
3100,87685422,wb,Комплектация,Гарантийный талон - 1шт; 1шт инструкция; Электрический массажер Biolift 100m
3101,87685422,wb,Ширина предмета,14.2 см
3102,87685422,wb,Высота предмета,11 см
3103,87685422,wb,Вес товара с упаковкой (г),372 г
3104,87685422,wb,Длина упаковки,9 см
3105,87685422,wb,Высота упаковки,12 см
3106,87685422,wb,Ширина упаковки,15 см
3107,242323118,wb,Цвет,белый
3108,242323118,wb,Модель,BodyRave
3109,242323118,wb,Гарантийный срок,1 год
3110,242323118,wb,Питание,от аккумулятора; USB
3111,242323118,wb,Количество режимов работы,7 режимов
3112,242323118,wb,Тип массажера,микротоковый массажер для лица; электроимпульсный; рф лифтинг и микротоки
3113,242323118,wb,Зона массажа,лицо; шея; зона вокруг глаз
3114,242323118,wb,Действие,лифтинг; омоложение против морщин; Подтяжка лица
3115,242323118,wb,Доп. опции массажера,электромиостимуляция; фонофорез; инфракрасный излучатель
3116,242323118,wb,Количество роликов,0
3117,242323118,wb,Комплектация,аппарат; кольцо для режима CLEAN; блок питания; инструкция; 3 маски для лица; USB провод; зарядная станция
3118,242323118,wb,Страна производства,Китай
3119,242323118,wb,Высота предмета,16 см
3120,242323118,wb,Ширина предмета,3 см
3121,242323118,wb,Вес без упаковки (кг),0.3 кг
3122,242323118,wb,Вес с упаковкой (кг),0.56 кг
3123,242323118,wb,Длина упаковки,20 см
3124,242323118,wb,Высота упаковки,8 см
3125,242323118,wb,Ширина упаковки,14 см
3126,177854660,wb,Цвет,черный
3127,177854660,wb,Модель,Mini massager
3128,177854660,wb,Питание,USB; от аккумулятора
3129,177854660,wb,Количество режимов работы,8 шт.
3130,177854660,wb,Тип массажера,электроимпульсный
3131,177854660,wb,Зона массажа,бедра; спина; руки
3132,177854660,wb,Действие,улучшение кровообращения; снятие мышечного напряжения; улучшение сна
3133,177854660,wb,Мин. продолжительность автономной работы,15 мин
3134,177854660,wb,Доп. опции массажера,электромиостимуляция
3135,177854660,wb,Страна производства,Китай
3136,177854660,wb,Высота предмета,2 см
3137,177854660,wb,Ширина предмета,15 см
3138,177854660,wb,Глубина предмета,6 см
3139,177854660,wb,Вес без упаковки (кг),0.03 кг
3140,177854660,wb,Вес с упаковкой (кг),0.05 кг
3141,177854660,wb,Длина упаковки,16 см
3142,177854660,wb,Высота упаковки,2 см
3143,177854660,wb,Ширина упаковки,8 см
3144,175548998,wb,Цвет,черный; синий
3145,175548998,wb,Модель,массажер миостимулятор
3146,175548998,wb,Питание,USB
3147,175548998,wb,Количество насадок,1 шт.
3148,175548998,wb,Тип массажера,вибромассажер; постукивающий; электроимпульсный
3149,175548998,wb,Зона массажа,спина; поясница; шея
3150,175548998,wb,Действие,массаж для всего тела; массаж восстанавливающий; антицеллюлитный массаж
3151,175548998,wb,Доп. опции массажера,вибромассаж
3152,175548998,wb,Комплектация,USB-1шт.; миостимулятор-1шт.
3153,175548998,wb,Страна производства,Китай
3154,175548998,wb,Вес без упаковки (кг),0.4 кг
3155,175548998,wb,Вес с упаковкой (кг),0.65 кг
3156,175548998,wb,Длина упаковки,16 см
3157,175548998,wb,Высота упаковки,2 см
3158,175548998,wb,Ширина упаковки,8 см
3159,212300288,wb,Цвет,розовый
3160,212300288,wb,Модель,косметический аппарат
3161,212300288,wb,Гарантийный срок,1 год
3162,212300288,wb,Питание,от аккумулятора
3163,212300288,wb,Количество режимов работы,7 режимов
3164,212300288,wb,Количество насадок,1 шт.
3165,212300288,wb,Тип массажера,вибромассажер; электроимпульсный; тепловой
3166,212300288,wb,Зона массажа,лицо; зона вокруг глаз; шея
3167,212300288,wb,Действие,против морщин; снятие отечности; очищение
3168,212300288,wb,Мин. продолжительность автономной работы,60 мин
3169,212300288,wb,Доп. опции массажера,вибромассаж; электромиостимуляция; ионофорез
3170,212300288,wb,Количество роликов,1 шт.
3171,212300288,wb,Комплектация,подставка -1 шт.; USB кабель -1 шт.; кольцо для закрепления - 1шт.; гель для ионофореза -1шт.; Инструкция - 1шт.; подарочная упаковка -1шт.
3172,212300288,wb,Страна производства,Китай
3173,212300288,wb,Срок эксплуатации,1 год
3174,212300288,wb,Высота предмета,18 см
3175,212300288,wb,Ширина предмета,6 см
3176,212300288,wb,Глубина предмета,6 см
3177,212300288,wb,Вес без упаковки (кг),0.3 кг
3178,212300288,wb,Вес с упаковкой (кг),0.35 кг
3179,212300288,wb,Длина упаковки,21 см
3180,212300288,wb,Высота упаковки,11 см
3181,212300288,wb,Ширина упаковки,16 см
3182,227023748,wb,Цвет,черный
3183,227023748,wb,Модель,VIBRANCE
3184,227023748,wb,Гарантийный срок,1 год
3185,227023748,wb,Питание,220; от сети
3186,227023748,wb,Количество режимов работы,5
3187,227023748,wb,Зона массажа,"для ног, для похудения, для пресса живота, для тела; для бедер и ягодиц, для стоп, для стопы"
3188,227023748,wb,Доп. опции массажера,таймер; автовыключение; лимфодренажный миостимулятор
3189,227023748,wb,Количество роликов,нет
3190,227023748,wb,Комплектация,Провод для подключения к 220 В - 1 шт; Виброплатформа - 1 шт; Пульт ДУ - 1 шт; крепления - 2 шт
3191,227023748,wb,Страна производства,Китай
3192,227023748,wb,Высота предмета,17 см
3193,227023748,wb,Ширина предмета,52 см
3194,227023748,wb,Глубина предмета,58 см
3195,227023748,wb,Вес без упаковки (кг),9 кг
3196,227023748,wb,Вес с упаковкой (кг),8.5 кг
3197,227023748,wb,Длина упаковки,58 см
3198,227023748,wb,Высота упаковки,17 см
3199,227023748,wb,Ширина упаковки,43 см
3200,188936420,wb,Цвет,черный
3201,188936420,wb,Питание,USB; от аккумулятора; от сети
3202,188936420,wb,Количество режимов работы,8 режимов; 19 уровней мощности
3203,188936420,wb,Тип массажера,электроимпульсный; для ног; для шеи
3204,188936420,wb,Зона массажа,тело; руки; шея
3205,188936420,wb,Действие,Снятие усталости; Массаж; релаксация
3206,188936420,wb,Доп. опции массажера,электромиостимуляция; беспроводной массаж; массаж пресса
3207,188936420,wb,Количество роликов,1
3208,188936420,wb,Страна производства,Китай
3209,188936420,wb,Вес с упаковкой (кг),0.4 кг
3210,188936420,wb,Длина упаковки,8 см
3211,188936420,wb,Высота упаковки,16 см
3212,188936420,wb,Ширина упаковки,2 см
3213,48076520,wb,Цвет,светло-розовый; жемчужный
3214,48076520,wb,Модель,rf лифтинг аппарат
3215,48076520,wb,Гарантийный срок,1 год
3216,48076520,wb,Питание,Встроенный аккумулятор
3217,48076520,wb,Количество режимов работы,4
3218,48076520,wb,Количество насадок,1 шт.
3219,48076520,wb,Тип массажера,радиочастотный; микротоковый; электрический
3220,48076520,wb,Зона массажа,лицо; зона вокруг глаз; зона декольте
3221,48076520,wb,Действие,лифтинг; против морщин; омолаживание
3222,48076520,wb,Доп. опции массажера,электромиостимуляция; охлаждение; функция подогрева
3223,48076520,wb,Количество роликов,нет
3224,48076520,wb,Комплектация,гарантийный талон; Инструкция на русском языке; чехол для хранения; USB-кабель для зарядки; массажер для лица электрический
3225,48076520,wb,Страна производства,Китай
3226,48076520,wb,Высота предмета,17 см
3227,48076520,wb,Ширина предмета,5 см
3228,48076520,wb,Глубина предмета,5 см
3229,48076520,wb,Вес без упаковки (кг),0.17 кг
3230,48076520,wb,Вес с упаковкой (кг),0.47 кг
3231,48076520,wb,Длина упаковки,22 см
3232,48076520,wb,Высота упаковки,6 см
3233,48076520,wb,Ширина упаковки,13 см
3234,217984877,wb,Цвет,черный
3235,217984877,wb,Модель,массажер для спины
3236,217984877,wb,Гарантийный срок,12 месяцев
3237,217984877,wb,Питание,от сети; от прикуривателя автомобиля; USB
3238,217984877,wb,Количество насадок,16 шт.
3239,217984877,wb,Тип массажера,роликовый; не лимфодренажный массажер миостимулятор для стоп
3240,217984877,wb,Зона массажа,голова; шея; спина
3241,217984877,wb,Действие,Расслабление; снятие мышечного напряжения; восстановление
3242,217984877,wb,Мин. продолжительность автономной работы,15 мин
3243,217984877,wb,Доп. опции массажера,вибромассаж; автовыключение
3244,217984877,wb,Количество роликов,16
3245,217984877,wb,Комплектация,массажер; блок питания; шнур питания в прикуриватель
3246,217984877,wb,Страна производства,Китай
3247,217984877,wb,Высота предмета,20 см
3248,217984877,wb,Ширина предмета,41 см
3249,217984877,wb,Глубина предмета,20 см
3250,217984877,wb,Вес без упаковки (кг),1.33 кг
3251,217984877,wb,Вес с упаковкой (кг),1.64 кг
3252,217984877,wb,Длина упаковки,44 см
3253,217984877,wb,Высота упаковки,18 см
3254,217984877,wb,Ширина упаковки,18 см
3255,168306102,wb,Цвет,черный
3256,168306102,wb,Модель,EMS1
3257,168306102,wb,Гарантийный срок,1 год
3258,168306102,wb,Питание,от аккумулятора
3259,168306102,wb,Тип массажера,Вибромассаж; ультразвуковой массаж; электромиостимуляция
3260,168306102,wb,Зона массажа,воротниковая зона; ноги; живот
3261,168306102,wb,Действие,снятие напряжения; улучшает метаболизм; Укрепление мышц
3262,168306102,wb,Доп. опции массажера,вибромассаж; ультразвуковой массаж; электромиостимуляция
3263,168306102,wb,Комплектация,базовая комплектация; массажер-1шт
3264,168306102,wb,Страна производства,Китай
3265,168306102,wb,Высота предмета,2 см
3266,168306102,wb,Ширина предмета,9 см
3267,168306102,wb,Глубина предмета,2 см
3268,168306102,wb,Вес без упаковки (кг),0.1 кг
3269,168306102,wb,Вес с упаковкой (кг),0.13 кг
3270,168306102,wb,Длина упаковки,16 см
3271,168306102,wb,Высота упаковки,2 см
3272,168306102,wb,Ширина упаковки,9 см
3273,155538674,wb,Цвет,белый; белый глянец
3274,155538674,wb,Количество предметов в упаковке,1 шт.
3275,155538674,wb,Материал изделия,abs пластик; медицинская сталь
3276,155538674,wb,Зона массажа,зона вокруг глаз; лицо; шея
3277,155538674,wb,Действие,омолаживание; против морщин; лифтинг
3278,155538674,wb,Страна производства,Китай
3279,155538674,wb,Комплектация,контактный гель; Инструкция - 1 шт; Зарядный кабель - 1 шт; массажер для лица - 1 шт
3280,155538674,wb,Ширина предмета,4 см
3281,155538674,wb,Высота предмета,16 см
3282,155538674,wb,Вес товара с упаковкой (г),500 г
3283,155538674,wb,Длина упаковки,20 см
3284,155538674,wb,Высота упаковки,5 см
3285,155538674,wb,Ширина упаковки,10 см
3286,271250239,wb,Цвет,черный
3287,271250239,wb,Гарантийный срок,1 год
3288,271250239,wb,Питание,USB; от аккумулятора; от сети
3289,271250239,wb,Количество режимов работы,8 режимов
3290,271250239,wb,Тип массажера,вибромассажер; электроимпульсный; микротоковый
3291,271250239,wb,Зона массажа,спина; живот; ноги
3292,271250239,wb,Действие,восстановление; улучшение кровообращения; Снятие усталости
3293,271250239,wb,Мин. продолжительность автономной работы,15 мин
3294,271250239,wb,Доп. опции массажера,массаж пресса; микротоковый лимфодренажный восстанавливающий массаж; электромиостимуляция
3295,271250239,wb,Комплектация,Датчик управление 1шт; Бабочка резиновый 1шт; кабель USB 1шт; Миостимулятор массажер бабочка
3296,271250239,wb,Страна производства,Китай
3297,271250239,wb,Высота предмета,16 см
3298,271250239,wb,Ширина предмета,6 см
3299,271250239,wb,Глубина предмета,1 см
3300,271250239,wb,Вес без упаковки (кг),0.2 кг
3301,271250239,wb,Вес с упаковкой (кг),0.25 кг
3302,271250239,wb,Длина упаковки,17 см
3303,271250239,wb,Высота упаковки,3 см
3304,271250239,wb,Ширина упаковки,8 см
3305,18777442,wb,Цвет,белый
3306,18777442,wb,Модель,многофункциональный аппарат для лица 5 в 1; электрический массажер с микротоками; миостимулятор для лица
3307,18777442,wb,Гарантийный срок,1 год
3308,18777442,wb,Количество режимов работы,12
3309,18777442,wb,Тип массажера,микротоковый массажер; массажер для лица электрический; миостимулятор для лица
3310,18777442,wb,Зона массажа,зона вокруг глаз; шея и декольте; лицо
3311,18777442,wb,Действие,rf-лифтинг для подтяжки овала лица; массажер для лица от морщин и отеков; для лица массажер с микротоками
3312,18777442,wb,Доп. опции массажера,термолифтинг; rf лифтинг аппарат для лица; микротоки аппарат для лица профессиональный
3313,18777442,wb,Комплектация,электрический массажер для лица-1 шт
3314,18777442,wb,Страна производства,Китай
3315,18777442,wb,Высота предмета,15 см
3316,18777442,wb,Ширина предмета,5 см
3317,18777442,wb,Глубина предмета,4 см
3318,18777442,wb,Длина упаковки,22 см
3319,18777442,wb,Высота упаковки,7 см
3320,18777442,wb,Ширина упаковки,14 см
3321,181547475,wb,Модель,вибромассажер для спины
3322,181547475,wb,Питание,от сети; USB; от аккумулятора
3323,181547475,wb,Количество режимов работы,6 режимов работы; 19 уровней мощности
3324,181547475,wb,Зона массажа,ноги; стопы; тело
3325,181547475,wb,Действие,Микротоковый массаж; Расслабление и снятие усталости; массажер для ног электрический
3326,181547475,wb,Доп. опции массажера,беспроводной массаж; автовыключение; Регулируемая скорость
3327,181547475,wb,Страна производства,Китай
3328,181547475,wb,Вес с упаковкой (кг),0.155 кг
3329,181547475,wb,Длина упаковки,32 см
3330,181547475,wb,Высота упаковки,3 см
3331,181547475,wb,Ширина упаковки,14 см
3332,159488078,wb,Модель,Pulse Massage
3333,159488078,wb,Гарантийный срок,14 дней
3334,159488078,wb,Длина упаковки,8 см
3335,159488078,wb,Высота упаковки,15 см
3336,159488078,wb,Ширина упаковки,10 см
3337,90737644,wb,Цвет,глубокий черный; дуб черный; иссиня-черный; черный; черный графит
3338,90737644,wb,Количество предметов в упаковке,6
3339,90737644,wb,Материал изделия,липучка; пластиковый пульт управления
3340,90737644,wb,Зона массажа,икры; Массаж всех групп мышц; Ноги / Спина / Шея / Руки / Ягодицы
3341,90737644,wb,Действие,"спортивный, сжигает жир, для тела, миостимулятор, стимуляция, похудения; сбросить лишний вес, диета, накачать мышцы, прокачать, красивое тело; электрическими импульсами через накладку стимулирует"
3342,90737644,wb,Страна производства,Китай
3343,90737644,wb,Комплектация,упаковка; 3 пульта управления; инструкция; 3 липучки в блистере
3344,90737644,wb,Ширина предмета,19 см
3345,90737644,wb,Высота предмета,20 см
3346,90737644,wb,Вес товара с упаковкой (г),200 г
3347,90737644,wb,Длина упаковки,6 см
3348,90737644,wb,Высота упаковки,25 см
3349,90737644,wb,Ширина упаковки,24 см
3350,153482366,wb,Цвет,глубокий черный
3351,153482366,wb,Модель,Trainer
3352,153482366,wb,Гарантийный срок,6 месяцев
3353,153482366,wb,Питание,от батареек
3354,153482366,wb,Количество режимов работы,6
3355,153482366,wb,Количество насадок,1 шт.
3356,153482366,wb,Тип массажера,электроимпульсный; вибромассажер; тепловой
3357,153482366,wb,Зона массажа,пресс; живот; тело
3358,153482366,wb,Действие,Массажер электрический для тела; стимуляция мышц; тренажер для похудения
3359,153482366,wb,Доп. опции массажера,вибромассаж; электромиостимуляция; Регулируемая скорость
3360,153482366,wb,Количество роликов,6
3361,153482366,wb,Комплектация,Электро токовый массажер для пресса; Пульт
3362,153482366,wb,Страна производства,Китай
3363,153482366,wb,Длина упаковки,24 см
3364,153482366,wb,Высота упаковки,20 см
3365,153482366,wb,Ширина упаковки,4 см
3366,68712051,wb,Цвет,черный
3367,68712051,wb,Материал изделия,пластик; силикон; неопрен
3368,68712051,wb,Вид застежки,липучка; Кнопки нержавеющая сталь
3369,68712051,wb,Особенности модели,корректирующий эффект; эластичный материал; гипоаллергенный материал
3370,68712051,wb,Комплектация,Миостимулятор массажер - 1 шт.
3371,68712051,wb,Страна производства,Китай
3372,68712051,wb,Ширина предмета,25 см
3373,68712051,wb,Вес товара с упаковкой (г),140 г
3374,211071648,wb,Цвет,черный; синий; серый
3375,211071648,wb,Модель,Универсальный
3376,211071648,wb,Питание,USB; от аккумулятора; На аккумуляторной батарее
3377,211071648,wb,Количество режимов работы,8 режимов; 19 уровней мощности
3378,211071648,wb,Тип массажера,бабочка; электроимпульсный; мини стимулятор
3379,211071648,wb,Зона массажа,Шеи; ног; спины
3380,211071648,wb,Действие,оздоровление мышц; миостимулятор; антицеллюлитный вибромассажер
3381,211071648,wb,Мин. продолжительность автономной работы,15 мин
3382,211071648,wb,Доп. опции массажера,электромиостимуляция; вибрационный; беспроводной массаж
3383,211071648,wb,Комплектация,Проводник Бабочка - 1 шт.; Контроллер - 1 шт.; инструкция; USB - кабель
3384,211071648,wb,Страна производства,Китай
3385,211071648,wb,Высота предмета,6 см
3386,211071648,wb,Ширина предмета,15 см
3387,211071648,wb,Глубина предмета,3 см
3388,211071648,wb,Вес без упаковки (кг),0.25 кг
3389,211071648,wb,Вес с упаковкой (кг),0.3 кг
3390,211071648,wb,Длина упаковки,16 см
3391,211071648,wb,Высота упаковки,4 см
3392,211071648,wb,Ширина упаковки,7 см
3393,276616461,wb,Цвет,белый глянец
3394,276616461,wb,Модель,М99
3395,276616461,wb,Гарантийный срок,1 год
3396,276616461,wb,Питание,от аккумулятора
3397,276616461,wb,Количество режимов работы,7 режимов
3398,276616461,wb,Количество насадок,1 шт.
3399,276616461,wb,Тип массажера,вибромассажер; электроимпульсный; тепловой
3400,276616461,wb,Зона массажа,зона вокруг глаз; лицо; шея
3401,276616461,wb,Форма массажера,ручной электромассажер
3402,276616461,wb,Действие,против морщин; очищение; снятие отечности
3403,276616461,wb,Мин. продолжительность автономной работы,60 мин
3404,276616461,wb,Доп. опции массажера,вибромассаж; ионофорез; электромиостимуляция
3405,276616461,wb,Количество роликов,1 шт.
3406,276616461,wb,Комплектация,Массажер - 1 шт.; Подставка - 1 шт.; Зарядное устройство - 1 шт.; кольцо для закрепления - 1 шт.; гель для ионофореза - 1 шт.; Инструкция - 1 шт.; рецепты масок - 1 шт.; подарочная упаковка - 1 шт.
3407,276616461,wb,Страна производства,Китай
3408,276616461,wb,Срок эксплуатации,бессрочно
3409,276616461,wb,Высота предмета,18 см
3410,276616461,wb,Ширина предмета,6 см
3411,276616461,wb,Глубина предмета,6 см
3412,276616461,wb,Вес без упаковки (кг),0.5 кг
3413,276616461,wb,Вес с упаковкой (кг),0.5 кг
3414,276616461,wb,Длина упаковки,21 см
3415,276616461,wb,Высота упаковки,11 см
3416,276616461,wb,Ширина упаковки,16 см
3417,220698426,wb,Цвет,черный
3418,220698426,wb,Модель,микротоки
3419,220698426,wb,Питание,USB
3420,220698426,wb,Количество режимов работы,3
3421,220698426,wb,Тип массажера,вибромассажер; электроимпульсный; тепловой
3422,220698426,wb,Зона массажа,лицо; шея; зона вокруг глаз
3423,220698426,wb,Действие,лифтинг; против морщин; снятие отечности
3424,220698426,wb,Мин. продолжительность автономной работы,120 мин
3425,220698426,wb,Доп. опции массажера,электромиостимуляция; вибромассаж; оздоровление
3426,220698426,wb,Комплектация,Пульт; 2 электрода; шнур USB
3427,220698426,wb,Страна производства,Германия
3428,220698426,wb,Ширина предмета,64 см
3429,220698426,wb,Вес с упаковкой (кг),0.3 кг
3430,220698426,wb,Длина упаковки,12 см
3431,220698426,wb,Высота упаковки,8 см
3432,220698426,wb,Ширина упаковки,23 см
3433,366415225,wb,Цвет,белый
3434,366415225,wb,Модель,BodyRave
3435,366415225,wb,Гарантийный срок,1 год
3436,366415225,wb,Питание,от аккумулятора; USB
3437,366415225,wb,Количество режимов работы,7 режимов
3438,366415225,wb,Тип массажера,микротоковый массажер для лица; электроимпульсный; рф лифтинг и микротоки
3439,366415225,wb,Зона массажа,лицо; шея; зона вокруг глаз
3440,366415225,wb,Действие,лифтинг; омоложение против морщин; Подтяжка лица
3441,366415225,wb,Доп. опции массажера,электромиостимуляция; фонофорез; инфракрасный излучатель
3442,366415225,wb,Количество роликов,0
3443,366415225,wb,Комплектация,аппарат; кольцо для режима CLEAN; 2 маски для лица; гель; Инструкция на русском языке; подставка; USB - кабель
3444,366415225,wb,Страна производства,Китай
3445,366415225,wb,Высота предмета,17.5 см
3446,366415225,wb,Ширина предмета,6.5 см
3447,366415225,wb,Глубина предмета,6 см
3448,366415225,wb,Вес без упаковки (кг),0.3 кг
3449,366415225,wb,Вес с упаковкой (кг),0.4 кг
3450,366415225,wb,Длина упаковки,20 см
3451,366415225,wb,Высота упаковки,8 см
3452,366415225,wb,Ширина упаковки,14 см
3453,207492675,wb,Цвет,белый
3454,207492675,wb,Модель,косметический аппарат
3455,207492675,wb,Гарантийный срок,1 год
3456,207492675,wb,Питание,от аккумулятора
3457,207492675,wb,Количество режимов работы,5
3458,207492675,wb,Тип массажера,Микротоки аппарат для лица; Микротоковый массажер; Массажер для лица
3459,207492675,wb,Зона массажа,зона лица; зона вокруг глаз; Зона подбородка
3460,207492675,wb,Действие,против морщин; очищение лица; Микротоковый лифтинг
3461,207492675,wb,Доп. опции массажера,функция подогрева и охлаждения; рф лифтинг; RF лифтинг
3462,207492675,wb,Комплектация,Аппарат для лица; USB провод; подставка для массажера; подарочная коробка
3463,207492675,wb,Страна производства,Китай
3464,207492675,wb,Высота предмета,17.5 см
3465,207492675,wb,Ширина предмета,5.5 см
3466,207492675,wb,Глубина предмета,6.7 см
3467,207492675,wb,Вес с упаковкой (кг),0.5 кг
3468,207492675,wb,Длина упаковки,19 см
3469,207492675,wb,Высота упаковки,11 см
3470,207492675,wb,Ширина упаковки,23 см
3471,143500860,wb,Цвет,черный матовый
3472,143500860,wb,Зона массажа,стопы; ноги; пятки
3473,143500860,wb,Страна производства,Китай
3474,131866637,wb,Цвет,белый
3475,131866637,wb,Модель,KS-996-1D
3476,131866637,wb,Гарантийный срок,красота и здоровье
3477,131866637,wb,Количество режимов работы,4
3478,131866637,wb,Тип массажера,микротоковый; для ног; для всего тела
3479,131866637,wb,Зона массажа,массаж тела; массажер для ног электрический; массаж спины и поясницы
3480,131866637,wb,Действие,"улучшение кровообращения, восстановление; расслабление шеи; профилактика остеохондроза"
3481,131866637,wb,Доп. опции массажера,Автомобильная подушка; беспроводной массажер; косметический массажер
3482,131866637,wb,Страна производства,Китай
3483,131866637,wb,Высота предмета,15 см
3484,131866637,wb,Ширина предмета,8 см
3485,131866637,wb,Глубина предмета,8 см
3486,131866637,wb,Вес без упаковки (кг),0.2 кг
3487,131866637,wb,Вес с упаковкой (кг),0.3 кг
3488,131866637,wb,Длина упаковки,15 см
3489,131866637,wb,Высота упаковки,19 см
3490,131866637,wb,Ширина упаковки,5 см
3491,248833861,wb,Цвет,черный; оранжевый
3492,248833861,wb,Гарантийный срок,2 года
3493,248833861,wb,Питание,от сети 230В
3494,248833861,wb,Количество режимов работы,4 режима работы; 5 уровней интенсивности
3495,248833861,wb,Тип массажера,роликовый; тепловой
3496,248833861,wb,Зона массажа,ступни; ноги
3497,248833861,wb,Действие,снятие напряжения; Расслабление
3498,248833861,wb,Мин. продолжительность автономной работы,15 мин
3499,248833861,wb,Доп. опции массажера,автовыключение; функция подогрева
3500,248833861,wb,Количество роликов,2 шт
3501,248833861,wb,Комплектация,"Массажер - 1шт., инструкция на русском - 1шт., пульт - 1шт."
3502,248833861,wb,Страна производства,Китай
3503,248833861,wb,Вес без упаковки (кг),3.2 кг
3504,248833861,wb,Длина упаковки,46 см
3505,248833861,wb,Высота упаковки,38 см
3506,248833861,wb,Ширина упаковки,23 см
3507,212341753,wb,Цвет,белый; черный
3508,212341753,wb,Модель,массажер для тела
3509,212341753,wb,Питание,USB; от аккумулятора
3510,212341753,wb,Количество режимов работы,3
3511,212341753,wb,Тип массажера,Массажный прибор
3512,212341753,wb,Зона массажа,бедра; живот; тело
3513,212341753,wb,Действие,коррекция фигуры; моделирование; упругость
3514,212341753,wb,Доп. опции массажера,вибромассаж; электромиостимуляция
3515,212341753,wb,Комплектация,пояс для похудения - 1 шт; USB - кабель для зарядки - 1 шт; инструкция
3516,212341753,wb,Страна производства,Китай
3517,212341753,wb,Ширина предмета,12 см
3518,212341753,wb,Вес с упаковкой (кг),0.5 кг
3519,212341753,wb,Длина упаковки,25 см
3520,212341753,wb,Высота упаковки,5 см
3521,212341753,wb,Ширина упаковки,13 см
3522,256787604,wb,Цвет,черный
3523,256787604,wb,Модель,IZISTRONG
3524,256787604,wb,Гарантийный срок,2 года
3525,256787604,wb,Питание,от сети
3526,256787604,wb,Количество режимов работы,99 режимов
3527,256787604,wb,Количество насадок,1 шт.
3528,256787604,wb,Тип массажера,магнитно-акупунктурный; массажер для всего тела; оздоровление
3529,256787604,wb,Зона массажа,живот; ягодицы; ноги
3530,256787604,wb,Действие,улучшение кровообращения; восстановление; коррекция фигуры
3531,256787604,wb,Мин. продолжительность автономной работы,15 мин
3532,256787604,wb,Доп. опции массажера,вибромассаж
3533,256787604,wb,Комплектация,виброплатформа-1 шт; Экспандер-2 шт; Зарядка-1шт; инструкция-1 шт; Пульт-1шт
3534,256787604,wb,Высота предмета,12.5 см
3535,256787604,wb,Ширина предмета,52 см
3536,256787604,wb,Глубина предмета,32 см
3537,256787604,wb,Вес без упаковки (кг),8 кг
3538,256787604,wb,Вес с упаковкой (кг),8 кг
3539,256787604,wb,Длина упаковки,57 см
3540,256787604,wb,Высота упаковки,17 см
3541,256787604,wb,Ширина упаковки,43 см
3542,204075090,wb,Цвет,черный
3543,204075090,wb,Модель,Mini massager
3544,204075090,wb,Питание,USB; от аккумулятора
3545,204075090,wb,Количество режимов работы,8 шт.
3546,204075090,wb,Тип массажера,электроимпульсный
3547,204075090,wb,Зона массажа,бедра; спина; руки
3548,204075090,wb,Действие,улучшение кровообращения; тонизирование; снятие мышечного напряжения
3549,204075090,wb,Мин. продолжительность автономной работы,15 мин
3550,204075090,wb,Доп. опции массажера,электромиостимуляция
3551,204075090,wb,Комплектация,1. Миостимулятор; 2. Коврик для ног; 3. USB кабель зарядки; 4. Инструкция
3552,204075090,wb,Страна производства,Китай
3553,204075090,wb,Высота предмета,2 см
3554,204075090,wb,Ширина предмета,29 см
3555,204075090,wb,Глубина предмета,27 см
3556,204075090,wb,Вес без упаковки (кг),0.1 кг
3557,204075090,wb,Вес с упаковкой (кг),0.16 кг
3558,204075090,wb,Длина упаковки,33 см
3559,204075090,wb,Высота упаковки,3 см
3560,204075090,wb,Ширина упаковки,14 см
3561,370579939,wb,Цвет,черный
3562,370579939,wb,Питание,USB
3563,370579939,wb,Количество режимов работы,8
3564,370579939,wb,Тип массажера,электроимпульсный
3565,370579939,wb,Зона массажа,живот
3566,370579939,wb,Действие,коррекция фигуры; лифтинг
3567,370579939,wb,Страна производства,Китай
3568,370579939,wb,Длина упаковки,24 см
3569,370579939,wb,Высота упаковки,3 см
3570,370579939,wb,Ширина упаковки,15 см
3571,154898610,wb,Цвет,белый; серый
3572,154898610,wb,Модель,Миостимулятор массажер JT-Н88
3573,154898610,wb,Гарантийный срок,1 год
3574,154898610,wb,Питание,Аккумулятор встроенный; USB
3575,154898610,wb,Количество режимов работы,6 режимов импульсного массажа; 4 режима вибромассажа; 15 уровней мощности
3576,154898610,wb,Количество насадок,9 шт.
3577,154898610,wb,Тип массажера,импульсный; электростимуляция; с подогревом
3578,154898610,wb,Зона массажа,воротниковая зона; шея и голова; плечи и спина
3579,154898610,wb,Форма массажера,ручной электромассажер
3580,154898610,wb,Действие,"расслабляет, снимает усталость и стресс; снимает головную боль и спазмы; улучшает кровообращение и мозговую деятельность"
3581,154898610,wb,Мин. продолжительность автономной работы,60 мин
3582,154898610,wb,Доп. опции массажера,подогрев; автоматическое отключение и usb шнур; электроды
3583,154898610,wb,Количество роликов,5
3584,154898610,wb,Комплектация,Импульсный массажер - 1шт; инструкция - 1шт; usb-провод - 1шт
3585,154898610,wb,Страна производства,Китай
3586,154898610,wb,Высота предмета,7 см
3587,154898610,wb,Ширина предмета,15 см
3588,154898610,wb,Глубина предмета,15 см
3589,154898610,wb,Вес без упаковки (кг),0.2 кг
3590,154898610,wb,Вес с упаковкой (кг),0.4 кг
3591,154898610,wb,Длина упаковки,23 см
3592,154898610,wb,Высота упаковки,10 см
3593,154898610,wb,Ширина упаковки,20 см
3594,186309593,wb,Цвет,белый; серебристый
3595,186309593,wb,Модель,Электростимулятор мышц
3596,186309593,wb,Гарантийный срок,1 год
3597,186309593,wb,Питание,USB; от аккумулятора; от прикуривателя автомобиля
3598,186309593,wb,Количество режимов работы,6 режимов; 20 шагов мощности
3599,186309593,wb,Тип массажера,электроимпульсный; электромассажер; от остеохондроза
3600,186309593,wb,Зона массажа,шея и плечи; шейный отдел позвоночника; шейный массажер
3601,186309593,wb,Действие,"Оздоровление, снимает стресс; Электроимпульсный массаж; электромассажер для шеи"
3602,186309593,wb,Мин. продолжительность автономной работы,120 мин
3603,186309593,wb,Доп. опции массажера,функция подогрева; импульсный массаж; миостимуляция
3604,186309593,wb,Количество роликов,4 электроимпульсные массажные головки
3605,186309593,wb,Страна производства,Китай
3606,186309593,wb,Высота предмета,15 см
3607,186309593,wb,Ширина предмета,16 см
3608,186309593,wb,Вес без упаковки (кг),0.2 кг
3609,186309593,wb,Вес с упаковкой (кг),0.3 кг
3610,186309593,wb,Длина упаковки,19 см
3611,186309593,wb,Высота упаковки,8 см
3612,186309593,wb,Ширина упаковки,20 см
3613,256528965,wb,Цвет,черный
3614,256528965,wb,Гарантийный срок,1 год
3615,256528965,wb,Количество режимов работы,7 режимов
3616,256528965,wb,Тип массажера,вибромассажер; RF-лифтинг; массажер косметический
3617,256528965,wb,Зона массажа,лицо; шея; зона вокруг глаз
3618,256528965,wb,Действие,лифтинг; упругость; снятие отечности
3619,256528965,wb,Мин. продолжительность автономной работы,40 мин
3620,256528965,wb,Доп. опции массажера,поддержание температуры; таймер; ems для лица
3621,256528965,wb,Комплектация,микротоковый массажер в подарочной упаковке
3622,256528965,wb,Вес без упаковки (кг),0.4 кг
3623,256528965,wb,Вес с упаковкой (кг),0.5 кг
3624,256528965,wb,Длина упаковки,21 см
3625,256528965,wb,Высота упаковки,9 см
3626,256528965,wb,Ширина упаковки,16 см
3627,251341860,wb,Цвет,бежевый
3628,251341860,wb,Модель,вакуумный
3629,251341860,wb,Гарантийный срок,12 месяцев
3630,251341860,wb,Питание,от адаптера
3631,251341860,wb,Количество режимов работы,12 режимов
3632,251341860,wb,Тип массажера,Вакуумный лимфодренажный для ног; массажёр для живота; Антицеллюлитный массаж и lpg массаж
3633,251341860,wb,Зона массажа,тело; ягодицы; ноги
3634,251341860,wb,Действие,"от целлюлита; похудение для женщин; для похудения, коррекция фигуры"
3635,251341860,wb,Доп. опции массажера,беспроводной массаж; вибромассаж; защита от перегрева
3636,251341860,wb,Количество роликов,0
3637,251341860,wb,Комплектация,вакуумный массажер - 1 шт; фильтры - 5 шт; массажное масло - 2 шт; USB-провод - 1 шт; инструкция на русском языке все для похудения женщин
3638,251341860,wb,Страна производства,Китай
3639,251341860,wb,Длина упаковки,23 см
3640,251341860,wb,Высота упаковки,10 см
3641,251341860,wb,Ширина упаковки,13 см
3642,167314362,wb,Модель,электро стимулятор лимофдренажный микротоки; массажер для ног электрический; вибромассажер для спины
3643,167314362,wb,Питание,от сети; USB; от аккумулятора
3644,167314362,wb,Количество режимов работы,6 режимов работы; 19 уровней мощности
3645,167314362,wb,Зона массажа,ноги; стопы; тело
3646,167314362,wb,Действие,Микротоковый массаж; Расслабление и снятие усталости; массажер для ног электрический
3647,167314362,wb,Мин. продолжительность автономной работы,15 мин
3648,167314362,wb,Доп. опции массажера,беспроводной массаж; автовыключение; Регулируемая скорость
3649,167314362,wb,Комплектация,EMS массажер для стоп коврик - 1 шт; блок управления режимами - 1шт; usb провод вод - 1 шт; Инструкция - 1 шт
3650,167314362,wb,Страна производства,Китай
3651,167314362,wb,Вес без упаковки (кг),0.2 кг
3652,167314362,wb,Вес с упаковкой (кг),0.23 кг
3653,167314362,wb,Длина упаковки,32 см
3654,167314362,wb,Высота упаковки,3 см
3655,167314362,wb,Ширина упаковки,14 см
3656,346876183,wb,Цвет,белый
3657,346876183,wb,Модель,D 002
3658,346876183,wb,Гарантийный срок,1 год
3659,346876183,wb,Питание,от аккумулятора
3660,346876183,wb,Количество режимов работы,6 режимов
3661,346876183,wb,Количество насадок,1 шт.
3662,346876183,wb,Тип массажера,электроимпульсный; тепловой; вибромассажер
3663,346876183,wb,Зона массажа,лицо; шея; зона вокруг глаз
3664,346876183,wb,Форма массажера,ручной электромассажер
3665,346876183,wb,Действие,очищение; против морщин; снятие отечности
3666,346876183,wb,Мин. продолжительность автономной работы,60 мин
3667,346876183,wb,Доп. опции массажера,вибромассажер; ионофорез; электромиостимуляция
3668,346876183,wb,Количество роликов,1 шт.
3669,346876183,wb,Комплектация,массажер; зарядное устройство; кольцо для закрепления; инструкция; подарочная упаковка; подставка; USB кабель; гель для ионофореза
3670,346876183,wb,Страна производства,Китай
3671,346876183,wb,Срок эксплуатации,бессрочно
3672,346876183,wb,Высота предмета,16.5 см
3673,346876183,wb,Ширина предмета,4 см
3674,346876183,wb,Глубина предмета,3 см
3675,346876183,wb,Вес без упаковки (кг),0.5 кг
3676,346876183,wb,Вес с упаковкой (кг),0.5 кг
3677,346876183,wb,Длина упаковки,23 см
3678,346876183,wb,Высота упаковки,11 см
3679,346876183,wb,Ширина упаковки,13 см
3680,198153403,wb,Цвет,черный
3681,198153403,wb,Тип массажера,постукивающий; электроимпульсный
3682,198153403,wb,Зона массажа,ноги; стопы
3683,198153403,wb,Действие,улучшение метаболизма; укрепление мышц стопы; Снятие усталости
3684,198153403,wb,Мин. продолжительность автономной работы,15 мин
3685,198153403,wb,Доп. опции массажера,"избавление от бессонницы; повышение иммунитета; укрепление мышц ног, икр"
3686,198153403,wb,Комплектация,массажер электрический для ног
3687,198153403,wb,Страна производства,Китай
3688,198153403,wb,Вес с упаковкой (кг),0.16 кг
3689,198153403,wb,Длина упаковки,33 см
3690,198153403,wb,Высота упаковки,4 см
3691,198153403,wb,Ширина упаковки,15 см
3692,155143944,wb,Цвет,белый; серый; серебристый
3693,155143944,wb,Модель,Миостимулятор массажер JT-809
3694,155143944,wb,Гарантийный срок,1 год
3695,155143944,wb,Питание,Аккумулятор встроенный; USB
3696,155143944,wb,Количество режимов работы,6 режимов импульсного массажа; 3 нагревательных режима; 9 уровней мощности
3697,155143944,wb,Количество насадок,4 шт.
3698,155143944,wb,Тип массажера,импульсный; электростимуляция; с подогревом
3699,155143944,wb,Зона массажа,воротниковая зона; шея и голова; плечи и спина
3700,155143944,wb,Действие,"расслабляет, снимает усталость и стресс; снимает головную боль и спазмы; улучшает кровообращение и мозговую деятельность"
3701,155143944,wb,Мин. продолжительность автономной работы,60 мин
3702,155143944,wb,Доп. опции массажера,подогрев; автоматическое отключение и usb шнур; электроды
3703,155143944,wb,Комплектация,Импульсный массажер - 1 шт.; USB кабель - 1 шт.; Инструкция - 1 шт.
3704,155143944,wb,Страна производства,Китай
3705,155143944,wb,Высота предмета,7 см
3706,155143944,wb,Ширина предмета,14 см
3707,155143944,wb,Глубина предмета,15 см
3708,155143944,wb,Вес без упаковки (кг),0.2 кг
3709,155143944,wb,Вес с упаковкой (кг),0.4 кг
3710,155143944,wb,Длина упаковки,21 см
3711,155143944,wb,Высота упаковки,9 см
3712,155143944,wb,Ширина упаковки,21 см
3713,222657645,wb,Цвет,красный
3714,222657645,wb,Модель,002
3715,222657645,wb,Гарантийный срок,1 год
3716,222657645,wb,Питание,от аккумулятора
3717,222657645,wb,Количество режимов работы,5
3718,222657645,wb,Тип массажера,роликовый; вибромассажер; электроимпульсный
3719,222657645,wb,Зона массажа,голова; шея; лицо
3720,222657645,wb,Действие,лифтинг; против морщин; снятие отечности
3721,222657645,wb,Доп. опции массажера,ультразвуковой массаж; электромиостимуляция
3722,222657645,wb,Количество роликов,4
3723,222657645,wb,Комплектация,зарядная станция-подставка - 1 шт; USB шнур питания - 1 шт; инструкция рус яз - 1 шт; уплотнительный наполнитель коробки - 3 шт; Массажер - 1 шт
3724,222657645,wb,Страна производства,Китай
3725,222657645,wb,Высота предмета,10 см
3726,222657645,wb,Ширина предмета,10 см
3727,222657645,wb,Вес с упаковкой (кг),0.5 кг
3728,222657645,wb,Длина упаковки,15 см
3729,222657645,wb,Высота упаковки,15 см
3730,222657645,wb,Ширина упаковки,15 см
3731,251341862,wb,Цвет,темно-серый
3732,251341862,wb,Модель,электрический
3733,251341862,wb,Гарантийный срок,12 месяцев
3734,251341862,wb,Питание,от адаптера
3735,251341862,wb,Количество режимов работы,12 режимов
3736,251341862,wb,Тип массажера,Вакуумный лимфодренажный для ног; массажёр для живота; Антицеллюлитный массаж и lpg массаж
3737,251341862,wb,Зона массажа,тело; ягодицы; ноги
3738,251341862,wb,Действие,"от целлюлита; похудение для женщин; для похудения, коррекция фигуры"
3739,251341862,wb,Доп. опции массажера,беспроводной массаж; вибромассаж; защита от перегрева
3740,251341862,wb,Количество роликов,0
3741,251341862,wb,Комплектация,вакуумный массажер - 1 шт; фильтры - 5 шт; массажное масло - 2 шт; USB-провод - 1 шт; инструкция на русском языке все для похудения женщин
3742,251341862,wb,Страна производства,Китай
3743,251341862,wb,Длина упаковки,23 см
3744,251341862,wb,Высота упаковки,10 см
3745,251341862,wb,Ширина упаковки,13 см
3746,186823795,wb,Цвет,белый бриллиант
3747,186823795,wb,Модель,беспроводной массаж
3748,186823795,wb,Гарантийный срок,1 год
3749,186823795,wb,Питание,от аккумулятора; USB; от прикуривателя автомобиля
3750,186823795,wb,Количество режимов работы,4
3751,186823795,wb,Количество насадок,1 шт.
3752,186823795,wb,Тип массажера,вибромассажер; стильный массажер для дома; подголовник массаж ок
3753,186823795,wb,Зона массажа,голова; тело; шея
3754,186823795,wb,Действие,расслабляющий; антистресс; оздоровление
3755,186823795,wb,Мин. продолжительность автономной работы,800 мин
3756,186823795,wb,Доп. опции массажера,вибромассаж; таймер; выбор режима
3757,186823795,wb,Количество роликов,10
3758,186823795,wb,Комплектация,Массажный вибромассажер - 1шт.; Инструкция руководство массажёра - 1 шт.; Заводская коробка электро массажера - 1 шт.; Кабель USB - 1 шт.
3759,186823795,wb,Страна производства,Китай
3760,186823795,wb,Высота предмета,14 см
3761,186823795,wb,Ширина предмета,14 см
3762,186823795,wb,Глубина предмета,15 см
3763,186823795,wb,Вес без упаковки (кг),0.3 кг
3764,186823795,wb,Вес с упаковкой (кг),0.6 кг
3765,186823795,wb,Длина упаковки,18 см
3766,186823795,wb,Высота упаковки,18 см
3767,186823795,wb,Ширина упаковки,18 см
3768,177616027,wb,Цвет,серый
3769,177616027,wb,Модель,вибрационная
3770,177616027,wb,Гарантийный срок,1 год
3771,177616027,wb,Питание,от сети
3772,177616027,wb,Количество режимов работы,9
3773,177616027,wb,Тип массажера,вибромассажер; роликовый; накидка
3774,177616027,wb,Зона массажа,спина; тело; ноги
3775,177616027,wb,Действие,успокаивающее; снятие отечности; снятие мышечного напряжения
3776,177616027,wb,Доп. опции массажера,вибромассаж; таймер; функция подогрева
3777,177616027,wb,Количество роликов,20
3778,177616027,wb,Комплектация,массажный матрас для тела; массажер для шеи и плеч; ароматическая подушка валик; Инструкция на русском языке
3779,177616027,wb,Страна производства,Китай
3780,177616027,wb,Высота предмета,162 см
3781,177616027,wb,Ширина предмета,50 см
3782,177616027,wb,Вес с упаковкой (кг),4 кг
3783,177616027,wb,Длина упаковки,49 см
3784,177616027,wb,Высота упаковки,21 см
3785,177616027,wb,Ширина упаковки,36 см
3786,325196430,wb,Цвет,черный
3787,325196430,wb,Модель,косметический аппарат
3788,325196430,wb,Гарантийный срок,1 год
3789,325196430,wb,Питание,от аккумулятора
3790,325196430,wb,Количество режимов работы,5
3791,325196430,wb,Тип массажера,Микротоки аппарат для лица; Микротоковый массажер; Массажер для лица
3792,325196430,wb,Зона массажа,зона лица; зона вокруг глаз; Зона подбородка
3793,325196430,wb,Действие,очищение; питание; увлажнение
3794,325196430,wb,Доп. опции массажера,функция подогрева и охлаждения; рф лифтинг; RF лифтинг
3795,325196430,wb,Комплектация,Аппарат для лица; USB провод; подставка для массажера; подарочная коробка
3796,325196430,wb,Страна производства,Китай
3797,325196430,wb,Срок эксплуатации,бессрочно
3798,325196430,wb,Высота предмета,17.5 см
3799,325196430,wb,Ширина предмета,5.5 см
3800,325196430,wb,Глубина предмета,6.7 см
3801,325196430,wb,Вес с упаковкой (кг),0.5 кг
3802,325196430,wb,Длина упаковки,19 см
3803,325196430,wb,Высота упаковки,11 см
3804,325196430,wb,Ширина упаковки,23 см
3805,206955272,wb,Цвет,белый
3806,206955272,wb,Модель,KH-960
3807,206955272,wb,Гарантийный срок,красота и здоровье
3808,206955272,wb,Питание,от аккумулятора; USB
3809,206955272,wb,Количество режимов работы,7 шт.
3810,206955272,wb,Тип массажера,микротоковый; для ног; для всего тела
3811,206955272,wb,Зона массажа,массаж тела; массажер для ног электрический; массаж спины и поясницы
3812,206955272,wb,Действие,"улучшение кровообращения, восстановление; расслабление шеи; профилактика остеохондроза"
3813,206955272,wb,Доп. опции массажера,Автомобильная подушка; беспроводной массажер; косметический массажер
3814,206955272,wb,Комплектация,массажер; usb провод
3815,206955272,wb,Страна производства,Китай
3816,206955272,wb,Высота предмета,15 см
3817,206955272,wb,Ширина предмета,8 см
3818,206955272,wb,Глубина предмета,8 см
3819,206955272,wb,Вес без упаковки (кг),0.16 кг
3820,206955272,wb,Вес с упаковкой (кг),0.35 кг
3821,206955272,wb,Длина упаковки,19 см
3822,206955272,wb,Высота упаковки,20 см
3823,206955272,wb,Ширина упаковки,8 см
3824,219461941,wb,Цвет,черный
3825,219461941,wb,Модель,Bx-810
3826,219461941,wb,Гарантийный срок,1 год
3827,219461941,wb,Питание,от аккумулятора; USB
3828,219461941,wb,Количество режимов работы,4 шт.
3829,219461941,wb,Количество насадок,10 шт.
3830,219461941,wb,Тип массажера,вибромассажер; магнитно-акупунктурный; тепловой
3831,219461941,wb,Зона массажа,голова; тело; шея
3832,219461941,wb,Действие,улучшение кровообращения; антистресс; расслабляющий
3833,219461941,wb,Мин. продолжительность автономной работы,800 мин
3834,219461941,wb,Доп. опции массажера,вибромассаж; выбор режима; инфракрасный излучатель
3835,219461941,wb,Количество роликов,10; инфракрасный нагрев
3836,219461941,wb,Комплектация,Массажный вибромассажер - 1 шт.; Инструкция руководство массажёра - 1 шт; Кабель USB - 1 шт.; Заводская коробка электро массажера - 1 шт.; bluetooth
3837,219461941,wb,Страна производства,Китай
3838,219461941,wb,Высота предмета,15.5 см
3839,219461941,wb,Ширина предмета,15.5 см
3840,219461941,wb,Глубина предмета,15.5 см
3841,219461941,wb,Вес без упаковки (кг),0.24 кг
3842,219461941,wb,Вес с упаковкой (кг),0.35 кг
3843,219461941,wb,Длина упаковки,17 см
3844,219461941,wb,Высота упаковки,17 см
3845,219461941,wb,Ширина упаковки,17 см
3846,251341861,wb,Цвет,зеленый
3847,251341861,wb,Модель,антицеллюлитный
3848,251341861,wb,Гарантийный срок,12 месяцев
3849,251341861,wb,Питание,от адаптера
3850,251341861,wb,Количество режимов работы,12 режимов
3851,251341861,wb,Тип массажера,Вакуумный лимфодренажный для ног; массажёр для живота; Антицеллюлитный массаж и lpg массаж
3852,251341861,wb,Зона массажа,тело; ягодицы; ноги
3853,251341861,wb,Действие,"от целлюлита; похудение для женщин; для похудения, коррекция фигуры"
3854,251341861,wb,Доп. опции массажера,беспроводной массаж; вибромассаж; защита от перегрева
3855,251341861,wb,Количество роликов,0
3856,251341861,wb,Комплектация,вакуумный массажер - 1 шт; фильтры - 5 шт; массажное масло - 2 шт; USB-провод - 1 шт; инструкция на русском языке все для похудения женщин
3857,251341861,wb,Страна производства,Китай
3858,251341861,wb,Длина упаковки,24 см
3859,251341861,wb,Высота упаковки,11 см
3860,251341861,wb,Ширина упаковки,14 см
3861,263597292,wb,Цвет,бежевый
3862,263597292,wb,Модель,массажер для спины и тела
3863,263597292,wb,Гарантийный срок,6 месяцев
3864,263597292,wb,Питание,от сети; от прикуривателя автомобиля
3865,263597292,wb,Количество режимов работы,3 режима
3866,263597292,wb,Количество насадок,16 шт.
3867,263597292,wb,Тип массажера,роликовый; не лимфодренажный массажер миостимулятор для стоп; тепловой
3868,263597292,wb,Зона массажа,бедра; ноги; спина
3869,263597292,wb,Действие,Расслабление; снятие напряжения; Снятие усталости
3870,263597292,wb,Доп. опции массажера,вибромассаж; не виброплатформа
3871,263597292,wb,Количество роликов,16
3872,263597292,wb,Комплектация,массажер для шеи; блок питания
3873,263597292,wb,Высота предмета,19 см
3874,263597292,wb,Ширина предмета,41 см
3875,263597292,wb,Глубина предмета,20 см
3876,263597292,wb,Вес без упаковки (кг),1.33 кг
3877,263597292,wb,Вес с упаковкой (кг),1.64 кг
3878,263597292,wb,Длина упаковки,42 см
3879,263597292,wb,Высота упаковки,20 см
3880,263597292,wb,Ширина упаковки,20 см
3881,358212202,wb,Цвет,черный
3882,358212202,wb,Модель,Массажер для ног с подогревом
3883,358212202,wb,Гарантийный срок,5 лет
3884,358212202,wb,Питание,от сети
3885,358212202,wb,Количество режимов работы,5 режимов; 9 уровней интенсивности
3886,358212202,wb,Тип массажера,Роликовый электромассажер; массажер для стоп; массажер для ног электрический
3887,358212202,wb,Зона массажа,ноги; стопы
3888,358212202,wb,Форма массажера,напольная платформа
3889,358212202,wb,Действие,снятие отечности; улучшение кровообращения; лимфодренаж
3890,358212202,wb,Мин. продолжительность автономной работы,15 мин
3891,358212202,wb,Доп. опции массажера,регулировка интенсивности; функция подогрева; пульт ДУ
3892,358212202,wb,Количество роликов,2
3893,358212202,wb,Комплектация,массажер для ног; пульт управления; Инструкция на русском языке
3894,358212202,wb,Страна производства,Китай
3895,358212202,wb,Срок эксплуатации,бессрочно
3896,358212202,wb,Вес без упаковки (кг),4.15 кг
3897,358212202,wb,Вес с упаковкой (кг),5.7 кг
3898,358212202,wb,Длина упаковки,47 см
3899,358212202,wb,Высота упаковки,41 см
3900,358212202,wb,Ширина упаковки,28 см
3901,196739566,wb,Цвет,шоколадный
3902,196739566,wb,Модель,оздоровление
3903,196739566,wb,Гарантийный срок,2 года
3904,196739566,wb,Питание,от сети 220В
3905,196739566,wb,Количество режимов работы,5 режимов работы; 9 уровней интенсивности
3906,196739566,wb,Тип массажера,роликовый; акупунктурный/акупрессурный; воздушно-компрессионный
3907,196739566,wb,Зона массажа,стопы; ноги; ступни
3908,196739566,wb,Форма массажера,напольная платформа
3909,196739566,wb,Действие,снятие мышечного напряжения; снятие отечности; улучшение кровообращения
3910,196739566,wb,Мин. продолжительность автономной работы,15 мин
3911,196739566,wb,Доп. опции массажера,регулировка интенсивности; функция подогрева; пульт ДУ
3912,196739566,wb,Количество роликов,2
3913,196739566,wb,Комплектация,массажер для ног - 1 шт; пульт д/у - 1 шт; Инструкция на русском языке - 1 шт
3914,196739566,wb,Страна производства,Китай
3915,196739566,wb,Высота предмета,20 см
3916,196739566,wb,Ширина предмета,24 см
3917,196739566,wb,Глубина предмета,20 см
3918,196739566,wb,Вес без упаковки (кг),4 кг
3919,196739566,wb,Длина упаковки,47 см
3920,196739566,wb,Высота упаковки,41 см
3921,196739566,wb,Ширина упаковки,28 см
3922,239995237,wb,Цвет,черный; белый
3923,239995237,wb,Максимальный вес (кг),120 кг
3924,239995237,wb,Модель тренажера,массажер для похудения; Пояс для пресса; Для пресса живота
3925,239995237,wb,Система нагрузки,электромагнитная; миостимулятор
3926,239995237,wb,Комплектация,Тренажёр для пресса живота; Сумка для тренажёра
3927,239995237,wb,Страна производства,Китай
3928,239995237,wb,Высота предмета,13.5 см
3929,239995237,wb,Длина предмета,140 см
3930,239995237,wb,Ширина предмета,13.5 см
3931,239995237,wb,Вес без упаковки (кг),0.42 кг
3932,239995237,wb,Длина упаковки,10 см
3933,239995237,wb,Высота упаковки,20 см
3934,239995237,wb,Ширина упаковки,16 см
3935,312601189,wb,Цвет,черный
3936,312601189,wb,Модель,микротоковый массажер 7 в 1
3937,312601189,wb,Питание,от аккумулятора; USB; от сети
3938,312601189,wb,Количество режимов работы,3 режима
3939,312601189,wb,Количество насадок,1 шт.
3940,312601189,wb,Тип массажера,микротоковый; вибромассажер; тепловой
3941,312601189,wb,Зона массажа,зона вокруг глаз; шея; лицо
3942,312601189,wb,Форма массажера,ручной электромассажер
3943,312601189,wb,Действие,омолаживание; против морщин; снятие отечности
3944,312601189,wb,Мин. продолжительность автономной работы,15 мин
3945,312601189,wb,Доп. опции массажера,от аккумулятора; USB; от сети
3946,312601189,wb,Количество роликов,1 шт.
3947,312601189,wb,Комплектация,Косметический аппарат - 1шт; Зарядный кабель - 1шт; упаковочная коробка
3948,312601189,wb,Страна производства,Китай
3949,312601189,wb,Вес с упаковкой (кг),0.13 кг
3950,312601189,wb,Длина упаковки,17 см
3951,312601189,wb,Высота упаковки,7 см
3952,312601189,wb,Ширина упаковки,15 см
3953,177613721,wb,Цвет,серый
3954,177613721,wb,Модель,матрас вибрационный
3955,177613721,wb,Гарантийный срок,1 год
3956,177613721,wb,Питание,от сети
3957,177613721,wb,Количество режимов работы,9
3958,177613721,wb,Тип массажера,вибромассажер; роликовый; тепловой
3959,177613721,wb,Зона массажа,ноги; спина; шея
3960,177613721,wb,Действие,ароматерапия; снятие отечности; улучшение кровообращения
3961,177613721,wb,Доп. опции массажера,таймер; функция подогрева; вибромассаж
3962,177613721,wb,Количество роликов,20 роликов в подушке для шеи
3963,177613721,wb,Комплектация,массажер для тела; массажер для ног; роликовый массажер для шеи и спины; ароматическая подушка валик для шеи; Инструкция на русском языке
3964,177613721,wb,Страна производства,Китай
3965,177613721,wb,Высота предмета,165 см
3966,177613721,wb,Ширина предмета,50 см
3967,177613721,wb,Вес с упаковкой (кг),5 кг
3968,177613721,wb,Длина упаковки,62 см
3969,177613721,wb,Высота упаковки,21 см
3970,177613721,wb,Ширина упаковки,36 см
3971,161953258,wb,Цвет,розовый
3972,161953258,wb,Количество предметов в упаковке,3
3973,161953258,wb,Материал изделия,пластик; abs-пластик
3974,161953258,wb,Зона массажа,овал лица; подбородок; лицо
3975,161953258,wb,Действие,против морщин; лифтинг подтяжка; миостимулятор для омоложения
3976,161953258,wb,Страна производства,Китай
3977,161953258,wb,Комплектация,кабель для зарядки; инструкция; rf лифтинг бандаж
3978,161953258,wb,Вес товара с упаковкой (г),166 г
3979,161953258,wb,Длина упаковки,6 см
3980,161953258,wb,Высота упаковки,22 см
3981,161953258,wb,Ширина упаковки,6 см
3982,250134925,wb,Цвет,черный
3983,250134925,wb,Модель,оздоровление
3984,250134925,wb,Гарантийный срок,2 года
3985,250134925,wb,Питание,от сети 220В
3986,250134925,wb,Количество режимов работы,5 режимов работы; 9 уровней интенсивности
3987,250134925,wb,Тип массажера,тепловой; воздушно-компрессионный; массаж ног
3988,250134925,wb,Зона массажа,ноги; лодыжки; стопы
3989,250134925,wb,Действие,Расслабление; снятие мышечного напряжения; инфракрасное прогревание
3990,250134925,wb,Мин. продолжительность автономной работы,15 мин
3991,250134925,wb,Доп. опции массажера,Прогрев; вибромассаж; компрессия
3992,250134925,wb,Количество роликов,2 шт
3993,250134925,wb,Комплектация,"массажер для ног - 1 шт., инструкция на русском языке - 1 шт."
3994,250134925,wb,Страна производства,Китай
3995,250134925,wb,Вес без упаковки (кг),4.15 кг
3996,250134925,wb,Длина упаковки,47 см
3997,250134925,wb,Высота упаковки,41 см
3998,250134925,wb,Ширина упаковки,28 см
3999,173244161,wb,Цвет,фиолетовый
4000,173244161,wb,Модель,миостимулятор микротоки от прыщей отеков
4001,173244161,wb,Гарантийный срок,1 год
4002,173244161,wb,Питание,USB; от аккумулятора
4003,173244161,wb,Количество режимов работы,7
4004,173244161,wb,Тип массажера,вибромассажер; электроимпульсный
4005,173244161,wb,Зона массажа,вокруг глаз; лицо; зона вокруг глаз
4006,173244161,wb,Действие,beauty омолаживание подтяжка лица; аппарат против морщин от второго подбородка; rf лифтинг подтяжка
4007,173244161,wb,Мин. продолжительность автономной работы,180 мин
4008,173244161,wb,Комплектация,подставка; USB кабель; массажер
4009,173244161,wb,Страна производства,Китай
4010,173244161,wb,Вес с упаковкой (кг),0.9 кг
4011,173244161,wb,Длина упаковки,12 см
4012,173244161,wb,Высота упаковки,19 см
4013,173244161,wb,Ширина упаковки,7 см
4014,263597293,wb,Цвет,черный
4015,263597293,wb,Модель,массажер для шеи спины и тела
4016,263597293,wb,Гарантийный срок,6 месяцев
4017,263597293,wb,Питание,от сети; от прикуривателя автомобиля
4018,263597293,wb,Тип массажера,роликовый; не лимфодренажный массажер миостимулятор для стоп
4019,263597293,wb,Зона массажа,спина; тело; шея
4020,263597293,wb,Действие,Расслабление; снятие напряжения; Снятие усталости
4021,263597293,wb,Доп. опции массажера,вибромассаж; не виброплатформа
4022,263597293,wb,Комплектация,массажер; блок питания
4023,263597293,wb,Высота предмета,19 см
4024,263597293,wb,Ширина предмета,41 см
4025,263597293,wb,Глубина предмета,20 см
4026,263597293,wb,Вес без упаковки (кг),1.33 кг
4027,263597293,wb,Вес с упаковкой (кг),1.64 кг
4028,263597293,wb,Длина упаковки,42 см
4029,263597293,wb,Высота упаковки,20 см
4030,263597293,wb,Ширина упаковки,20 см
4031,404377554,wb,Цвет,белый
4032,404377554,wb,Модель,BodyRave
4033,404377554,wb,Гарантийный срок,1 год
4034,404377554,wb,Питание,от сети
4035,404377554,wb,Количество режимов работы,5 режимов; 12 режимов
4036,404377554,wb,Тип массажера,вибрационный; роликовый; электроимпульсный
4037,404377554,wb,Зона массажа,лицо; тело; зона вокруг глаз
4038,404377554,wb,Форма массажера,ручной электромассажер
4039,404377554,wb,Действие,лифтинг; омолаживание; против морщин
4040,404377554,wb,Мин. продолжительность автономной работы,144 мин
4041,404377554,wb,Доп. опции массажера,вибромассаж; электромиостимуляция; эффект иглоукалывания
4042,404377554,wb,Количество роликов,2
4043,404377554,wb,Комплектация,массажер; Провод для зарядки; инструкция; коробка; 2 маски для лица; токопроводящий гель
4044,404377554,wb,Страна производства,Китай
4045,404377554,wb,Высота предмета,18 см
4046,404377554,wb,Ширина предмета,10 см
4047,404377554,wb,Глубина предмета,5.5 см
4048,404377554,wb,Вес без упаковки (кг),0.18 кг
4049,404377554,wb,Вес с упаковкой (кг),0.35 кг
4050,404377554,wb,Длина упаковки,19 см
4051,404377554,wb,Высота упаковки,11 см
4052,404377554,wb,Ширина упаковки,9 см
4053,333501473,wb,Цвет,черный
4054,333501473,wb,Модель,массажер перкуссионный
4055,333501473,wb,Питание,от аккумулятора
4056,333501473,wb,Количество режимов работы,6 режимов
4057,333501473,wb,Количество насадок,6 шт.
4058,333501473,wb,Тип массажера,перкуссионный; вибрационный; тепловой
4059,333501473,wb,Зона массажа,ноги; тело; руки
4060,333501473,wb,Форма массажера,массажный пистолет
4061,333501473,wb,Действие,восстановление; разогревающее; тонизирование
4062,333501473,wb,Мин. продолжительность автономной работы,480 мин
4063,333501473,wb,Доп. опции массажера,дисплей; регулировка скорости; функция подогрева
4064,333501473,wb,Комплектация,"массажер, 6 насадок, провод зарядки"
4065,333501473,wb,Страна производства,Китай
4066,333501473,wb,Высота предмета,21 см
4067,333501473,wb,Ширина предмета,27 см
4068,333501473,wb,Глубина предмета,6 см
4069,333501473,wb,Вес без упаковки (кг),0.48 кг
4070,333501473,wb,Вес с упаковкой (кг),0.58 кг
4071,333501473,wb,Длина упаковки,26 см
4072,333501473,wb,Высота упаковки,6 см
4073,333501473,wb,Ширина упаковки,21 см
4074,173241582,wb,Цвет,белый
4075,173241582,wb,Модель,Косметический микротоковый вибромассажер для лица
4076,173241582,wb,Гарантийный срок,1 год
4077,173241582,wb,Питание,USB; от аккумулятора
4078,173241582,wb,Количество режимов работы,4
4079,173241582,wb,Тип массажера,вибромассажер; электроимпульсный; микротоковый
4080,173241582,wb,Зона массажа,овал лица; подбородок; лицо
4081,173241582,wb,Действие,омолаживание; против морщин; лифтинг подтяжка
4082,173241582,wb,Мин. продолжительность автономной работы,180 мин
4083,173241582,wb,Доп. опции массажера,микротоки от морщин прыщей отеков; борьба с несовершенствами; электромассажер миостимулятор
4084,173241582,wb,Комплектация,кабель для зарядки; интсрукция; массажер
4085,173241582,wb,Страна производства,Китай
4086,173241582,wb,Вес с упаковкой (кг),0.9 кг
4087,173241582,wb,Длина упаковки,11 см
4088,173241582,wb,Высота упаковки,17 см
4089,173241582,wb,Ширина упаковки,7 см
4090,212188612,wb,Цвет,белый
4091,212188612,wb,Модель,Электростимулятор мышц
4092,212188612,wb,Гарантийный срок,1 год
4093,212188612,wb,Питание,USB провод; от аккумулятора; Беспроводной
4094,212188612,wb,Количество режимов работы,"6 режимов, 15 скоростей, подогрев"
4095,212188612,wb,Тип массажера,"импульсный; микротоковый, тепловой; электрический перкуссионный"
4096,212188612,wb,Зона массажа,"шея, плечи,; спина; воротниковая зона"
4097,212188612,wb,Действие,"Инфракрасный и тепловой нагрев мышц; Оздоровление, снимает стресс; Электроимпульсный массаж"
4098,212188612,wb,Мин. продолжительность автономной работы,120 мин
4099,212188612,wb,Доп. опции массажера,функция подогрева; импульсный массаж; лифтинг
4100,212188612,wb,Количество роликов,6
4101,212188612,wb,Комплектация,массажер; кабель зарядки; инструкция; специальный увлажняющий гель - алоэ.
4102,212188612,wb,Страна производства,Китай
4103,212188612,wb,Высота предмета,5 см
4104,212188612,wb,Ширина предмета,13.8 см
4105,212188612,wb,Глубина предмета,15 см
4106,212188612,wb,Вес без упаковки (кг),0.142 кг
4107,212188612,wb,Вес с упаковкой (кг),0.369 кг
4108,212188612,wb,Длина упаковки,21 см
4109,212188612,wb,Высота упаковки,7 см
4110,212188612,wb,Ширина упаковки,21 см
4111,188139306,wb,Цвет,белый
4112,188139306,wb,Модель,беспроводной
4113,188139306,wb,Гарантийный срок,1 год
4114,188139306,wb,Питание,USB; от аккумулятора; USB Type-C
4115,188139306,wb,Количество режимов работы,4
4116,188139306,wb,Тип массажера,вибромассажер; роликовый; электроимпульсный
4117,188139306,wb,Зона массажа,лицо; шея; зона вокруг глаз
4118,188139306,wb,Форма массажера,ручной электромассажер
4119,188139306,wb,Действие,омоложение увлажнение; RF лифтинг; Подтяжка лица
4120,188139306,wb,Мин. продолжительность автономной работы,300 мин
4121,188139306,wb,Доп. опции массажера,вибромассаж; электромиостимуляция; эффект иглоукалывания
4122,188139306,wb,Количество роликов,2
4123,188139306,wb,Комплектация,1 коробка; 1 Импульсный массажер; 1 Инструкция по эксплуатации; 1 зарядка USB
4124,188139306,wb,Страна производства,Китай
4125,188139306,wb,Высота предмета,15 см
4126,188139306,wb,Ширина предмета,6.3 см
4127,188139306,wb,Глубина предмета,6.2 см
4128,188139306,wb,Вес без упаковки (кг),0.18 кг
4129,188139306,wb,Вес с упаковкой (кг),0.24 кг
4130,188139306,wb,Длина упаковки,7 см
4131,188139306,wb,Высота упаковки,22 см
4132,188139306,wb,Ширина упаковки,11 см
4133,270163270,wb,Цвет,черный матовый; черный
4134,270163270,wb,Модель,360 градусов
4135,270163270,wb,Гарантийный срок,2 года
4136,270163270,wb,Питание,от сети 230В
4137,270163270,wb,Количество режимов работы,5 режимов; 9 уровней интенсивности
4138,270163270,wb,Тип массажера,роликовый; электрический; вибромассажер
4139,270163270,wb,Зона массажа,ступни; ноги; стопы
4140,270163270,wb,Форма массажера,напольная платформа
4141,270163270,wb,Действие,снятие отечности; улучшение кровообращения; лимфодренаж
4142,270163270,wb,Мин. продолжительность автономной работы,15 мин
4143,270163270,wb,Доп. опции массажера,пульт ДУ; регулировка интенсивности; функция подогрева
4144,270163270,wb,Количество роликов,2 шт
4145,270163270,wb,Комплектация,Массажер - 1 шт; пульт - 1 шт; Инструкция на русском языке - 1 шт
4146,270163270,wb,Страна производства,Китай
4147,270163270,wb,Срок эксплуатации,бессрочно
4148,270163270,wb,Вес без упаковки (кг),4.15 кг
4149,270163270,wb,Вес с упаковкой (кг),5.7 кг
4150,270163270,wb,Длина упаковки,47 см
4151,270163270,wb,Высота упаковки,41 см
4152,270163270,wb,Ширина упаковки,28 см
4153,229184600,wb,Цвет,белый
4154,229184600,wb,Модель,уход за лицом
4155,229184600,wb,Питание,USB
4156,229184600,wb,Мощность устройства (Вт),4 Вт
4157,229184600,wb,Количество насадок в комплекте,1 насадка
4158,229184600,wb,Материал корпуса,металл и пластик
4159,229184600,wb,Назначение косметического прибора,массаж; омоложение кожи; лифтинг
4160,229184600,wb,Вид воздействия,микротоки
4161,229184600,wb,Область применения,для лица; микротоковый аппарат для лица
4162,229184600,wb,Возрастные ограничения,16+
4163,229184600,wb,Противопоказания,гиперчувствительность к току
4164,229184600,wb,Комплектация,массажер для подтяжки лица 1шт; Зарядный кабель usb 1шт; упаковочная коробка 1шт; Упаковочный пакет 1шт
4165,229184600,wb,Страна производства,Китай
4166,229184600,wb,Высота предмета,14 см
4167,229184600,wb,Ширина предмета,12 см
4168,229184600,wb,Глубина предмета,5 см
4169,229184600,wb,Диаметр предмета,7 см
4170,229184600,wb,Вес товара с упаковкой (г),185 г
4171,229184600,wb,Длина упаковки,19 см
4172,229184600,wb,Высота упаковки,7 см
4173,229184600,wb,Ширина упаковки,12 см
4174,255756352,wb,Цвет,белый
4175,255756352,wb,Модель,массажер
4176,255756352,wb,Гарантийный срок,1 год
4177,255756352,wb,Питание,от аккумулятора
4178,255756352,wb,Тип массажера,Микротоки аппарат для лица; Микротоковый массажер; Массажер для лица
4179,255756352,wb,Зона массажа,зона лица; зона вокруг глаз; Зона подбородка
4180,255756352,wb,Действие,против морщин; очищение лица; Микротоковый лифтинг
4181,255756352,wb,Доп. опции массажера,функция подогрева и охлаждения; рф лифтинг; RF лифтинг
4182,255756352,wb,Комплектация,Аппарат для лица; USB провод; подставка для массажера; подарочная коробка
4183,255756352,wb,Высота предмета,17.5 см
4184,255756352,wb,Ширина предмета,5.5 см
4185,255756352,wb,Глубина предмета,6.7 см
4186,255756352,wb,Вес с упаковкой (кг),0.5 кг
4187,255756352,wb,Длина упаковки,17 см
4188,255756352,wb,Высота упаковки,23 см
4189,255756352,wb,Ширина упаковки,10 см
4190,260831249,wb,Цвет,белый
4191,260831249,wb,Модель,косметический аппарат
4192,260831249,wb,Гарантийный срок,1 год
4193,260831249,wb,Питание,от аккумулятора
4194,260831249,wb,Количество режимов работы,7 режимов
4195,260831249,wb,Тип массажера,тепловой; вибромассажер
4196,260831249,wb,Зона массажа,лицо; шея; зона вокруг глаз
4197,260831249,wb,Действие,лифтинг; омолаживание; против морщин
4198,260831249,wb,Мин. продолжительность автономной работы,60 мин
4199,260831249,wb,Доп. опции массажера,ионофорез; электромиостимуляция; функция подогрева
4200,260831249,wb,Комплектация,Массажер микротоковый - 1 шт.; Инструкция на русском языке - 1 шт
4201,260831249,wb,Страна производства,Китай
4202,260831249,wb,Высота предмета,16 см
4203,260831249,wb,Ширина предмета,5 см
4204,260831249,wb,Глубина предмета,5 см
4205,260831249,wb,Вес с упаковкой (кг),0.23 кг
4206,260831249,wb,Длина упаковки,22 см
4207,260831249,wb,Высота упаковки,9 см
4208,260831249,wb,Ширина упаковки,14 см
4209,208374018,wb,Цвет,белый; золотистый
4210,208374018,wb,Гарантийный срок,1 год
4211,208374018,wb,Питание,от аккумулятора
4212,208374018,wb,Количество насадок,1 шт.
4213,208374018,wb,Тип массажера,роликовый; электрический; микротоковый
4214,208374018,wb,Зона массажа,лицо; зона вокруг глаз; шея
4215,208374018,wb,Действие,лифтинг; оздоровление; омолаживание
4216,208374018,wb,Доп. опции массажера,роллер; RF лифтинг; против морщин
4217,208374018,wb,Количество роликов,4
4218,208374018,wb,Комплектация,Инструкция на русском языке; гарантийный талон; Type C - USB кабель для зарядки; чехол для хранения; Роликовый массажер для лица
4219,208374018,wb,Страна производства,Китай
4220,208374018,wb,Высота предмета,13 см
4221,208374018,wb,Ширина предмета,10 см
4222,208374018,wb,Вес с упаковкой (кг),0.75 кг
4223,208374018,wb,Длина упаковки,21 см
4224,208374018,wb,Высота упаковки,12 см
4225,208374018,wb,Ширина упаковки,13 см
4226,215876768,wb,Цвет,черный
4227,215876768,wb,Модель,EMS
4228,215876768,wb,Питание,аккумулятор; USB
4229,215876768,wb,Количество режимов работы,8
4230,215876768,wb,Тип массажера,электроимпульсный
4231,215876768,wb,Зона массажа,ноги; стопы
4232,215876768,wb,Действие,Микротоковый массаж; миостимулятор электрический; Расслабление и снятие усталости
4233,215876768,wb,Мин. продолжительность автономной работы,15 мин
4234,215876768,wb,Доп. опции массажера,лимфодренажный массаж; Восстанавливающий массаж
4235,215876768,wb,Комплектация,Коврик массажный 1шт.; Шнур питания 1шт.; Контроллер 1шт.
4236,215876768,wb,Страна производства,Китай
4237,215876768,wb,Высота предмета,33 см
4238,215876768,wb,Ширина предмета,29 см
4239,215876768,wb,Глубина предмета,3 см
4240,215876768,wb,Вес с упаковкой (кг),0.2 кг
4241,215876768,wb,Длина упаковки,35 см
4242,215876768,wb,Высота упаковки,4 см
4243,215876768,wb,Ширина упаковки,17 см
4244,4861381,wb,Цвет,розовый
4245,4861381,wb,Зона массажа,шея; лицо; зона вокруг глаз
4246,4861381,wb,Действие,лифтинг; против морщин; массаж
4247,4861381,wb,Страна производства,Тайвань
4248,4861381,wb,Комплектация,инструкция по применению; гарантийный талон; Аппарат для микротоковой терапии для лица - 1 шт
4249,4861381,wb,Ширина предмета,10 см
4250,4861381,wb,Высота предмета,20.5 см
4251,4861381,wb,Вес товара с упаковкой (г),228 г
4252,4861381,wb,Длина упаковки,8 см
4253,4861381,wb,Высота упаковки,20 см
4254,4861381,wb,Ширина упаковки,13 см
4255,203491674,wb,Цвет,белый; черный
4256,203491674,wb,Количество предметов в упаковке,5 шт.
4257,203491674,wb,Материал изделия,abs-пластик; медицинская сталь; модель DRY - 1005
4258,203491674,wb,Зона массажа,лицо; шея; декольте
4259,203491674,wb,Действие,снятие отечности; против морщин; очищение
4260,203491674,wb,Страна производства,Китай
4261,203491674,wb,Комплектация,Массажер - 1 шт.; Подставка - 1 шт.; USB кабель - 1 шт.; кольцо для закрепления - 1 шт.; гель для ионофореза - 1 шт.; Инструкция - 1 шт.; подарочная упаковка - 1 шт.
4262,203491674,wb,Ширина предмета,5 см
4263,203491674,wb,Высота предмета,18 см
4264,203491674,wb,Вес товара с упаковкой (г),500 г
4265,203491674,wb,Длина упаковки,21 см
4266,203491674,wb,Высота упаковки,11 см
4267,203491674,wb,Ширина упаковки,16 см
4268,299214296,wb,Цвет,серебристый
4269,299214296,wb,Модель,"23 февраля, новый год"
4270,299214296,wb,Питание,от аккумулятора
4271,299214296,wb,Количество режимов работы,32; 32 режима
4272,299214296,wb,Количество насадок,4 шт.
4273,299214296,wb,Тип массажера,вибромассажер; постукивающий; ударно-кулачковый
4274,299214296,wb,Зона массажа,"тело,ноги,шея"
4275,299214296,wb,Действие,снятие мышечного напряжения; лимфодренажный; антицеллюлитный
4276,299214296,wb,Мин. продолжительность автономной работы,360 мин
4277,299214296,wb,Комплектация,Инструкция - 1 шт.; насадки 4 шт; кабель для зарядки 1 шт; Многофункциональный массажер - 1 шт
4278,299214296,wb,Страна производства,Китай
4279,299214296,wb,Высота предмета,14 см
4280,299214296,wb,Ширина предмета,13 см
4281,299214296,wb,Глубина предмета,5 см
4282,299214296,wb,Вес без упаковки (кг),0.48 кг
4283,299214296,wb,Вес с упаковкой (кг),0.58 кг
4284,299214296,wb,Длина упаковки,22 см
4285,299214296,wb,Высота упаковки,6 см
4286,299214296,wb,Ширина упаковки,18 см
4287,258814932,wb,Действие,восстановление
4288,258814932,wb,Длина упаковки,31 см
4289,258814932,wb,Высота упаковки,8 см
4290,258814932,wb,Ширина упаковки,28 см
4291,166102139,wb,Цвет,серый
4292,166102139,wb,Количество предметов в упаковке,6
4293,166102139,wb,Материал изделия,abs пластик; металл
4294,166102139,wb,Зона массажа,"массажер для ног шеи тела спины лица; Спина, шея, плечи, ноги, руки, бедра, поясница; антицеллюлитный массажер от целлюлита"
4295,166102139,wb,Действие,"вибромассажер электрический для тела; перкуссионный пистолет массажер электрический лимфодренажный для дома и автомобиля; лифтинг, против морщин, омолаживание"
4296,166102139,wb,Страна производства,Китай
4297,166102139,wb,Комплектация,"вибрационный массажер; массажер для ног; массажер для тела; массажный пистолет; перкуссионный массажер 4 насадки, кабель для зарядки по USB"
4298,166102139,wb,Вес товара с упаковкой (г),723 г
4299,166102139,wb,Длина упаковки,22 см
4300,166102139,wb,Высота упаковки,8 см
4301,166102139,wb,Ширина упаковки,24 см
4302,173244160,wb,Цвет,розовый
4303,173244160,wb,Модель,миостимулятор микротоки от прыщей отеков
4304,173244160,wb,Гарантийный срок,1 год
4305,173244160,wb,Питание,USB; от аккумулятора
4306,173244160,wb,Количество режимов работы,7
4307,173244160,wb,Тип массажера,вибромассажер; электроимпульсный
4308,173244160,wb,Зона массажа,вокруг глаз; лицо; зона вокруг глаз
4309,173244160,wb,Действие,beauty омолаживание подтяжка лица; аппарат против морщин от второго подбородка; rf лифтинг подтяжка
4310,173244160,wb,Мин. продолжительность автономной работы,180 мин
4311,173244160,wb,Комплектация,подставка; USB кабель; массажер
4312,173244160,wb,Страна производства,Китай
4313,173244160,wb,Вес с упаковкой (кг),0.9 кг
4314,173244160,wb,Длина упаковки,12 см
4315,173244160,wb,Высота упаковки,19 см
4316,173244160,wb,Ширина упаковки,7 см
4317,370282193,wb,Цвет,черный
4318,370282193,wb,Питание,от сети
4319,370282193,wb,Количество режимов работы,3 режима интенсивности и скорости
4320,370282193,wb,Тип массажера,роликовый; электроимпульсный; вибромассажер
4321,370282193,wb,Зона массажа,шея; спина; тело
4322,370282193,wb,Форма массажера,воротник
4323,370282193,wb,Действие,массажная подушка для шеи и спины; Массажер электрический для тела шиацу антицеллюлитный; Массажер электрический для дома и аксессуар для автомобиля
4324,370282193,wb,Мин. продолжительность автономной работы,15 мин
4325,370282193,wb,Доп. опции массажера,инфракрасный подогрев; вибромассаж; автомобильный
4326,370282193,wb,Количество роликов,16; по 8 роликов в 2 узлах
4327,370282193,wb,Комплектация,Массажер - 1шт; Блок питания от сети - 1шт.; автомобильный блок в прикуриватель - 1шт.
4328,370282193,wb,Страна производства,Китай
4329,370282193,wb,Высота предмета,40 см
4330,370282193,wb,Ширина предмета,18 см
4331,370282193,wb,Глубина предмета,17 см
4332,370282193,wb,Вес без упаковки (кг),1 кг
4333,370282193,wb,Вес с упаковкой (кг),1.3 кг
4334,370282193,wb,Длина упаковки,41 см
4335,370282193,wb,Высота упаковки,18 см
4336,370282193,wb,Ширина упаковки,19 см
4337,164229128,wb,Цвет,белый
4338,164229128,wb,Модель,электрический массажер
4339,164229128,wb,Гарантийный срок,1 год
4340,164229128,wb,Питание,USB
4341,164229128,wb,Количество режимов работы,7 режимов; 7
4342,164229128,wb,Количество насадок,1 шт.
4343,164229128,wb,Тип массажера,аппарат микротоки для лица; гальванические микротоки; подарок женщине на 8 марта
4344,164229128,wb,Зона массажа,лицо; зона вокруг глаз; шея
4345,164229128,wb,Действие,Массаж; от отеков; массаж лица
4346,164229128,wb,Мин. продолжительность автономной работы,5 мин
4347,164229128,wb,Доп. опции массажера,миостимулятор; лимфодренажный массажер; гальваник спа аппарат от морщин на микростоках
4348,164229128,wb,Комплектация,USB шнур; подставка; насадка для очищения лица; микротоковый массажер; увлажняющие маски в подарок
4349,164229128,wb,Страна производства,Китай
4350,164229128,wb,Срок эксплуатации,бессрочно
4351,164229128,wb,Высота предмета,20 см
4352,164229128,wb,Ширина предмета,16 см
4353,164229128,wb,Глубина предмета,11 см
4354,164229128,wb,Вес без упаковки (кг),0.15 кг
4355,164229128,wb,Длина упаковки,23 см
4356,164229128,wb,Высота упаковки,10 см
4357,164229128,wb,Ширина упаковки,16 см
4358,237275893,wb,Цвет,серый; белый; серебристый
4359,237275893,wb,Модель,Микротоковый
4360,237275893,wb,Питание,USB; от аккумулятора
4361,237275893,wb,Количество режимов работы,6 режимов; 9 шагов мощности
4362,237275893,wb,Тип массажера,электроимпульсный
4363,237275893,wb,Зона массажа,шея
4364,237275893,wb,Действие,восстановление; снятие мышечного напряжения; улучшение кровообращения
4365,237275893,wb,Мин. продолжительность автономной работы,15 мин
4366,237275893,wb,Доп. опции массажера,вибромассаж; импульсный массаж; Имитация иглоукалывания
4367,237275893,wb,Количество роликов,3 электроимпульсные массажные головки; 3 активных контакта для массирования
4368,237275893,wb,Комплектация,Импульсный массажер; Инструкция на русском языке; коробка
4369,237275893,wb,Высота предмета,15 см
4370,237275893,wb,Ширина предмета,17 см
4371,237275893,wb,Глубина предмета,5 см
4372,237275893,wb,Вес без упаковки (кг),0.2 кг
4373,237275893,wb,Вес с упаковкой (кг),0.2 кг
4374,237275893,wb,Длина упаковки,18 см
4375,237275893,wb,Высота упаковки,6 см
4376,237275893,wb,Ширина упаковки,18 см
4377,354626462,wb,Цвет,белый
4378,354626462,wb,Количество предметов в упаковке,3
4379,354626462,wb,Материал изделия,abs-пластик; пластик
4380,354626462,wb,Зона массажа,вокруг глаз; зона вокруг глаз
4381,354626462,wb,Действие,beauty омолаживание подтяжка лица; миостимулятор аппарат против морщин
4382,354626462,wb,Страна производства,Китай
4383,354626462,wb,Комплектация,подставка; USB кабель; массажер
4384,354626462,wb,Вес товара с упаковкой (г),166 г
4385,354626462,wb,Длина упаковки,9 см
4386,354626462,wb,Высота упаковки,15 см
4387,354626462,wb,Ширина упаковки,5 см
4388,226792329,wb,Цвет,черный; розовый
4389,226792329,wb,Гарантийный срок,1 год
4390,226792329,wb,Питание,от аккумулятора; USB; от сети
4391,226792329,wb,Количество режимов работы,7 шт.
4392,226792329,wb,Тип массажера,электроимпульсный; вибромассажер; микротоковый
4393,226792329,wb,Зона массажа,зона вокруг глаз; лицо; шея
4394,226792329,wb,Действие,против морщин; снятие отечности
4395,226792329,wb,Доп. опции массажера,лифтинг; микротоки; миостимулятор
4396,226792329,wb,Комплектация,кольцо для закрепления салфетки; подставка; инструкция; USB провод; Аппарат для лица
4397,226792329,wb,Страна производства,Китай
4398,226792329,wb,Вес с упаковкой (кг),0.8 кг
4399,226792329,wb,Длина упаковки,22 см
4400,226792329,wb,Высота упаковки,7 см
4401,226792329,wb,Ширина упаковки,10 см
4402,359523903,wb,Цвет,черный
4403,359523903,wb,Модель,"Массажер для шеи, плеч, спины и тела"
4404,359523903,wb,Гарантийный срок,2 года
4405,359523903,wb,Питание,от сети; от прикуривателя автомобиля; от прикуривателя машины
4406,359523903,wb,Количество режимов работы,3 режима интенсивности и скорости; 3 режима; инфракрасный подогрев
4407,359523903,wb,Тип массажера,роликовый; электроимпульсный; вибромассажер
4408,359523903,wb,Зона массажа,шея; спина; тело
4409,359523903,wb,Форма массажера,воротник
4410,359523903,wb,Действие,массажная подушка для шеи и спины; Массажер электрический для тела шиацу антицеллюлитный; Массажер электрический для дома и аксессуар для автомобиля
4411,359523903,wb,Мин. продолжительность автономной работы,15 мин
4412,359523903,wb,Доп. опции массажера,вибромассаж; функция подогрева; автомобильный
4413,359523903,wb,Количество роликов,16; по 8 роликов в 2 узлах
4414,359523903,wb,Комплектация,Массажер - 1шт; блок питания от сети - 1шт; автомобильный блок в прикуриватель - 1шт.
4415,359523903,wb,Страна производства,Китай
4416,359523903,wb,Срок эксплуатации,бессрочно
4417,359523903,wb,Высота предмета,17 см
4418,359523903,wb,Ширина предмета,18 см
4419,359523903,wb,Глубина предмета,40 см
4420,359523903,wb,Вес без упаковки (кг),1 кг
4421,359523903,wb,Вес с упаковкой (кг),1.3 кг
4422,359523903,wb,Длина упаковки,18 см
4423,359523903,wb,Высота упаковки,40 см
4424,359523903,wb,Ширина упаковки,18 см
4425,177755412,wb,Цвет,коричневый
4426,177755412,wb,Модель,Classic
4427,177755412,wb,Гарантийный срок,1 год
4428,177755412,wb,Питание,от сети
4429,177755412,wb,Количество режимов работы,9
4430,177755412,wb,Тип массажера,вибромассажер; роликовый; тепловой
4431,177755412,wb,Зона массажа,ноги; тело; спина
4432,177755412,wb,Действие,снятие отечности; улучшение кровообращения; успокаивающее
4433,177755412,wb,Доп. опции массажера,вибромассаж; таймер; функция подогрева
4434,177755412,wb,Количество роликов,20
4435,177755412,wb,Комплектация,массажер матрас кресло для тела; подушка массажер для шеи и спины; ароматическая подушка валик
4436,177755412,wb,Страна производства,Китай
4437,177755412,wb,Высота предмета,165 см
4438,177755412,wb,Ширина предмета,50 см
4439,177755412,wb,Вес с упаковкой (кг),4 кг
4440,177755412,wb,Длина упаковки,48 см
4441,177755412,wb,Высота упаковки,21 см
4442,177755412,wb,Ширина упаковки,36 см
4443,159396020,wb,Цвет,белый
4444,159396020,wb,Модель,1906
4445,159396020,wb,Гарантийный срок,1 год
4446,159396020,wb,Питание,Встроенный аккумулятор
4447,159396020,wb,Количество режимов работы,6 режимов работы; 2 тепловых режима; электромассажер
4448,159396020,wb,Тип массажера,вибромассажер; импульсный электрический массажер; массажер электрический для тела шиацу
4449,159396020,wb,Зона массажа,"массажер для шеи, плеч и спины; массажер для головы и тела; Электроимпульсный массажер шейных позвонков"
4450,159396020,wb,Форма массажера,воротник
4451,159396020,wb,Действие,"массажер для тела, для спины, для шеи; релаксация; снятие стресса"
4452,159396020,wb,Мин. продолжительность автономной работы,15 мин
4453,159396020,wb,Доп. опции массажера,вибромассаж; миостимулятор для тела; микротоковый массажер
4454,159396020,wb,Количество роликов,2
4455,159396020,wb,Комплектация,Массажер электронный - 1шт; коробка; Гарантийный талон - 1 шт; USB - шнур 1шт.
4456,159396020,wb,Страна производства,Китай
4457,159396020,wb,Высота предмета,4.5 см
4458,159396020,wb,Ширина предмета,18.5 см
4459,159396020,wb,Вес без упаковки (кг),0.2 кг
4460,159396020,wb,Вес с упаковкой (кг),0.3 кг
4461,159396020,wb,Длина упаковки,19 см
4462,159396020,wb,Высота упаковки,6 см
4463,159396020,wb,Ширина упаковки,20 см
4464,200527796,wb,Цвет,белый
4465,200527796,wb,Количество предметов в упаковке,1 шт.
4466,200527796,wb,Материал изделия,пластик; нержавеющая сталь; abs-пластик
4467,200527796,wb,Зона массажа,лицо; шея; Вокруг глаз
4468,200527796,wb,Действие,против морщин; лифтинг; омолаживание
4469,200527796,wb,Страна производства,Китай
4470,200527796,wb,Комплектация,Микротоковый массажер; USB-зарядка; инструкция; мешочек для хранения
4471,200527796,wb,Ширина предмета,6.5 см
4472,200527796,wb,Высота предмета,10 см
4473,200527796,wb,Вес товара с упаковкой (г),330 г
4474,200527796,wb,Длина упаковки,14 см
4475,200527796,wb,Высота упаковки,5 см
4476,200527796,wb,Ширина упаковки,14 см
4477,90029941,wb,Цвет,темно-розовый
4478,90029941,wb,Модель,массажер для омоложения кожи
4479,90029941,wb,Питание,USB
4480,90029941,wb,Количество режимов работы,Два режима работы
4481,90029941,wb,Тип массажера,3D массаж; микротоковый; роликовый
4482,90029941,wb,Зона массажа,"Для подбородка скул вокруг глаз, шея; лицо"
4483,90029941,wb,Действие,омоложение; лифтинг; против морщин
4484,90029941,wb,Мин. продолжительность автономной работы,5 мин
4485,90029941,wb,Доп. опции массажера,автовыключение; Регулируемая скорость
4486,90029941,wb,Количество роликов,4 массажных ролика
4487,90029941,wb,Комплектация,Массажер - 1шт; Инструкция на русском - 1шт; Инструкция на английском - 1шт; usb провод (без адаптера) - 1 шт
4488,90029941,wb,Страна производства,Китай
4489,90029941,wb,Высота предмета,6.5 см
4490,90029941,wb,Ширина предмета,7 см
4491,90029941,wb,Глубина предмета,7 см
4492,90029941,wb,Вес без упаковки (кг),0.18 кг
4493,90029941,wb,Вес с упаковкой (кг),0.37 кг
4494,90029941,wb,Длина упаковки,8 см
4495,90029941,wb,Высота упаковки,15 см
4496,90029941,wb,Ширина упаковки,11 см
4497,226792328,wb,Цвет,белый; черный
4498,226792328,wb,Гарантийный срок,1 год
4499,226792328,wb,Питание,от аккумулятора; USB; от сети
4500,226792328,wb,Количество режимов работы,7 шт.
4501,226792328,wb,Тип массажера,электроимпульсный; вибромассажер; микротоковый
4502,226792328,wb,Зона массажа,зона вокруг глаз; лицо; шея
4503,226792328,wb,Действие,против морщин; снятие отечности
4504,226792328,wb,Доп. опции массажера,лифтинг; микротоки; миостимулятор
4505,226792328,wb,Комплектация,кольцо для закрепления салфетки; подставка; инструкция; USB провод; Аппарат для лица
4506,226792328,wb,Страна производства,Китай
4507,226792328,wb,Вес с упаковкой (кг),0.8 кг
4508,226792328,wb,Длина упаковки,22 см
4509,226792328,wb,Высота упаковки,7 см
4510,226792328,wb,Ширина упаковки,10 см
4511,293174131,wb,Цвет,белый; бежевый; золотистый
4512,293174131,wb,Модель,Микротоковый массажер RFLY М99
4513,293174131,wb,Гарантийный срок,2 года
4514,293174131,wb,Питание,от аккумулятора; от сети
4515,293174131,wb,Количество режимов работы,7 режимов
4516,293174131,wb,Тип массажера,ультразвуковой; вибрационный; электроимпульсный
4517,293174131,wb,Зона массажа,лицо; зона вокруг глаз; шея
4518,293174131,wb,Форма массажера,ручной электромассажер
4519,293174131,wb,Действие,подтяжка кожи и мышц лица; омоложение против морщин; лифтинг терапия
4520,293174131,wb,Мин. продолжительность автономной работы,60 мин
4521,293174131,wb,Доп. опции массажера,индикация выбранного режима; регулировка интенсивности; автовыключение
4522,293174131,wb,Комплектация,микротоковый массажер; фиксирующее кольцо; USB кабель; зарядная станция; инструкция на русском; контактный гель; Маска для лица; Мешочек для хранения
4523,293174131,wb,Страна производства,Китай
4524,293174131,wb,Высота предмета,17 см
4525,293174131,wb,Ширина предмета,4.2 см
4526,293174131,wb,Глубина предмета,3.2 см
4527,293174131,wb,Вес с упаковкой (кг),0.55 кг
4528,293174131,wb,Длина упаковки,20 см
4529,293174131,wb,Высота упаковки,5 см
4530,293174131,wb,Ширина упаковки,13 см
4531,279333423,wb,Цвет,черный
4532,279333423,wb,Модель,массажер для похудения
4533,279333423,wb,Гарантийный срок,5 лет
4534,279333423,wb,Питание,от сети
4535,279333423,wb,Количество режимов работы,99 режимов; 10 программ тренировок
4536,279333423,wb,Тип массажера,магнитно-акупунктурный; оздоровление; Массажер для ног
4537,279333423,wb,Зона массажа,ягодицы; ноги; живот
4538,279333423,wb,Действие,улучшение кровообращения; улучшение сна; спорт
4539,279333423,wb,Доп. опции массажера,вибромассаж; вибромассажер для тела; массажер для спины
4540,279333423,wb,Количество роликов,массажер для спины; Кардиотренажер; массажер для тела
4541,279333423,wb,Комплектация,Виброплатформа - 1 шт; экспандер - 2 шт; инструкция; пульт ДУ - 1шт
4542,279333423,wb,Страна производства,Китай
4543,279333423,wb,Срок эксплуатации,5 лет
4544,279333423,wb,Высота предмета,12.5 см
4545,279333423,wb,Ширина предмета,52 см
4546,279333423,wb,Глубина предмета,32 см
4547,279333423,wb,Вес без упаковки (кг),9 кг
4548,279333423,wb,Вес с упаковкой (кг),9 кг
4549,279333423,wb,Длина упаковки,42 см
4550,279333423,wb,Высота упаковки,17 см
4551,279333423,wb,Ширина упаковки,52 см
4552,370578988,wb,Цвет,белый текстурный
4553,370578988,wb,Модель,микротоковый массажер 7 в 1
4554,370578988,wb,Питание,от аккумулятора; USB; от сети
4555,370578988,wb,Количество режимов работы,3 режима
4556,370578988,wb,Количество насадок,1 шт.
4557,370578988,wb,Тип массажера,вибромассажер; тепловой; микротоки
4558,370578988,wb,Зона массажа,лицо; шея; зона вокруг глаз
4559,370578988,wb,Форма массажера,ручной электромассажер
4560,370578988,wb,Действие,лифтинг; лимфодренажное действие; от отеков
4561,370578988,wb,Мин. продолжительность автономной работы,15 мин
4562,370578988,wb,Доп. опции массажера,вибромассаж; светотерапия; функция подогрева
4563,370578988,wb,Количество роликов,1 шт.
4564,370578988,wb,Комплектация,Косметический аппарат - 1шт; Зарядный кабель - 1шт; упаковочная коробка
4565,370578988,wb,Страна производства,Китай
4566,370578988,wb,Вес с упаковкой (кг),0.13 кг
4567,370578988,wb,Длина упаковки,17 см
4568,370578988,wb,Высота упаковки,7 см
4569,370578988,wb,Ширина упаковки,15 см
4570,173244164,wb,Цвет,белый
4571,173244164,wb,Модель,миостимулятор микротоки от прыщей отеков
4572,173244164,wb,Гарантийный срок,1 год
4573,173244164,wb,Питание,USB; от аккумулятора
4574,173244164,wb,Количество режимов работы,7
4575,173244164,wb,Тип массажера,вибромассажер; электроимпульсный
4576,173244164,wb,Зона массажа,вокруг глаз; лицо; зона вокруг глаз
4577,173244164,wb,Действие,beauty омолаживание подтяжка лица; аппарат против морщин от второго подбородка; rf лифтинг подтяжка
4578,173244164,wb,Мин. продолжительность автономной работы,180 мин
4579,173244164,wb,Комплектация,подставка; USB кабель; массажер
4580,173244164,wb,Страна производства,Китай
4581,173244164,wb,Вес с упаковкой (кг),0.9 кг
4582,173244164,wb,Длина упаковки,12 см
4583,173244164,wb,Высота упаковки,19 см
4584,173244164,wb,Ширина упаковки,7 см
4585,236178371,wb,Цвет,бежевый; бежевый нейтральный
4586,236178371,wb,Модель,массажер для шеи
4587,236178371,wb,Гарантийный срок,6 мес.; полгода
4588,236178371,wb,Питание,от сети; от прикуривателя автомобиля; от прикуривателя машины
4589,236178371,wb,Количество режимов работы,3 режима интенсивности и скорости; 6 режимов
4590,236178371,wb,Тип массажера,роликовый; не перкуссионный вибромассажер пистолет для глаз; не лимфодренажный массажер миостимулятор для стоп
4591,236178371,wb,Зона массажа,"для ног шеи тела спины лица; лицо не против морщин; Спина, шея, плечи, ноги, руки, бедра, поясница, живот"
4592,236178371,wb,Действие,массажная подушка для шеи и спины; Массажер электрический для тела шиацу антицеллюлитный; Массажер электрический для дома и аксессуар для автомобиля
4593,236178371,wb,Мин. продолжительность автономной работы,15 мин
4594,236178371,wb,Доп. опции массажера,не виброплатформа; не перкуссионный массажер пистолет; массажер не для глаз
4595,236178371,wb,Количество роликов,16; по 8 роликов в 2 узлах
4596,236178371,wb,Комплектация,массажер - 1шт.; Блок питания от сети - 1шт.; автомобильный блок в прикуриватель - 1шт.; подарок
4597,236178371,wb,Страна производства,Китай
4598,236178371,wb,Высота предмета,18 см
4599,236178371,wb,Ширина предмета,41 см
4600,236178371,wb,Глубина предмета,14 см
4601,236178371,wb,Вес с упаковкой (кг),1.3 кг
4602,236178371,wb,Длина упаковки,42 см
4603,236178371,wb,Высота упаковки,20 см
4604,236178371,wb,Ширина упаковки,20 см
4605,431364629,wb,Питание,от сети; от аккумулятора; USB
4606,431364629,wb,Действие,восстановление
4607,431364629,wb,Вес с упаковкой (кг),1 кг
4608,431364629,wb,Длина упаковки,31 см
4609,431364629,wb,Высота упаковки,4 см
4610,431364629,wb,Ширина упаковки,17 см
4611,383760972,wb,Цвет,серый; белый
4612,383760972,wb,Максимальный вес (кг),250 кг
4613,383760972,wb,Модель тренажера,AST-300V
4614,383760972,wb,Система нагрузки,электромагнитная
4615,383760972,wb,Комплектация,массажер; электроды 4 шт; пульт управления; Шнур питания; инструкция
4616,383760972,wb,Страна производства,Китай
4617,383760972,wb,Высота предмета,6 см
4618,383760972,wb,Длина предмета,35 см
4619,383760972,wb,Ширина предмета,25 см
4620,383760972,wb,Вес без упаковки (кг),1.2 кг
4621,383760972,wb,Длина упаковки,34 см
4622,383760972,wb,Высота упаковки,10 см
4623,383760972,wb,Ширина упаковки,38 см
4624,229767050,wb,Цвет,фиолетовый
4625,229767050,wb,Гарантийный срок,1 год
4626,229767050,wb,Питание,от аккумулятора; USB; от сети
4627,229767050,wb,Количество режимов работы,7 шт.
4628,229767050,wb,Тип массажера,электроимпульсный; вибромассажер; микротоковый
4629,229767050,wb,Зона массажа,зона вокруг глаз; лицо; шея
4630,229767050,wb,Действие,против морщин; снятие отечности
4631,229767050,wb,Доп. опции массажера,лифтинг; микротоки; миостимулятор
4632,229767050,wb,Комплектация,кольцо для закрепления салфетки; подставка; инструкция; USB провод; Аппарат для лица
4633,229767050,wb,Страна производства,Китай
4634,229767050,wb,Вес с упаковкой (кг),0.8 кг
4635,229767050,wb,Длина упаковки,20 см
4636,229767050,wb,Высота упаковки,6 см
4637,229767050,wb,Ширина упаковки,12 см
4638,345036723,wb,Цвет,черный
4639,345036723,wb,Модель,электрический
4640,345036723,wb,Гарантийный срок,12 месяцев
4641,345036723,wb,Питание,от адаптера
4642,345036723,wb,Количество режимов работы,12 режимов
4643,345036723,wb,Тип массажера,Вакуумный лимфодренажный для ног; массажёр для живота; Антицеллюлитный массаж и lpg массаж
4644,345036723,wb,Зона массажа,тело; ягодицы; ноги
4645,345036723,wb,Действие,"от целлюлита; похудение для женщин; для похудения, коррекция фигуры"
4646,345036723,wb,Доп. опции массажера,беспроводной массаж; вибромассаж; защита от перегрева
4647,345036723,wb,Количество роликов,0
4648,345036723,wb,Комплектация,вакуумный массажер - 1 шт; фильтры - 5 шт; массажное масло - 2 шт; USB-провод - 1 шт; инструкция на русском языке все для похудения женщин
4649,345036723,wb,Страна производства,Китай
4650,345036723,wb,Длина упаковки,23 см
4651,345036723,wb,Высота упаковки,10 см
4652,345036723,wb,Ширина упаковки,13 см
4653,198129723,wb,Цвет,белый; серебристый
4654,198129723,wb,Модель,шейный массажер
4655,198129723,wb,Гарантийный срок,1 год
4656,198129723,wb,Питание,USB; от аккумулятора; от прикуривателя автомобиля
4657,198129723,wb,Количество режимов работы,6 режимов; 20 шагов мощности
4658,198129723,wb,Тип массажера,электроимпульсный; тепловой; электромассажер
4659,198129723,wb,Зона массажа,шея и плечи; шейный отдел позвоночника; воротниковая зона
4660,198129723,wb,Действие,"Инфракрасный и тепловой нагрев мышц; Оздоровление, снимает стресс; улучшение сна"
4661,198129723,wb,Мин. продолжительность автономной работы,120 мин
4662,198129723,wb,Доп. опции массажера,функция нагрева; импульсный массаж; от остеохондроза
4663,198129723,wb,Количество роликов,4 электроимпульсные массажные головки
4664,198129723,wb,Страна производства,Китай
4665,198129723,wb,Высота предмета,15 см
4666,198129723,wb,Ширина предмета,16 см
4667,198129723,wb,Вес без упаковки (кг),0.2 кг
4668,198129723,wb,Вес с упаковкой (кг),0.4 кг
4669,198129723,wb,Длина упаковки,22 см
4670,198129723,wb,Высота упаковки,9 см
4671,198129723,wb,Ширина упаковки,23 см
4672,208468175,wb,Цвет,белый; черный
4673,208468175,wb,Гарантийный срок,1 год
4674,208468175,wb,Питание,от аккумулятора; USB; от сети
4675,208468175,wb,Количество режимов работы,7 шт.
4676,208468175,wb,Тип массажера,электроимпульсный; вибромассажер; микротоковый
4677,208468175,wb,Зона массажа,зона вокруг глаз; лицо; шея
4678,208468175,wb,Действие,против морщин; снятие отечности
4679,208468175,wb,Доп. опции массажера,лифтинг; микротоки; миостимулятор
4680,208468175,wb,Комплектация,кольцо для закрепления салфетки; подставка; инструкция; USB провод; Аппарат для лица
4681,208468175,wb,Страна производства,Китай
4682,208468175,wb,Вес с упаковкой (кг),0.8 кг
4683,208468175,wb,Длина упаковки,20 см
4684,208468175,wb,Высота упаковки,6 см
4685,208468175,wb,Ширина упаковки,12 см
4686,244960431,wb,Цвет,черный
4687,244960431,wb,Модель,JL-A10
4688,244960431,wb,Гарантийный срок,1 год
4689,244960431,wb,Питание,от сети
4690,244960431,wb,Количество режимов работы,3
4691,244960431,wb,Количество насадок,1 шт.
4692,244960431,wb,Тип массажера,вибромассажер; Микротоковый массажер; лимфодренажный массажер
4693,244960431,wb,Зона массажа,голова; тело; ноги
4694,244960431,wb,Действие,улучшение кровообращения; коррекция фигуры; тонизирование
4695,244960431,wb,Доп. опции массажера,инфракрасный излучатель; миостимулятор; EMS
4696,244960431,wb,Количество роликов,22 головки
4697,244960431,wb,Комплектация,Массажер для тела проводной; Инструкция на русском языке; 4 массажных масла
4698,244960431,wb,Страна производства,Китай
4699,244960431,wb,Высота предмета,17 см
4700,244960431,wb,Ширина предмета,9 см
4701,244960431,wb,Глубина предмета,9 см
4702,244960431,wb,Вес без упаковки (кг),0.36 кг
4703,244960431,wb,Вес с упаковкой (кг),0.71 кг
4704,244960431,wb,Длина упаковки,26 см
4705,244960431,wb,Высота упаковки,14 см
4706,244960431,wb,Ширина упаковки,11 см
4707,18777443,wb,Цвет,золотистый
4708,18777443,wb,Модель,Электрический массажер для лица; миостимуляция и хромотерапия; рф-лифтинг и микротоки
4709,18777443,wb,Гарантийный срок,1 год
4710,18777443,wb,Количество режимов работы,3 режима вибромассажа; 6 режимов led-терапия; микротоки и rf-лифтинг
4711,18777443,wb,Тип массажера,микротоковый массажер для омоложения; rf-лифтинг аппарат; миостимулятор
4712,18777443,wb,Зона массажа,носугубные складки; контуринг скул и овала лица; лицо
4713,18777443,wb,Действие,термолифтинг; подтяжка овала лица; антивозрастной уход
4714,18777443,wb,Доп. опции массажера,вибромассаж; электромиостимуляция; подарок для женщины
4715,18777443,wb,Комплектация,Инструкция на русском языке; массажер для лица - 1 шт; USB кабель удлиненный с адаптером
4716,18777443,wb,Страна производства,Китай
4717,18777443,wb,Высота предмета,15 см
4718,18777443,wb,Ширина предмета,5 см
4719,18777443,wb,Глубина предмета,4 см
4720,18777443,wb,Длина упаковки,22 см
4721,18777443,wb,Высота упаковки,7 см
4722,18777443,wb,Ширина упаковки,14 см
4723,265981268,wb,Цвет,белый
4724,265981268,wb,Модель,"rf-лифтинг микротоковый, косметический аппарат"
4725,265981268,wb,Гарантийный срок,1 год
4726,265981268,wb,Питание,от аккумулятора; Беспроводной
4727,265981268,wb,Количество режимов работы,7 режимов
4728,265981268,wb,Тип массажера,вибромассажер; электроимпульсный; тепловой
4729,265981268,wb,Зона массажа,лицо; шея; зона вокруг глаз
4730,265981268,wb,Действие,снятие отечности; против морщин; очищение
4731,265981268,wb,Мин. продолжительность автономной работы,60 мин
4732,265981268,wb,Доп. опции массажера,электромиостимуляция; ионофорез; вибромассаж
4733,265981268,wb,Количество роликов,1
4734,265981268,wb,Комплектация,Массажер - 1шт; кольцо для закрепления - 1 шт; USB - кабель - 1 шт; Инструкция на русском языке; Подставка - 1
4735,265981268,wb,Страна производства,Китай
4736,265981268,wb,Высота предмета,17.5 см
4737,265981268,wb,Ширина предмета,6.5 см
4738,265981268,wb,Глубина предмета,6 см
4739,265981268,wb,Вес без упаковки (кг),0.4 кг
4740,265981268,wb,Вес с упаковкой (кг),0.5 кг
4741,265981268,wb,Длина упаковки,21 см
4742,265981268,wb,Высота упаковки,9 см
4743,265981268,wb,Ширина упаковки,14 см
4744,109059870,wb,Цвет,белый
4745,109059870,wb,Модель,"Массажер для шеи и плеч электрический, импульсный, вибромассажный"
4746,109059870,wb,Гарантийный срок,1 год
4747,109059870,wb,Питание,"Встроенная батарея, заряжаемая от USB"
4748,109059870,wb,Количество режимов работы,10
4749,109059870,wb,Тип массажера,импульсный; электростимуляция; с подогревом
4750,109059870,wb,Зона массажа,"шея, плечи, спина; воротниковая зона; голова"
4751,109059870,wb,Действие,"Улучшает сон и общее самочувствие; расслабляет, снимает усталость и стресс; массажная подушка"
4752,109059870,wb,Мин. продолжительность автономной работы,15 мин
4753,109059870,wb,Доп. опции массажера,миостимуляция; лимфодренажный массажер; акупунктурный
4754,109059870,wb,Количество роликов,нет
4755,109059870,wb,Комплектация,Руководство пользователя (русский язык); Импульсный массажер для шеи; ДУ пульт управления
4756,109059870,wb,Страна производства,Китай
4757,109059870,wb,Высота предмета,5 см
4758,109059870,wb,Ширина предмета,16 см
4759,109059870,wb,Глубина предмета,15 см
4760,109059870,wb,Вес без упаковки (кг),0.15 кг
4761,109059870,wb,Вес с упаковкой (кг),0.2 кг
4762,109059870,wb,Длина упаковки,15 см
4763,109059870,wb,Высота упаковки,6 см
4764,109059870,wb,Ширина упаковки,16 см
4765,261224690,wb,Цвет,черный
4766,261224690,wb,Модель,EMS Foot Massager
4767,261224690,wb,Питание,USB
4768,261224690,wb,Количество режимов работы,8
4769,261224690,wb,Тип массажера,электроимпульсный
4770,261224690,wb,Зона массажа,ноги; стопы
4771,261224690,wb,Действие,улучшение кровообращения; успокаивающее; снимает усталость
4772,261224690,wb,Доп. опции массажера,электромиостимуляция
4773,261224690,wb,Длина упаковки,23 см
4774,261224690,wb,Высота упаковки,3 см
4775,261224690,wb,Ширина упаковки,15 см
4776,403235880,wb,Цвет,бежевый
4777,403235880,wb,Питание,от сети
4778,403235880,wb,Количество режимов работы,3 режима интенсивности и скорости
4779,403235880,wb,Тип массажера,роликовый; электроимпульсный; вибромассажер
4780,403235880,wb,Зона массажа,шея; спина; тело
4781,403235880,wb,Форма массажера,воротник
4782,403235880,wb,Действие,массажная подушка для шеи и спины; Массажер электрический для тела шиацу антицеллюлитный; Массажер электрический для дома и аксессуар для автомобиля
4783,403235880,wb,Мин. продолжительность автономной работы,15 мин
4784,403235880,wb,Доп. опции массажера,инфракрасный подогрев; вибромассаж; автомобильный
4785,403235880,wb,Количество роликов,16; по 8 роликов в 2 узлах
4786,403235880,wb,Комплектация,Массажер - 1шт; Блок питания от сети - 1шт.; автомобильный блок в прикуриватель - 1шт.
4787,403235880,wb,Страна производства,Китай
4788,403235880,wb,Высота предмета,40 см
4789,403235880,wb,Ширина предмета,18 см
4790,403235880,wb,Глубина предмета,17 см
4791,403235880,wb,Вес без упаковки (кг),1 кг
4792,403235880,wb,Вес с упаковкой (кг),1.3 кг
4793,403235880,wb,Длина упаковки,41 см
4794,403235880,wb,Высота упаковки,18 см
4795,403235880,wb,Ширина упаковки,19 см
4796,242400366,wb,Цвет,белый; розовый; фиолетовый
4797,242400366,wb,Модель,электрический массажер для лица
4798,242400366,wb,Гарантийный срок,1 год
4799,242400366,wb,Питание,USB
4800,242400366,wb,Количество режимов работы,7 режимов
4801,242400366,wb,Количество насадок,1 шт.
4802,242400366,wb,Тип массажера,вибромассажер; rf-лифтинг; микротоковый
4803,242400366,wb,Зона массажа,лицо; зона вокруг глаз; шея
4804,242400366,wb,Действие,омолаживание; лифтинг; очищение
4805,242400366,wb,Мин. продолжительность автономной работы,120 мин
4806,242400366,wb,Доп. опции массажера,вибромассаж; функция подогрева; массаж для глаз
4807,242400366,wb,Количество роликов,1 шт.
4808,242400366,wb,Комплектация,"USB шнур, подставка, насадка для очищения лица, микротоковый массажер"
4809,242400366,wb,Страна производства,Китай
4810,242400366,wb,Высота предмета,18 см
4811,242400366,wb,Ширина предмета,5 см
4812,242400366,wb,Вес без упаковки (кг),0.4 кг
4813,242400366,wb,Вес с упаковкой (кг),0.45 кг
4814,242400366,wb,Длина упаковки,23 см
4815,242400366,wb,Высота упаковки,10 см
4816,242400366,wb,Ширина упаковки,16 см
4817,370580375,wb,Цвет,черный
4818,370580375,wb,Модель,микротоковый массажер 7 в 1
4819,370580375,wb,Питание,от аккумулятора; USB; от сети
4820,370580375,wb,Количество режимов работы,3 режима
4821,370580375,wb,Количество насадок,1 шт.
4822,370580375,wb,Тип массажера,микротоковый; вибромассажер; тепловой
4823,370580375,wb,Зона массажа,зона вокруг глаз; шея; лицо
4824,370580375,wb,Форма массажера,ручной электромассажер
4825,370580375,wb,Действие,омолаживание; против морщин; снятие отечности
4826,370580375,wb,Мин. продолжительность автономной работы,15 мин
4827,370580375,wb,Доп. опции массажера,от аккумулятора; USB; от сети
4828,370580375,wb,Количество роликов,1 шт.
4829,370580375,wb,Комплектация,Косметический аппарат - 1шт; Зарядный кабель - 1шт; упаковочная коробка
4830,370580375,wb,Страна производства,Китай
4831,370580375,wb,Вес с упаковкой (кг),0.13 кг
4832,370580375,wb,Длина упаковки,17 см
4833,370580375,wb,Высота упаковки,7 см
4834,370580375,wb,Ширина упаковки,15 см
4835,370280506,wb,Цвет,бежевый
4836,370280506,wb,Питание,от сети
4837,370280506,wb,Количество режимов работы,3 режима интенсивности и скорости
4838,370280506,wb,Тип массажера,роликовый; электроимпульсный; вибромассажер
4839,370280506,wb,Зона массажа,шея; спина; тело
4840,370280506,wb,Форма массажера,воротник
4841,370280506,wb,Действие,массажная подушка для шеи и спины; Массажер электрический для тела шиацу антицеллюлитный; Массажер электрический для дома и аксессуар для автомобиля
4842,370280506,wb,Мин. продолжительность автономной работы,15 мин
4843,370280506,wb,Доп. опции массажера,инфракрасный подогрев; вибромассаж; автомобильный
4844,370280506,wb,Количество роликов,16; по 8 роликов в 2 узлах
4845,370280506,wb,Комплектация,Массажер - 1шт; Блок питания от сети - 1шт.; автомобильный блок в прикуриватель - 1шт.
4846,370280506,wb,Страна производства,Китай
4847,370280506,wb,Высота предмета,40 см
4848,370280506,wb,Ширина предмета,18 см
4849,370280506,wb,Глубина предмета,17 см
4850,370280506,wb,Вес без упаковки (кг),1 кг
4851,370280506,wb,Вес с упаковкой (кг),1.3 кг
4852,370280506,wb,Длина упаковки,41 см
4853,370280506,wb,Высота упаковки,18 см
4854,370280506,wb,Ширина упаковки,19 см
4855,266565943,wb,Цвет,черный
4856,266565943,wb,Модель,H5
4857,266565943,wb,Материал корпуса,ABS
4858,266565943,wb,Назначение косметического прибора,мезотерапия; увлажнение; омоложение кожи
4859,266565943,wb,Вид воздействия,электромиостимуляция; ems; микротоки
4860,266565943,wb,Область применения,для всего тела; для кожи головы; для лица
4861,266565943,wb,Возрастные ограничения,18+
4862,266565943,wb,Противопоказания,ОРВИ; детский возраст; кардиостимулятор
4863,266565943,wb,Комплектация,коробка; индукционная подставка; гидропен H5; зарядный кабель; адаптер питания; инструкция по применению; удерживающее кольцо - 2 шт; картридж на 12 игл -2 шт
4864,266565943,wb,Страна производства,Китай
4865,266565943,wb,Вес товара с упаковкой (г),655 г
4866,266565943,wb,Длина упаковки,19 см
4867,266565943,wb,Высота упаковки,8 см
4868,266565943,wb,Ширина упаковки,15 см
4869,94481875,wb,Модель,Плакаты А3 Биологически Активных Точек
4870,94481875,wb,Гарантийный срок,14 дней
4871,94481875,wb,Количество режимов работы,15 режимов
4872,94481875,wb,Тип массажера,вибромассажер; электроимпульсный
4873,94481875,wb,Зона массажа,бедра; живот; ягодицы
4874,94481875,wb,Действие,для похудения; антицеллюлитный
4875,94481875,wb,Комплектация,"4 плаката: спереди, сзади на позвоночнике и лице"
4876,94481875,wb,Страна производства,Россия
4877,94481875,wb,Вес с упаковкой (кг),0.1 кг
4878,94481875,wb,Длина упаковки,38 см
4879,94481875,wb,Высота упаковки,1 см
4880,94481875,wb,Ширина упаковки,49 см
4881,417604657,wb,Цвет,черный
4882,417604657,wb,Модель,PRO - 1
4883,417604657,wb,Гарантийный срок,2 года
4884,417604657,wb,Питание,от сети
4885,417604657,wb,Количество режимов работы,120 режимов скорости; 8 автоматических программ
4886,417604657,wb,Количество насадок,1 шт.
4887,417604657,wb,Тип массажера,оздоровление; вибрационный; магнитный
4888,417604657,wb,Зона массажа,ягодицы; ноги; живот
4889,417604657,wb,Форма массажера,для похудения
4890,417604657,wb,Действие,улучшение кровообращения; спорт; улучшение сна
4891,417604657,wb,Мин. продолжительность автономной работы,15 мин
4892,417604657,wb,Доп. опции массажера,воспроизведение музыки; антицеллюлитный массажер; вибромассажер
4893,417604657,wb,Количество роликов,массажер для тела; Кардиотренажер; тренажер для похудения
4894,417604657,wb,Комплектация,"экспандер - 2 шт; Инструкция на русском языке; пульт ДУ - 1шт; Подарки - фитнес резинки (4шт), скалка(1шт)"
4895,417604657,wb,Страна производства,Китай
4896,417604657,wb,Высота предмета,15 см
4897,417604657,wb,Ширина предмета,35 см
4898,417604657,wb,Глубина предмета,35 см
4899,417604657,wb,Вес без упаковки (кг),9 кг
4900,417604657,wb,Вес с упаковкой (кг),10 кг
4901,417604657,wb,Длина упаковки,64 см
4902,417604657,wb,Высота упаковки,20 см
4903,417604657,wb,Ширина упаковки,43 см
4904,33915463,wb,Цвет,фиолетовый
4905,33915463,wb,Модель,rf-лифтинг аппарат; массажер с микротоками электрический; led-хромотерапия
4906,33915463,wb,Гарантийный срок,1 год
4907,33915463,wb,Количество режимов работы,12 режимов массажа лица; 5 типов аппаратного ухода
4908,33915463,wb,Тип массажера,Электрический многофункциональный аппарат для ухода за лицом; массажер для лица от морщин и отеков с микротоками; функция нагрева и высока мощность
4909,33915463,wb,Зона массажа,лицо; шея; зона подбородка
4910,33915463,wb,Действие,против морщин; лифтинг лица; микротоковая терапия
4911,33915463,wb,Доп. опции массажера,термолифтинг; миостимулятор; подарок жене
4912,33915463,wb,Комплектация,Инструкция на русском языке; USB кабель удлиненный с адаптером; электрический аппарат для лица
4913,33915463,wb,Страна производства,Китай
4914,33915463,wb,Высота предмета,15 см
4915,33915463,wb,Ширина предмета,5 см
4916,33915463,wb,Глубина предмета,4 см
4917,33915463,wb,Длина упаковки,22 см
4918,33915463,wb,Высота упаковки,7 см
4919,33915463,wb,Ширина упаковки,14 см
4920,195992623,wb,Модель,аппарат
4921,195992623,wb,Гарантийный срок,12 месяцев
4922,195992623,wb,Питание,Батарейки АА (4шт).
4923,195992623,wb,Материал корпуса,Пластик ударопрочный
4924,195992623,wb,Противопоказания,"кровотечения, онкология, гипертония 2Б-3стадии,; кардиостимулятор, беременность, эпилепсия,; металлические импланты в области воздействия"
4925,195992623,wb,Комплектация,Элемент питания АА-4шт; Чехол для хранения аппарата-1шт; Электростимулятор Тренажер Маркелова-1шт; Инструкция по применению на 65 страницах с гарантийным талоном-1шт; Отвертка-1шт
4926,195992623,wb,Страна производства,Россия
4927,195992623,wb,Вес товара без упаковки (г),235 г
4928,195992623,wb,Вес товара с упаковкой (г),580 г
4929,195992623,wb,Длина упаковки,23 см
4930,195992623,wb,Высота упаковки,4 см
4931,195992623,wb,Ширина упаковки,15 см
4932,195992623,wb,Регистрационное удостоверение,ФСР 2011/11334
4933,416407275,wb,Цвет,черный; серый; красный; синий; зеленый
4934,416407275,wb,Гарантийный срок,1 год
4935,416407275,wb,Питание,от аккумулятора
4936,416407275,wb,Количество режимов работы,6 режимов
4937,416407275,wb,Количество насадок,6 шт.
4938,416407275,wb,Действие,восстановление; питание
4939,416407275,wb,Мин. продолжительность автономной работы,480 мин
4940,416407275,wb,Вес с упаковкой (кг),9 кг
4941,416407275,wb,Длина упаковки,21 см
4942,416407275,wb,Высота упаковки,6 см
4943,416407275,wb,Ширина упаковки,26 см
4944,266566716,wb,Цвет,черный
4945,266566716,wb,Модель,H5 Gold
4946,266566716,wb,Материал корпуса,abs-пластик
4947,266566716,wb,Назначение косметического прибора,массаж; мезотерапия; омоложение кожи
4948,266566716,wb,Вид воздействия,микротоки; емс; микронидлинг
4949,266566716,wb,Область применения,для всего тела; для кожи головы; для лица
4950,266566716,wb,Возрастные ограничения,18+
4951,266566716,wb,Противопоказания,ОРВИ; воспалительные процессы; онкозаболевания
4952,266566716,wb,Комплектация,индукционная подставка; гидропен H5; коробка; зарядный кабель; адаптер; инструкция по использованию; удерживающее кольцо - 2 шт; картридж 12 игл - 2 шт
4953,266566716,wb,Страна производства,Китай
4954,266566716,wb,Вес товара с упаковкой (г),655 г
4955,266566716,wb,Длина упаковки,19 см
4956,266566716,wb,Высота упаковки,8 см
4957,266566716,wb,Ширина упаковки,15 см
4958,165415885,wb,Цвет,черный; синий
4959,165415885,wb,Модель тренажера,фитнес; спортивный; складной
4960,165415885,wb,Система нагрузки,электромагнитная
4961,165415885,wb,Комплектация,тренажер; USB кабель
4962,165415885,wb,Страна производства,Китай
4963,165415885,wb,Длина упаковки,16 см
4964,165415885,wb,Высота упаковки,2 см
4965,165415885,wb,Ширина упаковки,8 см
4966,232088903,wb,Цвет,коричневый
4967,232088903,wb,Модель,массажный матрас
4968,232088903,wb,Питание,от сети
4969,232088903,wb,Количество режимов работы,9
4970,232088903,wb,Тип массажера,вибромассажер; роликовый; тепловой
4971,232088903,wb,Зона массажа,ноги; спина; шея
4972,232088903,wb,Действие,восстановление
4973,232088903,wb,Доп. опции массажера,инфракрасный прогрев; Съемные части
4974,232088903,wb,Количество роликов,12
4975,232088903,wb,Комплектация,"ароматическая подушка валик; массажная подушка с роликами для шеи и плеч съемная; матрас вибрационный для всего тела для спины, поясницы и для ног; массажер для ног с роликами; Инструкция на русском языке; пульт управления на русском языке"
4976,232088903,wb,Вес с упаковкой (кг),5 кг
4977,232088903,wb,Длина упаковки,61 см
4978,232088903,wb,Высота упаковки,20 см
4979,232088903,wb,Ширина упаковки,36 см
4980,362191797,wb,Цвет,коричневый
4981,362191797,wb,Модель,BodyRave
4982,362191797,wb,Гарантийный срок,1 год
4983,362191797,wb,Питание,от сети
4984,362191797,wb,Количество режимов работы,5 режимов; 12 режимов
4985,362191797,wb,Тип массажера,вибрационный; роликовый; электроимпульсный
4986,362191797,wb,Зона массажа,лицо; тело; зона вокруг глаз
4987,362191797,wb,Форма массажера,ручной электромассажер
4988,362191797,wb,Действие,лифтинг; омолаживание; против морщин
4989,362191797,wb,Мин. продолжительность автономной работы,144 мин
4990,362191797,wb,Доп. опции массажера,вибромассаж; электромиостимуляция; эффект иглоукалывания
4991,362191797,wb,Количество роликов,2
4992,362191797,wb,Комплектация,массажер; Провод для зарядки; инструкция; коробка; 2 маски для лица; токопроводящий гель
4993,362191797,wb,Страна производства,Китай
4994,362191797,wb,Высота предмета,18 см
4995,362191797,wb,Ширина предмета,10 см
4996,362191797,wb,Глубина предмета,5.5 см
4997,362191797,wb,Вес без упаковки (кг),0.18 кг
4998,362191797,wb,Вес с упаковкой (кг),0.35 кг
4999,362191797,wb,Длина упаковки,19 см
5000,362191797,wb,Высота упаковки,11 см
5001,362191797,wb,Ширина упаковки,9 см
5002,153160292,wb,Цвет,черный
5003,153160292,wb,Модель,Массажер для ног
5004,153160292,wb,Гарантийный срок,1 год
5005,153160292,wb,Питание,аккумуляторный
5006,153160292,wb,Количество режимов работы,9
5007,153160292,wb,Количество насадок,1 шт.
5008,153160292,wb,Тип массажера,электроимпульсный; миостимуляторный; электрический
5009,153160292,wb,Зона массажа,ноги; стопы; икры
5010,153160292,wb,Действие,Микротоковый массаж; миостимулятор электрический; Расслабление и снятие усталости
5011,153160292,wb,Доп. опции массажера,Микротоковый массаж; лимфодренажный; восстанавливающий
5012,153160292,wb,Комплектация,Массажер электрический - 1 шт; блок регулятор режимов - 1 шт; Провод для зарядки - 1 шт
5013,153160292,wb,Страна производства,Китай
5014,153160292,wb,Вес без упаковки (кг),0.2 кг
5015,153160292,wb,Вес с упаковкой (кг),0.2 кг
5016,153160292,wb,Длина упаковки,15 см
5017,153160292,wb,Высота упаковки,33 см
5018,153160292,wb,Ширина упаковки,4 см
5019,219809298,wb,Цвет,розовый
5020,219809298,wb,Модель,LED терапия
5021,219809298,wb,Питание,от аккумулятора
5022,219809298,wb,Материал корпуса,abs-пластик
5023,219809298,wb,Назначение косметического прибора,омоложение кожи; массаж; лимфодренаж
5024,219809298,wb,Вид воздействия,микротоки
5025,219809298,wb,Область применения,для лица; для тела; для шеи
5026,219809298,wb,Возрастные ограничения,18 +; для взрослых
5027,219809298,wb,Противопоказания,аллергическая реакция; беременность; воспалительные процессы
5028,219809298,wb,Комплектация,массажер 1 шт; кабель для зарядки 1 шт; руководство пользователя; гарантийный талон
5029,219809298,wb,Страна производства,Китай
5030,219809298,wb,Ширина предмета,5 см
5031,219809298,wb,Вес товара с упаковкой (г),200 г
5032,219809298,wb,Длина упаковки,16 см
5033,219809298,wb,Высота упаковки,13 см
5034,219809298,wb,Ширина упаковки,3 см
5035,312601146,wb,Цвет,белый текстурный
5036,312601146,wb,Модель,микротоковый массажер 7 в 1
5037,312601146,wb,Питание,от аккумулятора; USB; от сети
5038,312601146,wb,Количество режимов работы,3 режима
5039,312601146,wb,Количество насадок,1 шт.
5040,312601146,wb,Тип массажера,вибромассажер; тепловой; микротоки
5041,312601146,wb,Зона массажа,лицо; шея; зона вокруг глаз
5042,312601146,wb,Форма массажера,ручной электромассажер
5043,312601146,wb,Действие,лифтинг; лимфодренажное действие; от отеков
5044,312601146,wb,Мин. продолжительность автономной работы,15 мин
5045,312601146,wb,Доп. опции массажера,вибромассаж; светотерапия; функция подогрева
5046,312601146,wb,Количество роликов,1 шт.
5047,312601146,wb,Комплектация,Косметический аппарат - 1шт; Зарядный кабель - 1шт; упаковочная коробка
5048,312601146,wb,Страна производства,Китай
5049,312601146,wb,Вес с упаковкой (кг),0.13 кг
5050,312601146,wb,Длина упаковки,17 см
5051,312601146,wb,Высота упаковки,7 см
5052,312601146,wb,Ширина упаковки,15 см
5053,17796422,wb,Цвет,белый; золотистый
5054,17796422,wb,Количество предметов в упаковке,1 шт
5055,17796422,wb,Материал изделия,пластик
5056,17796422,wb,Зона массажа,лицо; шея; зона вокруг глаз
5057,17796422,wb,Действие,лифтинг; против морщин; роллер для лица
5058,17796422,wb,Страна производства,Китай
5059,17796422,wb,Комплектация,Инструкция на русском языке; гарантийный талон на русском языке; Type-C - USB Кабель для зарядки; Массажер электрический для лица; Тканевый чехол для хранения
5060,17796422,wb,Ширина предмета,10 см
5061,17796422,wb,Высота предмета,13 см
5062,17796422,wb,Вес товара с упаковкой (г),710 г
5063,17796422,wb,Длина упаковки,21 см
5064,17796422,wb,Высота упаковки,12 см
5065,17796422,wb,Ширина упаковки,13 см
5066,229767313,wb,Цвет,белый
5067,229767313,wb,Гарантийный срок,1 год
5068,229767313,wb,Питание,от аккумулятора; USB; от сети
5069,229767313,wb,Количество режимов работы,7 шт.
5070,229767313,wb,Тип массажера,электроимпульсный; вибромассажер; микротоковый
5071,229767313,wb,Зона массажа,зона вокруг глаз; лицо; шея
5072,229767313,wb,Действие,против морщин; снятие отечности
5073,229767313,wb,Доп. опции массажера,лифтинг; микротоки; миостимулятор
5074,229767313,wb,Комплектация,кольцо для закрепления салфетки; подставка; инструкция; USB провод; Аппарат для лица
5075,229767313,wb,Страна производства,Китай
5076,229767313,wb,Вес с упаковкой (кг),0.8 кг
5077,229767313,wb,Длина упаковки,20 см
5078,229767313,wb,Высота упаковки,6 см
5079,229767313,wb,Ширина упаковки,12 см
5080,343085766,wb,Цвет,белый
5081,343085766,wb,Модель,DRY-007
5082,343085766,wb,Гарантийный срок,12 мес
5083,343085766,wb,Питание,220 В
5084,343085766,wb,Количество режимов работы,4 режима
5085,343085766,wb,Тип массажера,вибромассажер; электроимпульсный; токовый
5086,343085766,wb,Зона массажа,лицо; зона вокруг глаз; декольте
5087,343085766,wb,Форма массажера,ручной электромассажер
5088,343085766,wb,Действие,лифтинг; очищение; против морщин
5089,343085766,wb,Мин. продолжительность автономной работы,60 мин
5090,343085766,wb,Доп. опции массажера,вибромассаж; ультразвуковой массаж
5091,343085766,wb,Комплектация,Массажер - 1 шт.; Зарядный провод USB - 1 шт.; кольцо для крепления
5092,343085766,wb,Страна производства,Китай
5093,343085766,wb,Высота предмета,16 см
5094,343085766,wb,Ширина предмета,6 см
5095,343085766,wb,Глубина предмета,5 см
5096,343085766,wb,Вес без упаковки (кг),0.15 кг
5097,343085766,wb,Вес с упаковкой (кг),0.2 кг
5098,343085766,wb,Длина упаковки,22 см
5099,343085766,wb,Высота упаковки,7 см
5100,343085766,wb,Ширина упаковки,12 см
5101,160512409,wb,Цвет,бежевый; коричневый
5102,160512409,wb,Количество предметов в упаковке,3 шт
5103,160512409,wb,Материал изделия,искусственная кожа; пластик
5104,160512409,wb,Зона массажа,спина; шея; плечи
5105,160512409,wb,Действие,массажер для спины и шеи; Массажер электрический для тела шиацу
5106,160512409,wb,Страна производства,Китай
5107,160512409,wb,Комплектация,электрический массажер для шеи; блок питания 220в; Автомобильный блок питания
5108,160512409,wb,Высота предмета,19 см
5109,160512409,wb,Вес товара с упаковкой (г),1000 г
5110,160512409,wb,Длина упаковки,18 см
5111,160512409,wb,Высота упаковки,18 см
5112,160512409,wb,Ширина упаковки,41 см
5113,224084105,wb,Цвет,черный; бежевый
5114,224084105,wb,Модель,Массажер для тела электрический
5115,224084105,wb,Питание,от аккумулятора; USB
5116,224084105,wb,Количество режимов работы,4 режима
5117,224084105,wb,Количество насадок,1 шт.
5118,224084105,wb,Тип массажера,вибромассажер; тепловой; массажер для дома
5119,224084105,wb,Зона массажа,"тело; Для головы; спина, шея, плечи"
5120,224084105,wb,Действие,акупунктурный массаж; массажная подушка с подогревом; массажер для шеи и плеч
5121,224084105,wb,Мин. продолжительность автономной работы,140 мин
5122,224084105,wb,Доп. опции массажера,массажер для автомобиля и самолета; шиацу тайский массаж; шейно-воротниковая зона
5123,224084105,wb,Комплектация,подушка для сна; вибромассажер; шнурок регулировки; кабель для зарядки
5124,224084105,wb,Вес с упаковкой (кг),0.7 кг
5125,224084105,wb,Длина упаковки,29 см
5126,224084105,wb,Высота упаковки,14 см
5127,224084105,wb,Ширина упаковки,31 см
5128,143706614,wb,Цвет,белый
5129,143706614,wb,Количество предметов в упаковке,4 шт.
5130,143706614,wb,Материал изделия,abc пластик
5131,143706614,wb,Зона массажа,лицо; шея; зона вокруг глаз
5132,143706614,wb,Действие,очищение; против морщин; снятие отечности
5133,143706614,wb,Страна производства,Китай
5134,143706614,wb,Комплектация,Массажер - 1 шт.; USB-кабель для зарядного устройства - 1 шт.; Подставка - 1 шт.; Инструкция - 1 шт.; Подарочная коробка - 1 шт.
5135,143706614,wb,Ширина предмета,5 см
5136,143706614,wb,Высота предмета,17.5 см
5137,143706614,wb,Вес товара с упаковкой (г),480 г
5138,143706614,wb,Длина упаковки,22 см
5139,143706614,wb,Высота упаковки,9 см
5140,143706614,wb,Ширина упаковки,16 см
5141,255482119,wb,Цвет,черный
5142,255482119,wb,Гарантийный срок,2 года
5143,255482119,wb,Питание,от сети 220В
5144,255482119,wb,Зона массажа,стопы; лодыжки
5145,255482119,wb,Действие,восстановление
5146,255482119,wb,Мин. продолжительность автономной работы,15 мин
5147,255482119,wb,Комплектация,Массажер - 1 шт; Инструкция на русском - 1шт
5148,255482119,wb,Страна производства,Китай
5149,255482119,wb,Высота предмета,20 см
5150,255482119,wb,Ширина предмета,60 см
5151,255482119,wb,Глубина предмета,40 см
5152,255482119,wb,Вес без упаковки (кг),4 кг
5153,255482119,wb,Длина упаковки,47 см
5154,255482119,wb,Высота упаковки,41 см
5155,255482119,wb,Ширина упаковки,28 см
5156,418686538,wb,Цвет,коричневый
5157,418686538,wb,Модель,Classic
5158,418686538,wb,Гарантийный срок,1 год
5159,418686538,wb,Питание,от сети
5160,418686538,wb,Количество режимов работы,9
5161,418686538,wb,Тип массажера,вибромассажер; роликовый; тепловой
5162,418686538,wb,Зона массажа,ноги; тело; спина
5163,418686538,wb,Действие,снятие отечности; улучшение кровообращения; успокаивающее
5164,418686538,wb,Доп. опции массажера,вибромассаж; таймер; функция подогрева
5165,418686538,wb,Количество роликов,20
5166,418686538,wb,Комплектация,массажер матрас кресло для тела; подушка массажер для шеи и спины; ароматическая подушка валик
5167,418686538,wb,Страна производства,Китай
5168,418686538,wb,Высота предмета,165 см
5169,418686538,wb,Ширина предмета,50 см
5170,418686538,wb,Вес с упаковкой (кг),4 кг
5171,418686538,wb,Длина упаковки,48 см
5172,418686538,wb,Высота упаковки,21 см
5173,418686538,wb,Ширина упаковки,36 см
5174,371756284,wb,Цвет,бежевый
5175,371756284,wb,Модель,Оригинальная модель
5176,371756284,wb,Гарантийный срок,10 лет
5177,371756284,wb,Питание,от сети; от прикуривателя
5178,371756284,wb,Количество режимов работы,3 режима интенсивности и скорости; инфракрасный подогрев
5179,371756284,wb,Тип массажера,роликовый; электроимпульсный; вибромассажер
5180,371756284,wb,Зона массажа,шея; спина; тело
5181,371756284,wb,Форма массажера,накидка
5182,371756284,wb,Действие,массажная подушка для шеи и спины; Массажер электрический для тела шиацу антицеллюлитный; Массажер электрический для дома и аксессуар для автомобиля
5183,371756284,wb,Мин. продолжительность автономной работы,15 мин
5184,371756284,wb,Доп. опции массажера,функция подогрева; автомобильный
5185,371756284,wb,Количество роликов,16; по 8 роликов в 2 узлах
5186,371756284,wb,Комплектация,Массажер; Коробка; Прикуриватель; Переходник для розеток
5187,371756284,wb,Страна производства,Китай
5188,371756284,wb,Срок эксплуатации,Без срочное
5189,371756284,wb,Длина упаковки,39 см
5190,371756284,wb,Высота упаковки,16 см
5191,371756284,wb,Ширина упаковки,16 см
5192,140699703,wb,Цвет,белый
5193,140699703,wb,Количество предметов в упаковке,3
5194,140699703,wb,Материал изделия,пластик; abs-пластик
5195,140699703,wb,Зона массажа,овал лица; подбородок; лицо
5196,140699703,wb,Действие,лифтинг подтяжка; против морщин; миостимулятор для омоложения
5197,140699703,wb,Страна производства,Китай
5198,140699703,wb,Комплектация,кабель для зарядки; инструкция; rf лифтинг бандаж
5199,140699703,wb,Вес товара с упаковкой (г),166 г
5200,140699703,wb,Длина упаковки,11 см
5201,140699703,wb,Высота упаковки,17 см
5202,140699703,wb,Ширина упаковки,7 см
5203,159659909,wb,Цвет,белый
5204,159659909,wb,Зона массажа,Лицо; Шея; Вокруг глаз
5205,159659909,wb,Действие,лифтинг; чистка лица; микротоки аппарат
5206,159659909,wb,Страна производства,Китай
5207,159659909,wb,Комплектация,Подставка - 1 шт; USB кабель - 1шт; Инструкция - 1 шт; Фирменный мешочек - 1 шт; Микротоковый массажер для лица и шеи - 1 шт.
5208,159659909,wb,Ширина предмета,5 см
5209,159659909,wb,Высота предмета,18 см
5210,159659909,wb,Вес товара с упаковкой (г),422 г
5211,159659909,wb,Длина упаковки,23 см
5212,159659909,wb,Высота упаковки,9 см
5213,159659909,wb,Ширина упаковки,16 см
5214,181271983,wb,Цвет,черный
5215,181271983,wb,Модель,массажер для шеи
5216,181271983,wb,Гарантийный срок,6 мес; 180 дней; пол года
5217,181271983,wb,Питание,от сети; от прикуривателя автомобиля; от прикуривателя машины
5218,181271983,wb,Тип массажера,роликовый; не перкуссионный вибромассажер пистолет для глаз; не лимфодренажный массажер миостимулятор для стоп
5219,181271983,wb,Зона массажа,для ног; для шеи; для тела
5220,181271983,wb,Действие,Расслабление; снятие напряжения; Снятие усталости
5221,181271983,wb,Доп. опции массажера,инфракрасный прогрев; вибромассаж; автовыключение
5222,181271983,wb,Количество роликов,16
5223,181271983,wb,Страна производства,Китай
5224,181271983,wb,Длина упаковки,41 см
5225,181271983,wb,Высота упаковки,18 см
5226,181271983,wb,Ширина упаковки,17 см
5227,226159793,wb,Цвет,бежевый
5228,226159793,wb,Модель,массажер для шеи
5229,226159793,wb,Питание,от сети; от прикуривателя автомобиля; от прикуривателя машины
5230,226159793,wb,Количество насадок,16 шт.
5231,226159793,wb,Тип массажера,вибромассажер
5232,226159793,wb,Зона массажа,для ног; для шеи; для тела
5233,226159793,wb,Действие,Расслабление; снятие напряжения; Снятие усталости
5234,226159793,wb,Мин. продолжительность автономной работы,15 мин
5235,226159793,wb,Доп. опции массажера,вибромассаж; автовыключение; подарок на 8 марта
5236,226159793,wb,Количество роликов,16 шт.
5237,226159793,wb,Комплектация,коробка; массажер; блок питания; шнур питания в прикуриватель; инструкция; подарок на 8 марта
5238,226159793,wb,Страна производства,Китай
5239,226159793,wb,Высота предмета,19 см
5240,226159793,wb,Ширина предмета,41 см
5241,226159793,wb,Глубина предмета,20 см
5242,226159793,wb,Вес без упаковки (кг),1.33 кг
5243,226159793,wb,Вес с упаковкой (кг),1.64 кг
5244,226159793,wb,Длина упаковки,41 см
5245,226159793,wb,Высота упаковки,17 см
5246,226159793,wb,Ширина упаковки,18 см
5247,165450701,wb,Цвет,черный; серый
5248,165450701,wb,Модель тренажера,фитнес; спортивный; складной
5249,165450701,wb,Система нагрузки,электромагнитная
5250,165450701,wb,Комплектация,тренажер; USB кабель
5251,165450701,wb,Длина упаковки,16 см
5252,165450701,wb,Высота упаковки,4 см
5253,165450701,wb,Ширина упаковки,34 см
5254,222658505,wb,Цвет,белый
5255,222658505,wb,Модель,rf лифтинг аппарат
5256,222658505,wb,Питание,USB-C
5257,222658505,wb,Мощность устройства (Вт),5 Вт
5258,222658505,wb,Количество насадок в комплекте,1 насадка
5259,222658505,wb,Материал корпуса,абс пластик; Медицинская сталь
5260,222658505,wb,Назначение косметического прибора,оздоровление и омолаживание; домашние подарки; от акне и черных точек
5261,222658505,wb,Вид воздействия,EMS микротоки; криотерапия; фонофорез
5262,222658505,wb,Область применения,для массажа лица; от морщин; для кожи вокруг глаз
5263,222658505,wb,Возрастные ограничения,18+
5264,222658505,wb,Комплектация,Пластиковое кольцо для крепления х/б салфетки; подставка; Аппарат для лица; Презентабельная упаковка; тканевые маски в подарок; провод для usb зарядки; Цветная русскоязычная инструкция
5265,222658505,wb,Страна производства,Китай
5266,222658505,wb,Вес товара с упаковкой (г),700 г
5267,222658505,wb,Длина упаковки,21 см
5268,222658505,wb,Высота упаковки,8 см
5269,222658505,wb,Ширина упаковки,14 см
5270,338492344,wb,Цвет,белый
5271,338492344,wb,Модель,"Массажер для шеи, плеч, спины и тела"
5272,338492344,wb,Гарантийный срок,2 года
5273,338492344,wb,Питание,от сети; от прикуривателя автомобиля; от прикуривателя машины
5274,338492344,wb,Количество режимов работы,3 режима интенсивности и скорости; 3 режима; инфракрасный подогрев
5275,338492344,wb,Тип массажера,роликовый; электроимпульсный; вибромассажер
5276,338492344,wb,Зона массажа,шея; спина; тело
5277,338492344,wb,Форма массажера,воротник
5278,338492344,wb,Действие,массажная подушка для шеи и спины; Массажер электрический для тела шиацу антицеллюлитный; Массажер электрический для дома и аксессуар для автомобиля
5279,338492344,wb,Мин. продолжительность автономной работы,15 мин
5280,338492344,wb,Доп. опции массажера,вибромассаж; функция подогрева; автомобильный
5281,338492344,wb,Количество роликов,16; по 8 роликов в 2 узлах
5282,338492344,wb,Комплектация,Массажер - 1шт; блок питания от сети - 1шт; автомобильный блок в прикуриватель - 1шт.
5283,338492344,wb,Страна производства,Китай
5284,338492344,wb,Срок эксплуатации,бессрочно
5285,338492344,wb,Высота предмета,17 см
5286,338492344,wb,Ширина предмета,18 см
5287,338492344,wb,Глубина предмета,40 см
5288,338492344,wb,Вес без упаковки (кг),1 кг
5289,338492344,wb,Вес с упаковкой (кг),1.3 кг
5290,338492344,wb,Длина упаковки,18 см
5291,338492344,wb,Высота упаковки,40 см
5292,338492344,wb,Ширина упаковки,18 см
5293,245908579,wb,Цвет,белый
5294,245908579,wb,Гарантийный срок,1 год
5295,245908579,wb,Питание,от аккумулятора
5296,245908579,wb,Количество режимов работы,7 режимов
5297,245908579,wb,Количество насадок,1 шт.
5298,245908579,wb,Тип массажера,вибромассажер; электроимпульсный; тепловой
5299,245908579,wb,Зона массажа,зона вокруг глаз; лицо; шея
5300,245908579,wb,Действие,против морщин; снятие отечности; очищение
5301,245908579,wb,Мин. продолжительность автономной работы,60 мин
5302,245908579,wb,Доп. опции массажера,вибромассаж; электромиостимуляция; ионофорез
5303,245908579,wb,Комплектация,Массажер - 1 шт.; Подставка - 1 шт.; USB кабель - 1 шт.; кольцо для закрепления - 1шт.; Инструкция - 1 шт.
5304,245908579,wb,Страна производства,Китай
5305,245908579,wb,Высота предмета,17.5 см
5306,245908579,wb,Ширина предмета,6.5 см
5307,245908579,wb,Вес с упаковкой (кг),0.36 кг
5308,245908579,wb,Длина упаковки,21 см
5309,245908579,wb,Высота упаковки,11 см
5310,245908579,wb,Ширина упаковки,16 см
5311,260152044,wb,Цвет,черный
5312,260152044,wb,Питание,от сети; от прикуривателя автомобиля
5313,260152044,wb,Тип массажера,роликовый; не перкуссионный вибромассажер пистолет для глаз; не лимфодренажный массажер миостимулятор для стоп
5314,260152044,wb,Зона массажа,для ног; для шеи; для тела
5315,260152044,wb,Действие,Расслабление; снятие напряжения; Снятие усталости
5316,260152044,wb,Доп. опции массажера,вибромассаж; автовыключение; не виброплатформа
5317,260152044,wb,Количество роликов,16
5318,260152044,wb,Комплектация,коробка; массажер
5319,260152044,wb,Вес с упаковкой (кг),1.3 кг
5320,260152044,wb,Длина упаковки,42 см
5321,260152044,wb,Высота упаковки,20 см
5322,260152044,wb,Ширина упаковки,20 см
5323,230916733,wb,Цвет,черный
5324,230916733,wb,Модель,Перкуссионный массажер
5325,230916733,wb,Питание,от сети
5326,230916733,wb,Количество режимов работы,6; ударный массажер; массажер ручной электрический
5327,230916733,wb,Количество насадок,4 шт.
5328,230916733,wb,Тип массажера,вибромассажер; ударно-кулачковый; перкуссионный антицеллюлитный
5329,230916733,wb,Зона массажа,"для тела, для спины, для шеи; для бедер, для ягодиц, для рук; Для ног, для лица"
5330,230916733,wb,Действие,"устранение боли в мышцах; восстановление после травм; для спины, так и для ягодиц, для ног и рук"
5331,230916733,wb,Доп. опции массажера,Регулируемая скорость; лимфодренаж; Насадки для всех групп мышц
5332,230916733,wb,Количество роликов,массажер пистолет лучше чем массажная подушка; аккумуляторный массажер; 4 МАССАЖНЫХ РОЛИКОВ
5333,230916733,wb,Комплектация,Инструкция - 1 шт; Массажер перкуссионный; 4 различных насадок
5334,230916733,wb,Страна производства,Китай
5335,230916733,wb,Вес без упаковки (кг),0.8 кг
5336,230916733,wb,Вес с упаковкой (кг),0.85 кг
5337,230916733,wb,Длина упаковки,21 см
5338,230916733,wb,Высота упаковки,20 см
5339,230916733,wb,Ширина упаковки,6 см
5340,169414840,wb,Цвет,черный
5341,169414840,wb,Модель,"Модель S, для стоп"
5342,169414840,wb,Питание,USB; от аккумулятора
5343,169414840,wb,Зона массажа,ноги
5344,169414840,wb,Действие,Микротоковый массаж; Расслабление и снятие усталости; массажер для ног электрический
5345,169414840,wb,Комплектация,Аппарат для физиотерапии; массажный коврик; массажер миостимулятор для ног; массажер для ног электрический; EMS массажер для стоп
5346,169414840,wb,Вес с упаковкой (кг),0.25 кг
5347,169414840,wb,Длина упаковки,33 см
5348,169414840,wb,Высота упаковки,3 см
5349,169414840,wb,Ширина упаковки,11 см
5350,210693520,wb,Цвет,черный
5351,210693520,wb,Модель,Biopen Q2
5352,210693520,wb,Материал корпуса,abs-пластик
5353,210693520,wb,Назначение косметического прибора,лифтинг; мезотерапия; лимфодренаж
5354,210693520,wb,Вид воздействия,микротоки
5355,210693520,wb,Область применения,для лица; для волос; для тела
5356,210693520,wb,Возрастные ограничения,18+
5357,210693520,wb,Противопоказания,ОРВИ; заболеваниях сердечно-сосудистой системы; периоды беременности и лактации
5358,210693520,wb,Комплектация,"коробка; аппарат; 2 картриджа на 25 игл; Руководство по эксплуатации; магнитная подставка, адаптер и кабель для зарядки"
5359,210693520,wb,Страна производства,Китай
5360,210693520,wb,Вес товара с упаковкой (г),655 г
5361,210693520,wb,Длина упаковки,20 см
5362,210693520,wb,Высота упаковки,7 см
5363,210693520,wb,Ширина упаковки,15 см
5364,366415188,wb,Цвет,белый
5365,366415188,wb,Модель,BodyRave
5366,366415188,wb,Гарантийный срок,1 год
5367,366415188,wb,Питание,от аккумулятора; USB
5368,366415188,wb,Количество режимов работы,7 режимов
5369,366415188,wb,Тип массажера,микротоковый массажер для лица; электроимпульсный; рф лифтинг и микротоки
5370,366415188,wb,Зона массажа,лицо; шея; зона вокруг глаз
5371,366415188,wb,Действие,лифтинг; омоложение против морщин; Подтяжка лица
5372,366415188,wb,Доп. опции массажера,электромиостимуляция; фонофорез; инфракрасный излучатель
5373,366415188,wb,Количество роликов,0
5374,366415188,wb,Комплектация,аппарат; кольцо для режима CLEAN; блок питания; инструкция; USB провод; зарядная станция; 2 маски для лица; токопроводящий гель
5375,366415188,wb,Страна производства,Китай
5376,366415188,wb,Высота предмета,16 см
5377,366415188,wb,Ширина предмета,3 см
5378,366415188,wb,Вес без упаковки (кг),0.3 кг
5379,366415188,wb,Вес с упаковкой (кг),0.56 кг
5380,366415188,wb,Длина упаковки,20 см
5381,366415188,wb,Высота упаковки,8 см
5382,366415188,wb,Ширина упаковки,14 см
5383,260154250,wb,Цвет,бежевый
5384,260154250,wb,Питание,от сети; от прикуривателя автомобиля
5385,260154250,wb,Тип массажера,роликовый; не перкуссионный вибромассажер пистолет для глаз; не лимфодренажный массажер миостимулятор для стоп
5386,260154250,wb,Зона массажа,для ног; для шеи; для тела
5387,260154250,wb,Действие,Расслабление; снятие напряжения; Снятие усталости
5388,260154250,wb,Доп. опции массажера,вибромассаж; автовыключение; не виброплатформа
5389,260154250,wb,Количество роликов,16
5390,260154250,wb,Комплектация,коробка; массажер
5391,260154250,wb,Вес с упаковкой (кг),1.3 кг
5392,260154250,wb,Длина упаковки,42 см
5393,260154250,wb,Высота упаковки,20 см
5394,260154250,wb,Ширина упаковки,20 см
5395,230916736,wb,Цвет,красный
5396,230916736,wb,Модель,Перкуссионный массажер
5397,230916736,wb,Питание,от сети
5398,230916736,wb,Количество режимов работы,6; ударный массажер; массажер ручной электрический
5399,230916736,wb,Количество насадок,4 шт.
5400,230916736,wb,Тип массажера,вибромассажер; ударно-кулачковый; перкуссионный антицеллюлитный
5401,230916736,wb,Зона массажа,"для тела, для спины, для шеи; для бедер, для ягодиц, для рук; Для ног, для лица"
5402,230916736,wb,Действие,"устранение боли в мышцах; восстановление после травм; для спины, так и для ягодиц, для ног и рук"
5403,230916736,wb,Доп. опции массажера,Регулируемая скорость; лимфодренаж; Насадки для всех групп мышц
5404,230916736,wb,Количество роликов,массажер пистолет лучше чем массажная подушка; аккумуляторный массажер; 4 МАССАЖНЫХ РОЛИКОВ
5405,230916736,wb,Комплектация,Инструкция - 1 шт; Массажер перкуссионный; 4 различных насадок
5406,230916736,wb,Страна производства,Китай
5407,230916736,wb,Вес без упаковки (кг),0.8 кг
5408,230916736,wb,Вес с упаковкой (кг),0.85 кг
5409,230916736,wb,Длина упаковки,21 см
5410,230916736,wb,Высота упаковки,20 см
5411,230916736,wb,Ширина упаковки,6 см
5412,281702211,wb,Цвет,оранжевый; глубокий черный
5413,281702211,wb,Гарантийный срок,2 года
5414,281702211,wb,Питание,от сети 220В
5415,281702211,wb,Количество режимов работы,4 режима работы; 5 уровней интенсивности
5416,281702211,wb,Тип массажера,роликовый; компрессионный
5417,281702211,wb,Зона массажа,стопы; пятки
5418,281702211,wb,Действие,Расслабление; оздоровление; Снятие усталости
5419,281702211,wb,Мин. продолжительность автономной работы,15 мин
5420,281702211,wb,Доп. опции массажера,подогрев; дистанционное управление
5421,281702211,wb,Количество роликов,2
5422,281702211,wb,Комплектация,"Массажер - 1шт., Инструкция на русском - 1 шт."
5423,281702211,wb,Страна производства,Китай
5424,281702211,wb,Вес без упаковки (кг),3.2 кг
5425,281702211,wb,Вес с упаковкой (кг),4.5 кг
5426,281702211,wb,Длина упаковки,46 см
5427,281702211,wb,Высота упаковки,38 см
5428,281702211,wb,Ширина упаковки,23 см
5429,160513836,wb,Цвет,бежевый
5430,160513836,wb,Количество предметов в упаковке,3 шт
5431,160513836,wb,Материал изделия,искусственная кожа; пластик
5432,160513836,wb,Зона массажа,спина; шея; плечи
5433,160513836,wb,Действие,массажер для спины и шеи; Массажер электрический для тела шиацу
5434,160513836,wb,Страна производства,Китай
5435,160513836,wb,Комплектация,электрический массажер для шеи; блок питания 220в; Автомобильный блок питания
5436,160513836,wb,Высота предмета,19 см
5437,160513836,wb,Вес товара с упаковкой (г),1000 г
5438,160513836,wb,Длина упаковки,18 см
5439,160513836,wb,Высота упаковки,18 см
5440,160513836,wb,Ширина упаковки,41 см
5441,80864816,wb,Цвет,белый
5442,80864816,wb,Количество предметов в упаковке,1 шт.
5443,80864816,wb,Материал изделия,abs-пластик; медицинская сталь
5444,80864816,wb,Зона массажа,зона вокруг глаз; шея; лицо
5445,80864816,wb,Действие,лифтинг; омолаживание; против морщин
5446,80864816,wb,Страна производства,Китай
5447,80864816,wb,Комплектация,Массажер - 1 шт; зарядный шнур - 1 шт; Инструкция на русском языке - 1 шт; Подарочная упаковка - 1 шт; Сумочка для хранения - 1 шт.
5448,80864816,wb,Ширина предмета,8 см
5449,80864816,wb,Высота предмета,10 см
5450,80864816,wb,Вес товара с упаковкой (г),300 г
5451,80864816,wb,Длина упаковки,17 см
5452,80864816,wb,Высота упаковки,7 см
5453,80864816,wb,Ширина упаковки,13 см
5454,331334521,wb,Цвет,черный
5455,331334521,wb,Модель,электростимуляция
5456,331334521,wb,Материал изделия,ткань; текстиль; медицинский пластик
5457,331334521,wb,Вид реабилитационного тренажера,миостимулятор; электростимулятор; массажер
5458,331334521,wb,Страна производства,Китай
5459,331334521,wb,Назначение тренажера,для реабилитации после инсульта; массажер электрический; аппарат для физиотерапии
5460,331334521,wb,Комплектация,стимулятор; ремень; провод usb; распылитель; удлинитель ремня; тренажерный мячик для руки; зарядное устройство; резинка для пальцев рук
5461,331334521,wb,Ширина предмета,18 см
5462,331334521,wb,Высота предмета,18 см
5463,331334521,wb,Глубина предмета,4 см
5464,331334521,wb,Вес без упаковки (кг),0.25 кг
5465,331334521,wb,Вес с упаковкой (кг),0.38 кг
5466,331334521,wb,Длина упаковки,20 см
5467,331334521,wb,Высота упаковки,6 см
5468,331334521,wb,Ширина упаковки,15 см
5469,142542013,wb,Цвет,розовый
5470,142542013,wb,Количество предметов в упаковке,3
5471,142542013,wb,Материал изделия,пластик; abs-пластик
5472,142542013,wb,Зона массажа,овал лица; подбородок; лицо
5473,142542013,wb,Действие,против морщин; лифтинг подтяжка; миостимулятор для омоложения
5474,142542013,wb,Страна производства,Китай
5475,142542013,wb,Комплектация,кабель для зарядки; инструкция; rf лифтинг бандаж
5476,142542013,wb,Вес товара с упаковкой (г),166 г
5477,142542013,wb,Длина упаковки,11 см
5478,142542013,wb,Высота упаковки,17 см
5479,142542013,wb,Ширина упаковки,7 см
5480,15847178,wb,Количество предметов в упаковке,не лимфодренажный массажер миостимулятор для стоп
5481,15847178,wb,Материал изделия,экокожа; похудеть; сжигание жира
5482,15847178,wb,Зона массажа,"лицо; для ног шеи тела спины лица; Спина, шея, плечи, ноги, руки, бедра, поясница"
5483,15847178,wb,Действие,массажная подушка для шеи и спины; Массажер электрический для дома и автомобиля; Массажер электрический для тела шиацу
5484,15847178,wb,Страна производства,Республика Корея
5485,15847178,wb,Комплектация,Адаптер автомобильный 12 Вт; массажер для шеи и плеч; кабель 220В; коробка; инструкция
5486,15847178,wb,Длина упаковки,11 см
5487,15847178,wb,Высота упаковки,19 см
5488,15847178,wb,Ширина упаковки,32 см
5489,145412566,wb,Цвет,белый
5490,145412566,wb,Количество предметов в упаковке,3
5491,145412566,wb,Материал изделия,abs-пластик; пластик
5492,145412566,wb,Зона массажа,вокруг глаз; лицо; зона вокруг глаз
5493,145412566,wb,Действие,beauty омолаживание подтяжка лица; аппарат против морщин от второго подбородка; rf лифтинг подтяжка
5494,145412566,wb,Страна производства,Китай
5495,145412566,wb,Комплектация,подставка; USB кабель; массажер
5496,145412566,wb,Вес товара с упаковкой (г),166 г
5497,145412566,wb,Длина упаковки,12 см
5498,145412566,wb,Высота упаковки,19 см
5499,145412566,wb,Ширина упаковки,7 см
5500,258381724,wb,Цвет,белый
5501,258381724,wb,Модель,М8807
5502,258381724,wb,Гарантийный срок,нет
5503,258381724,wb,Питание,от сети; от аккумулятора
5504,258381724,wb,Количество насадок в комплекте,1 насадка
5505,258381724,wb,Материал корпуса,abs-пластик
5506,258381724,wb,Назначение косметического прибора,массаж; омоложение кожи; увлажнение
5507,258381724,wb,Вид воздействия,микротоки
5508,258381724,wb,Область применения,для глаз; для лица; для шеи
5509,258381724,wb,Возрастные ограничения,15+
5510,258381724,wb,Противопоказания,индивидуальная непереносимость; кожные заболеваниях в зоне воздействия; эпилепсия
5511,258381724,wb,Комплектация,Массажер - 1 шт.; Подставка - 1 шт.; USB кабель - 1 шт.; кольцо для закрепления - 1 шт.; Инструкция - 1 шт.; упаковка - 1 шт.
5512,258381724,wb,Страна производства,Китай
5513,258381724,wb,Срок эксплуатации,10 лет
5514,258381724,wb,Высота предмета,18 см
5515,258381724,wb,Ширина предмета,5 см
5516,258381724,wb,Глубина предмета,6 см
5517,258381724,wb,Диаметр предмета,5 см
5518,258381724,wb,Вес товара с упаковкой (г),250 г
5519,258381724,wb,Длина упаковки,24 см
5520,258381724,wb,Высота упаковки,7 см
5521,258381724,wb,Ширина упаковки,14 см
5522,236182252,wb,Цвет,черный
5523,236182252,wb,Модель,массажер для шеи
5524,236182252,wb,Гарантийный срок,6 мес.; полгода
5525,236182252,wb,Питание,от сети; от прикуривателя автомобиля
5526,236182252,wb,Количество режимов работы,3 режима интенсивности и скорости; 6 режимов
5527,236182252,wb,Тип массажера,роликовый; не вакуумный лимфодренажный массажер; не миостимулятор для стоп
5528,236182252,wb,Зона массажа,"для ног шеи тела спины лица; лицо не против морщин; Спина, шея, плечи, ноги, руки, бедра, поясница, живот"
5529,236182252,wb,Действие,массажная подушка для шеи и спины; Массажер электрический для тела шиацу антицеллюлитный; Массажер электрический для дома и аксессуар для автомобиля
5530,236182252,wb,Мин. продолжительность автономной работы,15 мин
5531,236182252,wb,Доп. опции массажера,не перкуссионный массажер пистолет; не виброплатформа; массажер не для глаз
5532,236182252,wb,Количество роликов,16; по 8 роликов в 2 узлах
5533,236182252,wb,Комплектация,массажер - 1шт.; Блок питания от сети - 1шт.; автомобильный блок в прикуриватель - 1шт.; гарантийный талон; подарок
5534,236182252,wb,Страна производства,Китай
5535,236182252,wb,Высота предмета,18 см
5536,236182252,wb,Ширина предмета,41 см
5537,236182252,wb,Глубина предмета,14 см
5538,236182252,wb,Вес с упаковкой (кг),1.3 кг
5539,236182252,wb,Длина упаковки,42 см
5540,236182252,wb,Высота упаковки,20 см
5541,236182252,wb,Ширина упаковки,20 см
5542,151556802,wb,Цвет,белый
5543,151556802,wb,Зона массажа,поясница; живот; ягодицы
5544,151556802,wb,Страна производства,Китай
5545,151556802,wb,Длина упаковки,5 см
5546,151556802,wb,Высота упаковки,23 см
5547,151556802,wb,Ширина упаковки,13 см
5548,370261818,wb,Цвет,белый; светло-золотистый; кремовый
5549,370261818,wb,Модель,косметический микротоковый аппарат LED для лица и шеи
5550,370261818,wb,Гарантийный срок,1 год
5551,370261818,wb,Питание,от аккумулятора; USB
5552,370261818,wb,Количество режимов работы,7 режимов работы
5553,370261818,wb,Тип массажера,микротоковый массажер для лица; аппарат рф лифтинг и микротоки; косметический прибор мезотерапия для лица
5554,370261818,wb,Зона массажа,лицо; зона вокруг глаз; шея
5555,370261818,wb,Действие,подтяжка кожи и мышц лица; омоложение против морщин; лифтинг терапия
5556,370261818,wb,Доп. опции массажера,электро миостимулятор; чистка; LED (ЛЕД) свет
5557,370261818,wb,Комплектация,Электрический массажер для лица; кольцо для режима очищения; инструкция на русском языке; usb провод; зарядная станция; маска для лица; контактный гель; мешочек для хранения
5558,370261818,wb,Страна производства,Китай
5559,370261818,wb,Высота предмета,17 см
5560,370261818,wb,Ширина предмета,4.2 см
5561,370261818,wb,Глубина предмета,3.2 см
5562,370261818,wb,Вес с упаковкой (кг),0.55 кг
5563,370261818,wb,Длина упаковки,20 см
5564,370261818,wb,Высота упаковки,5 см
5565,370261818,wb,Ширина упаковки,13 см
5566,222657647,wb,Цвет,розовый
5567,222657647,wb,Модель,массажная
5568,222657647,wb,Гарантийный срок,1 год
5569,222657647,wb,Питание,от аккумулятора
5570,222657647,wb,Количество режимов работы,5
5571,222657647,wb,Тип массажера,роликовый; вибромассажер; электроимпульсный
5572,222657647,wb,Зона массажа,голова; шея; лицо
5573,222657647,wb,Действие,лифтинг; против морщин; снятие отечности
5574,222657647,wb,Доп. опции массажера,ультразвуковой массаж; электромиостимуляция
5575,222657647,wb,Количество роликов,4
5576,222657647,wb,Комплектация,зарядная станция-подставка - 1 шт; USB шнур питания - 1 шт; инструкция рус яз - 1 шт; уплотнительный наполнитель коробки - 3 шт; Массажер - 1 шт
5577,222657647,wb,Страна производства,Китай
5578,222657647,wb,Высота предмета,10 см
5579,222657647,wb,Ширина предмета,10 см
5580,222657647,wb,Вес с упаковкой (кг),0.5 кг
5581,222657647,wb,Длина упаковки,15 см
5582,222657647,wb,Высота упаковки,15 см
5583,222657647,wb,Ширина упаковки,15 см
5584,265000912,wb,Цвет,розовый; фиолетовый; белый
5585,265000912,wb,Модель,микротоки аппарат электрический вибромассажер
5586,265000912,wb,Гарантийный срок,1 год
5587,265000912,wb,Питание,USB
5588,265000912,wb,Количество режимов работы,7 режимов
5589,265000912,wb,Количество насадок,1 шт.
5590,265000912,wb,Тип массажера,вибромассажер; rf-лифтинг; микротоковый
5591,265000912,wb,Зона массажа,лицо; зона вокруг глаз; шея
5592,265000912,wb,Действие,омолаживание; лифтинг; очищение
5593,265000912,wb,Мин. продолжительность автономной работы,120 мин
5594,265000912,wb,Доп. опции массажера,вибромассаж; функция подогрева; массаж для глаз
5595,265000912,wb,Количество роликов,1 шт.
5596,265000912,wb,Комплектация,"USB шнур, подставка, насадка для очищения лица, микротоковый массажер"
5597,265000912,wb,Страна производства,Китай
5598,265000912,wb,Высота предмета,18 см
5599,265000912,wb,Ширина предмета,5 см
5600,265000912,wb,Вес без упаковки (кг),0.4 кг
5601,265000912,wb,Вес с упаковкой (кг),0.45 кг
5602,265000912,wb,Длина упаковки,23 см
5603,265000912,wb,Высота упаковки,10 см
5604,265000912,wb,Ширина упаковки,16 см
5605,176754879,wb,Модель,аппарат для домашнего использования
5606,176754879,wb,Гарантийный срок,1 год; 3 года
5607,176754879,wb,Питание,от батареек; от аккумулятора
5608,176754879,wb,Количество режимов работы,28 программ и режимов; 95 частот; 26 программ
5609,176754879,wb,Материал корпуса,металл; пластик; стекло
5610,176754879,wb,Вид воздействия,микротоки; магнитотерапия; прессотерапия/лимфодренаж
5611,176754879,wb,Область применения,для всего тела; для спины; для суставов
5612,176754879,wb,Потребляемая мощность,0.48 Вт
5613,176754879,wb,Частота (кГц),0.09 кГц
5614,176754879,wb,Противопоказания,кардиостимулятор; индивидуальная непереносимость тока; эпилепсия
5615,176754879,wb,Комплектация,Руководство по эксплуатации; Батарейки мизинчиковые ААА - 2 шт.; Электроды самоклеящиеся 5х5 см - 4 шт.; Кабель соединительный - 1 шт.; Электростимулятор чрескожный БиоТЭНС; Потребительская тара
5616,176754879,wb,Страна производства,Россия
5617,176754879,wb,Высота предмета,3.5 см
5618,176754879,wb,Ширина предмета,6 см
5619,176754879,wb,Длина предмета,19.5 см
5620,176754879,wb,Вес товара без упаковки (г),150 г
5621,176754879,wb,Вес товара с упаковкой (г),400 г
5622,176754879,wb,Длина упаковки,22 см
5623,176754879,wb,Высота упаковки,7 см
5624,176754879,wb,Ширина упаковки,17 см
5625,176754879,wb,Регистрационное удостоверение,РЗН 2022/18135
5626,49468221,wb,Цвет,белый
5627,49468221,wb,Зона массажа,шея; лицо; зона декольте
5628,49468221,wb,Действие,лифтинг; омоложение; против морщин
5629,49468221,wb,Страна производства,Китай
5630,49468221,wb,Комплектация,Инструкция по эксплуатации - 1 шт; Блок питания - 1 шт; Зарядное устройство с базой - 1 шт; массажер для лица электрический - 1 шт
5631,49468221,wb,Вес товара с упаковкой (г),940 г
5632,49468221,wb,Длина упаковки,9 см
5633,49468221,wb,Высота упаковки,22 см
5634,49468221,wb,Ширина упаковки,18 см
5635,316853212,wb,Цвет,коричневый
5636,316853212,wb,Модель,оздоровление
5637,316853212,wb,Гарантийный срок,2 года
5638,316853212,wb,Питание,от сети
5639,316853212,wb,Количество режимов работы,5 режимов работы; 9 уровней интенсивности
5640,316853212,wb,Тип массажера,роликовый; тепловой; вибромассажер
5641,316853212,wb,Зона массажа,стопы; ноги; ступни
5642,316853212,wb,Форма массажера,напольная платформа
5643,316853212,wb,Действие,Снятие усталости; снятие мышечного напряжения; снятие отечности
5644,316853212,wb,Мин. продолжительность автономной работы,15 мин
5645,316853212,wb,Доп. опции массажера,вибромассаж; регулировка интенсивности; функция подогрева
5646,316853212,wb,Количество роликов,2
5647,316853212,wb,Комплектация,Массажер - 1 шт; пульт д/у - 1 шт; шнур питания - 1 шт; Инструкция на русском языке - 1 шт
5648,316853212,wb,Страна производства,Китай
5649,316853212,wb,Срок эксплуатации,Не ограничен
5650,316853212,wb,Высота предмета,22 см
5651,316853212,wb,Ширина предмета,25 см
5652,316853212,wb,Глубина предмета,25 см
5653,316853212,wb,Вес без упаковки (кг),4.1 кг
5654,316853212,wb,Вес с упаковкой (кг),5.7 кг
5655,316853212,wb,Длина упаковки,47 см
5656,316853212,wb,Высота упаковки,41 см
5657,316853212,wb,Ширина упаковки,28 см
5658,102415520,wb,Цвет,бежевый
5659,102415520,wb,Модель,Mio
5660,102415520,wb,Материал корпуса,Пластик (ABC)
5661,102415520,wb,Назначение косметического прибора,вибромассаж; микротоковый массаж
5662,102415520,wb,Страна производства,Китай
5663,102415520,wb,Вес товара с упаковкой (г),1000 г
5664,102415520,wb,Длина упаковки,12 см
5665,102415520,wb,Высота упаковки,18 см
5666,102415520,wb,Ширина упаковки,12 см
5667,30582312,wb,Цвет,бежевый
5668,30582312,wb,Материал изделия,дерево; бук
5669,30582312,wb,Зона массажа,"шея и плечи; ноги, руки, живот, поясница, шея, бедра; Тело, голени, бедра, ягодицы, бока, живот, руки"
5670,30582312,wb,Действие,Антицеллюлитный массаж; массажер для ног; массажер для спины
5671,30582312,wb,Страна производства,Россия
5672,30582312,wb,Комплектация,ролик с шипами; Паспорт изделия
5673,30582312,wb,Количество предметов в упаковке (шт.),1 шт.
5674,30582312,wb,Ширина предмета,21 см
5675,30582312,wb,Высота предмета,13 см
5676,209436534,wb,Цвет,белый
5677,209436534,wb,Количество предметов в упаковке,1 шт.
5678,209436534,wb,Материал изделия,abs-пластик
5679,209436534,wb,Зона массажа,лицо; зона вокруг глаз; руки и шея
5680,209436534,wb,Действие,"Снятие отечности и усталости лица; вибромассаж для лица и тела; лфитинг, омоложение и разглаживание"
5681,209436534,wb,Страна производства,Китай
5682,209436534,wb,Комплектация,массажер; батарейки
5683,209436534,wb,Ширина предмета,9 см
5684,209436534,wb,Высота предмета,12 см
5685,209436534,wb,Вес товара с упаковкой (г),130 г
5686,209436534,wb,Длина упаковки,13 см
5687,209436534,wb,Высота упаковки,16 см
5688,209436534,wb,Ширина упаковки,7 см
5689,29979779,wb,Цвет,черный
5690,29979779,wb,Материал изделия,пластик; силикон; неопрен
5691,29979779,wb,Вид застежки,липучка; гелевая накладка
5692,29979779,wb,Особенности модели,сжигает подкожный жир и приводит мышцы живота и всего организма в тонус
5693,29979779,wb,Комплектация,коробка; паспорт; миостимулятор 3 шт; накладки 3 шт
5694,29979779,wb,Страна производства,Китай
5695,29979779,wb,Ширина предмета,19 см
5696,199730528,wb,Цвет,белый
5697,199730528,wb,Количество предметов в упаковке,4 шт.
5698,199730528,wb,Действие,лифтинг; омолаживание; против морщин
5699,199730528,wb,Страна производства,Китай
5700,199730528,wb,Комплектация,бьюти бокс; массажер электрический 1 шт; Контактный гель 1 шт; Гидрогелевые патчи 1шт; инструкция 1шт; гипоаллергенная маска для лица - 1шт; массажер гуаша
5701,199730528,wb,Вес товара с упаковкой (г),550 г
5702,199730528,wb,Длина упаковки,15 см
5703,199730528,wb,Высота упаковки,9 см
5704,199730528,wb,Ширина упаковки,22 см
5705,251190726,wb,Цвет,теплый белый
5706,251190726,wb,Модель,1 шт.
5707,251190726,wb,Гарантийный срок,1 год
5708,251190726,wb,Питание,от прикуривателя автомобиля; от аккумулятора; от батареек
5709,251190726,wb,Количество режимов работы,3 режима
5710,251190726,wb,Количество насадок,4 шт.
5711,251190726,wb,Тип массажера,роликовый; не вакуумный лимфодренажный массажер; не миостимулятор для стоп
5712,251190726,wb,Зона массажа,плечи; бедра; живот
5713,251190726,wb,Действие,снятие мышечного напряжения
5714,251190726,wb,Доп. опции массажера,не перкуссионный массажер пистолет; не виброплатформа; массажер не для глаз
5715,251190726,wb,Количество роликов,1 шт.
5716,251190726,wb,Комплектация,коробка; массажер; блок питания
5717,251190726,wb,Страна производства,Китай
5718,251190726,wb,Вес без упаковки (кг),1.3 кг
5719,251190726,wb,Вес с упаковкой (кг),1.49 кг
5720,251190726,wb,Длина упаковки,25 см
5721,251190726,wb,Высота упаковки,18 см
5722,251190726,wb,Ширина упаковки,18 см
5723,245400956,wb,Цвет,черный
5724,245400956,wb,Гарантийный срок,1.5 года
5725,245400956,wb,Питание,от аккумулятора; портативный
5726,245400956,wb,Количество режимов работы,99 режимов
5727,245400956,wb,Количество насадок,8 шт.
5728,245400956,wb,Тип массажера,вибромассажер; перкуссионный; ударно-кулачковый
5729,245400956,wb,Зона массажа,"тело; спина; Для шеи, бедер, рук, ягодиц, ног , живота от жира"
5730,245400956,wb,Действие,снятие мышечного напряжения; восстановление; Лимфодренажный массаж от целлюлита
5731,245400956,wb,Мин. продолжительность автономной работы,420 мин
5732,245400956,wb,Доп. опции массажера,вибромассаж
5733,245400956,wb,Количество роликов,8шт; 8 массажных роликов
5734,245400956,wb,Комплектация,Перкуссионный массажер - 1шт; насадки - 8шт; Сумка - кейс; Инструкция на русском языке; зарядный кабель; подарочная коробка; Видеокурс массажа; Конструктор питания
5735,245400956,wb,Вес с упаковкой (кг),1.4 кг
5736,245400956,wb,Длина упаковки,29 см
5737,245400956,wb,Высота упаковки,11 см
5738,245400956,wb,Ширина упаковки,25 см
5739,163458244,wb,Цвет,белый
5740,163458244,wb,Количество предметов в упаковке,1 шт.
5741,163458244,wb,Материал изделия,abs-пластик; нержавеющая сталь
5742,163458244,wb,Зона массажа,зона вокруг глаз; лицо; шея
5743,163458244,wb,Действие,против акне; против морщин; лифтинг
5744,163458244,wb,Комплектация,Массажер - 1 шт; Инструкция на русском языке - 1 шт; USB кабель - 1 шт; Подарочная коробка - 1 шт; токопроводящий гель - 1шт
5745,163458244,wb,Ширина предмета,7 см
5746,163458244,wb,Высота предмета,17 см
5747,163458244,wb,Вес товара с упаковкой (г),795 г
5748,163458244,wb,Длина упаковки,25 см
5749,163458244,wb,Высота упаковки,17 см
5750,163458244,wb,Ширина упаковки,10 см
5751,149488507,wb,Цвет,фиолетовый
5752,149488507,wb,Количество предметов в упаковке,3
5753,149488507,wb,Материал изделия,abs-пластик; пластик
5754,149488507,wb,Зона массажа,вокруг глаз; лицо; зона вокруг глаз
5755,149488507,wb,Действие,beauty омолаживание подтяжка лица; аппарат против морщин от второго подбородка; rf лифтинг подтяжка
5756,149488507,wb,Страна производства,Китай
5757,149488507,wb,Комплектация,подставка; USB кабель; массажер
5758,149488507,wb,Вес товара с упаковкой (г),166 г
5759,149488507,wb,Длина упаковки,12 см
5760,149488507,wb,Высота упаковки,19 см
5761,149488507,wb,Ширина упаковки,7 см
5762,206239818,wb,Цвет,белый
5763,206239818,wb,Вес товара с упаковкой (г),300 г
5764,206239818,wb,Длина упаковки,6 см
5765,206239818,wb,Высота упаковки,16 см
5766,206239818,wb,Ширина упаковки,14 см
5767,244394808,wb,Цвет,бежевый; теплый бежевый; светло-бежевый; серо-бежевый; бежевый лайт
5768,244394808,wb,Модель,массажер для шеи спины и плеч с подогревом
5769,244394808,wb,Гарантийный срок,1 год
5770,244394808,wb,Питание,от аккумулятора; Type-C; от прикуривателя в автомобиле
5771,244394808,wb,Количество режимов работы,3 режима; не лимфодренажный массажер миостимулятор для стоп
5772,244394808,wb,Тип массажера,роликовый; тепловой; разминающий
5773,244394808,wb,Зона массажа,"спина и шея; плечи и поясница; руки, ноги и бедра"
5774,244394808,wb,Форма массажера,воротник
5775,244394808,wb,Действие,массирующее; расслабляющее; разогревающее
5776,244394808,wb,Мин. продолжительность автономной работы,10 мин
5777,244394808,wb,Доп. опции массажера,инфракрасный нагрев; массажная подушка; Массажер электрический для тела шиацу антицеллюлитный
5778,244394808,wb,Количество роликов,6; 3
5779,244394808,wb,Комплектация,массажер для шеи - 1 шт; инструкция
5780,244394808,wb,Страна производства,Китай
5781,244394808,wb,Срок эксплуатации,бессрочно
5782,244394808,wb,Высота предмета,15 см
5783,244394808,wb,Ширина предмета,15 см
5784,244394808,wb,Глубина предмета,23 см
5785,244394808,wb,Вес с упаковкой (кг),2 кг
5786,244394808,wb,Длина упаковки,24 см
5787,244394808,wb,Высота упаковки,15 см
5788,244394808,wb,Ширина упаковки,15 см
5789,354637348,wb,Цвет,белый
5790,354637348,wb,Количество предметов в упаковке,3
5791,354637348,wb,Материал изделия,пластик; abs-пластик
5792,354637348,wb,Зона массажа,овал лица; подбородок; лицо
5793,354637348,wb,Действие,против морщин; лифтинг подтяжка; миостимулятор для омоложения
5794,354637348,wb,Страна производства,Китай
5795,354637348,wb,Комплектация,кабель для зарядки; инструкция; rf лифтинг бандаж
5796,354637348,wb,Вес товара с упаковкой (г),166 г
5797,354637348,wb,Длина упаковки,12 см
5798,354637348,wb,Высота упаковки,18 см
5799,354637348,wb,Ширина упаковки,7 см
5800,239568299,wb,Цвет,белый
5801,239568299,wb,Модель,rf лифтинг аппарат
5802,239568299,wb,Материал корпуса,абс пластик
5803,239568299,wb,Назначение косметического прибора,оздоровление и омолаживание; домашние подарки; от акне и черных точек
5804,239568299,wb,Вид воздействия,криотерапия; фонофорез; EMS микротоки
5805,239568299,wb,Область применения,от морщин; для массажа лица; для кожи вокруг глаз
5806,239568299,wb,Возрастные ограничения,18+
5807,239568299,wb,Комплектация,подставка; провод для usb зарядки
5808,239568299,wb,Страна производства,Китай
5809,239568299,wb,Вес товара с упаковкой (г),700 г
5810,239568299,wb,Длина упаковки,10 см
5811,239568299,wb,Высота упаковки,10 см
5812,239568299,wb,Ширина упаковки,10 см
5813,405657557,wb,Цвет,розовый; белый
5814,405657557,wb,Количество предметов в упаковке,1 шт.
5815,405657557,wb,Материал изделия,abs-пластик
5816,405657557,wb,Зона массажа,лицо
5817,405657557,wb,Действие,улучшение кровообращения; эластичность; лифтинг
5818,405657557,wb,Комплектация,массаже 1 шт в коробке
5819,405657557,wb,Вес товара с упаковкой (г),400 г
5820,405657557,wb,Длина упаковки,33 см
5821,405657557,wb,Высота упаковки,8 см
5822,405657557,wb,Ширина упаковки,14 см
5823,14568528,wb,Цвет,бежевый
5824,14568528,wb,Количество предметов в упаковке,не лимфодренажный массажер миостимулятор для стоп
5825,14568528,wb,Материал изделия,массажер; массажер; массажер
5826,14568528,wb,Зона массажа,"лицо; для ног шеи тела спины лица; Спина, шея, плечи, ноги, руки, бедра, поясница"
5827,14568528,wb,Действие,массажная подушка для шеи и спины; Массажер электрический для дома и автомобиля; Массажер электрический для тела шиацу
5828,14568528,wb,Страна производства,Республика Корея
5829,14568528,wb,Комплектация,коробка; адаптер 220 В - 1 шт; Массажер для спины и шеи - 1 шт; Адаптер прикуривателя- 1шт; косметические принадлежности; массажер для тела
5830,14568528,wb,Вес товара с упаковкой (г),1000 г
5831,14568528,wb,Длина упаковки,17 см
5832,14568528,wb,Высота упаковки,16 см
5833,14568528,wb,Ширина упаковки,38 см
5834,229767312,wb,Цвет,розовый
5835,229767312,wb,Гарантийный срок,1 год
5836,229767312,wb,Питание,от аккумулятора; USB; от сети
5837,229767312,wb,Количество режимов работы,7 шт.
5838,229767312,wb,Тип массажера,электроимпульсный; вибромассажер; микротоковый
5839,229767312,wb,Зона массажа,зона вокруг глаз; лицо; шея
5840,229767312,wb,Действие,против морщин; снятие отечности
5841,229767312,wb,Доп. опции массажера,лифтинг; микротоки; миостимулятор
5842,229767312,wb,Комплектация,кольцо для закрепления салфетки; подставка; инструкция; USB провод; Аппарат для лица
5843,229767312,wb,Страна производства,Китай
5844,229767312,wb,Вес с упаковкой (кг),0.8 кг
5845,229767312,wb,Длина упаковки,20 см
5846,229767312,wb,Высота упаковки,6 см
5847,229767312,wb,Ширина упаковки,12 см
0,1099137205,ozon,Артикул,1099137205
1,1099137205,ozon,Тип,Миостимулятор
2,1099137205,ozon,Цвет,Черный
3,1099137205,ozon,Вид массажа,"Акупунктурный, Гуаша, Перкусионный, Расслабляющий, Шиацу"
4,1099137205,ozon,Зоны массажа,"Поясница, Руки, Спина, Шея, Ягодицы"
5,1099137205,ozon,Особенности массажного аппарата,"Работает в автомобиле, Ручные программы, Таймер"
6,1099137205,ozon,"Максимальный рост пользователя, см",220
7,1099137205,ozon,Материал корпуса,Пластик
8,1099137205,ozon,Количество программ/режимов,24
9,1099137205,ozon,Вид питания,"Встроенный аккумулятор, От порта USB"
10,1099137205,ozon,"Мощность массажера, Вт",240
11,1099137205,ozon,"Напряжение, В",4.3
12,1099137205,ozon,"Фактический размер товара, см",12.8*6.3*1.3
13,1099137205,ozon,Упаковка,"Картонная коробка, Подарочная коробка"
14,1099137205,ozon,Страна-изготовитель,Китай
15,1099137205,ozon,Гарантийный срок,10 лет
16,1099137205,ozon,Комплектация,Основной блок - 1 шт. Электроды 50*50 мм - 6 пар 3) Электроды 50*100 мм - 1 пара Соединительный провод - 4 шт. USB-кабель - 1 шт. Адаптер питания - 1 шт. Мешочек для хранения - 1 шт. Руководство пользователя - 1 шт. Гарантийный талон - 1 шт.
17,1027287506,ozon,Артикул,1027287506
18,1027287506,ozon,Тип,Миостимулятор
19,1027287506,ozon,Цвет,Черный
20,1027287506,ozon,Зоны массажа,"Ноги, Поясница, Руки, Спина, Шея, Ягодицы"
21,1027287506,ozon,"Максимальный рост пользователя, см",210
22,1027287506,ozon,Материал корпуса,ABS пластик
23,1027287506,ozon,Количество программ/режимов,6
24,1027287506,ozon,Вид питания,"От сети 220В, Встроенный аккумулятор"
25,1027287506,ozon,"Мощность массажера, Вт",5
26,1027287506,ozon,"Напряжение, В",120
27,1027287506,ozon,"Фактический размер товара, см",23х16х6
28,1027287506,ozon,Упаковка,"Картонная коробка, Конверт"
29,1027287506,ozon,Страна-изготовитель,Китай
30,1027287506,ozon,Гарантийный срок,180 дней
31,1027287506,ozon,"Вид массажа
","Вибрационный, Импульсный, Миостимулирующий, Лимфодренажный, Расслабляющий, Антицеллюлитный"
32,1027287506,ozon,Особенности массажного аппарата,"Подогрев, Пульт ДУ, Ручные программы, Таймер, Работает в автомобиле"
33,1027287506,ozon,Комплектация,"Миостимулятор для пресса, ног, тела, шеи, живота, рук, спины, поясницы (1 шт) с пультом управления (1шт) , гелевое основание (1 шт), USB-кабель (адаптер в комплект не входит!), ремни в подарок (2 шт)"
34,1964207726,ozon,Артикул,1964207726
35,1964207726,ozon,Тип,Миостимулятор
36,1964207726,ozon,Цвет,L/XL (талия 98 см)
37,1964207726,ozon,Зоны массажа,"Тело, Поясница, Спина, Ягодицы"
38,1964207726,ozon,"Максимальный рост пользователя, см",215
39,1964207726,ozon,Материал корпуса,"ABS пластик, Текстиль"
40,1964207726,ozon,Количество программ/режимов,6
41,1964207726,ozon,Вид питания,"Встроенный аккумулятор, От порта USB"
42,1964207726,ozon,"Мощность массажера, Вт",30
43,1964207726,ozon,"Фактический размер товара, см",98
44,1964207726,ozon,Упаковка,Картонная коробка
45,1964207726,ozon,Страна-изготовитель,Китай (Тайвань)
46,1964207726,ozon,Гарантийный срок,1 год
47,1964207726,ozon,"Вид массажа
","Вибрационный, Миостимулирующий, Расслабляющий, Антицеллюлитный, Импульсный, Лимфодренажный"
48,1964207726,ozon,Особенности массажного аппарата,"Регулировка по размеру, Работает в автомобиле, Таймер, Ручные программы, Русификация, Съемные части"
49,1964207726,ozon,Комплектация,EMS - тренажер для пресса (пояс) - 1шт; Рацион питания для похудения на 2000 ккал; Инструкция на русском языке; Индикатор - 1 шт; Зарядное устройство (USB - Charging кабель) - 1 шт; Опрыскиватель массажера (распылитель) - 1шт;
50,2176102014,ozon,Артикул,2176102014
51,2176102014,ozon,Тип,Миостимулятор
52,2176102014,ozon,Цвет,Черный глянцевый с 2 сменными основаниями
53,2176102014,ozon,Зоны массажа,"Ноги, Плечи, Поясница, Спина, Тело, Ягодицы"
54,2176102014,ozon,Материал корпуса,ABS пластик
55,2176102014,ozon,Количество программ/режимов,6
56,2176102014,ozon,Вид питания,От порта USB
57,2176102014,ozon,"Мощность массажера, Вт",5
58,2176102014,ozon,"Напряжение, В",120
59,2176102014,ozon,"Фактический размер товара, см",23*16*6
60,2176102014,ozon,Упаковка,"Картонная коробка, Конверт"
61,2176102014,ozon,Страна-изготовитель,Китай
62,2176102014,ozon,Гарантийный срок,6 месяцев
63,2176102014,ozon,"Вид массажа
","Вибрационный, Импульсный, Комбинированный, Миостимулирующий, Разминание, Расслабляющий"
64,2176102014,ozon,Особенности массажного аппарата,"Подогрев, Пульт ДУ, Регулировка по размеру, Русификация, Работает в автомобиле, Ручные программы"
65,2176102014,ozon,Комплектация,"Миостимулятор для пресса , ног, тела, шеи, живота, рук, спины, поясницы (1 шт) с пультом управления (1шт) , сменное основание (2 шт), USB-кабель (адаптер в комплект не входит!), ремни в подарок (2 шт)"
66,1680423616,ozon,Артикул,1680423616
67,1680423616,ozon,Тип,Миостимулятор
68,1680423616,ozon,Цвет,16 режимов
69,1680423616,ozon,Вид массажа,"Импульсный, Миостимулирующий"
70,1680423616,ozon,Зоны массажа,"Спина, Тело, Руки, Поясница, Ноги, Плечи"
71,1680423616,ozon,Особенности массажного аппарата,"Ручные программы, Таймер"
72,1680423616,ozon,Материал корпуса,ABS пластик
73,1680423616,ozon,Количество программ/режимов,16
74,1680423616,ozon,Вид питания,"Встроенный аккумулятор, От порта USB"
75,1680423616,ozon,"Мощность массажера, Вт",0.075
76,1680423616,ozon,"Фактический размер товара, см",10х5
77,1680423616,ozon,Упаковка,"Воздушно-пузырчатая пленка, Картонная коробка"
78,1680423616,ozon,Страна-изготовитель,Китай
79,1680423616,ozon,Гарантийный срок,180 дней
80,1680423616,ozon,Комплектация,Универсальный импульсный миостимулятор с током; Инструкция на русском языке; 8 электродов; провод USB; коробка;
81,1474493240,ozon,Артикул,1474493240
82,1474493240,ozon,Тип,Миостимулятор
83,1474493240,ozon,Цвет,24 режима
84,1474493240,ozon,Вид массажа,Миостимулирующий
85,1474493240,ozon,Зоны массажа,"Тело, Плечи"
86,1474493240,ozon,Особенности массажного аппарата,Таймер
87,1474493240,ozon,Материал корпуса,ABS пластик
88,1474493240,ozon,Количество программ/режимов,24
89,1474493240,ozon,Вид питания,Встроенный аккумулятор
90,1474493240,ozon,"Мощность массажера, Вт",0.025
91,1474493240,ozon,"Фактический размер товара, см",12х6
92,1474493240,ozon,Упаковка,"Easy pack, Картонная коробка"
93,1474493240,ozon,Страна-изготовитель,Китай
94,1474493240,ozon,Гарантийный срок,180 дней
95,1474493240,ozon,Комплектация,Миостимулятор-1шт; инструкция на русском языке-1шт; провод USB-1шт; шнур для электродов-2шт; мягкие подушечки-электроды- 20 шт.
96,945844796,ozon,Артикул,945844796
97,945844796,ozon,Тип,Миостимулятор
98,945844796,ozon,Цвет,Белый
99,945844796,ozon,Зоны массажа,"Плечи, Поясница, Руки, Спина, Тело"
100,945844796,ozon,Особенности массажного аппарата,"Таймер, Ручные программы, Съемные части"
101,945844796,ozon,Материал корпуса,ABS пластик
102,945844796,ozon,Количество программ/режимов,24
103,945844796,ozon,Вид питания,"Сменная батарея, От сети 220В"
104,945844796,ozon,"Мощность массажера, Вт",6
105,945844796,ozon,"Фактический размер товара, см",15
106,945844796,ozon,Упаковка,Картонная коробка
107,945844796,ozon,Страна-изготовитель,Китай
108,945844796,ozon,Гарантийный срок,12 месяцев
109,945844796,ozon,"Вид массажа
","Импульсный, Лечебный, Миостимулирующий, Оздоровительный, Расслабляющий, Лимфодренажный"
110,945844796,ozon,Комплектация,"Электронный блок управления (ЭБУ) - 1 шт. Гелиевые пластины - 4 шт. Провод к гелиевым пластинам - 2 шт. Сетевой адаптер - 1 шт. Инфракрасный излучатель - 1 шт. Элемент питания 1,5 V типа ААА - 3 шт."
111,262066450,ozon,Артикул,262066450
112,262066450,ozon,Тип,Миостимулятор
113,262066450,ozon,Цвет,EMS-350
114,262066450,ozon,Зоны массажа,"Поясница, Ягодицы, Тело, Ноги, Плечи, Руки"
115,262066450,ozon,Особенности массажного аппарата,"Ручные программы, Таймер"
116,262066450,ozon,Материал корпуса,ABS пластик
117,262066450,ozon,Количество программ/режимов,12
118,262066450,ozon,Вид питания,От сети 220В
119,262066450,ozon,"Мощность массажера, Вт",0.2
120,262066450,ozon,"Напряжение, В",80
121,262066450,ozon,"Фактический размер товара, см","12,2 х 6,5 х 1,2"
122,262066450,ozon,Упаковка,Картонная коробка
123,262066450,ozon,Страна-изготовитель,Китай
124,262066450,ozon,Гарантийный срок,3 года
125,262066450,ozon,"Вид массажа
","Миостимулирующий, Акупунктурный, Антицеллюлитный, Гуаша, Классический, Комбинированный"
126,262066450,ozon,Комплектация,"Массажер, самоклеящиеся электроды (8 шт.), соединительные провода (4 шт.), блок питания, USB-кабель, инструкция"
127,150341662,ozon,Артикул,150341662
128,150341662,ozon,Тип,Миостимулятор
129,150341662,ozon,Цвет,Белый
130,150341662,ozon,Зоны массажа,Лицо
131,150341662,ozon,Материал корпуса,ABS пластик
132,150341662,ozon,Количество программ/режимов,4
133,150341662,ozon,Вид питания,"От сети 220В, Сменная батарея"
134,150341662,ozon,Страна-изготовитель,Китай
135,150341662,ozon,Гарантийный срок,1 год
136,150341662,ozon,Комплектация,"миостимулятор, сетевой адаптер, 2 пары электродов, 1 провод для подключения электродов, инструкция на русском языке, батарейка 9В, лоток для размещения электродов, гарантийный талон, гарантия - 1 год."
137,1567457720,ozon,Артикул,1567457720
138,1567457720,ozon,Тип,Миостимулятор
139,1567457720,ozon,Цвет,В обуви
140,1567457720,ozon,Вид массажа,Миостимулирующий
141,1567457720,ozon,Зоны массажа,"Ноги, Поясница, Руки, Ягодицы, Тело"
142,1567457720,ozon,Особенности массажного аппарата,"Работает в автомобиле, Ручные программы"
143,1567457720,ozon,Материал корпуса,ABS пластик
144,1567457720,ozon,Количество программ/режимов,9
145,1567457720,ozon,Вид питания,Сменный аккумулятор
146,1567457720,ozon,"Напряжение, В",5
147,1567457720,ozon,Упаковка,Картонная коробка
148,1567457720,ozon,Страна-изготовитель,Китай
149,1567457720,ozon,Гарантийный срок,30 дней
150,1567457720,ozon,Комплектация,Массажер*1/ Блок питания*1/ Пластырь*8/ Руководство*1/Обувь*1/ Перчатки*1
151,478107761,ozon,Артикул,478107761
152,478107761,ozon,Тип,Миостимулятор
153,478107761,ozon,Цвет,Красный Duo
154,478107761,ozon,Вид массажа,Миостимулирующий
155,478107761,ozon,Зоны массажа,"Ноги, Плечи, Поясница, Руки, Спина, Ягодицы"
156,478107761,ozon,Особенности массажного аппарата,"Съемные части, Русификация"
157,478107761,ozon,Материал корпуса,ABS пластик
158,478107761,ozon,Вид питания,"Внешний источник питания, От сети 220В"
159,478107761,ozon,Упаковка,Кейс пластиковый
160,478107761,ozon,Страна-изготовитель,Китай
161,478107761,ozon,Гарантийный срок,1 год
162,478107761,ozon,"Фактический размер товара, см","- Размер устройства 60,4 мм х 43,5 мм х 13,6 мм - Размер прямоугольного электрода 9 см х 5см - Размер круглого электрода 5,5 см (2,1 дюйм) - Вес устройства 25 г"
163,478107761,ozon,Комплектация,- 2 модуля PowerDot - 2 комплекта электродов - 2 комплекта соединительных кабелей для электродов - 2 зарядных кабеля Micro USB - Защитный чехол для переноски - Мобильное приложение PowerDot на русском языке
164,2199342107,ozon,Артикул,2199342107
165,2199342107,ozon,Тип,Миостимулятор
166,2199342107,ozon,Цвет,Черно-синий
167,2199342107,ozon,Зоны массажа,"Ноги, Поясница, Руки, Спина"
168,2199342107,ozon,Особенности массажного аппарата,Ручные программы
169,2199342107,ozon,Материал корпуса,ABS пластик
170,2199342107,ozon,Количество программ/режимов,8
171,2199342107,ozon,Вид питания,Встроенный аккумулятор
172,2199342107,ozon,"Мощность массажера, Вт",0.6
173,2199342107,ozon,"Фактический размер товара, см","13х5,5х3"
174,2199342107,ozon,Упаковка,Картонная коробка
175,2199342107,ozon,Страна-изготовитель,Китай
176,2199342107,ozon,Гарантийный срок,30 дней
177,2199342107,ozon,"Вид массажа
","Акупунктурный, Импульсный, Лимфодренажный, Миостимулирующий, Расслабляющий"
178,2199342107,ozon,Комплектация,"Миостимулятор 2шт, гидрогелевая пластина бабочка 4 шт, зарядный кабель"
179,1653727368,ozon,Артикул,1653727368
180,1653727368,ozon,Тип,Миостимулятор
181,1653727368,ozon,Цвет,Черный
182,1653727368,ozon,Зоны массажа,"Ноги, Поясница, Руки, Спина, Тело, Ягодицы"
183,1653727368,ozon,Особенности массажного аппарата,"Таймер, Ручные программы"
184,1653727368,ozon,Материал корпуса,ABS пластик
185,1653727368,ozon,Количество программ/режимов,36
186,1653727368,ozon,Вид питания,Встроенный аккумулятор
187,1653727368,ozon,"Мощность массажера, Вт",0.075
188,1653727368,ozon,"Фактический размер товара, см",12
189,1653727368,ozon,Упаковка,Коробка
190,1653727368,ozon,Страна-изготовитель,Китай
191,1653727368,ozon,Гарантийный срок,180 дней
192,1653727368,ozon,"Вид массажа
","Антицеллюлитный, Импульсный, Лимфодренажный, Миостимулирующий"
193,1653727368,ozon,Комплектация,"массажер миостимулятор - 1 шт, насадки аппликаторы электроды - 10 шт, кабель для электрода - 2 шт, зарядный кабель - 1 шт, блок питания - 1 шт, инструкция - 1 шт, коробка - 1 шт."
194,227792910,ozon,Артикул,227792910
195,227792910,ozon,Тип,Миостимулятор
196,227792910,ozon,Цвет,Черно-серый
197,227792910,ozon,Зоны массажа,"Тело, Ноги, Плечи, Шея, Поясница, Руки"
198,227792910,ozon,Особенности массажного аппарата,"Работает в автомобиле, Ручные программы, Таймер"
199,227792910,ozon,Материал корпуса,Алюминий
200,227792910,ozon,Количество программ/режимов,24
201,227792910,ozon,Вид питания,Встроенный аккумулятор
202,227792910,ozon,"Напряжение, В",9
203,227792910,ozon,"Фактический размер товара, см",12х6х1
204,227792910,ozon,Упаковка,Картонная коробка
205,227792910,ozon,Страна-изготовитель,Китай
206,227792910,ozon,Гарантийный срок,12
207,227792910,ozon,"Вид массажа
","Миостимулирующий, Акупунктурный, Антицеллюлитный, Импульсный, Оздоровительный, Перкусионный"
208,227792910,ozon,Комплектация,массажер ОРИОН- 1 шт электронный блок/модуль управления - 1 шт электродный шнур - 3 шт электродные пластины - 6 шт зарядное устройство - 1 шт стилус - 1 шт клипсы-электроды - 1 шт
209,2149287655,ozon,Артикул,2149287655
210,2149287655,ozon,Тип,Миостимулятор
211,2149287655,ozon,Цвет,Светло-синий
212,2149287655,ozon,Зоны массажа,"Спина, Поясница, Руки, Плечи"
213,1790456472,ozon,Артикул,1790456472
214,1790456472,ozon,Тип,Миостимулятор
215,1790456472,ozon,Цвет,Черный
216,1790456472,ozon,Зоны массажа,"Голова, Руки, Тело, Шея, Ноги, Плечи"
217,1790456472,ozon,Особенности массажного аппарата,"Ручные программы, Таймер, Съемные части"
218,1790456472,ozon,Материал корпуса,"Металл, ABS пластик"
219,1790456472,ozon,Количество программ/режимов,36
220,1790456472,ozon,Вид питания,"От порта USB, Встроенный аккумулятор"
221,1790456472,ozon,"Напряжение, В",5
222,1790456472,ozon,"Фактический размер товара, см",5.3X9.5
223,1790456472,ozon,Упаковка,Картонная коробка
224,1790456472,ozon,Страна-изготовитель,Китай
225,1790456472,ozon,"Вид массажа
","Миостимулирующий, Рефлекторный, Акупрессурный, Вибрационный, Лечебный"
226,1790456472,ozon,Комплектация,1 * Электротерапевтический массажер (хозяин) 4 пар* электродных накладок 2 * 2 электродных провода 1 * USB-кабель 1 * Крепежная пластина вкладыша 1 * Руководство пользователя 1 * Карта акупунктурных точек 1 * Цветная коробка 1*инструкция на русском языке
227,1756744167,ozon,Артикул,1756744167
228,1756744167,ozon,Тип,Миостимулятор
229,1756744167,ozon,Цвет,Оригинальный медицинский прибор
230,1756744167,ozon,Зоны массажа,"Ноги, Плечи, Поясница, Руки, Тело, Шея"
231,1756744167,ozon,Особенности массажного аппарата,"Работает в автомобиле, Ручные программы, Таймер"
232,1756744167,ozon,Материал корпуса,Металл
233,1756744167,ozon,Количество программ/режимов,24
234,1756744167,ozon,Вид питания,Встроенный аккумулятор
235,1756744167,ozon,"Напряжение, В",9
236,1756744167,ozon,"Фактический размер товара, см",12х6х1
237,1756744167,ozon,Упаковка,Картонная коробка
238,1756744167,ozon,Страна-изготовитель,Китай
239,1756744167,ozon,Гарантийный срок,12 месяцев
240,1756744167,ozon,"Вид массажа
","Миостимулирующий, Акупунктурный, Антицеллюлитный, Импульсный, Оздоровительный"
241,1756744167,ozon,Комплектация,Аппарат -1 шт Электроды тип 1 (силиконовая основа) – 4 шт Электроды тип 2 (хлопковая основа) – 4 шт. Шнур-кабель для подключения электродов – 4 шт. Провод USB – 1шт. Адаптер – 1 шт. Чехол для хранения и транспортировки – 1шт. Руководство по эксплуатации – 1 шт.
242,2028564403,ozon,Артикул,2028564403
243,2028564403,ozon,Тип,Миостимулятор
244,2028564403,ozon,Цвет,Синий
245,2028564403,ozon,Зоны массажа,Плечи
246,2028564403,ozon,Особенности массажного аппарата,Пульт ДУ
247,2028564403,ozon,Материал корпуса,ABS пластик
248,2028564403,ozon,Количество программ/режимов,8
249,2028564403,ozon,Вид питания,От порта USB
250,2028564403,ozon,"Напряжение, В",3.3
251,2028564403,ozon,Упаковка,Slim Case
252,2028564403,ozon,Страна-изготовитель,Китай
253,2028564403,ozon,Гарантийный срок,6 месяцев
254,1970004131,ozon,Артикул,1970004131
255,1970004131,ozon,Тип,Миостимулятор
256,1970004131,ozon,Цвет,Черный
257,1970004131,ozon,Зоны массажа,"Поясница, Спина, Ягодицы, Тело"
258,1970004131,ozon,Особенности массажного аппарата,Регулировка по размеру
259,1970004131,ozon,"Максимальный рост пользователя, см",190
260,1970004131,ozon,Материал корпуса,"ABS пластик, Текстиль"
261,1970004131,ozon,Количество программ/режимов,19
262,1970004131,ozon,Вид питания,"Встроенный аккумулятор, От порта USB"
263,1970004131,ozon,"Мощность массажера, Вт",30
264,1970004131,ozon,"Напряжение, В",3.3
265,1970004131,ozon,"Фактический размер товара, см",26 х 16 х 5
266,1970004131,ozon,Упаковка,Картонная коробка
267,1970004131,ozon,Страна-изготовитель,Китай
268,1970004131,ozon,"Вид массажа
","Вибрационный, Антицеллюлитный, Лимфодренажный, Импульсный, Миостимулирующий, Разминание"
269,1970004131,ozon,Комплектация,EMS - тренажер для пресса (пояс) - 1шт; Инструкция на английском языке - 1 шт; Индикатор - 1 шт; Шнур USB - 1 шт.
270,2154018755,ozon,Артикул,2154018755
271,2154018755,ozon,Тип,Миостимулятор
272,2154018755,ozon,Цвет,Черный
273,2154018755,ozon,Вид массажа,Миостимулирующий
274,2154018755,ozon,Зоны массажа,"Ягодицы, Тело, Спина, Руки, Поясница, Плечи"
275,2154018755,ozon,Особенности массажного аппарата,Таймер
276,2154018755,ozon,Материал корпуса,ABS пластик
277,2154018755,ozon,Количество программ/режимов,36
278,2154018755,ozon,Вид питания,Встроенный аккумулятор
279,2154018755,ozon,"Мощность массажера, Вт",0.025
280,2154018755,ozon,"Фактический размер товара, см",12x6
281,2154018755,ozon,Упаковка,"Easy pack, Картонная коробка"
282,2154018755,ozon,Страна-изготовитель,Китай
283,2154018755,ozon,Гарантийный срок,1
284,1710459333,ozon,Артикул,1710459333
285,1710459333,ozon,Тип,Миостимулятор
286,1710459333,ozon,Цвет,Пластырь
287,1710459333,ozon,Вид массажа,"Импульсный, Миостимулирующий, Оздоровительный, Расслабляющий"
288,1710459333,ozon,Зоны массажа,"Шея, Тело, Спина, Руки, Ноги"
289,1710459333,ozon,Материал корпуса,Полирезин
290,1710459333,ozon,Упаковка,Пакет
291,1710459333,ozon,Комплектация,Пластырь*1
292,1710459333,ozon,Страна-изготовитель,Китай
293,1710459333,ozon,Гарантийный срок,30 дней
294,2052046798,ozon,Артикул,2052046798
295,2052046798,ozon,Тип,Миостимулятор
296,2052046798,ozon,Цвет,Черно-синий
297,2052046798,ozon,Зоны массажа,"Поясница, Тело, Руки, Спина, Ягодицы"
298,2196585793,ozon,Артикул,2196585793
299,2196585793,ozon,Тип,Миостимулятор
300,2196585793,ozon,Цвет,2XL (обхват талии до 125 см)
301,2196585793,ozon,Зоны массажа,"Поясница, Спина"
302,2196585793,ozon,"Максимальный рост пользователя, см",190
303,2196585793,ozon,Материал корпуса,"ABS пластик, Текстиль"
304,2196585793,ozon,Количество программ/режимов,19
305,2196585793,ozon,Вид питания,"Встроенный аккумулятор, От порта USB"
306,2196585793,ozon,"Мощность массажера, Вт",30
307,2196585793,ozon,"Напряжение, В",3.3
308,2196585793,ozon,"Фактический размер товара, см",26*16*5
309,2196585793,ozon,Упаковка,"Картонная коробка, Зип-пакет"
310,2196585793,ozon,Страна-изготовитель,Китай
311,2196585793,ozon,Гарантийный срок,14
312,2196585793,ozon,"Вид массажа
","Вибрационный, Миостимулирующий, Антицеллюлитный, Импульсный, Лимфодренажный, Разминание"
313,2196585793,ozon,Особенности массажного аппарата,"Регулировка по размеру, Работает в автомобиле, Съемные части, Таймер, Ручные программы"
314,2196585793,ozon,Комплектация,EMS - тренажер для пресса (пояс) - 1шт; Инструкция на английском языке; Индикатор - 1 шт; Зарядное устройство (USB - Charging кабель) - 1 шт; Картонная коробка; Зип пакет;
315,1621633247,ozon,Артикул,1621633247
316,1621633247,ozon,Тип,Миостимулятор
317,1621633247,ozon,Цвет,36 режимов
318,1621633247,ozon,Вид массажа,Миостимулирующий
319,1621633247,ozon,Зоны массажа,"Руки, Тело"
320,1621633247,ozon,Особенности массажного аппарата,Русификация
321,1621633247,ozon,Материал корпуса,ABS пластик
322,1621633247,ozon,Количество программ/режимов,36
323,1621633247,ozon,Вид питания,"Встроенный аккумулятор, От порта USB"
324,1621633247,ozon,"Мощность массажера, Вт",0.075
325,1621633247,ozon,"Фактический размер товара, см",12х6
326,1621633247,ozon,Страна-изготовитель,Китай
327,1621633247,ozon,Гарантийный срок,365 дней
328,1621633247,ozon,Комплектация,Миостимулятор-1шт; инструкция на русском языке-1шт; провод USB-1шт; шнур для электродов-2шт; мягкие подушечки-электроды-20шт.
329,232248055,ozon,Артикул,232248055
330,232248055,ozon,Тип,Миостимулятор
331,232248055,ozon,Цвет,EMS-200
332,232248055,ozon,Зоны массажа,"Поясница, Ягодицы, Тело, Зона декольте, Плечи, Руки"
333,232248055,ozon,Особенности массажного аппарата,"Работает в автомобиле, Ручные программы, Таймер"
334,232248055,ozon,"Максимальный рост пользователя, см",195
335,232248055,ozon,Материал корпуса,ABS пластик
336,232248055,ozon,Количество программ/режимов,10
337,232248055,ozon,Вид питания,"От порта USB, Сменная батарея"
338,232248055,ozon,"Мощность массажера, Вт",50
339,232248055,ozon,"Напряжение, В",5
340,232248055,ozon,"Фактический размер товара, см","20 х 6 х 1,5"
341,232248055,ozon,Страна-изготовитель,Китай
342,232248055,ozon,Гарантийный срок,3 года
343,232248055,ozon,"Вид массажа
","Миостимулирующий, Акупунктурный, Антицеллюлитный, Гуаша, Классический, Комбинированный"
344,232248055,ozon,Комплектация,"миостимулятор, 8 электродов, 4 соединительных провода, USB-кабель, инструкция"
345,944909943,ozon,Артикул,944909943
346,944909943,ozon,Тип,Миостимулятор
347,944909943,ozon,Цвет,Миостимулятор JR-309A
348,944909943,ozon,Зоны массажа,"Руки, Тело, Ноги, Плечи, Ягодицы, Поясница"
349,944909943,ozon,Особенности массажного аппарата,"Русификация, Ручные программы, Таймер"
350,944909943,ozon,Материал корпуса,Пластик
351,944909943,ozon,Количество программ/режимов,8
352,944909943,ozon,Вид питания,"От сети 220В, Сменная батарея"
353,944909943,ozon,"Напряжение, В",4.5
354,944909943,ozon,Упаковка,Картонная коробка
355,944909943,ozon,Страна-изготовитель,Китай
356,944909943,ozon,Гарантийный срок,12
357,944909943,ozon,"Вид массажа
","Антицеллюлитный, Импульсный, Оздоровительный, Миостимулирующий, Шиацу, Классический"
358,944909943,ozon,Комплектация,Терапевтические тапочки - 1 шт.; Электроды (патчи) - 4 шт.; Подставка для патчей - 2 шт.; Шнуры электоды - 2 шт (на 2 и 4 контакта).; Блок питания; Шнур питания; Инструкция на русском языке; Схема биологически активных точек на теле (на Английском языке); Аппарат (Русифицированный);
359,2059797161,ozon,Артикул,2059797161
360,2059797161,ozon,Тип,Миостимулятор
361,2059797161,ozon,Цвет,Серый металлик
362,2059797161,ozon,Зоны массажа,"Ягодицы, Спина, Руки, Плечи, Поясница, Ноги"
363,2059797161,ozon,Особенности массажного аппарата,"Ручные программы, Таймер, Работает в автомобиле"
364,2059797161,ozon,Материал корпуса,"ABS пластик, Металл"
365,2059797161,ozon,Количество программ/режимов,24
366,2059797161,ozon,Вид питания,"Встроенный аккумулятор, От порта USB"
367,2059797161,ozon,"Мощность массажера, Вт",240
368,2059797161,ozon,"Напряжение, В",4.3
369,2059797161,ozon,"Фактический размер товара, см","12,5 см*6,5см*1,1см"
370,2059797161,ozon,Упаковка,"Подарочная коробка, Картонная коробка"
371,2059797161,ozon,Страна-изготовитель,Китай
372,2059797161,ozon,Гарантийный срок,1 год
373,2059797161,ozon,"Вид массажа
","Акупунктурный, Лимфодренажный, Расслабляющий, Перкусионный, Шиацу"
374,2059797161,ozon,Комплектация,"Основной блок - 1 шт. Стилус, Электроды 50*50 мм - 6 пар, Электроды 50*100 мм - 2 пары, Соединительный провод - 4 шт. USB-кабель - 1 шт. Адаптер питания - 1 шт. Мешочек для хранения - 1 шт. Руководство пользователя - 1 шт."
375,2037254366,ozon,Артикул,2037254366
376,2037254366,ozon,Тип,Миостимулятор
377,2037254366,ozon,Бренд,FAFY
378,2037254366,ozon,Цвет,"Черный, серебристый"
379,2037254366,ozon,Вид массажа,Лечебный
380,2037254366,ozon,Зоны массажа,"Зона декольте, Лицо, Ноги, Плечи, Поясница, Руки"
381,2037254366,ozon,Особенности массажного аппарата,"Ручные программы, Русификация"
382,2037254366,ozon,Материал корпуса,ABS пластик
383,2037254366,ozon,Количество программ/режимов,36
384,2037254366,ozon,Вид питания,"Встроенный аккумулятор, От порта USB"
385,2037254366,ozon,"Мощность массажера, Вт",0.075
386,2037254366,ozon,"Фактический размер товара, см",12х6
387,2037254366,ozon,Упаковка,Easy pack
388,2037254366,ozon,Страна-изготовитель,Беларусь
389,2037254366,ozon,Гарантийный срок,60
390,2037254366,ozon,Комплектация,Миостимулятор-1шт; зарядный блок-1шт; провод USB-1шт; шнур для электродов-2шт; мягкие подушечки-электроды-8шт.
391,1928422336,ozon,Артикул,1928422336
392,1928422336,ozon,Тип,Миостимулятор
393,1928422336,ozon,Цвет,Мио-ЛОР
394,1928422336,ozon,Зоны массажа,"Ноги, Плечи, Руки, Тело, Спина, Ягодицы"
395,1928422336,ozon,Особенности массажного аппарата,"Ручные программы, Таймер, Съемные части"
396,1928422336,ozon,Материал корпуса,ABS пластик
397,1928422336,ozon,Количество программ/режимов,30
398,1928422336,ozon,Вид питания,Встроенный аккумулятор
399,1928422336,ozon,"Напряжение, В",5
400,1928422336,ozon,"Фактический размер товара, см","2,1*9,5*1,3"
401,1928422336,ozon,Упаковка,Картонная коробка
402,1928422336,ozon,Страна-изготовитель,Китай
403,1928422336,ozon,Гарантийный срок,1 год
404,1928422336,ozon,"Вид массажа
","Антицеллюлитный, Импульсный, Миостимулирующий, Расслабляющий, Оздоровительный"
405,1928422336,ozon,Комплектация,Миостимулятор - 1 шт. Кабель ЛОР - 1 шт. Электроды - 12 шт. Провод для электродов - 2 шт. Кабель для зарядки - 1 шт. Инструкция
406,1732509816,ozon,Артикул,1732509816
407,1732509816,ozon,Тип,Миостимулятор
408,1732509816,ozon,Цвет,Белый
409,1732509816,ozon,Вид массажа,Миостимулирующий
410,1732509816,ozon,Зоны массажа,Тело
411,1732509816,ozon,Особенности массажного аппарата,Ручные программы
412,1732509816,ozon,Материал корпуса,Силикон
413,1732509816,ozon,Количество программ/режимов,3
414,1732509816,ozon,Вид питания,Встроенный аккумулятор
415,1732509816,ozon,"Мощность массажера, Вт",5
416,1732509816,ozon,"Напряжение, В",3.7
417,1732509816,ozon,Упаковка,Картонная коробка
418,1732509816,ozon,Страна-изготовитель,Китай
419,1732509816,ozon,Комплектация,1 * Упаковочная коробка 1 * Руководство пользователя 1*Хост 1 * Кабель для зарядки
420,1970486550,ozon,Артикул,1970486550
421,1970486550,ozon,Тип,Миостимулятор
422,1970486550,ozon,Цвет,Бронза
423,1970486550,ozon,Вид массажа,"Акупунктурный, Вибрационный, Импульсный, Миостимулирующий"
424,1970486550,ozon,Зоны массажа,"Зона декольте, Ноги, Плечи, Поясница, Руки, Тело"
425,1970486550,ozon,Особенности массажного аппарата,Ручные программы
426,1970486550,ozon,Материал корпуса,ABS пластик
427,1970486550,ozon,Количество программ/режимов,8
428,1970486550,ozon,Вид питания,От порта USB
429,1970486550,ozon,"Напряжение, В",5
430,1970486550,ozon,"Фактический размер товара, см",6
431,1970486550,ozon,Упаковка,Easy pack
432,1970486550,ozon,Комплектация,10 массажных пластыря
433,1970486550,ozon,Страна-изготовитель,Китай
434,2179948680,ozon,Артикул,2179948680
435,2179948680,ozon,Тип,Миостимулятор
436,2179948680,ozon,Цвет,Пояс-миостимулятор для пресса
437,2179948680,ozon,Вид массажа,Импульсный
438,2179948680,ozon,Зоны массажа,"Тело, Поясница"
439,2179948680,ozon,Особенности массажного аппарата,Регулировка по размеру
440,2179948680,ozon,Материал корпуса,ABS пластик
441,2179948680,ozon,Количество программ/режимов,6
442,2179948680,ozon,Вид питания,От порта USB
443,2179948680,ozon,"Напряжение, В",5
444,2179948680,ozon,"Фактический размер товара, см",108
445,2179948680,ozon,Упаковка,Картонная коробка
446,2179948680,ozon,Страна-изготовитель,Китай
447,2179948680,ozon,Гарантийный срок,6 месяцев
448,2179948680,ozon,Комплектация,"Пояс размер 108*12см, удлинитель 40см, миостимулятор, провод для USB-зарядки, инструкция, картонная коробка"
449,2167501113,ozon,Артикул,2167501113
450,2167501113,ozon,Тип,Миостимулятор
451,2167501113,ozon,Цвет,Черный матовый
452,2167501113,ozon,Вид массажа,"Лимфодренажный, Миостимулирующий"
453,2167501113,ozon,Зоны массажа,"Плечи, Шея, Поясница, Ноги, Ягодицы, Тело"
454,2167501113,ozon,Особенности массажного аппарата,Съемные части
455,2167501113,ozon,"Максимальный рост пользователя, см",250
456,2167501113,ozon,Материал корпуса,ABS пластик
457,2167501113,ozon,Количество программ/режимов,4
458,2167501113,ozon,Вид питания,Встроенный аккумулятор
459,2167501113,ozon,"Напряжение, В",3.7
460,2167501113,ozon,"Фактический размер товара, см",5.3*3.6*2
461,2167501113,ozon,Комплектация,"Часы, массажный шнур, руководство по эксплуатации"
462,2167501113,ozon,Страна-изготовитель,Китай
463,1423369110,ozon,Артикул,1423369110
464,1423369110,ozon,Тип,Миостимулятор
465,1423369110,ozon,Бренд,Beurer
466,1423369110,ozon,Цвет,"Черный, серый"
467,1423369110,ozon,Вид массажа,Миостимулирующий
468,1423369110,ozon,Зоны массажа,"Поясница, Ноги, Руки"
469,1423369110,ozon,Материал корпуса,ABS пластик
470,1423369110,ozon,Количество программ/режимов,40
471,1423369110,ozon,Комплектация,Миостимулятор Beurer EM 95
472,1423369110,ozon,Страна-изготовитель,Германия
473,1423369110,ozon,Гарантийный срок,12
474,170838627,ozon,Артикул,170838627
475,170838627,ozon,Тип,Миостимулятор
476,170838627,ozon,Зоны массажа,"Ноги, Тело, Ягодицы"
477,170838627,ozon,Особенности массажного аппарата,"Работает в автомобиле, Таймер"
478,170838627,ozon,"Максимальный рост пользователя, см",220
479,170838627,ozon,Материал корпуса,ABS пластик
480,170838627,ozon,Количество программ/режимов,4
481,170838627,ozon,Вид питания,Встроенный аккумулятор
482,170838627,ozon,"Напряжение, В",5
483,170838627,ozon,"Фактический размер товара, см",9 х 10
484,170838627,ozon,Страна-изготовитель,Китай (Тайвань)
485,170838627,ozon,Гарантийный срок,2 года
486,170838627,ozon,"Вид массажа
","Антицеллюлитный, Вибрационный, Комбинированный, Лимфодренажный, Миостимулирующий"
487,170838627,ozon,Комплектация,Прибор для ухода и массажа тела BioSonic 1140 Поставка для зарядки и хранения Защитные очки Зарядное устройство со шнуром питания Руководство по эксплуатации
488,324680866,ozon,Артикул,324680866
489,324680866,ozon,Тип,Миостимулятор
490,324680866,ozon,Цвет,Серый
491,324680866,ozon,Зоны массажа,"Тело, Ноги, Плечи, Поясница, Спина, Шея"
492,324680866,ozon,Особенности массажного аппарата,"Пульт ДУ, Ручные программы, Русификация, Таймер"
493,324680866,ozon,"Максимальный рост пользователя, см",220
494,324680866,ozon,Материал корпуса,ABS пластик
495,324680866,ozon,Количество программ/режимов,8
496,324680866,ozon,Вид питания,"Сменная батарея, От сети 220В"
497,324680866,ozon,"Мощность массажера, Вт",4.5
498,324680866,ozon,"Напряжение, В",5
499,324680866,ozon,"Фактический размер товара, см","15,5"
500,324680866,ozon,Упаковка,Коробка
501,324680866,ozon,Страна-изготовитель,Китай
502,324680866,ozon,Гарантийный срок,6 месяцев
503,324680866,ozon,"Вид массажа
","Импульсный, Лимфодренажный, Миостимулирующий, Оздоровительный, Вибрационный, Антицеллюлитный"
504,324680866,ozon,Комплектация,"Массажёр миостимулятор Меридиан , клейкие электроды 4шт, USB кабель, инструкция, 3 батарейки, кабели для электродов, инструкция"
505,1195170258,ozon,Артикул,1195170258
506,1195170258,ozon,Тип,Миостимулятор
507,1195170258,ozon,Цвет,Серебро
508,1195170258,ozon,Зоны массажа,"Тело, Ноги, Плечи, Поясница, Шея, Руки"
509,1195170258,ozon,Особенности массажного аппарата,"Ручные программы, Таймер"
510,1195170258,ozon,Материал корпуса,"ABS пластик, Алюминий"
511,1195170258,ozon,Количество программ/режимов,10
512,1195170258,ozon,Вид питания,Встроенный аккумулятор
513,1195170258,ozon,"Напряжение, В",5
514,1195170258,ozon,Упаковка,Пенал
515,1195170258,ozon,Страна-изготовитель,Китай
516,1195170258,ozon,Гарантийный срок,2 года
517,1195170258,ozon,"Вид массажа
","Импульсный, Акупунктурный, Миостимулирующий, Расслабляющий, Гуаша, Оздоровительный"
518,1195170258,ozon,Комплектация,"• миостимулятор • сетевой адаптер • USB-кабель • 2 пары электродов (стандартные) • 1 пара электродов (косметологические) • 2 провода для подключения электродов • инструкция на русском языке • лоток для размещения электродов • гарантийный талон, гарантия - 1 год."
519,1903410374,ozon,Артикул,1903410374
520,1903410374,ozon,Тип,Миостимулятор
521,1903410374,ozon,Цвет,Белый
522,1903410374,ozon,Зоны массажа,"Тело, Руки, Плечи, Поясница, Ноги, Ягодицы"
523,1903410374,ozon,Особенности массажного аппарата,"Русификация, Таймер, Ручные программы"
524,1903410374,ozon,Материал корпуса,Пластик
525,1903410374,ozon,Количество программ/режимов,8
526,1903410374,ozon,"Напряжение, В",4.5
527,1903410374,ozon,Страна-изготовитель,Китай
528,1307446461,ozon,Артикул,1307446461
529,1307446461,ozon,Тип,Миостимулятор
530,1307446461,ozon,Цвет,Белый
531,1307446461,ozon,Вид массажа,"Акупунктурный, Антицеллюлитный, Вибрационный, Импульсный"
532,1307446461,ozon,Зоны массажа,"Ноги, Плечи, Поясница, Руки, Спина, Шея"
533,1307446461,ozon,Особенности массажного аппарата,Ручные программы
534,1307446461,ozon,"Максимальный рост пользователя, см",200
535,1307446461,ozon,Материал корпуса,ABS пластик
536,1307446461,ozon,Количество программ/режимов,15
537,1307446461,ozon,Вид питания,"Встроенный аккумулятор, Сменная батарея"
538,1307446461,ozon,"Мощность массажера, Вт",54
539,1307446461,ozon,"Напряжение, В",1.5
540,1307446461,ozon,"Фактический размер товара, см",7*2*15
541,1307446461,ozon,Упаковка,Картонная коробка
542,1307446461,ozon,Страна-изготовитель,Китай
543,1307446461,ozon,Гарантийный срок,30 дней
544,1307446461,ozon,Комплектация,"Прибор для терапии, 2 насадки, провод для насадок, адаптер для розетки, провод USB-адаптер, 3 батарейки ААА. Инструкция на русском языке."
545,1233585465,ozon,Артикул,1233585465
546,1233585465,ozon,Тип,Миостимулятор
547,1233585465,ozon,Бренд,Beurer
548,1233585465,ozon,Цвет,"Белый, черный"
549,1233585465,ozon,Вид массажа,Миостимулирующий
550,1233585465,ozon,Зоны массажа,Тело
551,1233585465,ozon,Материал корпуса,Пластик
552,1233585465,ozon,Вид питания,Сменная батарея
553,1233585465,ozon,Страна-изготовитель,Германия
554,1233585465,ozon,Комплектация,"Миостимулятор Beurer EM49 Соединительный кабель, самоклеющиеся электроды, инструкция"
555,1610933092,ozon,Артикул,1610933092
556,1610933092,ozon,Тип,Миостимулятор
557,1610933092,ozon,Цвет,Синий с черным
558,1610933092,ozon,Вид массажа,"Миостимулирующий, Импульсный, Вибрационный"
559,1610933092,ozon,Зоны массажа,"Плечи, Руки, Тело, Поясница, Шея, Ягодицы"
560,1610933092,ozon,Особенности массажного аппарата,Таймер
561,1610933092,ozon,"Максимальный рост пользователя, см",200
562,1610933092,ozon,Материал корпуса,ABS пластик
563,1610933092,ozon,Количество программ/режимов,8
564,1610933092,ozon,Вид питания,Встроенный аккумулятор
565,1610933092,ozon,"Мощность массажера, Вт",3.7
566,1610933092,ozon,"Напряжение, В",4
567,1610933092,ozon,"Фактический размер товара, см",15
568,1610933092,ozon,Упаковка,Картонная коробка
569,1610933092,ozon,Комплектация,массажер-1 шт кабель зарядки-1 шт инструкция- 1 шт
570,1610933092,ozon,Страна-изготовитель,Китай
571,2199420716,ozon,Артикул,2199420716
572,2199420716,ozon,Тип,Миостимулятор
573,2199420716,ozon,Цвет,Черно-серый
574,2199420716,ozon,Вид массажа,"Акупунктурный, Импульсный, Миостимулирующий, Расслабляющий"
575,2199420716,ozon,Зоны массажа,"Ноги, Поясница, Руки, Спина, Тело, Ягодицы"
576,2199420716,ozon,Особенности массажного аппарата,Пульт ДУ
577,2199420716,ozon,Материал корпуса,"ABS пластик, Пластик"
578,2199420716,ozon,Количество программ/режимов,8
579,2199420716,ozon,Вид питания,Встроенный аккумулятор
580,2199420716,ozon,"Мощность массажера, Вт",0.56
581,2199420716,ozon,"Фактический размер товара, см","13х5,5х3"
582,2199420716,ozon,Упаковка,Картонная коробка
583,2199420716,ozon,Страна-изготовитель,Китай
584,2199420716,ozon,Гарантийный срок,30 дней
585,2199420716,ozon,Комплектация,"Миостимулятор 1шт, гидрогелевая пластина бабочка 2 шт, зарядный кабель, пульт управления"
586,1833345061,ozon,Артикул,1833345061
587,1833345061,ozon,Тип,Миостимулятор
588,1833345061,ozon,Цвет,Желтый
589,1833345061,ozon,Вид массажа,"Акупрессурный, Импульсный, Миостимулирующий, Расслабляющий"
590,1833345061,ozon,Зоны массажа,"Тело, Ноги, Поясница, Спина, Шея, Ягодицы"
591,1833345061,ozon,Особенности массажного аппарата,"Ручные программы, Съемные части, Таймер"
592,1833345061,ozon,"Максимальный рост пользователя, см",250
593,1833345061,ozon,Материал корпуса,ABS пластик
594,1833345061,ozon,Количество программ/режимов,16
595,1833345061,ozon,Вид питания,"Встроенный аккумулятор, От сети 220В"
596,1833345061,ozon,"Напряжение, В",5
597,1833345061,ozon,"Фактический размер товара, см",12х6
598,1833345061,ozon,Упаковка,Картонная коробка
599,1833345061,ozon,Страна-изготовитель,Китай
600,1833345061,ozon,Комплектация,Импульсный массажер - 1 шт; Инструкция - 1 шт; Электроды - 4 шт; Провод USB - 1 шт.
601,2176102061,ozon,Артикул,2176102061
602,2176102061,ozon,Тип,Миостимулятор
603,2176102061,ozon,Цвет,Сменное основание для миостимулятора
604,2176102061,ozon,Вид массажа,"Вибрационный, Импульсный, Лимфодренажный, Миостимулирующий"
605,2176102061,ozon,Зоны массажа,"Ноги, Плечи, Поясница, Руки, Спина, Ягодицы"
606,2176102061,ozon,Упаковка,Пакет с клапаном
607,2176102061,ozon,Комплектация,"Сменное основание - 1 штука, пакет"
608,2176102061,ozon,Страна-изготовитель,Китай
609,2009151929,ozon,Артикул,2009151929
610,2009151929,ozon,Тип,Миостимулятор
611,2009151929,ozon,Цвет,Белое
612,2009151929,ozon,Вид массажа,"Импульсный, Перкусионный, Вибрационный"
613,2009151929,ozon,Зоны массажа,"Плечи, Шея, Поясница, Ноги, Ягодицы, Тело"
614,2009151929,ozon,Особенности массажного аппарата,"Ручные программы, Пульт ДУ"
615,2009151929,ozon,"Максимальный рост пользователя, см",250
616,2009151929,ozon,Материал корпуса,ABS пластик
617,2009151929,ozon,Количество программ/режимов,6
618,2009151929,ozon,Вид питания,"Сменная батарея, От порта USB"
619,2009151929,ozon,"Мощность массажера, Вт",3.7
620,2009151929,ozon,"Напряжение, В",4
621,2009151929,ozon,"Фактический размер товара, см",15*7
622,2009151929,ozon,Упаковка,Bag-in-Box
623,2009151929,ozon,Страна-изготовитель,Китай
624,2009151929,ozon,Комплектация,массажер для шеи;миостимулятор;миостимулятор для тела;массажер для похудения;микротоковый массажер
625,1891748809,ozon,Артикул,1891748809
626,1891748809,ozon,Тип,Миостимулятор
627,1891748809,ozon,Цвет,36 режимов
628,1891748809,ozon,Вид массажа,Миостимулирующий
629,1891748809,ozon,Зоны массажа,Тело
630,1891748809,ozon,Особенности массажного аппарата,"Ручные программы, Таймер"
631,1891748809,ozon,Материал корпуса,ABS пластик
632,1891748809,ozon,Количество программ/режимов,36
633,1891748809,ozon,"Фактический размер товара, см","35х46,5х2"
634,1891748809,ozon,Страна-изготовитель,Китай
635,1891748809,ozon,Гарантийный срок,180
636,1891748809,ozon,Комплектация,миостимулятор 1 шт; инструкция на русском языке 1 шт; 8 электродов; 2 провода для электродов.
637,1412088852,ozon,Артикул,1412088852
638,1412088852,ozon,Тип,Миостимулятор
639,1412088852,ozon,Цвет,"Черный, синий"
640,1412088852,ozon,Вид массажа,"Миостимулирующий, Оздоровительный, Расслабляющий"
641,1412088852,ozon,Зоны массажа,"Шея, Ягодицы, Ноги, Руки"
642,1412088852,ozon,Особенности массажного аппарата,Ручные программы
643,1412088852,ozon,Материал корпуса,Пластик
644,1412088852,ozon,Количество программ/режимов,8
645,1412088852,ozon,Вид питания,"От порта USB, Встроенный аккумулятор"
646,1412088852,ozon,Страна-изготовитель,Китай
647,1412088852,ozon,Комплектация,Массажер - 1шт. Блок управления - 1шт. USB-кабель зарядки - 1шт.
648,1766425459,ozon,Артикул,1766425459
649,1766425459,ozon,Тип,Миостимулятор
650,1766425459,ozon,Цвет,Серый
651,1766425459,ozon,Зоны массажа,"Тело, Ноги, Плечи, Поясница, Спина, Шея"
652,1766425459,ozon,Особенности массажного аппарата,"Пульт ДУ, Ручные программы, Подогрев"
653,1766425459,ozon,"Максимальный рост пользователя, см",220
654,1766425459,ozon,Материал корпуса,ABS пластик
655,1766425459,ozon,Количество программ/режимов,6
656,1766425459,ozon,Вид питания,От порта USB
657,1766425459,ozon,"Мощность массажера, Вт",4.5
658,1766425459,ozon,"Напряжение, В",5
659,1766425459,ozon,"Фактический размер товара, см","15,5"
660,1766425459,ozon,Упаковка,Коробка
661,1766425459,ozon,"Вид массажа
","Импульсный, Комбинированный, Лечебный, Лимфодренажный, Миостимулирующий, Оздоровительный"
662,1818607140,ozon,Артикул,1818607140
663,1818607140,ozon,Тип,Миостимулятор
664,1818607140,ozon,Цвет,Ӕвзистхуыз-урс
665,1818607140,ozon,Вид массажа,"Лечебный, Миостимулирующий, Оздоровительный"
666,1818607140,ozon,Зоны массажа,"Голова, Руки, Шея, Плечи, Тело, Ноги"
667,1818607140,ozon,Особенности массажного аппарата,"Ручные программы, Таймер"
668,1818607140,ozon,Материал корпуса,ABS пластик
669,1818607140,ozon,Упаковка,Картонный бокс + DigiPak
670,1818607140,ozon,Страна-изготовитель,Китай
671,1818607140,ozon,Гарантийный срок,3 месяца
672,1818607140,ozon,Комплектация,1 * Электротерапевтический массажер (хозяин) 6 пар * электродных накладок (две пары запасных выдаются бесплатно) 4*2 электродная проволока 1 * USB-кабель 1 * Руководство пользователя 1 * Цветная коробка
673,1562270649,ozon,Артикул,1562270649
674,1562270649,ozon,Тип,Миостимулятор
675,1562270649,ozon,Цвет,Белый
676,1562270649,ozon,Вид массажа,"Расслабляющий, Лечебный"
677,1562270649,ozon,Зоны массажа,"Зона декольте, Ноги, Плечи, Руки, Спина, Тело"
678,1562270649,ozon,Особенности массажного аппарата,"Съемные части, Ручные программы"
679,1562270649,ozon,"Максимальный рост пользователя, см",200
680,1562270649,ozon,Материал корпуса,Пластик
681,1562270649,ozon,Количество программ/режимов,8
682,1562270649,ozon,Вид питания,От порта USB
683,1562270649,ozon,"Мощность массажера, Вт",4.5
684,1562270649,ozon,"Фактический размер товара, см",25x20x5
685,1562270649,ozon,Упаковка,Картонная коробка
686,1562270649,ozon,Страна-изготовитель,Китай
687,1562270649,ozon,Гарантийный срок,360 дней
688,1562270649,ozon,Комплектация,1 * устройство цифровой терапии 8 * электродных накладок (4 пары) 2*4-ходовой электродный провод 1 * USB-кабель для зарядки 1 * Руководство пользователя на английском языке
689,1510547214,ozon,Артикул,1510547214
690,1510547214,ozon,Тип,Миостимулятор
691,1510547214,ozon,Цвет,Серебро матовый
692,1510547214,ozon,Зоны массажа,"Ноги, Плечи, Поясница, Руки, Тело, Шея"
693,1510547214,ozon,Особенности массажного аппарата,"Съемные части, Таймер, Пульт ДУ"
694,1510547214,ozon,"Максимальный рост пользователя, см",200
695,1510547214,ozon,Материал корпуса,ABS пластик
696,1510547214,ozon,Количество программ/режимов,36
697,1510547214,ozon,Вид питания,"От порта USB, Встроенный аккумулятор"
698,1510547214,ozon,"Мощность массажера, Вт",5
699,1510547214,ozon,"Напряжение, В",4
700,1510547214,ozon,"Фактический размер товара, см",7
701,1510547214,ozon,Упаковка,Картонная коробка
702,1510547214,ozon,Страна-изготовитель,Китай
703,1510547214,ozon,Гарантийный срок,6 месяцев
704,1510547214,ozon,"Вид массажа
","Антицеллюлитный, Вибрационный, Импульсный, Лимфодренажный, Миостимулирующий, Оздоровительный"
705,1510547214,ozon,Комплектация,пульт управления - 1шт. провод для одного канала с двумя контактами - 1 шт. самоклеящиеся электроды - 5 пар разных размеров и форм провод для зарядки USB (без вилки блока питания) - 1шт. таблица точек воздействия на русском языке - 1шт. инструкция на русском языке - 1 шт.
706,1103014791,ozon,Артикул,1103014791
707,1103014791,ozon,Тип,Миостимулятор
708,1103014791,ozon,Цвет,Серебристый
709,1103014791,ozon,Вид массажа,Миостимулирующий
710,1103014791,ozon,Зоны массажа,Тело
711,1103014791,ozon,Материал корпуса,ABS пластик
712,1103014791,ozon,Страна-изготовитель,Германия
713,1103014791,ozon,Гарантийный срок,1 год
714,1813707802,ozon,Артикул,1813707802
715,1813707802,ozon,Тип,Миостимулятор
716,1813707802,ozon,Цвет,Белое
717,1813707802,ozon,Зоны массажа,"Ноги, Тело, Руки, Поясница, Ягодицы, Плечи"
718,1813707802,ozon,Особенности массажного аппарата,"Русификация, Ручные программы, Таймер"
719,1813707802,ozon,Материал корпуса,ABS пластик
720,1813707802,ozon,Страна-изготовитель,Китай
721,914899343,ozon,Артикул,914899343
722,914899343,ozon,Тип,Миостимулятор
723,914899343,ozon,Цвет,Черный
724,914899343,ozon,Зоны массажа,Руки
725,914899343,ozon,Особенности массажного аппарата,"Работает в автомобиле, Ручные программы, Таймер"
726,914899343,ozon,Материал корпуса,"ABS пластик, Металл"
727,914899343,ozon,Количество программ/режимов,6
728,914899343,ozon,Вид питания,"Встроенный аккумулятор, От порта USB"
729,914899343,ozon,"Напряжение, В",5
730,914899343,ozon,Упаковка,Коробка
731,914899343,ozon,Комплектация,антистресс EMS провод для зарядки USB-C коробка
732,914899343,ozon,Страна-изготовитель,Китай
733,914899343,ozon,Гарантийный срок,12 мес
734,914899343,ozon,"Вид массажа
","Акупунктурный, Импульсный, Миостимулирующий, Оздоровительный, Расслабляющий"
735,2240897060,ozon,Артикул,2240897060
736,2240897060,ozon,Тип,Миостимулятор
737,2240897060,ozon,Бренд,Yamaguchi
738,2240897060,ozon,Цвет,Белый Серый Красный
739,2240897060,ozon,Зоны массажа,Тело
740,2240897060,ozon,Особенности массажного аппарата,"Работает в автомобиле, Ручные программы, Таймер, Русификация"
741,2240897060,ozon,"Максимальный рост пользователя, см",230
742,2240897060,ozon,Материал корпуса,ABS пластик
743,2240897060,ozon,Количество программ/режимов,2
744,2240897060,ozon,Вид питания,Встроенный аккумулятор
745,2240897060,ozon,"Фактический размер товара, см","19×15,5×0,2"
746,2240897060,ozon,Упаковка,Картонная коробка
747,2240897060,ozon,Страна-изготовитель,Китай
748,2240897060,ozon,Гарантийный срок,1 год
749,2240897060,ozon,"Вид массажа
","Миостимулирующий, Антицеллюлитный, Импульсный, Лимфодренажный, Вибрационный, Расслабляющий"
750,2240897060,ozon,Комплектация,Миостимулятор для мужчин и женщин Yamaguchi ABS Trainer MIO USB шнур Руководство пользователя
751,1695277972,ozon,Артикул,1695277972
752,1695277972,ozon,Тип,Миостимулятор
753,1695277972,ozon,Цвет,Белый
754,1695277972,ozon,Вид массажа,"Акупунктурный, Антицеллюлитный, Вибрационный, Импульсный"
755,1695277972,ozon,Зоны массажа,"Ноги, Плечи, Поясница, Руки, Спина, Шея"
756,1695277972,ozon,Особенности массажного аппарата,Ручные программы
757,1695277972,ozon,"Максимальный рост пользователя, см",185
758,1695277972,ozon,Материал корпуса,ABS пластик
759,1695277972,ozon,Количество программ/режимов,15
760,1695277972,ozon,Вид питания,"Встроенный аккумулятор, Сменная батарея"
761,1695277972,ozon,"Мощность массажера, Вт",60
762,1695277972,ozon,"Напряжение, В",1.5
763,1695277972,ozon,"Фактический размер товара, см",7*2*15
764,1695277972,ozon,Упаковка,Картонная коробка
765,1695277972,ozon,Страна-изготовитель,Китай
766,1695277972,ozon,Гарантийный срок,30 дней
767,1695277972,ozon,Комплектация,"Прибор для терапии, 2 насадки, провод для насадок, адаптер для розетки, провод USB-адаптер, 3 батарейки ААА. Инструкция на русском языке."
768,1692186571,ozon,Артикул,1692186571
769,1692186571,ozon,Тип,Миостимулятор
770,1692186571,ozon,Цвет,Красный
771,1692186571,ozon,Зоны массажа,"Лицо, Плечи, Шея"
772,1692186571,ozon,Особенности массажного аппарата,"Подогрев, Ручные программы"
773,1692186571,ozon,"Максимальный рост пользователя, см",230
774,1692186571,ozon,Материал корпуса,ABS пластик
775,1692186571,ozon,Количество программ/режимов,7
776,1692186571,ozon,Вид питания,От порта USB
777,1692186571,ozon,"Мощность массажера, Вт",5
778,1692186571,ozon,"Напряжение, В",3
779,1692186571,ozon,"Фактический размер товара, см",15х6
780,1692186571,ozon,Упаковка,Картонная коробка
781,1692186571,ozon,Комплектация,миостимулятор-подвеска USB зарядка
782,1692186571,ozon,Страна-изготовитель,Китай
783,1692186571,ozon,Гарантийный срок,14 дней
784,1692186571,ozon,"Вид массажа
","Импульсный, Комбинированный, Лимфодренажный, Миостимулирующий"
785,1754158461,ozon,Артикул,1754158461
786,1754158461,ozon,Тип,Миостимулятор
787,1754158461,ozon,Цвет,Белый
788,1754158461,ozon,Зоны массажа,"Ноги, Поясница, Руки, Спина, Шея, Ягодицы"
789,1754158461,ozon,Материал корпуса,ABS пластик
790,1754158461,ozon,Количество программ/режимов,6
791,1754158461,ozon,Вид питания,"От сети 220В, Встроенный аккумулятор"
792,1754158461,ozon,Упаковка,"Картонная коробка, Конверт"
793,1754158461,ozon,Страна-изготовитель,Китай
794,1754158461,ozon,Гарантийный срок,180 дней
795,1754158461,ozon,"Вид массажа
","Вибрационный, Импульсный, Миостимулирующий, Разминание, Лимфодренажный, Расслабляющий"
796,1754158461,ozon,Особенности массажного аппарата,"Подогрев, Работает в автомобиле, Встроенные динамики, Ручные программы, Таймер"
797,1754158461,ozon,Комплектация,"Миостимулятор для пресса, ног, тела, шеи, живота, рук, спины, поясницы (1 шт) с пультом управления (1шт) , гелевое основание (1 шт), USB-кабель (адаптер в комплект не входит!), инструкция на русском языке, ремни в подарок (2 шт)"
798,1650901135,ozon,Артикул,1650901135
799,1650901135,ozon,Тип,Миостимулятор
800,1650901135,ozon,Цвет,Черный
801,1650901135,ozon,Зоны массажа,"Голова, Руки, Тело, Шея, Ноги, Плечи"
802,1650901135,ozon,Особенности массажного аппарата,"Ручные программы, Таймер, Съемные части"
803,1650901135,ozon,Материал корпуса,"Металл, ABS пластик"
804,1650901135,ozon,Количество программ/режимов,36
805,1650901135,ozon,Вид питания,"От порта USB, Встроенный аккумулятор"
806,1650901135,ozon,"Напряжение, В",5
807,1650901135,ozon,"Фактический размер товара, см",5.3X9.5
808,1650901135,ozon,Упаковка,Картонная коробка
809,1650901135,ozon,Страна-изготовитель,Китай
810,1650901135,ozon,"Вид массажа
","Миостимулирующий, Рефлекторный, Акупрессурный, Вибрационный, Лечебный"
811,1650901135,ozon,Комплектация,1 * Электротерапевтический массажер (хозяин) 4 пар* электродных накладок 2 * 2 электродных провода 1 * USB-кабель 1 * Крепежная пластина вкладыша 1 * Руководство пользователя 1 * Карта акупунктурных точек 1 * Цветная коробка 1*инструкция на русском языке
812,1804765416,ozon,Артикул,1804765416
813,1804765416,ozon,Тип,Миостимулятор
814,1804765416,ozon,Цвет,Серебро матовый
815,1804765416,ozon,Зоны массажа,"Ноги, Плечи, Поясница, Руки, Тело, Шея"
816,1804765416,ozon,Особенности массажного аппарата,"Съемные части, Таймер, Пульт ДУ"
817,1804765416,ozon,"Максимальный рост пользователя, см",200
818,1804765416,ozon,Материал корпуса,ABS пластик
819,1804765416,ozon,Количество программ/режимов,36
820,1804765416,ozon,Вид питания,"От порта USB, Встроенный аккумулятор"
821,1804765416,ozon,"Мощность массажера, Вт",5
822,1804765416,ozon,"Напряжение, В",4
823,1804765416,ozon,"Фактический размер товара, см",7
824,1804765416,ozon,Упаковка,Картонная коробка
825,1804765416,ozon,Страна-изготовитель,Китай
826,1804765416,ozon,"Вид массажа
","Антицеллюлитный, Вибрационный, Импульсный, Лимфодренажный, Миостимулирующий, Оздоровительный"
827,1804765416,ozon,Комплектация,пульт управления - 1шт. провод для одного канала с двумя контактами - 1 шт. самоклеящиеся электроды - 5 пар разных размеров и форм провод для зарядки USB (без вилки блока питания) - 1шт. таблица точек воздействия на русском языке - 1шт. инструкция на русском языке - 1 шт.
828,1164398076,ozon,Артикул,1164398076
829,1164398076,ozon,Тип,Миостимулятор
830,1164398076,ozon,Бренд,TAYMLUX
831,1164398076,ozon,Цвет,Розовый
832,1164398076,ozon,Вид массажа,"Миостимулирующий, Антицеллюлитный, Оздоровительный"
833,1164398076,ozon,Зоны массажа,"Лицо, Голова"
834,1164398076,ozon,Особенности массажного аппарата,"Регулировка по размеру, Ручные программы"
835,1164398076,ozon,Материал корпуса,Силикон
836,1164398076,ozon,Количество программ/режимов,3
837,1164398076,ozon,Вид питания,Встроенный аккумулятор
838,1164398076,ozon,"Мощность массажера, Вт",2.5
839,1164398076,ozon,"Напряжение, В",5
840,1164398076,ozon,Упаковка,Картонная коробка
841,1164398076,ozon,Страна-изготовитель,Китай
842,1164398076,ozon,Гарантийный срок,3 года
843,1164398076,ozon,Комплектация,Силиконовая маска-массажер Контроллер USB шнур (1м) Инструкция по эксплуатации
844,1630856340,ozon,Артикул,1630856340
845,1630856340,ozon,Тип,Миостимулятор
846,1630856340,ozon,Цвет,"Черный, серебристый"
847,1630856340,ozon,Зоны массажа,Тело
848,1938396282,ozon,Артикул,1938396282
849,1938396282,ozon,Тип,Миостимулятор
850,1938396282,ozon,Цвет,Темный
851,1938396282,ozon,Вид массажа,"Вибрационный, Рефлекторный, Миостимулирующий"
852,1938396282,ozon,Зоны массажа,"Шея, Тело, Плечи, Ноги, Поясница, Ягодицы"
853,1938396282,ozon,Особенности массажного аппарата,Ручные программы
854,1938396282,ozon,Материал корпуса,ABS пластик
855,1938396282,ozon,Количество программ/режимов,6
856,1938396282,ozon,Вид питания,От порта USB
857,1938396282,ozon,"Мощность массажера, Вт",3.7
858,1938396282,ozon,"Напряжение, В",4
859,1938396282,ozon,"Фактический размер товара, см",15
860,1938396282,ozon,Упаковка,"Картонный бокс + DigiPak, Bag-in-Box"
861,1938396282,ozon,Страна-изготовитель,Китай
862,1938396282,ozon,Комплектация,"Проводник ""Бабочка"" с гелевыми патчами - 2 шт. Массажер миостимулятор - 1 шт. USB шнур - 1 шт."
863,1917747060,ozon,Артикул,1917747060
864,1917747060,ozon,Тип,Миостимулятор
865,1917747060,ozon,Цвет,9 режимов
866,1917747060,ozon,Вид массажа,Миостимулирующий
867,1917747060,ozon,Зоны массажа,Тело
868,1917747060,ozon,Особенности массажного аппарата,"Ручные программы, Таймер"
869,1917747060,ozon,Материал корпуса,ABS пластик
870,1917747060,ozon,Количество программ/режимов,9
871,1917747060,ozon,Вид питания,Встроенный аккумулятор
872,1917747060,ozon,"Фактический размер товара, см",150х70х20
873,1917747060,ozon,Комплектация,миостимулятор 1 шт; 8 электродов;
874,1917747060,ozon,Страна-изготовитель,Китай
875,1917747060,ozon,Гарантийный срок,180
876,1740721010,ozon,Артикул,1740721010
877,1740721010,ozon,Тип,Миостимулятор
878,1740721010,ozon,Цвет,XL (обхват талии до 110 см)
879,1740721010,ozon,Зоны массажа,"Поясница, Тело, Спина"
880,1740721010,ozon,"Максимальный рост пользователя, см",190
881,1740721010,ozon,Материал корпуса,"ABS пластик, Текстиль"
882,1740721010,ozon,Количество программ/режимов,19
883,1740721010,ozon,Вид питания,"Встроенный аккумулятор, От порта USB"
884,1740721010,ozon,"Мощность массажера, Вт",30
885,1740721010,ozon,"Напряжение, В",3.3
886,1740721010,ozon,"Фактический размер товара, см",26*16*5
887,1740721010,ozon,Упаковка,"Картонная коробка, Зип-пакет"
888,1740721010,ozon,Страна-изготовитель,Китай
889,1740721010,ozon,Гарантийный срок,14
890,1740721010,ozon,"Вид массажа
","Вибрационный, Миостимулирующий, Антицеллюлитный, Импульсный, Лимфодренажный, Разминание"
891,1740721010,ozon,Особенности массажного аппарата,"Регулировка по размеру, Работает в автомобиле, Съемные части, Таймер, Ручные программы"
892,1740721010,ozon,Комплектация,EMS - тренажер для пресса (пояс) - 1шт; Инструкция на английском языке; Индикатор - 1 шт; Зарядное устройство (USB - Charging кабель) - 1 шт; Картонная коробка; Зип пакет;
893,2122028870,ozon,Артикул,2122028870
894,2122028870,ozon,Тип,Миостимулятор
895,2122028870,ozon,Цвет,Желтый
896,2122028870,ozon,Вид массажа,"Импульсный, Миостимулирующий"
897,2122028870,ozon,Зоны массажа,"Ноги, Руки, Тело, Поясница, Плечи, Спина"
898,2122028870,ozon,Особенности массажного аппарата,"Ручные программы, Таймер"
899,2122028870,ozon,Материал корпуса,ABS пластик
900,2122028870,ozon,Количество программ/режимов,16
901,2122028870,ozon,Вид питания,"Встроенный аккумулятор, От порта USB"
902,2122028870,ozon,"Мощность массажера, Вт",0.075
903,2122028870,ozon,"Фактический размер товара, см",10х5
904,2122028870,ozon,Упаковка,"Картонная коробка, Воздушно-пузырчатая пленка"
905,2122028870,ozon,Страна-изготовитель,Китай
906,2122028870,ozon,Комплектация,Универсальный импульсный миостимулятор с током; Инструкция на русском языке; 8 электродов; провод USB; коробка;
907,1368441002,ozon,Артикул,1368441002
908,1368441002,ozon,Тип,Миостимулятор
909,1368441002,ozon,Зоны массажа,"Ноги, Руки, Тело"
910,1368441002,ozon,Страна-изготовитель,Китай
911,1937951811,ozon,Артикул,1937951811
912,1937951811,ozon,Тип,Миостимулятор
913,1937951811,ozon,Цвет,Голубой
914,1937951811,ozon,Зоны массажа,"Руки, Ягодицы, Тело, Ноги, Поясница"
915,1937951811,ozon,Особенности массажного аппарата,"Пульт ДУ, Регулировка по размеру"
916,1937951811,ozon,Количество программ/режимов,6
917,1937951811,ozon,Вид питания,"От сети 220В, От порта USB"
918,1937951811,ozon,"Мощность массажера, Вт",5
919,1937951811,ozon,"Напряжение, В",5
920,1937951811,ozon,"Фактический размер товара, см",←38→ * 7↨
921,1937951811,ozon,Комплектация,"Пульт управления, основной блок, USB-провод"
922,1937951811,ozon,"Вид массажа
","Вибрационный, Антицеллюлитный, Миостимулирующий, Импульсный, Разминание, Оздоровительный"
923,1653901033,ozon,Артикул,1653901033
924,1653901033,ozon,Тип,Миостимулятор
925,1653901033,ozon,Цвет,Серебристо-черный
926,1653901033,ozon,Зоны массажа,"Лицо, Ноги, Поясница, Спина, Тело, Ягодицы"
927,1653901033,ozon,Материал корпуса,ABS пластик
928,1653901033,ozon,Количество программ/режимов,8
929,1653901033,ozon,Вид питания,"От сети 220В, Сменная батарея"
930,1653901033,ozon,Упаковка,"Картонная коробка, Пластиковый пакет"
931,1653901033,ozon,Страна-изготовитель,Китай
932,1653901033,ozon,Гарантийный срок,2 год
933,1653901033,ozon,"Вид массажа
","Акупрессурный, Акупунктурный, Вибрационный, Миостимулирующий, Оздоровительный, Расслабляющий"
934,1653901033,ozon,Комплектация,"миостимулятор, сетевой адаптер, 2 пары электродов, 1 провод для подключения электродов, инструкция на русском языке, батарейка 9В, лоток для размещения электродов, гарантийный талон, гарантия - 1 год."
935,891898550,ozon,Артикул,891898550
936,891898550,ozon,Тип,Миостимулятор
937,891898550,ozon,Цвет,Белоснежный
938,891898550,ozon,Вид массажа,"Миостимулирующий, Расслабляющий, Импульсный"
939,891898550,ozon,Зоны массажа,"Тело, Шея, Ягодицы, Зона декольте, Ноги, Спина"
940,891898550,ozon,"Максимальный рост пользователя, см",220
941,891898550,ozon,Материал корпуса,ABS пластик
942,891898550,ozon,Количество программ/режимов,8
943,891898550,ozon,Вид питания,От порта USB
944,891898550,ozon,"Фактический размер товара, см","15,3 * 7 * 1,8"
945,891898550,ozon,Упаковка,Коробка
946,891898550,ozon,Страна-изготовитель,Китай
947,891898550,ozon,Гарантийный срок,6 месяцев
948,891898550,ozon,Комплектация,Миостимулятор - 1 шт.; 10 насадок для миостимулятора - 1 шт; батарейки типа ААА.
949,1083248756,ozon,Артикул,1083248756
950,1083248756,ozon,Тип,Миостимулятор
951,1083248756,ozon,Цвет,Белый
952,1083248756,ozon,Зоны массажа,"Ноги, Плечи, Поясница, Спина, Тело, Шея"
953,1083248756,ozon,Материал корпуса,ABS пластик
954,1083248756,ozon,Количество программ/режимов,4
955,1083248756,ozon,Вид питания,"От сети 220В, Сменная батарея"
956,1083248756,ozon,"Фактический размер товара, см","15x6,3x2,7 мм"
957,1083248756,ozon,Упаковка,"Картонная коробка, Пластиковый пакет"
958,1083248756,ozon,Страна-изготовитель,Китай
959,1083248756,ozon,Гарантийный срок,1 год
960,1083248756,ozon,"Вид массажа
","Акупрессурный, Акупунктурный, Вибрационный, Миостимулирующий, Оздоровительный, Расслабляющий"
961,1083248756,ozon,Комплектация,"миостимулятор, сетевой адаптер, 2 пары электродов, 1 провод для подключения электродов, инструкция на русском языке, батарейка 9В, лоток для размещения электродов, гарантийный талон, гарантия - 1 год."
962,1827067477,ozon,Артикул,1827067477
963,1827067477,ozon,Тип,Миостимулятор
964,1827067477,ozon,Цвет,Черный
965,1827067477,ozon,Зоны массажа,"Ноги, Поясница, Руки, Шея, Ягодицы, Тело"
966,1827067477,ozon,"Максимальный рост пользователя, см",220
967,1827067477,ozon,Материал корпуса,"ABS пластик, Силикон"
968,1827067477,ozon,Количество программ/режимов,6
969,1827067477,ozon,Вид питания,"Встроенный аккумулятор, От сети 220В"
970,1827067477,ozon,"Мощность массажера, Вт",5
971,1827067477,ozon,"Напряжение, В",120
972,1827067477,ozon,"Фактический размер товара, см",25х15х5
973,1827067477,ozon,Упаковка,"Подарочная упаковка, Коробка"
974,1827067477,ozon,Страна-изготовитель,Китай (Гонконг)
975,1827067477,ozon,Гарантийный срок,гарантия OZON
976,1827067477,ozon,"Вид массажа
","Антицеллюлитный, Миостимулирующий, Импульсный, Расслабляющий, Лимфодренажный, Классический"
977,1827067477,ozon,Особенности массажного аппарата,"Подогрев, Пульт ДУ, Ручные программы, Таймер, Работает в автомобиле, Съемные части, Регулировка по размеру, Русификация"
978,1827067477,ozon,Комплектация,пульт дистанционного управления - 1 шт гелевая накладка - 1 шт USB кабель для зарядки - 1 шт ремешки - 2 шт инструкция на русском языке - 1 шт
979,1068338838,ozon,Артикул,1068338838
980,1068338838,ozon,Тип,Миостимулятор
981,1068338838,ozon,Цвет,Черный
982,1068338838,ozon,Зоны массажа,"Плечи, Поясница, Руки, Спина, Тело, Шея"
983,1068338838,ozon,Особенности массажного аппарата,"Работает в автомобиле, Ручные программы"
984,1068338838,ozon,"Максимальный рост пользователя, см",230
985,1068338838,ozon,Материал корпуса,ABS пластик
986,1068338838,ozon,Количество программ/режимов,18
987,1068338838,ozon,Вид питания,От порта USB
988,1068338838,ozon,"Мощность массажера, Вт",5
989,1068338838,ozon,"Напряжение, В",3
990,1068338838,ozon,"Фактический размер товара, см",15х6
991,1068338838,ozon,Упаковка,Картонная коробка
992,1068338838,ozon,Страна-изготовитель,Китай
993,1068338838,ozon,Гарантийный срок,14 дней
994,1068338838,ozon,"Вид массажа
","Антицеллюлитный, Вибрационный, Импульсный, Комбинированный, Лимфодренажный, Миостимулирующий"
995,1068338838,ozon,Комплектация,1 х Массажер 1 х пластырь 1 х кабель для зарядки 1 х инструкция
996,1438957014,ozon,Артикул,1438957014
997,1438957014,ozon,Тип,Миостимулятор
998,1438957014,ozon,Цвет,Черный
999,1438957014,ozon,Вид массажа,"Импульсный, Миостимулирующий"
1000,1438957014,ozon,Зоны массажа,Тело
1001,1438957014,ozon,Материал корпуса,ABS пластик
1002,1438957014,ozon,Количество программ/режимов,18
1003,1438957014,ozon,Вид питания,Сменная батарея
1004,1438957014,ozon,Упаковка,Картонная коробка
1005,1438957014,ozon,Комплектация,3 функциональных датчиков; 3 коврика наклеиваемых ;
1006,1438957014,ozon,Страна-изготовитель,Китай
1007,904224384,ozon,Артикул,904224384
1008,904224384,ozon,Тип,Миостимулятор
1009,904224384,ozon,Цвет,Синий
1010,904224384,ozon,Вид массажа,Миостимулирующий
1011,904224384,ozon,Зоны массажа,"Плечи, Поясница, Руки, Тело, Шея, Ягодицы"
1012,904224384,ozon,Особенности массажного аппарата,Работает в автомобиле
1013,904224384,ozon,Материал корпуса,Пластик
1014,904224384,ozon,Упаковка,Картонная коробка
1015,904224384,ozon,Комплектация,1 х Массажер 1 х пластырь 1 х кабель для зарядки
1016,904224384,ozon,Страна-изготовитель,Китай
1017,904224384,ozon,Гарантийный срок,14 дней с сохранением товарного вида
1018,1740752504,ozon,Артикул,1740752504
1019,1740752504,ozon,Тип,Миостимулятор
1020,1740752504,ozon,Цвет,Черный матовый
1021,1740752504,ozon,Зоны массажа,"Поясница, Спина, Тело"
1022,1740752504,ozon,Особенности массажного аппарата,"Таймер, Регулировка по размеру"
1023,1740752504,ozon,Материал корпуса,"ABS пластик, Текстиль"
1024,1740752504,ozon,Количество программ/режимов,8
1025,1740752504,ozon,Вид питания,Встроенный аккумулятор
1026,1740752504,ozon,"Фактический размер товара, см","110*16,5 см"
1027,1740752504,ozon,Упаковка,Картонная коробка
1028,1740752504,ozon,Страна-изготовитель,Китай
1029,1740752504,ozon,Гарантийный срок,2 года
1030,1740752504,ozon,"Вид массажа
","Вакуумный, Вибрационный, Миостимулирующий, Шиацу, Перкусионный, Разминание"
1031,1740752504,ozon,Комплектация,Миостимулятор – 1 шт. Контроллер – 1 шт. Кабель micro usb – 1 шт. Пульверизатор – 1 шт. Удлинитель для пояса – 1 шт. Инструкция – 1 шт. Гарантийный талон – 1 шт
1032,1738377495,ozon,Артикул,1738377495
1033,1738377495,ozon,Тип,Миостимулятор
1034,1738377495,ozon,Цвет,Белый
1035,1738377495,ozon,Вид массажа,Миостимулирующий
1036,1738377495,ozon,Зоны массажа,Тело
1037,1738377495,ozon,Особенности массажного аппарата,Ручные программы
1038,1738377495,ozon,Материал корпуса,Силикон
1039,1738377495,ozon,Количество программ/режимов,3
1040,1738377495,ozon,Вид питания,От порта USB
1041,1738377495,ozon,"Мощность массажера, Вт",5
1042,1738377495,ozon,"Напряжение, В",5
1043,1738377495,ozon,Упаковка,Картонная коробка
1044,1738377495,ozon,Страна-изготовитель,Китай
1045,1738377495,ozon,Комплектация,1 * Упаковочная коробка 1 * Руководство пользователя 1*Хост 1 * Кабель для зарядки
1046,1708522373,ozon,Артикул,1708522373
1047,1708522373,ozon,Тип,Миостимулятор
1048,1708522373,ozon,Бренд,Beurer
1049,1708522373,ozon,Цвет,"Красный, серый, черный"
1050,1708522373,ozon,Вид массажа,Миостимулирующий
1051,1708522373,ozon,Зоны массажа,Тело
1052,1708522373,ozon,Материал корпуса,Пластик
1053,1708522373,ozon,Страна-изготовитель,Китай
1054,1740740511,ozon,Артикул,1740740511
1055,1740740511,ozon,Тип,Миостимулятор
1056,1740740511,ozon,Цвет,Черный
1057,1740740511,ozon,Зоны массажа,"Руки, Ноги, Тело, Поясница"
1058,1740740511,ozon,Особенности массажного аппарата,"Таймер, Регулировка по размеру"
1059,1740740511,ozon,Материал корпуса,"ABS пластик, Текстиль"
1060,1740740511,ozon,Количество программ/режимов,8
1061,1740740511,ozon,Вид питания,Встроенный аккумулятор
1062,1740740511,ozon,"Напряжение, В",5
1063,1740740511,ozon,"Фактический размер товара, см","110*16,5 см"
1064,1740740511,ozon,Упаковка,Картонная коробка
1065,1740740511,ozon,Страна-изготовитель,Китай
1066,1740740511,ozon,Гарантийный срок,2 года
1067,1740740511,ozon,"Вид массажа
","Вакуумный, Шиацу, Вибрационный, Миостимулирующий, Перкусионный, Разминание"
1068,1740740511,ozon,Комплектация,Миостимулятор – 1 шт. Миостимулятор для рук/ ног – 2 шт. Контроллер – 3 шт. Кабель micro usb – 1 шт. Пульверизатор – 1 шт. Удлинитель для пояса – 1 шт. Инструкция – 1 шт. Гарантийный талон – 1 шт
1069,1235275075,ozon,Артикул,1235275075
1070,1235275075,ozon,Тип,Миостимулятор
1071,1235275075,ozon,Цвет,Черный
1072,1235275075,ozon,Зоны массажа,"Руки, Спина, Плечи, Шея, Ягодицы, Тело"
1073,1235275075,ozon,Особенности массажного аппарата,Пульт ДУ
1074,1235275075,ozon,Материал корпуса,ABS пластик
1075,1235275075,ozon,Количество программ/режимов,6
1076,1235275075,ozon,Вид питания,Сменная батарея
1077,1235275075,ozon,Упаковка,Картонная коробка
1078,1235275075,ozon,Страна-изготовитель,Китай
1079,1235275075,ozon,"Вид массажа
","Антицеллюлитный, Вибрационный, Импульсный, Лимфодренажный, Миостимулирующий, Оздоровительный"
1080,1235275075,ozon,Комплектация,Массажер - 3 шт + пульт управления 3 шт + инструкция + упаковка
1081,1536972510,ozon,Артикул,1536972510
1082,1536972510,ozon,Тип,Миостимулятор
1083,1536972510,ozon,Цвет,Черный
1084,1536972510,ozon,Вид массажа,Миостимулирующий
1085,1536972510,ozon,Зоны массажа,"Плечи, Ноги, Спина, Руки, Тело, Шея"
1086,1536972510,ozon,Особенности массажного аппарата,Таймер
1087,1536972510,ozon,Материал корпуса,Пластик
1088,1536972510,ozon,Количество программ/режимов,9
1089,1536972510,ozon,Вид питания,Встроенный аккумулятор
1090,1536972510,ozon,"Напряжение, В",3.7
1091,1536972510,ozon,Комплектация,"Массажер, 4 электрода, 2 провода для электродов"
1092,1536972510,ozon,Страна-изготовитель,Китай
1093,1643790267,ozon,Артикул,1643790267
1094,1643790267,ozon,Тип,Миостимулятор
1095,1643790267,ozon,Цвет,Черно-серый
1096,1643790267,ozon,Вид массажа,"Миостимулирующий, Импульсный, Вибрационный, Акупунктурный"
1097,1643790267,ozon,Зоны массажа,"Спина, Руки, Ноги, Ягодицы, Плечи"
1098,1643790267,ozon,Особенности массажного аппарата,"Ручные программы, Съемные части, Таймер"
1099,1643790267,ozon,Материал корпуса,ABS пластик
1100,1643790267,ozon,Количество программ/режимов,9
1101,1643790267,ozon,Вид питания,"От сети 220В, Сменная батарея"
1102,1643790267,ozon,"Фактический размер товара, см",15*10*5
1103,1643790267,ozon,Упаковка,Картонная коробка
1104,1643790267,ozon,Страна-изготовитель,Китай
1105,1643790267,ozon,Комплектация,миостимулятор-1шт; электродные пластины-16шт; адаптер питания-1шт; кабель USB-1шт; электродный шнур-2шт
1106,2190747083,ozon,Артикул,2190747083
1107,2190747083,ozon,Тип,Миостимулятор
1108,2190747083,ozon,Цвет,"Черный, синий, белый"
1109,2190747083,ozon,Вид массажа,"Импульсный, Миостимулирующий, Расслабляющий"
1110,2190747083,ozon,Зоны массажа,"Поясница, Спина, Тело"
1111,838926635,ozon,Артикул,838926635
1112,838926635,ozon,Тип,Миостимулятор
1113,838926635,ozon,Цвет,Электромиостимулятор
1114,838926635,ozon,Особенности массажного аппарата,"Работает в автомобиле, Ручные программы"
1115,838926635,ozon,Материал корпуса,ABS пластик
1116,838926635,ozon,Количество программ/режимов,4
1117,838926635,ozon,Вид питания,"От порта USB, От сети 220В"
1118,838926635,ozon,Упаковка,Картонная коробка
1119,838926635,ozon,Страна-изготовитель,Китай
1120,838926635,ozon,Гарантийный срок,30
1121,838926635,ozon,"Вид массажа
","Антицеллюлитный, Импульсный, Лечебный, Миостимулирующий, Оздоровительный, Расслабляющий"
1122,838926635,ozon,"Зоны массажа
","Голова, Зона декольте, Лицо, Ноги, Область вокруг глаз, Плечи"
1123,838926635,ozon,Комплектация,Блок-монитор - 1шт. Тапочки-электроды со встроенными магнитами - 1 пара Электродные лапки Healthy-Pad - 4шт. Электродный провод на 4 лапки - 1шт. Электродный провод на 2 лапки - 1шт. Адаптер к массажеру - 1шт. USB шнур (для работы от сети или USB) - 1шт. Инструкция (на английском языке). Батарейки в комплект не входят!!!
1124,1640358753,ozon,Артикул,1640358753
1125,1640358753,ozon,Тип,Миостимулятор
1126,1640358753,ozon,Цвет,Миостимулятор
1127,1640358753,ozon,Зоны массажа,"Ягодицы, Поясница, Тело, Ноги"
1128,1640358753,ozon,Особенности массажного аппарата,"Ручные программы, Пульт ДУ, Регулировка по размеру"
1129,1640358753,ozon,Количество программ/режимов,10
1130,1640358753,ozon,Вид питания,"От порта USB, Встроенный аккумулятор"
1131,1640358753,ozon,Упаковка,Картонная коробка
1132,1640358753,ozon,Страна-изготовитель,Китай (Гонконг)
1133,1640358753,ozon,Гарантийный срок,6 мес.
1134,1640358753,ozon,"Вид массажа
","Миостимулирующий, Импульсный, Антицеллюлитный, Вибрационный, Лимфодренажный, Расслабляющий"
1135,1640358753,ozon,Комплектация,Набедренный бандаж 1шт;удлиняющий пояс 1шт;контроллер 1шт;пульт 1шт;USB зарядка; бутылка для воды 1шт; инструкция на русском языке по куар-коду на упаковке.
1136,1899393257,ozon,Артикул,1899393257
1137,1899393257,ozon,Тип,Миостимулятор
1138,1899393257,ozon,Цвет,Черный
1139,1899393257,ozon,Зоны массажа,"Тело, Поясница, Спина, Руки, Плечи, Шея"
1140,1899393257,ozon,Особенности массажного аппарата,"Съемные части, Таймер, Ручные программы"
1141,1899393257,ozon,"Максимальный рост пользователя, см",200
1142,1899393257,ozon,Материал корпуса,ABS пластик
1143,1899393257,ozon,Количество программ/режимов,30
1144,1899393257,ozon,Вид питания,"Сменная батарея, От порта USB"
1145,1899393257,ozon,"Мощность массажера, Вт",1.5
1146,1899393257,ozon,"Напряжение, В",3.7
1147,1899393257,ozon,"Фактический размер товара, см","13х6,5х2"
1148,1899393257,ozon,Упаковка,Box Set
1149,1899393257,ozon,Страна-изготовитель,Китай
1150,1899393257,ozon,Гарантийный срок,14 дней
1151,1899393257,ozon,"Вид массажа
","Миостимулирующий, Разминание, Комбинированный, Расслабляющий, Импульсный"
1152,1899393257,ozon,Комплектация,Миостимулятор - 1 шт.; инструкция по применению; Кабель питания; Провод для насадок - 2 шт.; Электроды - 8 шт.
1153,1597803087,ozon,Артикул,1597803087
1154,1597803087,ozon,Тип,Миостимулятор
1155,1597803087,ozon,Цвет,Голубой
1156,1597803087,ozon,Зоны массажа,"Плечи, Поясница, Спина, Тело, Шея, Ноги"
1157,1597803087,ozon,Особенности массажного аппарата,"Пульт ДУ, Ручные программы"
1158,1597803087,ozon,"Максимальный рост пользователя, см",220
1159,1597803087,ozon,Материал корпуса,"Пластик, Силикон"
1160,1597803087,ozon,Количество программ/режимов,8
1161,1597803087,ozon,Вид питания,"От порта USB, От сети 220В"
1162,1597803087,ozon,"Мощность массажера, Вт",5
1163,1597803087,ozon,"Напряжение, В",110
1164,1597803087,ozon,"Фактический размер товара, см",13х16х2
1165,1597803087,ozon,Упаковка,Картонная коробка
1166,1597803087,ozon,Страна-изготовитель,Китай
1167,1597803087,ozon,Гарантийный срок,6 мес
1168,1597803087,ozon,"Вид массажа
","Импульсный, Лимфодренажный, Миостимулирующий, Антицеллюлитный, Вибрационный, Оздоровительный"
1169,1597803087,ozon,Комплектация,"миостимулятор Meridian, 4 электрода, USB-кабель для питания, инструкция, картонная коробка"
1170,1629074211,ozon,Артикул,1629074211
1171,1629074211,ozon,Тип,Миостимулятор
1172,1629074211,ozon,Цвет,Black
1173,1629074211,ozon,Зоны массажа,"Зона декольте, Ноги, Плечи, Поясница, Тело, Шея"
1174,1629074211,ozon,Количество программ/режимов,36
1175,1629074211,ozon,Вид питания,"От сети 220В, От порта USB"
1176,1629074211,ozon,"Мощность массажера, Вт",0.025
1177,1629074211,ozon,"Фактический размер товара, см",12*6
1178,1629074211,ozon,Упаковка,Box Set
1179,1629074211,ozon,Гарантийный срок,1 месяц
1180,1629074211,ozon,"Вид массажа
","Миостимулирующий, Лимфодренажный, Импульсный, Вибрационный, Акупунктурный"
1181,1629074211,ozon,Комплектация,Миостимулятор-массажер-1шт;зарядный блок-1шт; провод USB-1шт; шнур для электродов-4шт; мягкие подушечки-электроды-8шт.
1182,1710418980,ozon,Артикул,1710418980
1183,1710418980,ozon,Тип,Миостимулятор
1184,1710418980,ozon,Цвет,Массажер с пультом
1185,1710418980,ozon,Вид массажа,"Импульсный, Миостимулирующий, Оздоровительный, Расслабляющий"
1186,1710418980,ozon,Зоны массажа,"Шея, Тело, Спина, Руки, Ноги"
1187,1710418980,ozon,Особенности массажного аппарата,Пульт ДУ
1188,1710418980,ozon,Материал корпуса,Пластик
1189,1710418980,ozon,Количество программ/режимов,9
1190,1710418980,ozon,Вид питания,Встроенный аккумулятор
1191,1710418980,ozon,"Напряжение, В",5
1192,1710418980,ozon,Упаковка,Коробка
1193,1710418980,ozon,Комплектация,Массажер*1/Пластырь*1/ Провод для зарядки*1/Пульт ДУ*1
1194,1710418980,ozon,Страна-изготовитель,Китай
1195,1710418980,ozon,Гарантийный срок,30 дней
1196,2016685380,ozon,Артикул,2016685380
1197,2016685380,ozon,Тип,Миостимулятор
1198,2016685380,ozon,Цвет,Серебристый
1199,2016685380,ozon,Вид массажа,"Акупрессурный, Импульсный, Миостимулирующий, Расслабляющий"
1200,2016685380,ozon,Зоны массажа,"Тело, Ноги, Поясница, Спина, Шея, Ягодицы"
1201,2016685380,ozon,Особенности массажного аппарата,"Ручные программы, Съемные части, Таймер"
1202,2016685380,ozon,"Максимальный рост пользователя, см",250
1203,2016685380,ozon,Материал корпуса,ABS пластик
1204,2016685380,ozon,Количество программ/режимов,36
1205,2016685380,ozon,Вид питания,"Встроенный аккумулятор, От сети 220В"
1206,2016685380,ozon,"Мощность массажера, Вт",0.075
1207,2016685380,ozon,"Напряжение, В",5
1208,2016685380,ozon,"Фактический размер товара, см",12х6
1209,2016685380,ozon,Упаковка,Картонная коробка
1210,2016685380,ozon,Страна-изготовитель,Китай
1211,2016685380,ozon,Гарантийный срок,OZON
1212,2016685380,ozon,Комплектация,Импульсный массажер - 1 шт; Инструкция на русском языке - 1 шт; Электроды - 10 шт; Провод USB - 1 шт.; Шнур для электродов-2шт.
1213,1630269016,ozon,Артикул,1630269016
1214,1630269016,ozon,Тип,Миостимулятор
1215,1630269016,ozon,Цвет,Черный
1216,1630269016,ozon,Вид массажа,"Расслабляющий, Шиацу, Миостимулирующий"
1217,1630269016,ozon,Зоны массажа,"Руки, Плечи, Ноги, Голова, Тело, Спина"
1218,1630269016,ozon,Материал корпуса,Пластик
1219,1630269016,ozon,Страна-изготовитель,Китай
1220,2229892691,ozon,Артикул,2229892691
1221,2229892691,ozon,Тип,Миостимулятор
1222,2229892691,ozon,Бренд,Yamaguchi
1223,2229892691,ozon,Цвет,Серый Красный Черный Белый
1224,2229892691,ozon,Зоны массажа,"Шея, Поясница, Ноги, Тело"
1225,2229892691,ozon,Особенности массажного аппарата,"Работает в автомобиле, Ручные программы, Таймер, Русификация"
1226,2229892691,ozon,"Максимальный рост пользователя, см",230
1227,2229892691,ozon,Материал корпуса,ABS пластик
1228,2229892691,ozon,Количество программ/режимов,2
1229,2229892691,ozon,Вид питания,Встроенный аккумулятор
1230,2229892691,ozon,"Фактический размер товара, см","23×10,7×0,2"
1231,2229892691,ozon,Упаковка,Картонная коробка
1232,2229892691,ozon,Страна-изготовитель,Китай
1233,2229892691,ozon,Гарантийный срок,1 год
1234,2229892691,ozon,"Вид массажа
","Миостимулирующий, Расслабляющий, Антицеллюлитный, Импульсный, Лимфодренажный, Вибрационный"
1235,2229892691,ozon,Комплектация,Комплектация: - миостимулятор для шеи и поясницы Yamaguchi Neck Trainer MIO ; - USB-кабель; - батарейка; - документация.
1236,1916773075,ozon,Артикул,1916773075
1237,1916773075,ozon,Тип,Миостимулятор
1238,1916773075,ozon,Цвет,Белый
1239,1916773075,ozon,Зоны массажа,"Ноги, Плечи, Руки, Поясница, Спина, Тело"
1240,1916773075,ozon,Материал корпуса,ABS пластик
1241,1916773075,ozon,Количество программ/режимов,16
1242,1916773075,ozon,Вид питания,"Встроенный аккумулятор, От порта USB"
1243,1916773075,ozon,"Мощность массажера, Вт",0.075
1244,1916773075,ozon,"Фактический размер товара, см",10х5
1245,1916773075,ozon,Упаковка,Картонная коробка
1246,1916773075,ozon,Страна-изготовитель,Китай
1247,1916773075,ozon,"Вид массажа
","Акупрессурный, Гуаша, Импульсный, Расслабляющий, Миостимулирующий, Шиацу"
1248,1916773075,ozon,Особенности массажного аппарата,"Ручные программы, Съемные части, Таймер, Работает в автомобиле"
1249,1916773075,ozon,Комплектация,Универсальный импульсный массажер с током; Инструкция на русском языке; 4 электрода; провод USB; коробка;
1250,324745697,ozon,Артикул,324745697
1251,324745697,ozon,Тип,Миостимулятор
1252,324745697,ozon,Цвет,Голубой
1253,324745697,ozon,Зоны массажа,"Ноги, Плечи, Поясница, Руки, Тело"
1254,324745697,ozon,Упаковка,Пластиковый пакет
1255,324745697,ozon,Комплектация,6 шт сменных подушечек 3 набора по 2шт
1256,324745697,ozon,Страна-изготовитель,Китай
1257,2133692381,ozon,Артикул,2133692381
1258,2133692381,ozon,Тип,Миостимулятор
1259,2133692381,ozon,Цвет,Белый
1260,2133692381,ozon,Зоны массажа,"Голова, Ноги, Шея, Тело, Плечи, Поясница"
1261,2133692381,ozon,Особенности массажного аппарата,"Таймер, Съемные части"
1262,2133692381,ozon,"Максимальный рост пользователя, см",220
1263,2133692381,ozon,Материал корпуса,ABS пластик
1264,2133692381,ozon,Количество программ/режимов,16
1265,2133692381,ozon,Вид питания,"От сети 220В, Сменная батарея"
1266,2133692381,ozon,"Мощность массажера, Вт",220
1267,2133692381,ozon,"Напряжение, В",220
1268,2133692381,ozon,"Фактический размер товара, см",16х7х2
1269,2133692381,ozon,Упаковка,Воздушно-пузырчатая пленка
1270,2133692381,ozon,Страна-изготовитель,Китай
1271,2133692381,ozon,Гарантийный срок,14 дней
1272,2133692381,ozon,"Вид массажа
","Антицеллюлитный, Акупунктурный, Вибрационный, Импульсный, Лимфодренажный, Миостимулирующий"
1273,2133692381,ozon,Комплектация,миостимулятор; линия от ринита - 2 шт; тапочки - 1 пара; носки - 1 пара; 16 электродов: зарядное устройство; сумка для хранения; инструкция
1274,1741074914,ozon,Артикул,1741074914
1275,1741074914,ozon,Тип,Миостимулятор
1276,1741074914,ozon,Цвет,Белоснежный
1277,1741074914,ozon,Вид массажа,"Миостимулирующий, Расслабляющий, Импульсный"
1278,1741074914,ozon,Зоны массажа,"Тело, Шея, Ягодицы, Зона декольте, Ноги, Спина"
1279,1741074914,ozon,Особенности массажного аппарата,"Работает в автомобиле, Встроенные динамики"
1280,1741074914,ozon,"Максимальный рост пользователя, см",220
1281,1741074914,ozon,Материал корпуса,ABS пластик
1282,1741074914,ozon,Вид питания,От порта USB
1283,1741074914,ozon,"Фактический размер товара, см","15,3 * 7 * 1,8"
1284,1741074914,ozon,Упаковка,Коробка
1285,1741074914,ozon,Страна-изготовитель,Китай
1286,1741074914,ozon,Гарантийный срок,6 месяцев
1287,1741074914,ozon,Комплектация,Массажер электрический для тела - 1 шт.; 8 насадок для массажера - 1 шт; батарейки типа ААА.
1288,1635404945,ozon,Артикул,1635404945
1289,1635404945,ozon,Тип,Миостимулятор
1290,1635404945,ozon,Цвет,Белый
1291,1635404945,ozon,Вид массажа,Импульсный
1292,1635404945,ozon,Зоны массажа,"Поясница, Спина, Ягодицы, Тело"
1293,1635404945,ozon,Количество программ/режимов,20
1294,1635404945,ozon,Комплектация,"Пояс, USB"
1295,1635404945,ozon,Страна-изготовитель,Китай
1296,2027076988,ozon,Артикул,2027076988
1297,2027076988,ozon,Тип,Миостимулятор
1298,2027076988,ozon,Цвет,Черный
1299,2027076988,ozon,Зоны массажа,"Ноги, Руки, Тело, Поясница, Ягодицы"
1300,2027076988,ozon,Особенности массажного аппарата,"Ручные программы, Съемные части"
1301,2027076988,ozon,Материал корпуса,"Пластик, Силикон"
1302,2027076988,ozon,Количество программ/режимов,6
1303,2027076988,ozon,Вид питания,Сменная батарея
1304,2027076988,ozon,"Фактический размер товара, см",215\200
1305,2027076988,ozon,Упаковка,Картонная коробка
1306,2027076988,ozon,Страна-изготовитель,Китай
1307,2027076988,ozon,"Вид массажа
","Миостимулирующий, Расслабляющий, Разминание, Антицеллюлитный, Импульсный, Вибрационный"
1308,2027076988,ozon,Комплектация,Массажер для живота - 1шт; Массажер для рук - 1шт; Массажер для бедер - 1шт; Пульт - 3 шт; Инструкция.
1309,1235629536,ozon,Артикул,1235629536
1310,1235629536,ozon,Тип,Миостимулятор
1311,1235629536,ozon,Цвет,FOOT MASSAGER
1312,1235629536,ozon,Вид массажа,"Вибрационный, Импульсный, Лечебный"
1313,1235629536,ozon,Зоны массажа,"Ноги, Руки"
1314,1235629536,ozon,Особенности массажного аппарата,"Таймер, Ручные программы"
1315,1235629536,ozon,"Максимальный рост пользователя, см",240
1316,1235629536,ozon,Материал корпуса,"ABS пластик, Биопластик"
1317,1235629536,ozon,Количество программ/режимов,8
1318,1235629536,ozon,Вид питания,От порта USB
1319,1235629536,ozon,"Мощность массажера, Вт",3
1320,1235629536,ozon,"Напряжение, В",3.7
1321,1235629536,ozon,"Фактический размер товара, см",27x29x3
1322,1235629536,ozon,Упаковка,Картонная коробка
1323,1235629536,ozon,Страна-изготовитель,Китай
1324,1235629536,ozon,Гарантийный срок,14 дней
1325,1235629536,ozon,Комплектация,Массажный коврик для ног - 1 шт USB кабель - 1 шт Контроллер - 1 шт Инструкция
1326,1637799989,ozon,Артикул,1637799989
1327,1637799989,ozon,Тип,Миостимулятор
1328,1637799989,ozon,Цвет,Темно-серый
1329,1637799989,ozon,Вид массажа,"Антицеллюлитный, Вибрационный, Импульсный, Миостимулирующий"
1330,1637799989,ozon,Зоны массажа,"Тело, Поясница, Спина"
1331,1637799989,ozon,Особенности массажного аппарата,Регулировка по размеру
1332,1637799989,ozon,Материал корпуса,ABS пластик
1333,1637799989,ozon,Количество программ/режимов,8
1334,1637799989,ozon,Вид питания,"От сети 220В, От порта USB"
1335,1637799989,ozon,"Мощность массажера, Вт",9
1336,1637799989,ozon,"Напряжение, В",3
1337,1637799989,ozon,"Фактический размер товара, см",115х14х2
1338,1637799989,ozon,Упаковка,Картонная коробка
1339,1637799989,ozon,Страна-изготовитель,Китай
1340,1637799989,ozon,Гарантийный срок,6 мес
1341,1637799989,ozon,Комплектация,"пояс миостулятор, контролёр, USB кабель, инструкция к применению"
1342,1639172053,ozon,Артикул,1639172053
1343,1639172053,ozon,Тип,Миостимулятор
1344,1639172053,ozon,Цвет,L/XL (талия 98 см)
1345,1639172053,ozon,Зоны массажа,"Тело, Поясница, Спина, Ягодицы"
1346,1639172053,ozon,"Максимальный рост пользователя, см",215
1347,1639172053,ozon,Материал корпуса,"ABS пластик, Текстиль"
1348,1639172053,ozon,Количество программ/режимов,6
1349,1639172053,ozon,Вид питания,"Встроенный аккумулятор, От порта USB"
1350,1639172053,ozon,"Мощность массажера, Вт",30
1351,1639172053,ozon,"Фактический размер товара, см",98
1352,1639172053,ozon,Упаковка,Картонная коробка
1353,1639172053,ozon,Страна-изготовитель,Китай (Тайвань)
1354,1639172053,ozon,Гарантийный срок,1 год
1355,1639172053,ozon,"Вид массажа
","Вибрационный, Миостимулирующий, Расслабляющий, Антицеллюлитный, Импульсный, Лимфодренажный"
1356,1639172053,ozon,Особенности массажного аппарата,"Регулировка по размеру, Работает в автомобиле, Таймер, Ручные программы, Русификация, Съемные части"
1357,1639172053,ozon,Комплектация,EMS - тренажер для пресса (пояс) - 1шт; Индикатор - 1 шт; Зарядное устройство (USB - Charging кабель) - 1 шт; Опрыскиватель массажера (распылитель) - 1шт;
1358,1623810619,ozon,Артикул,1623810619
1359,1623810619,ozon,Тип,Миостимулятор
1360,1623810619,ozon,Цвет,Черный
1361,1623810619,ozon,Зоны массажа,"Ноги, Плечи, Поясница, Руки, Спина, Ягодицы"
1362,1623810619,ozon,Особенности массажного аппарата,"Пульт ДУ, Съемные части"
1363,1623810619,ozon,Материал корпуса,ABS пластик
1364,1623810619,ozon,Количество программ/режимов,10
1365,1623810619,ozon,Вид питания,Встроенный аккумулятор
1366,1623810619,ozon,"Мощность массажера, Вт",5
1367,1623810619,ozon,"Напряжение, В",5
1368,1623810619,ozon,Упаковка,"Картонная коробка, Slim Case"
1369,1623810619,ozon,Страна-изготовитель,Китай
1370,1623810619,ozon,Гарантийный срок,365
1371,1623810619,ozon,"Вид массажа
","Вибрационный, Импульсный, Миостимулирующий, Комбинированный, Разминание, Расслабляющий"
1372,1623810619,ozon,Комплектация,"Футляр для массажера, контрольный блок управления 2шт, пульт дистанционного управления, массажная пластинка для контрольного блока 2шт, линия для вывода импульсов TENS 2шт, массажная пластинка с однополярным подключением 4шт, провод для зарядки USB"
1373,1678827286,ozon,Артикул,1678827286
1374,1678827286,ozon,Тип,Миостимулятор
1375,1678827286,ozon,Цвет,Серебристо-черный
1376,1678827286,ozon,Вид массажа,"Акупунктурный, Гуаша, Перкусионный, Расслабляющий, Шиацу"
1377,1678827286,ozon,Зоны массажа,"Поясница, Руки, Спина, Шея, Ягодицы"
1378,1678827286,ozon,Особенности массажного аппарата,"Работает в автомобиле, Ручные программы, Таймер"
1379,1678827286,ozon,"Максимальный рост пользователя, см",220
1380,1678827286,ozon,Материал корпуса,"Пластик, Металл"
1381,1678827286,ozon,Количество программ/режимов,24
1382,1678827286,ozon,Вид питания,"Встроенный аккумулятор, От порта USB"
1383,1678827286,ozon,"Мощность массажера, Вт",240
1384,1678827286,ozon,"Напряжение, В",4.3
1385,1678827286,ozon,"Фактический размер товара, см",12.8*6.3*1.3
1386,1678827286,ozon,Упаковка,"Картонная коробка, Подарочная коробка"
1387,1678827286,ozon,Страна-изготовитель,Китай
1388,1678827286,ozon,Гарантийный срок,2 года
1389,1678827286,ozon,Комплектация,1) Миостимулятор - 1 шт. 2) Электроды 50*50 мм - 6 пар 3) Электроды 50*100 мм - 1 пара 4) Массажный пояс - 1 шт. 5) Тапочки - 1 пара 6) Соединительный провод - 4 шт. 7) USB-кабель - 1 шт. 8) Адаптер питания - 1 шт. 9) Мешочек для хранения - 1 шт. 10) Руководство пользователя - 1 шт. 11) Гарантийный талон - 1 шт.
1390,2213036501,ozon,Артикул,2213036501
1391,2213036501,ozon,Тип,Миостимулятор
1392,2213036501,ozon,Цвет,36
1393,2213036501,ozon,Особенности массажного аппарата,"Подогрев, Ручные программы, Работает в автомобиле"
1394,2213036501,ozon,"Максимальный рост пользователя, см",200
1395,2213036501,ozon,Материал корпуса,ABS пластик
1396,2213036501,ozon,Количество программ/режимов,36
1397,2213036501,ozon,Вид питания,"Внешний источник питания, От порта USB"
1398,2213036501,ozon,"Мощность массажера, Вт",220
1399,2213036501,ozon,"Напряжение, В",5
1400,2213036501,ozon,"Фактический размер товара, см",15*8*7
1401,2213036501,ozon,Упаковка,Box Set
1402,2213036501,ozon,Страна-изготовитель,Китай
1403,2213036501,ozon,Гарантийный срок,Теплая жизнь
1404,2213036501,ozon,"Вид массажа
","Акупрессурный, Акупунктурный, Антицеллюлитный, Аэромассаж, Вибрационный"
1405,2213036501,ozon,"Зоны массажа
","Зона декольте, Ноги, Область вокруг глаз, Плечи, Поясница, Руки"
1406,2213036501,ozon,Комплектация,"Инструкция по эксплуатации на русском языке, наклейки 5 шт., USB-порт, продукт, кабели 2 шт."
1407,974202799,ozon,Артикул,974202799
1408,974202799,ozon,Тип,Миостимулятор
1409,974202799,ozon,Цвет,Серый
1410,974202799,ozon,Вид массажа,"Расслабляющий, Импульсный, Миостимулирующий"
1411,974202799,ozon,Зоны массажа,"Поясница, Руки, Спина, Зона декольте, Ноги, Плечи"
1412,974202799,ozon,Особенности массажного аппарата,"Работает в автомобиле, Ручные программы, Таймер"
1413,974202799,ozon,"Максимальный рост пользователя, см",200
1414,974202799,ozon,Материал корпуса,ABS пластик
1415,974202799,ozon,Количество программ/режимов,6
1416,974202799,ozon,Вид питания,"Встроенный аккумулятор, От порта USB"
1417,974202799,ozon,"Мощность массажера, Вт",1.5
1418,974202799,ozon,"Напряжение, В",3.7
1419,974202799,ozon,"Фактический размер товара, см","13х6,5х2"
1420,974202799,ozon,Упаковка,Box Set
1421,974202799,ozon,Страна-изготовитель,Китай
1422,974202799,ozon,Гарантийный срок,14 дней
1423,974202799,ozon,Комплектация,Миостимулятор - 1 шт.; инструкция по применению; Кабель питания; Провод для насадок - 2 шт.; Электроды - 8 шт.
1424,1848577603,ozon,Артикул,1848577603
1425,1848577603,ozon,Тип,Миостимулятор
1426,1848577603,ozon,Цвет,"Белый, черно-серый"
1427,1848577603,ozon,Зоны массажа,"Тело, Ноги, Спина"
1428,2153304651,ozon,Артикул,2153304651
1429,2153304651,ozon,Тип,Миостимулятор
1430,2153304651,ozon,Цвет,Черный
1431,2153304651,ozon,Зоны массажа,Ноги
1432,2153304651,ozon,Материал корпуса,Нейлон
1433,2153304651,ozon,Количество программ/режимов,8
1434,2153304651,ozon,Вид питания,"Встроенный аккумулятор, От порта USB"
1435,2153304651,ozon,"Мощность массажера, Вт",24
1436,2153304651,ozon,"Напряжение, В",3.7
1437,2153304651,ozon,"Фактический размер товара, см","29 x 27 x 1,5"
1438,2153304651,ozon,Упаковка,Картонная коробка
1439,2153304651,ozon,Страна-изготовитель,Китай
1440,2153304651,ozon,"Вид массажа
","Миостимулирующий, Расслабляющий, Оздоровительный, Лечебный, Импульсный, Акупунктурный"
1441,2153304651,ozon,Особенности массажного аппарата,"Съемные части, Ручные программы, Работает в автомобиле, Таймер"
1442,851386359,ozon,Артикул,851386359
1443,851386359,ozon,Тип,Миостимулятор
1444,851386359,ozon,Цвет,Белый
1445,851386359,ozon,Вид массажа,Импульсный
1446,851386359,ozon,Зоны массажа,"Шея, Плечи, Тело"
1447,851386359,ozon,Материал корпуса,Пластик
1448,851386359,ozon,Количество программ/режимов,4
1449,851386359,ozon,Вид питания,Сменная батарея
1450,851386359,ozon,"Мощность массажера, Вт",100
1451,851386359,ozon,"Напряжение, В",5
1452,851386359,ozon,"Фактический размер товара, см","14,5*4,5 см"
1453,851386359,ozon,Упаковка,Картонная коробка
1454,851386359,ozon,Страна-изготовитель,Китай
1455,851386359,ozon,Гарантийный срок,14 дней
1456,851386359,ozon,Комплектация,"Электрический массажер для шеи - 1шт., батарейки 2шт (ААА)., импульсные патчи-2 шт., инструкция"
1457,2260659089,ozon,Артикул,2260659089
1458,2260659089,ozon,Тип,Миостимулятор
1459,2260659089,ozon,Цвет,XXXXL(Талия от 115 см)
1460,2260659089,ozon,Зоны массажа,"Поясница, Спина, Тело, Ягодицы"
1461,2260659089,ozon,"Максимальный рост пользователя, см",215
1462,2260659089,ozon,Материал корпуса,"ABS пластик, Текстиль"
1463,2260659089,ozon,Количество программ/режимов,52
1464,2260659089,ozon,Вид питания,"Встроенный аккумулятор, От сети 220В"
1465,2260659089,ozon,"Мощность массажера, Вт",30
1466,2260659089,ozon,"Фактический размер товара, см",115
1467,2260659089,ozon,Упаковка,Картонная коробка
1468,2260659089,ozon,Страна-изготовитель,Китай (Тайвань)
1469,2260659089,ozon,"Вид массажа
","Антицеллюлитный, Вибрационный, Импульсный, Лимфодренажный, Миостимулирующий, Оздоровительный"
1470,2260659089,ozon,Особенности массажного аппарата,"Работает в автомобиле, Регулировка по размеру, Русификация, Ручные программы, Съемные части"
1471,2260659089,ozon,Комплектация,EMS - тренажер для пресса (пояс) - 1шт; Рацион питания для похудения на 2000 ккал; Программа тренировок для мужчин; Программа тренировок для женщин; Инструкция на русском языке; Индикатор - 1 шт; Зарядное устройство (USB - Charging кабель) - 1 шт; Опрыскиватель массажера (распылитель) - 1шт;
1472,1846562228,ozon,Артикул,1846562228
1473,1846562228,ozon,Тип,Миостимулятор
1474,1846562228,ozon,Цвет,Микротоковый массажер-1 КОМПЛЕКТЕ
1475,1846562228,ozon,Вид массажа,"Вибрационный, Рефлекторный, Расслабляющий"
1476,1846562228,ozon,Зоны массажа,"Плечи, Поясница, Руки, Ноги, Спина, Тело"
1477,1846562228,ozon,Особенности массажного аппарата,"Съемные части, Пульт ДУ"
1478,1846562228,ozon,Материал корпуса,ABS пластик
1479,1846562228,ozon,Количество программ/режимов,8
1480,1846562228,ozon,Вид питания,От порта USB
1481,1846562228,ozon,Страна-изготовитель,Китай
1482,1846562228,ozon,Гарантийный срок,180
1483,1846562228,ozon,Комплектация,1*Массажер 1* кабель для зарядки 1*пульт дистанционного управления 1*Инструкции
1484,1901939760,ozon,Артикул,1901939760
1485,1901939760,ozon,Тип,Миостимулятор
1486,1901939760,ozon,Цвет,Белый
1487,1901939760,ozon,Зоны массажа,"Ягодицы, Тело, Спина, Руки, Плечи, Ноги"
1488,1901939760,ozon,Особенности массажного аппарата,"Ручные программы, Таймер, Русификация, Работает в автомобиле"
1489,1901939760,ozon,"Максимальный рост пользователя, см",250
1490,1901939760,ozon,Материал корпуса,ABS пластик
1491,1901939760,ozon,Количество программ/режимов,9
1492,1901939760,ozon,Вид питания,"От сети 220В, Сменный аккумулятор (нет в комплекте)"
1493,1901939760,ozon,"Мощность массажера, Вт",120
1494,1901939760,ozon,"Фактический размер товара, см",Д15хШ10хВ4
1495,1901939760,ozon,Упаковка,Картонная коробка
1496,1901939760,ozon,Страна-изготовитель,Китай
1497,1901939760,ozon,Гарантийный срок,12
1498,1901939760,ozon,"Вид массажа
","Антицеллюлитный, Импульсный, Лечебный, Миостимулирующий, Оздоровительный, Акупунктурный"
1499,1901939760,ozon,Комплектация,Миостимулятор - 1 шт Провод для подключения 2 электродов - 1 шт Провод для подключения 4 электродов - 1 шт Тапочки-электроды - 1 пара Электроды (липучки) - 20 штук Наколенники - электроды - 1 пара Носки - электроды - 1 пара Бандаж на запястье электрод - 1 пара Инструкция на русском языке - 1шт Гарантийный талон - 1 шт
1500,2127479317,ozon,Артикул,2127479317
1501,2127479317,ozon,Тип,Миостимулятор
1502,2127479317,ozon,Цвет,Черный
1503,2127479317,ozon,Вид массажа,"Импульсный, Миостимулирующий"
1504,2127479317,ozon,Зоны массажа,Ноги
1505,2127479317,ozon,Особенности массажного аппарата,"Съемные части, Работает в автомобиле, Пульт ДУ"
1506,2127479317,ozon,"Максимальный рост пользователя, см",250
1507,2127479317,ozon,Материал корпуса,ABS пластик
1508,2127479317,ozon,Количество программ/режимов,8
1509,2127479317,ozon,Вид питания,"Встроенный аккумулятор, От порта USB"
1510,2127479317,ozon,"Напряжение, В",3.7
1511,2127479317,ozon,Упаковка,Картонная коробка
1512,2127479317,ozon,Комплектация,Коврик - 1 шт; USB-кабель - 1 шт.
1513,2127479317,ozon,Страна-изготовитель,Китай
1514,1423309185,ozon,Артикул,1423309185
1515,1423309185,ozon,Тип,Миостимулятор
1516,1423309185,ozon,Бренд,Beurer
1517,1423309185,ozon,Цвет,Разноцветный
1518,1423309185,ozon,Вид массажа,"Миостимулирующий, Расслабляющий"
1519,1423309185,ozon,Зоны массажа,Тело
1520,1423309185,ozon,Особенности массажного аппарата,Таймер
1521,1423309185,ozon,Материал корпуса,Пластик
1522,1423309185,ozon,Количество программ/режимов,6
1523,1423309185,ozon,Вид питания,Встроенный аккумулятор
1524,1423309185,ozon,"Мощность массажера, Вт",6
1525,1423309185,ozon,Комплектация,Миостимулятор Beurer Digital Tens/EMS EM59
1526,1423309185,ozon,Страна-изготовитель,Китай
1527,1423309185,ozon,Гарантийный срок,6 месяцев
1528,1957029279,ozon,Артикул,1957029279
1529,1957029279,ozon,Тип,Миостимулятор
1530,1957029279,ozon,Цвет,Черно-белый
1531,1957029279,ozon,Зоны массажа,Ноги
1532,1957029279,ozon,Особенности массажного аппарата,"Пульт ДУ, Таймер, Ручные программы"
1533,1957029279,ozon,"Максимальный рост пользователя, см",240
1534,1957029279,ozon,Материал корпуса,"ABS пластик, Силикон"
1535,1957029279,ozon,Количество программ/режимов,8
1536,1957029279,ozon,Вид питания,От порта USB
1537,1957029279,ozon,"Мощность массажера, Вт",3
1538,1957029279,ozon,"Напряжение, В",3.7
1539,1957029279,ozon,"Фактический размер товара, см",33х28
1540,1957029279,ozon,Упаковка,Картонная коробка
1541,1957029279,ozon,Комплектация,Массажный коврик - 1 шт; Пульт ДУ - 1 шт.
1542,1957029279,ozon,Страна-изготовитель,Китай
1543,1957029279,ozon,"Вид массажа
","Лимфодренажный, Миостимулирующий, Вибрационный, Импульсный, Расслабляющий"
1544,1807122144,ozon,Артикул,1807122144
1545,1807122144,ozon,Тип,Миостимулятор
1546,1807122144,ozon,Цвет,Серебристый
1547,1807122144,ozon,Вид массажа,Миостимулирующий
1548,1807122144,ozon,Зоны массажа,"Ноги, Поясница, Руки, Шея, Спина"
1549,1807122144,ozon,Особенности массажного аппарата,Ручные программы
1550,1807122144,ozon,Материал корпуса,Пластик
1551,1807122144,ozon,Количество программ/режимов,30
1552,1807122144,ozon,Вид питания,Встроенный аккумулятор
1553,1807122144,ozon,"Напряжение, В",240
1554,1807122144,ozon,Страна-изготовитель,Китай
1555,1807122144,ozon,Комплектация,Миостимулятор - 1 шт Самоклеящиеся - 1 шт Электрод - 4 шт Соединительные провода - 2 шт Блок питания - 1 шт USB-кабель - 1 шт Инструкция на русском - 1 шт
1556,2117116459,ozon,Артикул,2117116459
1557,2117116459,ozon,Тип,Миостимулятор
1558,2117116459,ozon,Цвет,Черный
1559,2117116459,ozon,Зоны массажа,"Голова, Плечи, Руки, Тело, Шея"
1560,2117116459,ozon,Особенности массажного аппарата,"Ручные программы, Таймер, Съемные части"
1561,2117116459,ozon,Материал корпуса,"Металл, ABS пластик"
1562,2117116459,ozon,Количество программ/режимов,36
1563,2117116459,ozon,Вид питания,"От порта USB, Встроенный аккумулятор"
1564,2117116459,ozon,"Напряжение, В",5
1565,2117116459,ozon,"Фактический размер товара, см",5.3X9.5
1566,2117116459,ozon,Упаковка,Картонная коробка
1567,2117116459,ozon,Страна-изготовитель,Китай
1568,2117116459,ozon,"Вид массажа
","Миостимулирующий, Рефлекторный, Акупрессурный, Лечебный, Вибрационный"
1569,1847458137,ozon,Артикул,1847458137
1570,1847458137,ozon,Тип,Миостимулятор
1571,1847458137,ozon,Цвет,EMS FOOT MASSAGER + ДУ ПУЛЬТОМ
1572,1847458137,ozon,Вид массажа,"Вибрационный, Импульсный, Лечебный"
1573,1847458137,ozon,Зоны массажа,"Ноги, Руки"
1574,1847458137,ozon,Особенности массажного аппарата,"Таймер, Ручные программы"
1575,1847458137,ozon,"Максимальный рост пользователя, см",240
1576,1847458137,ozon,Материал корпуса,"ABS пластик, Биопластик"
1577,1847458137,ozon,Количество программ/режимов,8
1578,1847458137,ozon,Вид питания,От порта USB
1579,1847458137,ozon,"Мощность массажера, Вт",3
1580,1847458137,ozon,"Напряжение, В",3.7
1581,1847458137,ozon,"Фактический размер товара, см",33x28
1582,1847458137,ozon,Упаковка,Картонная коробка
1583,1847458137,ozon,Страна-изготовитель,Китай
1584,1847458137,ozon,Комплектация,Массажный коврик для ног - 1 шт USB кабель - 1 шт Контроллер - 1 шт + ду пульт - 1 шт
1585,1576474863,ozon,Артикул,1576474863
1586,1576474863,ozon,Тип,Миостимулятор
1587,1576474863,ozon,Цвет,Черный
1588,1576474863,ozon,Вид массажа,Вибрационный
1589,1576474863,ozon,Зоны массажа,"Тело, Поясница, Руки, Ягодицы"
1590,1576474863,ozon,Особенности массажного аппарата,"Ручные программы, Съемные части"
1591,1576474863,ozon,"Максимальный рост пользователя, см",210
1592,1576474863,ozon,Материал корпуса,ABS пластик
1593,1576474863,ozon,Количество программ/режимов,6
1594,1576474863,ozon,Вид питания,Встроенный аккумулятор
1595,1576474863,ozon,Упаковка,Картонная коробка
1596,1576474863,ozon,Страна-изготовитель,Китай
1597,1576474863,ozon,Гарантийный срок,6
1598,1576474863,ozon,Комплектация,"Патч на живот - 1шт Малый патч -2шт (руки, бедра) Пульт - 3шт"
1599,672720845,ozon,Артикул,672720845
1600,672720845,ozon,Тип,Миостимулятор
1601,672720845,ozon,Цвет,Массажер на четыре головы
1602,672720845,ozon,Вид массажа,Расслабляющий
1603,672720845,ozon,Зоны массажа,"Ноги, Зона декольте, Тело, Ягодицы"
1604,672720845,ozon,Особенности массажного аппарата,"Работает в автомобиле, Ручные программы, Сканирование тела"
1605,672720845,ozon,Количество программ/режимов,2
1606,672720845,ozon,Вид питания,От сети 220В
1607,672720845,ozon,"Мощность массажера, Вт",25
1608,672720845,ozon,Упаковка,Подарочный футляр
1609,672720845,ozon,Страна-изготовитель,Китай
1610,672720845,ozon,Гарантийный срок,1 год
1611,672720845,ozon,Комплектация,Посылка включает в себя: 1 х ручной массажер 4 x запасная силиконовая Массажная головка 1 Инструкция
1612,1688913843,ozon,Артикул,1688913843
1613,1688913843,ozon,Тип,Миостимулятор
1614,1688913843,ozon,Цвет,Белый
1615,1688913843,ozon,Вид массажа,Акупунктурный
1616,1688913843,ozon,Зоны массажа,"Лицо, Ноги, Область вокруг глаз, Поясница, Руки, Спина"
1617,1688913843,ozon,Особенности массажного аппарата,Работает в автомобиле
1618,1688913843,ozon,"Максимальный рост пользователя, см",200
1619,1688913843,ozon,Материал корпуса,ABS пластик
1620,1688913843,ozon,Количество программ/режимов,9
1621,1688913843,ozon,Вид питания,Встроенный аккумулятор
1622,1688913843,ozon,"Мощность массажера, Вт",3
1623,1688913843,ozon,"Фактический размер товара, см",22*3*3
1624,1688913843,ozon,Упаковка,Картонная коробка
1625,1688913843,ozon,Комплектация,"Акупунтурная ручка, 5 насадок, провод для зарядки"
1626,1688913843,ozon,Страна-изготовитель,Китай
1627,1688913843,ozon,Гарантийный срок,30
1628,816785634,ozon,Артикул,816785634
1629,816785634,ozon,Тип,Миостимулятор
1630,816785634,ozon,Цвет,Черный
1631,816785634,ozon,Вид массажа,"Рефлекторный, Расслабляющий, Миостимулирующий"
1632,816785634,ozon,Зоны массажа,Тело
1633,816785634,ozon,Особенности массажного аппарата,Таймер
1634,816785634,ozon,"Максимальный рост пользователя, см",220
1635,816785634,ozon,Материал корпуса,ABS пластик
1636,816785634,ozon,Количество программ/режимов,28
1637,816785634,ozon,Вид питания,Встроенный аккумулятор
1638,816785634,ozon,"Напряжение, В",4.5
1639,816785634,ozon,"Фактический размер товара, см",18*6*4
1640,816785634,ozon,Упаковка,Бумажная обертка
1641,816785634,ozon,Страна-изготовитель,Китай
1642,816785634,ozon,Комплектация,В пакет включено:<br/>- 1 х электрическая терапевтическая машина<br/>- 1 х сенсорная ручка<br/>- 8 х электродов<br/>- 4 электродных провода<br/>- 1 х адаптер переменного/постоянного тока<br/>- 1 х USB-кабель<br/>- 1 х держатель пэда<br/>- 1 руководство пользователя на английском языке<br/>- 1 х таблица акупунктурных точек приложения
1643,1832123592,ozon,Артикул,1832123592
1644,1832123592,ozon,Тип,Миостимулятор
1645,1832123592,ozon,Цвет,Серебро матовый
1646,1832123592,ozon,Зоны массажа,"Ноги, Руки, Тело, Шея, Поясница, Плечи"
1647,1832123592,ozon,Особенности массажного аппарата,"Таймер, Пульт ДУ, Съемные части"
1648,1832123592,ozon,"Максимальный рост пользователя, см",200
1649,1832123592,ozon,Материал корпуса,ABS пластик
1650,1832123592,ozon,Количество программ/режимов,36
1651,1832123592,ozon,Вид питания,"Встроенный аккумулятор, От порта USB"
1652,1832123592,ozon,"Мощность массажера, Вт",5
1653,1832123592,ozon,"Напряжение, В",4
1654,1832123592,ozon,"Фактический размер товара, см",7
1655,1832123592,ozon,Упаковка,Картонная коробка
1656,1832123592,ozon,Страна-изготовитель,Китай
1657,1832123592,ozon,"Вид массажа
","Антицеллюлитный, Вибрационный, Импульсный, Миостимулирующий, Оздоровительный, Лимфодренажный"
1658,1832123592,ozon,Комплектация,пульт управления - 1шт. провод для одного канала с двумя контактами - 1 шт. самоклеящиеся электроды - 5 пар разных размеров и форм провод для зарядки USB (без вилки блока питания) - 1шт. таблица точек воздействия на русском языке - 1шт. инструкция на русском языке - 1 шт.
1659,1928806221,ozon,Артикул,1928806221
1660,1928806221,ozon,Тип,Миостимулятор
1661,1928806221,ozon,Цвет,Темно-серый
1662,1928806221,ozon,Вид массажа,"Миостимулирующий, Импульсный"
1663,1928806221,ozon,Зоны массажа,"Тело, Спина, Поясница"
1664,1928806221,ozon,Особенности массажного аппарата,"Регулировка по размеру, Пульт ДУ, Ручные программы, Таймер"
1665,1928806221,ozon,Материал корпуса,"Пластик, Текстиль"
1666,1928806221,ozon,Количество программ/режимов,10
1667,1928806221,ozon,Вид питания,"Встроенный аккумулятор, От порта USB"
1668,1928806221,ozon,"Мощность массажера, Вт",3.7
1669,1928806221,ozon,"Фактический размер товара, см",27 × 8 × 18
1670,1928806221,ozon,Страна-изготовитель,Китай (Тайвань)
1671,1928806221,ozon,Гарантийный срок,12 мес
1672,678494675,ozon,Артикул,678494675
1673,678494675,ozon,Тип,Миостимулятор
1674,678494675,ozon,Цвет,Голубой
1675,678494675,ozon,Вид массажа,"Импульсный, Миостимулирующий, Разминание, Вибрационный"
1676,678494675,ozon,Зоны массажа,"Ягодицы, Плечи"
1677,678494675,ozon,Особенности массажного аппарата,"Работает в автомобиле, Ручные программы"
1678,678494675,ozon,Материал корпуса,ABS пластик
1679,678494675,ozon,Количество программ/режимов,8
1680,678494675,ozon,Вид питания,Встроенный аккумулятор
1681,678494675,ozon,Упаковка,Картонная коробка
1682,678494675,ozon,Страна-изготовитель,Китай
1683,678494675,ozon,Гарантийный срок,14 дней
1684,678494675,ozon,Комплектация,"Хост компьютер (8 режимов, 3 программы) - 1 шт, Вагинальный зонд (длина провода 35 см) - 1 шт., Шнур зарядки - 1 шт., Инструкция - 1 шт., Заводская упаковка - 1 шт."
1685,2240897218,ozon,Артикул,2240897218
1686,2240897218,ozon,Тип,Миостимулятор
1687,2240897218,ozon,Бренд,Yamaguchi
1688,2240897218,ozon,Цвет,"Серый, белый"
1689,2240897218,ozon,Зоны массажа,"Ягодицы, Ноги, Тело"
1690,2240897218,ozon,Особенности массажного аппарата,"Работает в автомобиле, Таймер, Русификация, Ручные программы"
1691,2240897218,ozon,"Максимальный рост пользователя, см",230
1692,2240897218,ozon,Материал корпуса,"Сталь, Силикон"
1693,2240897218,ozon,Количество программ/режимов,2
1694,2240897218,ozon,Вид питания,Встроенный аккумулятор
1695,2240897218,ozon,"Фактический размер товара, см","26×20×0,2"
1696,2240897218,ozon,Упаковка,Картонная коробка
1697,2240897218,ozon,Комплектация,Миостимулятор для ягодиц Yamaguchi HIPS Trainer MIO
1698,2240897218,ozon,Страна-изготовитель,Китай
1699,2240897218,ozon,Гарантийный срок,1 год
1700,2240897218,ozon,"Вид массажа
","Миостимулирующий, Расслабляющий, Антицеллюлитный, Импульсный, Лимфодренажный, Вибрационный"
1701,2156886931,ozon,Артикул,2156886931
1702,2156886931,ozon,Тип,Миостимулятор
1703,2156886931,ozon,Цвет,Черный матовый
1704,2156886931,ozon,Зоны массажа,"Голова, Плечи, Руки, Тело, Шея"
1705,2156886931,ozon,Особенности массажного аппарата,"Ручные программы, Таймер, Съемные части"
1706,2156886931,ozon,Материал корпуса,"Металл, ABS пластик"
1707,2156886931,ozon,Количество программ/режимов,25
1708,2156886931,ozon,Вид питания,"Сменная батарея, От сети 220В"
1709,2156886931,ozon,"Напряжение, В",220
1710,2156886931,ozon,Упаковка,Картонная коробка
1711,2156886931,ozon,Страна-изготовитель,Китай
1712,2156886931,ozon,"Вид массажа
","Миостимулирующий, Рефлекторный, Акупрессурный, Лечебный, Вибрационный"
1713,1878229128,ozon,Артикул,1878229128
1714,1878229128,ozon,Тип,Миостимулятор
1715,1878229128,ozon,Цвет,Черный матовый
1716,1878229128,ozon,Вид массажа,"Миостимулирующий, Оздоровительный, Перкусионный"
1717,1878229128,ozon,Зоны массажа,Ноги
1718,1878229128,ozon,Особенности массажного аппарата,"Работает в автомобиле, Ручные программы"
1719,1878229128,ozon,Материал корпуса,Нейлон
1720,1878229128,ozon,Количество программ/режимов,8
1721,1878229128,ozon,Вид питания,"От порта USB, Встроенный аккумулятор"
1722,1878229128,ozon,"Мощность массажера, Вт",24
1723,1878229128,ozon,"Напряжение, В",3.7
1724,1878229128,ozon,"Фактический размер товара, см",29*27*1.5
1725,1878229128,ozon,Комплектация,"коврик-миостимулятор, блок управления, провод зарядки USB"
1726,1878229128,ozon,Страна-изготовитель,Китай
1727,1729598211,ozon,Артикул,1729598211
1728,1729598211,ozon,Тип,Миостимулятор
1729,1729598211,ozon,Цвет,Белый
1730,1729598211,ozon,Вид массажа,"Вибрационный, Миостимулирующий"
1731,1729598211,ozon,Зоны массажа,Тело
1732,1729598211,ozon,Особенности массажного аппарата,Ручные программы
1733,1729598211,ozon,Материал корпуса,"ABS пластик, Металл"
1734,1729598211,ozon,Вид питания,От порта USB
1735,1729598211,ozon,"Мощность массажера, Вт",5
1736,1729598211,ozon,"Напряжение, В",3.7
1737,1729598211,ozon,Упаковка,Картонная коробка
1738,1729598211,ozon,Страна-изготовитель,Китай
1739,1729598211,ozon,Комплектация,1 * Упаковочная коробка 1 * Руководство пользователя 1*Хост 1 * Кабель для зарядки
1740,1081520941,ozon,Артикул,1081520941
1741,1081520941,ozon,Тип,Миостимулятор
1742,1081520941,ozon,Цвет,Сменное основание бабочка черное
1743,1081520941,ozon,Зоны массажа,"Ноги, Поясница, Руки, Спина, Ягодицы"
1744,2020690084,ozon,Артикул,2020690084
1745,2020690084,ozon,Тип,Миостимулятор
1746,2020690084,ozon,Цвет,Серо-серебристый
1747,2020690084,ozon,Зоны массажа,"Ноги, Плечи, Поясница, Руки, Тело, Шея"
1748,2020690084,ozon,Особенности массажного аппарата,"Съемные части, Таймер, Пульт ДУ"
1749,2020690084,ozon,"Максимальный рост пользователя, см",200
1750,2020690084,ozon,Материал корпуса,ABS пластик
1751,2020690084,ozon,Количество программ/режимов,48
1752,2020690084,ozon,Вид питания,"От порта USB, Встроенный аккумулятор"
1753,2020690084,ozon,"Мощность массажера, Вт",5
1754,2020690084,ozon,"Напряжение, В",4
1755,2020690084,ozon,"Фактический размер товара, см",7
1756,2020690084,ozon,Упаковка,"Картонная коробка, Кейс пластиковый"
1757,2020690084,ozon,Страна-изготовитель,Китай
1758,2020690084,ozon,Гарантийный срок,6 месяцев
1759,2020690084,ozon,"Вид массажа
","Антицеллюлитный, Вибрационный, Импульсный, Лимфодренажный, Миостимулирующий, Оздоровительный"
1760,2020690084,ozon,Комплектация,пульт управления - 1шт. провод для одного канала с двумя контактами - 4 шт. самоклеящиеся электроды - 8 пар провод для зарядки USB (без вилки блока питания) - 1шт. инструкция на русском языке - 1 шт.
1761,1967471575,ozon,Артикул,1967471575
1762,1967471575,ozon,Тип,Миостимулятор
1763,1967471575,ozon,Цвет,Серый
1764,1967471575,ozon,Зоны массажа,"Тело, Ноги, Плечи, Поясница, Спина, Шея"
1765,1967471575,ozon,Особенности массажного аппарата,"Пульт ДУ, Ручные программы, Русификация, Таймер"
1766,1967471575,ozon,"Максимальный рост пользователя, см",220
1767,1967471575,ozon,Материал корпуса,ABS пластик
1768,1967471575,ozon,Количество программ/режимов,8
1769,1967471575,ozon,Вид питания,"От порта USB, Сменная батарея"
1770,1967471575,ozon,"Мощность массажера, Вт",4.5
1771,1967471575,ozon,"Напряжение, В",5
1772,1967471575,ozon,"Фактический размер товара, см","15,5"
1773,1967471575,ozon,Комплектация,Цифровой меридиан; электроды 4 шт; батарейки; подставка
1774,1967471575,ozon,Страна-изготовитель,Китай
1775,1611087960,ozon,Артикул,1611087960
1776,1611087960,ozon,Тип,Миостимулятор
1777,1611087960,ozon,Цвет,Белый
1778,1611087960,ozon,Вид массажа,"Миостимулирующий, Оздоровительный, Расслабляющий"
1779,1611087960,ozon,Зоны массажа,Руки
1780,1611087960,ozon,Особенности массажного аппарата,"Таймер, Работает в автомобиле, Ручные программы"
1781,1611087960,ozon,Материал корпуса,Пластик
1782,1611087960,ozon,Количество программ/режимов,2
1783,1611087960,ozon,Вид питания,"Встроенный аккумулятор, От порта USB"
1784,1611087960,ozon,Упаковка,Коробка
1785,1611087960,ozon,Комплектация,"Микротоковый массжёр от бессоницы, USB-кабель"
1786,1611087960,ozon,Страна-изготовитель,Китай
1787,2075424410,ozon,Артикул,2075424410
1788,2075424410,ozon,Тип,Миостимулятор
1789,2075424410,ozon,Цвет,Белый
1790,2075424410,ozon,Вид массажа,"Антицеллюлитный, Импульсный, Миостимулирующий, Шиацу"
1791,2075424410,ozon,Зоны массажа,"Тело, Ноги, Плечи, Руки, Ягодицы, Спина"
1792,2075424410,ozon,Особенности массажного аппарата,Русификация
1793,2075424410,ozon,Материал корпуса,ABS пластик
1794,2075424410,ozon,Количество программ/режимов,8
1795,2075424410,ozon,Вид питания,"От сети 220В, Сменная батарея"
1796,2075424410,ozon,"Мощность массажера, Вт",5
1797,2075424410,ozon,Упаковка,Коробка
1798,2075424410,ozon,Страна-изготовитель,Китай
1799,2075424410,ozon,Гарантийный срок,1 год
1800,2075424410,ozon,Комплектация,электро массажер; электроды; блок питания; шнуры к электродам
1801,2229892999,ozon,Артикул,2229892999
1802,2229892999,ozon,Тип,Миостимулятор
1803,2229892999,ozon,Бренд,Yamaguchi
1804,2229892999,ozon,Цвет,"Черный, серый"
1805,2229892999,ozon,Зоны массажа,"Тело, Ноги, Плечи, Поясница, Руки, Шея"
1806,2229892999,ozon,"Максимальный рост пользователя, см",200
1807,2229892999,ozon,Материал корпуса,ABS пластик
1808,2229892999,ozon,Вид питания,Сменная батарея
1809,2229892999,ozon,"Фактический размер товара, см",12х5х2
1810,2229892999,ozon,Упаковка,Картонная коробка
1811,2229892999,ozon,Комплектация,Пульт ДУ - 1 шт. Батарейка CR2032 - 1 шт.
1812,2229892999,ozon,Страна-изготовитель,Китай
1813,2229892999,ozon,"Вид массажа
","Антицеллюлитный, Вибрационный, Миостимулирующий, Оздоровительный, Лимфодренажный, Разминание"
1814,1917171431,ozon,Артикул,1917171431
1815,1917171431,ozon,Тип,Миостимулятор
1816,1917171431,ozon,Цвет,Белый
1817,1917171431,ozon,Зоны массажа,"Ноги, Плечи, Поясница, Руки, Спина, Тело"
1818,1917171431,ozon,Материал корпуса,ABS пластик
1819,1917171431,ozon,Количество программ/режимов,16
1820,1917171431,ozon,Вид питания,"Встроенный аккумулятор, От порта USB"
1821,1917171431,ozon,"Мощность массажера, Вт",0.075
1822,1917171431,ozon,"Фактический размер товара, см",10х5
1823,1917171431,ozon,Упаковка,Картонная коробка
1824,1917171431,ozon,Страна-изготовитель,Китай
1825,1917171431,ozon,"Вид массажа
","Акупрессурный, Гуаша, Импульсный, Расслабляющий, Шиацу, Миостимулирующий"
1826,1917171431,ozon,Особенности массажного аппарата,"Работает в автомобиле, Ручные программы, Съемные части, Таймер"
1827,1917171431,ozon,Комплектация,Универсальный импульсный массажер с током; Инструкция на русском языке; 4 электродов; провод USB; коробка;
1828,1606776232,ozon,Артикул,1606776232
1829,1606776232,ozon,Тип,Миостимулятор
1830,1606776232,ozon,Бренд,RedPower
1831,1606776232,ozon,Цвет,Бабочка
1832,1606776232,ozon,Зоны массажа,"Ноги, Поясница, Руки, Спина, Шея, Ягодицы"
1833,1606776232,ozon,Особенности массажного аппарата,"Ручные программы, Съемные части"
1834,1606776232,ozon,"Максимальный рост пользователя, см",250
1835,1606776232,ozon,Материал корпуса,ABS пластик
1836,1606776232,ozon,Количество программ/режимов,8
1837,1606776232,ozon,Вид питания,Встроенный аккумулятор
1838,1606776232,ozon,"Напряжение, В",3
1839,1606776232,ozon,"Фактический размер товара, см",20
1840,1606776232,ozon,Комплектация,"Гелевая накладка 2шт, прибор, USB кабель для зарядки"
1841,1606776232,ozon,Страна-изготовитель,Китай
1842,1606776232,ozon,Гарантийный срок,12
1843,1606776232,ozon,"Вид массажа
","Антицеллюлитный, Комбинированный, Лечебный, Лимфодренажный, Миостимулирующий, Расслабляющий"
1844,2160869640,ozon,Артикул,2160869640
1845,2160869640,ozon,Тип,Миостимулятор
1846,2160869640,ozon,Цвет,Ӕвзистхуыз-урс
1847,2160869640,ozon,Вид массажа,"Лечебный, Миостимулирующий, Оздоровительный"
1848,2160869640,ozon,Зоны массажа,"Голова, Руки, Шея, Плечи, Тело, Ноги"
1849,2160869640,ozon,Особенности массажного аппарата,"Ручные программы, Таймер"
1850,2160869640,ozon,Материал корпуса,ABS пластик
1851,2160869640,ozon,Упаковка,Картонный бокс + DigiPak
1852,2160869640,ozon,Страна-изготовитель,Китай
1853,2160869640,ozon,Гарантийный срок,3 месяца
1854,2160869640,ozon,Комплектация,1 * Электротерапевтический массажер (хозяин) 6 пар * электродных накладок (две пары запасных выдаются бесплатно) 4*2 электродная проволока 1 * USB-кабель 1 * Руководство пользователя 1 * Цветная коробка
1855,1964207995,ozon,Артикул,1964207995
1856,1964207995,ozon,Тип,Миостимулятор
1857,1964207995,ozon,Цвет,Размер S/M (обхват талии до 90 см)
1858,1964207995,ozon,Зоны массажа,"Тело, Поясница, Спина, Ягодицы"
1859,1964207995,ozon,"Максимальный рост пользователя, см",215
1860,1964207995,ozon,Материал корпуса,"ABS пластик, Текстиль"
1861,1964207995,ozon,Количество программ/режимов,6
1862,1964207995,ozon,Вид питания,"Встроенный аккумулятор, От порта USB"
1863,1964207995,ozon,"Мощность массажера, Вт",30
1864,1964207995,ozon,"Фактический размер товара, см",90
1865,1964207995,ozon,Упаковка,Картонная коробка
1866,1964207995,ozon,Страна-изготовитель,Китай (Тайвань)
1867,1964207995,ozon,Гарантийный срок,1 год
1868,1964207995,ozon,"Вид массажа
","Вибрационный, Миостимулирующий, Антицеллюлитный, Лечебный, Разминание, Импульсный"
1869,1964207995,ozon,Особенности массажного аппарата,"Регулировка по размеру, Работает в автомобиле, Таймер, Подогрев, Ручные программы, Русификация, Съемные части"
1870,1964207995,ozon,Комплектация,EMS - тренажер для пресса (пояс) - 1шт; Рацион питания для похудения на 2000 ккал; Программа тренировок для мужчин; Программа тренировок для женщин; Инструкция на русском языке; Индикатор - 1 шт; Зарядное устройство (USB - Charging кабель) - 1 шт; Опрыскиватель массажера (распылитель) - 1шт;
1871,2067306667,ozon,Артикул,2067306667
1872,2067306667,ozon,Тип,Миостимулятор
1873,2067306667,ozon,Цвет,Черный
1874,2067306667,ozon,Зоны массажа,"Плечи, Руки, Спина, Тело, Шея, Ягодицы"
1875,1699405564,ozon,Артикул,1699405564
1876,1699405564,ozon,Тип,Миостимулятор
1877,1699405564,ozon,Цвет,Белый
1878,1699405564,ozon,Вид массажа,Миостимулирующий
1879,1699405564,ozon,Зоны массажа,"Ноги, Поясница, Руки, Спина, Тело, Ягодицы"
1880,1699405564,ozon,"Максимальный рост пользователя, см",220
1881,1699405564,ozon,Материал корпуса,ПВХ (поливинилхлорид)
1882,1699405564,ozon,Количество программ/режимов,10
1883,1699405564,ozon,Вид питания,"От порта USB, Сменная батарея"
1884,1699405564,ozon,"Напряжение, В",5
1885,1699405564,ozon,"Фактический размер товара, см",15
1886,1699405564,ozon,Упаковка,Картонная коробка
1887,1699405564,ozon,Страна-изготовитель,Китай
1888,1699405564,ozon,Особенности массажного аппарата,"Работает в автомобиле, Ручные программы, Съемные части, Таймер"
1889,1699405564,ozon,Комплектация,"Массажер, Электроды, Кабель USB, Адаптер питания USB, Элементы питания - 3*Х"
1890,1926253286,ozon,Артикул,1926253286
1891,1926253286,ozon,Тип,Миостимулятор
1892,1926253286,ozon,Цвет,Белый
1893,1926253286,ozon,Вид массажа,"Антицеллюлитный, Импульсный, Миостимулирующий, Шиацу"
1894,1926253286,ozon,Зоны массажа,"Тело, Ноги, Плечи, Руки, Ягодицы, Спина"
1895,1926253286,ozon,Особенности массажного аппарата,Русификация
1896,1926253286,ozon,Материал корпуса,ABS пластик
1897,1926253286,ozon,Количество программ/режимов,8
1898,1926253286,ozon,Вид питания,"От сети 220В, Сменная батарея"
1899,1926253286,ozon,Упаковка,Коробка
1900,1926253286,ozon,Страна-изготовитель,Китай
1901,1926253286,ozon,Гарантийный срок,1 год
1902,1926253286,ozon,Комплектация,электро массажер; электроды; блок питания; шнуры к электродам
1903,1268488360,ozon,Артикул,1268488360
1904,1268488360,ozon,Тип,Миостимулятор
1905,1268488360,ozon,Цвет,"Черный, синий"
1906,1268488360,ozon,Зоны массажа,"Тело, Поясница, Руки, Ягодицы"
1907,1268488360,ozon,"Максимальный рост пользователя, см",210
1908,1268488360,ozon,Материал корпуса,ABS пластик
1909,1268488360,ozon,Количество программ/режимов,6
1910,1268488360,ozon,Вид питания,"Встроенный аккумулятор, От порта USB"
1911,1268488360,ozon,"Мощность массажера, Вт",5
1912,1268488360,ozon,"Напряжение, В",3
1913,1268488360,ozon,"Фактический размер товара, см","60*22, 20*6,5"
1914,1268488360,ozon,Упаковка,"Картонная коробка, Конверт"
1915,1268488360,ozon,Страна-изготовитель,Китай
1916,1268488360,ozon,Гарантийный срок,6
1917,1268488360,ozon,"Вид массажа
","Вибрационный, Миостимулирующий, Расслабляющий, Антицеллюлитный, Импульсный, Лимфодренажный"
1918,1268488360,ozon,Особенности массажного аппарата,"Ручные программы, Съемные части, Работает в автомобиле, Русификация"
1919,1268488360,ozon,Комплектация,"Патч на живот - 1шт Малый патч -2шт (руки, бедра) Пульт - 3шт Сменные накладки в подарок (8 шт)"
1920,1630317759,ozon,Артикул,1630317759
1921,1630317759,ozon,Тип,Миостимулятор
1922,1630317759,ozon,Цвет,Белый
1923,1630317759,ozon,Вид массажа,"Антицеллюлитный, Импульсный, Миостимулирующий, Шиацу"
1924,1630317759,ozon,Зоны массажа,"Тело, Ноги, Плечи, Руки, Ягодицы, Спина"
1925,1630317759,ozon,Особенности массажного аппарата,Русификация
1926,1630317759,ozon,Материал корпуса,ABS пластик
1927,1630317759,ozon,Количество программ/режимов,8
1928,1630317759,ozon,Вид питания,"От сети 220В, Сменная батарея"
1929,1630317759,ozon,"Мощность массажера, Вт",5
1930,1630317759,ozon,Упаковка,Коробка
1931,1630317759,ozon,Страна-изготовитель,Китай
1932,1630317759,ozon,Гарантийный срок,1 год
1933,1630317759,ozon,Комплектация,электро массажер; электроды; блок питания; шнуры к электродам
1934,2196644281,ozon,Артикул,2196644281
1935,2196644281,ozon,Тип,Миостимулятор
1936,2196644281,ozon,Цвет,Черный матовый
1937,2196644281,ozon,Зоны массажа,"Тело, Поясница, Руки, Ягодицы"
1938,2196644281,ozon,"Максимальный рост пользователя, см",210
1939,2196644281,ozon,Материал корпуса,ABS пластик
1940,2196644281,ozon,Количество программ/режимов,6
1941,2196644281,ozon,Вид питания,"Встроенный аккумулятор, От порта USB"
1942,2196644281,ozon,"Мощность массажера, Вт",5
1943,2196644281,ozon,"Напряжение, В",3
1944,2196644281,ozon,"Фактический размер товара, см","60*22, 20*6,5"
1945,2196644281,ozon,Упаковка,"Картонная коробка, Конверт"
1946,2196644281,ozon,Страна-изготовитель,Китай
1947,2196644281,ozon,Гарантийный срок,6
1948,2196644281,ozon,"Вид массажа
","Вибрационный, Миостимулирующий, Расслабляющий, Антицеллюлитный, Импульсный, Лимфодренажный"
1949,2196644281,ozon,Особенности массажного аппарата,"Ручные программы, Съемные части, Работает в автомобиле, Русификация"
1950,2196644281,ozon,Комплектация,"Патч на живот - 1шт Малый патч -2шт (руки, бедра) Пульт - 3шт Сменные накладки в подарок (8 шт)"
1951,1695278117,ozon,Артикул,1695278117
1952,1695278117,ozon,Тип,Миостимулятор
1953,1695278117,ozon,Цвет,Черный
1954,1695278117,ozon,Зоны массажа,"Руки, Спина, Плечи, Шея, Ягодицы, Тело"
1955,1695278117,ozon,Особенности массажного аппарата,Пульт ДУ
1956,1695278117,ozon,"Максимальный рост пользователя, см",200
1957,1695278117,ozon,Материал корпуса,ABS пластик
1958,1695278117,ozon,Количество программ/режимов,6
1959,1695278117,ozon,Вид питания,Сменная батарея
1960,1695278117,ozon,Упаковка,Картонная коробка
1961,1695278117,ozon,Страна-изготовитель,Китай
1962,1695278117,ozon,"Вид массажа
","Антицеллюлитный, Вибрационный, Импульсный, Лимфодренажный, Миостимулирующий, Оздоровительный"
1963,1695278117,ozon,Комплектация,Массажер - 3 шт + пульт управления 3 шт + инструкция + упаковка
1964,1611839977,ozon,Артикул,1611839977
1965,1611839977,ozon,Тип,Миостимулятор
1966,1611839977,ozon,Цвет,Черный
1967,1611839977,ozon,Вид массажа,"Импульсный, Вибрационный, Миостимулирующий"
1968,1611839977,ozon,Зоны массажа,"Плечи, Руки, Поясница, Тело, Спина, Шея"
1969,1611839977,ozon,Особенности массажного аппарата,Пульт ДУ
1970,1611839977,ozon,"Максимальный рост пользователя, см",205
1971,1611839977,ozon,Материал корпуса,ABS пластик
1972,1611839977,ozon,Количество программ/режимов,8
1973,1611839977,ozon,Вид питания,Встроенный аккумулятор
1974,1611839977,ozon,"Мощность массажера, Вт",3.7
1975,1611839977,ozon,"Напряжение, В",4
1976,1611839977,ozon,Упаковка,Картонная коробка
1977,1611839977,ozon,Страна-изготовитель,Китай
1978,1601384956,ozon,Артикул,1601384956
1979,1601384956,ozon,Тип,Миостимулятор
1980,1601384956,ozon,Цвет,Миостимулятор+Зонд
1981,1601384956,ozon,Зоны массажа,"Плечи, Руки, Спина, Шея, Тело, Ягодицы"
1982,1601384956,ozon,Особенности массажного аппарата,"Таймер, Съемные части, Ручные программы"
1983,1601384956,ozon,Материал корпуса,Биопластик
1984,1601384956,ozon,Количество программ/режимов,8
1985,1601384956,ozon,Вид питания,"От сети 220В, Сменная батарея"
1986,1601384956,ozon,Упаковка,Картонная коробка
1987,1601384956,ozon,Страна-изготовитель,Китай (Гонконг)
1988,1601384956,ozon,"Вид массажа
","Миостимулирующий, Оздоровительный, Импульсный, Акупунктурный, Лечебный, Антицеллюлитный"
1989,1601384956,ozon,Комплектация,"Аппарат миостимуляции 1шт, перчатки 1 пара, электроды липучки 4шт, вагинальный зонд 1шт, провод переходник 3шт, адаптер+шнур 1шт, батарейки 3шт, инструкция на русском языке по куар-коду."
1990,1179248041,ozon,Артикул,1179248041
1991,1179248041,ozon,Тип,Миостимулятор
1992,1179248041,ozon,Цвет,Логовибромассаажер Панда с насадками
1993,1179248041,ozon,Зоны массажа,"Лицо, Область вокруг глаз"
1994,1179248041,ozon,Страна-изготовитель,Россия
1995,1179248041,ozon,Гарантийный срок,12
1996,2229892826,ozon,Артикул,2229892826
1997,2229892826,ozon,Тип,Миостимулятор
1998,2229892826,ozon,Бренд,Yamaguchi
1999,2229892826,ozon,Цвет,Черный/красный
2000,2229892826,ozon,Вид массажа,"Миостимулирующий, Импульсный, Комбинированный, Расслабляющий"
2001,2229892826,ozon,Зоны массажа,"Ноги, Тело, Ягодицы"
2002,2229892826,ozon,Особенности массажного аппарата,Русификация
2003,2229892826,ozon,Материал корпуса,ABS пластик
2004,2229892826,ozon,Страна-изготовитель,Китай
2005,857380821,ozon,Артикул,857380821
2006,857380821,ozon,Тип,Миостимулятор
2007,857380821,ozon,Цвет,Белоеa 05
2008,857380821,ozon,Зоны массажа,Тело
2009,857380821,ozon,Материал корпуса,ABS пластик
2010,857380821,ozon,Количество программ/режимов,2
2011,857380821,ozon,Вид питания,Сменный аккумулятор (нет в комплекте)
2012,857380821,ozon,"Напряжение, В",220
2013,857380821,ozon,"Фактический размер товара, см",15x10x4
2014,857380821,ozon,Упаковка,Бумажный пакет
2015,857380821,ozon,Страна-изготовитель,Китай
2016,857380821,ozon,Гарантийный срок,1 год
2017,857380821,ozon,"Вид массажа
","Вакуумный, Миостимулирующий, Расслабляющий, Оздоровительный, Лечебный, Лимфодренажный"
2018,857380821,ozon,Особенности массажного аппарата,"Работает в автомобиле, Ручные программы, Встроенные динамики, Сканирование тела"
2019,1386041638,ozon,Артикул,1386041638
2020,1386041638,ozon,Тип,Миостимулятор
2021,1386041638,ozon,Цвет,Черный
2022,1386041638,ozon,Зоны массажа,"Тело, Поясница"
2023,1386041638,ozon,Страна-изготовитель,Китай
2024,1664925229,ozon,Артикул,1664925229
2025,1664925229,ozon,Тип,Миостимулятор
2026,1664925229,ozon,Цвет,Белый
2027,1664925229,ozon,Вид массажа,"Расслабляющий, Миостимулирующий, Комбинированный"
2028,1664925229,ozon,Зоны массажа,"Лицо, Шея"
2029,1664925229,ozon,Особенности массажного аппарата,"Пульт ДУ, Съемные части"
2030,1664925229,ozon,Материал корпуса,ABS пластик
2031,1664925229,ozon,Количество программ/режимов,8
2032,1664925229,ozon,Страна-изготовитель,Китай
2033,1664925229,ozon,Гарантийный срок,180 дней
2034,1618331464,ozon,Артикул,1618331464
2035,1618331464,ozon,Тип,Миостимулятор
2036,1618331464,ozon,Цвет,Массажер для живота
2037,1618331464,ozon,Вид массажа,Миостимулирующий
2038,1618331464,ozon,Зоны массажа,"Тело, Спина, Зона декольте"
2039,1618331464,ozon,Особенности массажного аппарата,Съемные части
2040,1618331464,ozon,Количество программ/режимов,8
2041,1618331464,ozon,Вид питания,Встроенный аккумулятор
2042,1618331464,ozon,Комплектация,Массажер - 1 шт + панель управления 1 шт
2043,1618331464,ozon,Страна-изготовитель,Китай
2044,1998119580,ozon,Артикул,1998119580
2045,1998119580,ozon,Тип,Миостимулятор
2046,1998119580,ozon,Цвет,Массажера*1+Гелевый пластырь*3
2047,1998119580,ozon,Зоны массажа,"Плечи, Шея, Поясница, Ноги, Тело"
2048,1998119580,ozon,Особенности массажного аппарата,"Русификация, Таймер"
2049,1998119580,ozon,Материал корпуса,"ABS пластик, Искусственная кожа"
2050,1998119580,ozon,Количество программ/режимов,8
2051,1998119580,ozon,Вид питания,Встроенный аккумулятор
2052,1998119580,ozon,"Мощность массажера, Вт",35
2053,1998119580,ozon,"Напряжение, В",5
2054,1998119580,ozon,"Фактический размер товара, см",6
2055,1998119580,ozon,Страна-изготовитель,Китай
2056,1998119580,ozon,Гарантийный срок,30 дней
2057,1998119580,ozon,"Вид массажа
","Импульсный, Рефлекторный, Расслабляющий, Миостимулирующий, Оздоровительный"
2058,1998119580,ozon,Комплектация,основной блок массажера- 1 шт； гелевыми патчами - 3 шт； USB шнур - 1 шт
2059,1611087965,ozon,Артикул,1611087965
2060,1611087965,ozon,Тип,Миостимулятор
2061,1611087965,ozon,Цвет,Бирюзовый
2062,1611087965,ozon,Вид массажа,"Миостимулирующий, Оздоровительный, Расслабляющий"
2063,1611087965,ozon,Зоны массажа,Руки
2064,1611087965,ozon,Особенности массажного аппарата,"Таймер, Работает в автомобиле, Ручные программы"
2065,1611087965,ozon,Материал корпуса,Пластик
2066,1611087965,ozon,Количество программ/режимов,2
2067,1611087965,ozon,Вид питания,"Встроенный аккумулятор, От порта USB"
2068,1611087965,ozon,Упаковка,Коробка
2069,1611087965,ozon,Комплектация,"Микротоковый массжёр от бессоницы, USB-кабель"
2070,1611087965,ozon,Страна-изготовитель,Китай
2071,1065549899,ozon,Артикул,1065549899
2072,1065549899,ozon,Тип,Миостимулятор
2073,1065549899,ozon,Цвет,Черный
2074,1065549899,ozon,Зоны массажа,"Ноги, Руки, Поясница, Плечи, Шея, Тело"
2075,1065549899,ozon,Особенности массажного аппарата,Работает в автомобиле
2076,1065549899,ozon,"Максимальный рост пользователя, см",230
2077,1065549899,ozon,Материал корпуса,"ABS пластик, Силикон"
2078,1065549899,ozon,Количество программ/режимов,8
2079,1065549899,ozon,Вид питания,От порта USB
2080,1065549899,ozon,"Мощность массажера, Вт",220
2081,1065549899,ozon,"Напряжение, В",220
2082,1065549899,ozon,"Фактический размер товара, см",15х6
2083,1065549899,ozon,Упаковка,Картонная коробка
2084,1065549899,ozon,Страна-изготовитель,Китай
2085,1065549899,ozon,Гарантийный срок,14 дней
2086,1065549899,ozon,"Вид массажа
","Антицеллюлитный, Вибрационный, Импульсный, Миостимулирующий, Оздоровительный, Рефлекторный"
2087,1065549899,ozon,Комплектация,Массажер 1шт; КОнтроллер 1 шт; USB порт 1 шт; Инструкция 1 шт
2088,1449262085,ozon,Артикул,1449262085
2089,1449262085,ozon,Тип,Миостимулятор
2090,1449262085,ozon,Бренд,Beurer
2091,1449262085,ozon,Цвет,Белый
2092,1449262085,ozon,Вид массажа,Миостимулирующий
2093,1449262085,ozon,Зоны массажа,Тело
2094,1449262085,ozon,Материал корпуса,ABS пластик
2095,1449262085,ozon,Вид питания,Сменная батарея
2096,1449262085,ozon,Страна-изготовитель,Китай
2097,1449262085,ozon,Гарантийный срок,12 мес.
2098,2011012217,ozon,Артикул,2011012217
2099,2011012217,ozon,Тип,Миостимулятор
2100,2011012217,ozon,Цвет,Белый
2101,2011012217,ozon,Вид массажа,"Импульсный, Миостимулирующий"
2102,2011012217,ozon,Зоны массажа,"Спина, Тело, Руки, Поясница, Плечи, Ноги"
2103,2011012217,ozon,Особенности массажного аппарата,"Ручные программы, Таймер"
2104,2011012217,ozon,Материал корпуса,ABS пластик
2105,2011012217,ozon,Количество программ/режимов,16
2106,2011012217,ozon,Вид питания,"Встроенный аккумулятор, От порта USB"
2107,2011012217,ozon,"Мощность массажера, Вт",0.075
2108,2011012217,ozon,Упаковка,Картонная коробка
2109,2011012217,ozon,Страна-изготовитель,Китай
2110,2011012217,ozon,Комплектация,Универсальный импульсный массажер с током - 1 шт; Электроды - 4 шт; USB-провод - 1 шт.
2111,1255128278,ozon,Артикул,1255128278
2112,1255128278,ozon,Тип,Миостимулятор
2113,1255128278,ozon,Цвет,Белый
2114,1255128278,ozon,Вид массажа,Миостимулирующий
2115,1255128278,ozon,Зоны массажа,Тело
2116,1255128278,ozon,Особенности массажного аппарата,Ручные программы
2117,1255128278,ozon,Материал корпуса,ABS пластик
2118,1255128278,ozon,"Напряжение, В",4.5
2119,1360190395,ozon,Артикул,1360190395
2120,1360190395,ozon,Тип,Миостимулятор
2121,1360190395,ozon,Цвет,Черный
2122,1360190395,ozon,Зоны массажа,"Тело, Спина"
2123,1360190395,ozon,Особенности массажного аппарата,"Ручные программы, Регулировка по размеру"
2124,1360190395,ozon,"Максимальный рост пользователя, см",200
2125,1360190395,ozon,Материал корпуса,"ABS пластик, Биопластик"
2126,1360190395,ozon,Количество программ/режимов,7
2127,1360190395,ozon,Вид питания,Сменная батарея
2128,1360190395,ozon,"Мощность массажера, Вт",9
2129,1360190395,ozon,"Напряжение, В",3.5
2130,1360190395,ozon,"Фактический размер товара, см",102х17х2
2131,1360190395,ozon,Упаковка,Коробка
2132,1360190395,ozon,Страна-изготовитель,Китай
2133,1360190395,ozon,Гарантийный срок,6 месяцев
2134,1360190395,ozon,"Вид массажа
","Миостимулирующий, Антицеллюлитный, Оздоровительный, Расслабляющий"
2135,1360190395,ozon,Комплектация,"Массажер электрический миостимулятор живота EMS Abdominal Toning Belt для мужчин и женщин, кабель USB, инструкция к применению"
2136,1311256144,ozon,Артикул,1311256144
2137,1311256144,ozon,Тип,Миостимулятор
2138,1311256144,ozon,Цвет,1 Belt 2 Arm
2139,1311256144,ozon,Вид массажа,"Импульсный, Оздоровительный"
2140,1311256144,ozon,Зоны массажа,"Ноги, Руки, Тело"
2141,1311256144,ozon,Материал корпуса,"ABS пластик, Текстиль"
2142,1311256144,ozon,Количество программ/режимов,39
2143,1311256144,ozon,Вид питания,Встроенный аккумулятор
2144,1311256144,ozon,"Фактический размер товара, см",116x15
2145,1311256144,ozon,Страна-изготовитель,Китай
2146,1817604735,ozon,Артикул,1817604735
2147,1817604735,ozon,Тип,Миостимулятор
2148,1817604735,ozon,Цвет,S/M (талия 90 см)
2149,1817604735,ozon,Зоны массажа,"Тело, Поясница, Спина, Ягодицы"
2150,1817604735,ozon,Материал корпуса,"ABS пластик, Текстиль"
2151,1817604735,ozon,Количество программ/режимов,6
2152,1817604735,ozon,Вид питания,"Встроенный аккумулятор, От порта USB"
2153,1817604735,ozon,"Мощность массажера, Вт",30
2154,1817604735,ozon,"Фактический размер товара, см",90
2155,1817604735,ozon,Упаковка,Картонная коробка
2156,1817604735,ozon,Страна-изготовитель,Китай (Тайвань)
2157,1817604735,ozon,Гарантийный срок,1 год
2158,1817604735,ozon,"Вид массажа
","Вибрационный, Миостимулирующий, Расслабляющий, Антицеллюлитный, Импульсный, Лимфодренажный"
2159,1817604735,ozon,Особенности массажного аппарата,"Регулировка по размеру, Работает в автомобиле, Таймер, Ручные программы, Русификация, Съемные части"
2160,1817604735,ozon,Комплектация,EMS - тренажер для пресса (пояс) - 1шт; Индикатор - 1 шт; Зарядное устройство (USB - Charging кабель) - 1 шт; Опрыскиватель массажера (распылитель) - 1шт;
2161,1722264743,ozon,Артикул,1722264743
2162,1722264743,ozon,Тип,Миостимулятор
2163,1722264743,ozon,Цвет,Pro 2.0
2164,1722264743,ozon,Вид массажа,"Миостимулирующий, Расслабляющий, Лечебный"
2165,1722264743,ozon,Зоны массажа,"Тело, Поясница, Ягодицы"
2166,1722264743,ozon,Количество программ/режимов,30
2167,1722264743,ozon,Упаковка,Подарочная коробка
2168,1722264743,ozon,Страна-изготовитель,Китай
2169,577855085,ozon,Артикул,577855085
2170,577855085,ozon,Тип,Миостимулятор
2171,577855085,ozon,Цвет,Черный
2172,577855085,ozon,Вид массажа,"Импульсный, Вибрационный"
2173,577855085,ozon,Зоны массажа,"Ноги, Плечи, Руки"
2174,577855085,ozon,Особенности массажного аппарата,Таймер
2175,577855085,ozon,Материал корпуса,"ABS пластик, Полиуретан"
2176,577855085,ozon,Вид питания,От сети 220В
2177,577855085,ozon,"Мощность массажера, Вт",12
2178,577855085,ozon,Комплектация,"Массажер, регулируемый ремень, блок питания, инструкция"
2179,1672001483,ozon,Артикул,1672001483
2180,1672001483,ozon,Тип,Миостимулятор
2181,1672001483,ozon,Цвет,Черно-белый
2182,1672001483,ozon,Вид массажа,"Лечебный, Миостимулирующий, Вибрационный"
2183,1672001483,ozon,Зоны массажа,"Зона декольте, Ягодицы, Поясница, Руки, Спина, Тело"
2184,1672001483,ozon,Особенности массажного аппарата,"Подогрев, Ручные программы, Таймер, Съемные части"
2185,1672001483,ozon,Материал корпуса,"ABS пластик, Металлический сплав"
2186,1672001483,ozon,Количество программ/режимов,6
2187,1672001483,ozon,Вид питания,От порта USB
2188,1672001483,ozon,Упаковка,Картонная коробка
2189,1672001483,ozon,Страна-изготовитель,Китай
2190,1672001483,ozon,Гарантийный срок,14 дней
2191,1672001483,ozon,Комплектация,Хост компьютер - 1 шт.; Инструкция - 1 шт.; Провод соединяющий хост и зонд - 1 шт.; Зонд для влагалища - 1 шт; Электроды - 8 шт; Чехол для хранения - 1 шт.
2192,286006499,ozon,Артикул,286006499
2193,286006499,ozon,Тип,Миостимулятор
2194,286006499,ozon,Вид массажа,Миостимулирующий
2195,286006499,ozon,Особенности массажного аппарата,Работает в автомобиле
2196,286006499,ozon,Количество программ/режимов,8
2197,286006499,ozon,Комплектация,Миостимулятор пульт
2198,286006499,ozon,Страна-изготовитель,Китай
2199,2111889272,ozon,Артикул,2111889272
2200,2111889272,ozon,Тип,Миостимулятор
2201,2111889272,ozon,Цвет,Темно-синий
2202,2111889272,ozon,Вид массажа,"Антицеллюлитный, Вибрационный, Миостимулирующий"
2203,2111889272,ozon,Зоны массажа,"Тело, Спина"
2204,2111889272,ozon,Особенности массажного аппарата,"Регулировка по размеру, Ручные программы"
2205,2111889272,ozon,"Максимальный рост пользователя, см",210
2206,2111889272,ozon,Материал корпуса,ABS пластик
2207,2111889272,ozon,Количество программ/режимов,8
2208,2111889272,ozon,Вид питания,"От порта USB, От сети 220В"
2209,2111889272,ozon,"Напряжение, В",3.5
2210,2111889272,ozon,"Фактический размер товара, см",17х125
2211,2111889272,ozon,Упаковка,Картонная коробка
2212,2111889272,ozon,Комплектация,"контроллер, массажный пояс, кабель USB, инструкция."
2213,2111889272,ozon,Страна-изготовитель,Китай
2214,478180707,ozon,Артикул,478180707
2215,478180707,ozon,Тип,Миостимулятор
2216,478180707,ozon,Цвет,Красный Uno
2217,478180707,ozon,Вид массажа,Миостимулирующий
2218,478180707,ozon,Зоны массажа,"Ноги, Плечи, Поясница, Руки, Спина, Ягодицы"
2219,478180707,ozon,Особенности массажного аппарата,Съемные части
2220,478180707,ozon,Материал корпуса,ABS пластик
2221,478180707,ozon,Вид питания,"Внешний источник питания, От сети 220В"
2222,478180707,ozon,Упаковка,Кейс пластиковый
2223,478180707,ozon,Страна-изготовитель,Китай
2224,478180707,ozon,Гарантийный срок,1 год
2225,478180707,ozon,"Фактический размер товара, см","- Размер устройства 60,4 мм х 43,5 мм х 13,6 мм - Размер прямоугольного электрода 9 см х 5см - Размер круглого электрода 5,5 см (2,1 дюйм) - Вес устройства 25 г"
2226,478180707,ozon,Комплектация,- 1 модуль PowerDot - 1 комплект электродов - 1 комплект соединительных кабелей для электродов (10 и 30 см) - 1 кабель для зарядки Micro USB - Защитный чехол для переноски
2227,1658891089,ozon,Артикул,1658891089
2228,1658891089,ozon,Тип,Миостимулятор
2229,1658891089,ozon,Цвет,Массажер для живота и рук
2230,1658891089,ozon,Вид массажа,Миостимулирующий
2231,1658891089,ozon,Зоны массажа,"Тело, Спина, Зона декольте, Ноги, Плечи, Поясница"
2232,1658891089,ozon,Особенности массажного аппарата,Съемные части
2233,1658891089,ozon,Количество программ/режимов,8
2234,1658891089,ozon,Вид питания,Встроенный аккумулятор
2235,1658891089,ozon,Комплектация,Массажер для живота*1 Массажер для рук*2 Панель управления*3
2236,1658891089,ozon,Страна-изготовитель,Китай
2237,2077502175,ozon,Артикул,2077502175
2238,2077502175,ozon,Тип,Миостимулятор
2239,2077502175,ozon,Цвет,2 массажные головки
2240,2077502175,ozon,Вид массажа,Миостимулирующий
2241,2077502175,ozon,Зоны массажа,"Область вокруг глаз, Лицо, Ноги, Руки, Тело, Голова"
2242,2077502175,ozon,Особенности массажного аппарата,"Ручные программы, Регулировка роликов, Съемные части"
2243,2077502175,ozon,Материал корпуса,Металлический сплав
2244,2077502175,ozon,Количество программ/режимов,9
2245,2077502175,ozon,Вид питания,Сменный аккумулятор (нет в комплекте)
2246,2077502175,ozon,"Напряжение, В",3.7
2247,2077502175,ozon,"Фактический размер товара, см",18.3*2.5
2248,2077502175,ozon,Упаковка,Box Set
2249,2077502175,ozon,Комплектация,"Ручка-массажер 1 шт., насадки - 5 шт., инструкция - 1 шт."
2250,2077502175,ozon,Страна-изготовитель,Китай
2251,2077502175,ozon,Гарантийный срок,180небо
2252,2004282369,ozon,Артикул,2004282369
2253,2004282369,ozon,Тип,Миостимулятор
2254,2004282369,ozon,Цвет,Черный
2255,2004282369,ozon,Вид массажа,Миостимулирующий
2256,2004282369,ozon,Зоны массажа,"Ноги, Плечи, Поясница, Руки, Спина, Тело"
2257,2004282369,ozon,Материал корпуса,ABS пластик
2258,2004282369,ozon,Вид питания,Сменная батарея
2259,1469090000,ozon,Артикул,1469090000
2260,1469090000,ozon,Тип,Миостимулятор
2261,1469090000,ozon,Цвет,Черно-синий
2262,1469090000,ozon,Зоны массажа,"Ноги, Плечи, Спина, Тело, Шея, Ягодицы"
2263,1469090000,ozon,Особенности массажного аппарата,"Съемные части, Работает в автомобиле, Ручные программы"
2264,1469090000,ozon,Материал корпуса,ABS пластик
2265,1469090000,ozon,Количество программ/режимов,8
2266,1469090000,ozon,Вид питания,"Встроенный аккумулятор, От порта USB"
2267,1469090000,ozon,"Мощность массажера, Вт",3
2268,1469090000,ozon,"Напряжение, В",3.7
2269,1469090000,ozon,"Фактический размер товара, см",16*8*2
2270,1469090000,ozon,Упаковка,Картонная коробка
2271,1469090000,ozon,Страна-изготовитель,Китай
2272,1469090000,ozon,Гарантийный срок,30
2273,1469090000,ozon,"Вид массажа
","Антицеллюлитный, Вибрационный, Лимфодренажный, Миостимулирующий, Оздоровительный, Расслабляющий"
2274,1469090000,ozon,Комплектация,1. модуль управления миостимулятором-1 шт 2. Гелевая накладка с клеевым покрытием-1 шт 3. USB-кабель - 1 шт; 4. Инструкция-1 шт
2275,1472524421,ozon,Артикул,1472524421
2276,1472524421,ozon,Тип,Миостимулятор
2277,1472524421,ozon,Цвет,Серый
2278,1472524421,ozon,Вид массажа,Рефлекторный
2279,1472524421,ozon,Зоны массажа,"Ноги, Руки, Голова, Плечи, Поясница"
2280,1472524421,ozon,Особенности массажного аппарата,"Ручные программы, Таймер"
2281,1472524421,ozon,"Максимальный рост пользователя, см",200
2282,1472524421,ozon,Материал корпуса,ABS пластик
2283,1472524421,ozon,Количество программ/режимов,36
2284,1472524421,ozon,Вид питания,От порта USB
2285,1472524421,ozon,Упаковка,Картонная коробка
2286,1472524421,ozon,Комплектация,8
2287,1472524421,ozon,Страна-изготовитель,Китай
2288,2269117519,ozon,Артикул,2269117519
2289,2269117519,ozon,Тип,Миостимулятор
2290,2269117519,ozon,Цвет,"Насадка ""Панда Пуговка"""
2291,2269117519,ozon,Вид массажа,"Вибрационный, Классический, Комбинированный, Расслабляющий"
2292,2269117519,ozon,Зоны массажа,"Область вокруг глаз, Лицо"
2293,2269117519,ozon,Материал корпуса,Силикон
2294,2269117519,ozon,Страна-изготовитель,Россия
2295,1606187894,ozon,Артикул,1606187894
2296,1606187894,ozon,Тип,Миостимулятор
2297,1606187894,ozon,Цвет,Массажер JR-309A
2298,1606187894,ozon,Вид массажа,"Импульсный, Миостимулирующий, Оздоровительный, Расслабляющий"
2299,1606187894,ozon,Зоны массажа,"Шея, Тело, Спина, Руки, Ноги, Голова"
2300,1606187894,ozon,Особенности массажного аппарата,Русификация
2301,1606187894,ozon,Материал корпуса,Пластик
2302,1606187894,ozon,Количество программ/режимов,9
2303,1606187894,ozon,Вид питания,"От сети 220В, Сменная батарея"
2304,1606187894,ozon,"Напряжение, В",5
2305,1606187894,ozon,Упаковка,Коробка
2306,1606187894,ozon,Страна-изготовитель,Китай
2307,1606187894,ozon,Гарантийный срок,30 дней
2308,1606187894,ozon,Комплектация,Массажер*1/ Блок питания*1/ Пластырь*4/ Руководство*1/Обувь*1
2309,1778205649,ozon,Артикул,1778205649
2310,1778205649,ozon,Тип,Миостимулятор
2311,1778205649,ozon,Цвет,Темно серый
2312,1778205649,ozon,Вид массажа,"Рефлекторный, Миостимулирующий"
2313,1778205649,ozon,Зоны массажа,Ноги
2314,1778205649,ozon,Особенности массажного аппарата,"Съемные части, Ручные программы"
2315,1778205649,ozon,Материал корпуса,ABS пластик
2316,1778205649,ozon,Количество программ/режимов,8
2317,1778205649,ozon,Вид питания,От порта USB
2318,1778205649,ozon,"Фактический размер товара, см",27х30
2319,1778205649,ozon,Упаковка,Картонная коробка
2320,1778205649,ozon,Страна-изготовитель,Китай
2321,1778205649,ozon,Гарантийный срок,6 месяцев
2322,1778205649,ozon,Комплектация,"коврик, блок управления, USB провод для зарядки, коробка с инструкцией."
2323,1403520995,ozon,Артикул,1403520995
2324,1403520995,ozon,Тип,Миостимулятор
2325,1403520995,ozon,Цвет,Полосатик лого
2326,1403520995,ozon,Зоны массажа,"Голова, Лицо, Шея"
2327,1403520995,ozon,Материал корпуса,Силикон
2328,1403520995,ozon,Вид питания,Сменная батарея
2329,1403520995,ozon,Страна-изготовитель,Россия
2330,1403520995,ozon,"Вид массажа
","Вибрационный, Классический, Комбинированный, Миостимулирующий, Расслабляющий"
2331,881413521,ozon,Артикул,881413521
2332,881413521,ozon,Тип,Миостимулятор
2333,881413521,ozon,Цвет,Черный
2334,881413521,ozon,Зоны массажа,Ноги
2335,881413521,ozon,"Максимальный рост пользователя, см",220
2336,881413521,ozon,Количество программ/режимов,7
2337,881413521,ozon,Вид питания,Встроенный аккумулятор
2338,881413521,ozon,"Мощность массажера, Вт",24
2339,881413521,ozon,"Напряжение, В",3.7
2340,881413521,ozon,"Фактический размер товара, см",31x28
2341,881413521,ozon,Страна-изготовитель,Китай
2342,881413521,ozon,Гарантийный срок,7 дней
2343,881413521,ozon,"Вид массажа
","Акупунктурный, Импульсный, Комбинированный, Лечебный, Миостимулирующий, Оздоровительный"
2344,881413521,ozon,Комплектация,1. EMS массажный коврик 2. Блок управления со встроенным аккумулятором 3. Кабель для зарядки
2345,1218336614,ozon,Артикул,1218336614
2346,1218336614,ozon,Тип,Миостимулятор
2347,1218336614,ozon,Цвет,Белый с черным
2348,1218336614,ozon,Зоны массажа,"Шея, Ноги, Плечи, Поясница, Руки, Тело"
2349,1218336614,ozon,Особенности массажного аппарата,"Работает в автомобиле, Ручные программы"
2350,1218336614,ozon,"Максимальный рост пользователя, см",236
2351,1218336614,ozon,Материал корпуса,"ABS пластик, Пластик"
2352,1218336614,ozon,Количество программ/режимов,6
2353,1218336614,ozon,Вид питания,Сменная батарея
2354,1218336614,ozon,"Мощность массажера, Вт",10
2355,1218336614,ozon,"Фактический размер товара, см",15x17x4
2356,1218336614,ozon,Упаковка,Коробка
2357,1218336614,ozon,Страна-изготовитель,Китай
2358,1218336614,ozon,Гарантийный срок,2 Недели на проверку работы и качества товара
2359,1218336614,ozon,"Вид массажа
","Акупунктурный, Импульсный, Миостимулирующий, Оздоровительный, Расслабляющий, Антицеллюлитный"
2360,1218336614,ozon,Комплектация,массажер - 1 шт.; электродные патчи - 2 шт.; кабель - 1 шт.; руководство пользователя - 2 шт. (на русском и английском языке); батарейки - 2 шт.
2361,1870777915,ozon,Артикул,1870777915
2362,1870777915,ozon,Тип,Миостимулятор
2363,1870777915,ozon,Цвет,USB-Массажер тазового дна Blue-PC
2364,1870777915,ozon,Вид массажа,"Вакуумный, Рефлекторный, Вибрационный"
2365,1870777915,ozon,Зоны массажа,"Ягодицы, Зона декольте"
2366,1870777915,ozon,"Максимальный рост пользователя, см",200
2367,1870777915,ozon,Материал корпуса,ABS пластик
2368,1870777915,ozon,Количество программ/режимов,1
2369,1870777915,ozon,Вид питания,От порта USB
2370,1870777915,ozon,"Мощность массажера, Вт",10
2371,1870777915,ozon,"Напряжение, В",220
2372,1870777915,ozon,"Фактический размер товара, см",28*17*17
2373,1870777915,ozon,Упаковка,Картонный бокс + DigiPak
2374,1870777915,ozon,Комплектация,Прибор + пульт дистанционного управления
2375,1870777915,ozon,Страна-изготовитель,Китай
2376,1870777915,ozon,Гарантийный срок,90 дней
2377,1870777915,ozon,Особенности массажного аппарата,"Работает в автомобиле, Ручные программы, Сканирование тела, Пульт ДУ, Подогрев"
2378,1592406990,ozon,Артикул,1592406990
2379,1592406990,ozon,Тип,Миостимулятор
2380,1592406990,ozon,Цвет,Розовый
2381,1592406990,ozon,Вид массажа,"Импульсный, Миостимулирующий"
2382,1592406990,ozon,Зоны массажа,"Лицо, Область вокруг глаз, Шея, Зона декольте"
2383,1592406990,ozon,Особенности массажного аппарата,"Ручные программы, Таймер"
2384,1592406990,ozon,Материал корпуса,ABS пластик
2385,1592406990,ozon,Количество программ/режимов,3
2386,1592406990,ozon,Вид питания,Сменная батарея
2387,1592406990,ozon,Упаковка,Картонная коробка
2388,1592406990,ozon,Страна-изготовитель,Китай
2389,1592406990,ozon,Комплектация,"миостимулятор-1шт,электроды-4шт,шнур для подключения электродов-1шт."
2390,1501713560,ozon,Артикул,1501713560
2391,1501713560,ozon,Тип,Миостимулятор
2392,1501713560,ozon,Цвет,Темно-синий
2393,1501713560,ozon,Вид массажа,"Миостимулирующий, Расслабляющий, Антицеллюлитный"
2394,1501713560,ozon,Зоны массажа,"Тело, Плечи, Поясница, Руки, Ноги, Ягодицы"
2395,1501713560,ozon,Особенности массажного аппарата,Таймер
2396,1501713560,ozon,Материал корпуса,"ABS пластик, Металл"
2397,1501713560,ozon,Количество программ/режимов,4
2398,1501713560,ozon,Упаковка,Картонная коробка
2399,1501713560,ozon,Страна-изготовитель,Китай
2400,1501713560,ozon,Гарантийный срок,90 дней
2401,1501713560,ozon,Комплектация,Товарная накладная <br> 1шт основной блок <br> 1 пара подушечек для нагрудных электродов <br> 10 пар электродов <br> 10шт провода <br> 1шт держатель аксессуаров <br> 1 комплект электродной повязки <br> 1шт силовой провод <br> 1 шт. руководство пользователя на английском языке
2402,1818889118,ozon,Артикул,1818889118
2403,1818889118,ozon,Тип,Миостимулятор
2404,1818889118,ozon,Цвет,USB-Массажер тазового дна Blue-PC
2405,1818889118,ozon,Вид массажа,"Вакуумный, Рефлекторный, Вибрационный"
2406,1818889118,ozon,Зоны массажа,"Ягодицы, Зона декольте"
2407,1818889118,ozon,"Максимальный рост пользователя, см",200
2408,1818889118,ozon,Материал корпуса,ABS пластик
2409,1818889118,ozon,Количество программ/режимов,5
2410,1818889118,ozon,Вид питания,От порта USB
2411,1818889118,ozon,"Мощность массажера, Вт",10
2412,1818889118,ozon,"Напряжение, В",220
2413,1818889118,ozon,"Фактический размер товара, см",28*17*17
2414,1818889118,ozon,Упаковка,Картонный бокс + DigiPak
2415,1818889118,ozon,Комплектация,Прибор + пульт дистанционного управления
2416,1818889118,ozon,Страна-изготовитель,Китай
2417,1818889118,ozon,Гарантийный срок,90 дней
2418,1818889118,ozon,Особенности массажного аппарата,"Работает в автомобиле, Ручные программы, Сканирование тела, Пульт ДУ, Подогрев"
2419,2267598052,ozon,Артикул,2267598052
2420,2267598052,ozon,Тип,Миостимулятор
2421,2267598052,ozon,Цвет,Черный Красивый цвет C853
2422,2267598052,ozon,Зоны массажа,"Тело, Ноги, Ягодицы, Плечи, Руки, Спина"
2423,2267598052,ozon,Особенности массажного аппарата,"Пульт ДУ, Ручные программы"
2424,2267598052,ozon,Материал корпуса,"ABS пластик, Полипропилен"
2425,2267598052,ozon,Количество программ/режимов,1
2426,2267598052,ozon,Вид питания,Сменная батарея
2427,2267598052,ozon,Комплектация,Тренажер - 3шт; инструкция; упаковка
2428,2267598052,ozon,Страна-изготовитель,Китай
2429,2267598052,ozon,"Вид массажа
","Вибрационный, Антицеллюлитный, Миостимулирующий, Оздоровительный, Расслабляющий, Импульсный"
2430,1710412584,ozon,Артикул,1710412584
2431,1710412584,ozon,Тип,Миостимулятор
2432,1710412584,ozon,Цвет,Массажер без пульта
2433,1710412584,ozon,Вид массажа,"Импульсный, Миостимулирующий, Оздоровительный, Расслабляющий"
2434,1710412584,ozon,Зоны массажа,"Шея, Тело, Спина, Руки, Ноги"
2435,1710412584,ozon,Материал корпуса,Пластик
2436,1710412584,ozon,Количество программ/режимов,9
2437,1710412584,ozon,Вид питания,Встроенный аккумулятор
2438,1710412584,ozon,"Напряжение, В",5
2439,1710412584,ozon,Упаковка,Коробка
2440,1710412584,ozon,Комплектация,Массажер*1/Пластырь*1/ Провод для зарядки*1
2441,1710412584,ozon,Страна-изготовитель,Китай
2442,1710412584,ozon,Гарантийный срок,30 дней
2443,1926332121,ozon,Артикул,1926332121
2444,1926332121,ozon,Тип,Миостимулятор
2445,1926332121,ozon,Цвет,Черный
2446,1926332121,ozon,Вид массажа,"Импульсный, Миостимулирующий"
2447,1926332121,ozon,Зоны массажа,Тело
2448,1926332121,ozon,Особенности массажного аппарата,Русификация
2449,1926332121,ozon,Материал корпуса,ABS пластик
2450,1926332121,ozon,Количество программ/режимов,8
2451,1926332121,ozon,Вид питания,"От сети 220В, Сменная батарея"
2452,1926332121,ozon,Страна-изготовитель,Китай
2453,1926332121,ozon,Гарантийный срок,1 год
2454,1926332121,ozon,Комплектация,электро массажер; электроды; блок питания; шнуры к электродам
2455,1849865601,ozon,Артикул,1849865601
2456,1849865601,ozon,Тип,Миостимулятор
2457,1849865601,ozon,Цвет,"Черный, оранжевый, темно-серый"
2458,1849865601,ozon,Вид массажа,Миостимулирующий
2459,1849865601,ozon,Зоны массажа,Ягодицы
2460,1849865601,ozon,Особенности массажного аппарата,Пульт ДУ
2461,1849865601,ozon,"Максимальный рост пользователя, см",220
2462,1849865601,ozon,Материал корпуса,ABS пластик
2463,1849865601,ozon,Количество программ/режимов,6
2464,1849865601,ozon,Вид питания,Сменная батарея
2465,1849865601,ozon,"Фактический размер товара, см",25х19.9
2466,1849865601,ozon,Упаковка,Коробка
2467,1849865601,ozon,Комплектация,Миостимулятор 1шт.
2468,1849865601,ozon,Страна-изготовитель,Китай
2469,1098165864,ozon,Артикул,1098165864
2470,1098165864,ozon,Тип,Миостимулятор
2471,1098165864,ozon,Цвет,Белый
2472,1098165864,ozon,Вид массажа,"Антицеллюлитный, Вибрационный, Акупунктурный"
2473,1098165864,ozon,Зоны массажа,"Зона декольте, Ноги, Плечи, Поясница, Руки"
2474,1098165864,ozon,Особенности массажного аппарата,"Работает в автомобиле, Русификация, Ручные программы, Таймер"
2475,1098165864,ozon,Материал корпуса,Пластик
2476,1098165864,ozon,Количество программ/режимов,10
2477,1098165864,ozon,Вид питания,Сменный аккумулятор
2478,1098165864,ozon,Упаковка,Картонная коробка
2479,1098165864,ozon,Страна-изготовитель,Китай
2480,1098165864,ozon,Гарантийный срок,1
2481,1098165864,ozon,Комплектация,массажер - 1 шт батарейки - 3 шт адаптер - 1 шт провод для насадок - 1 шт usb-адаптер - 1 шт упаковка - 1 шт насадки - 2 шт
2482,1396233582,ozon,Артикул,1396233582
2483,1396233582,ozon,Тип,Миостимулятор
2484,1396233582,ozon,Цвет,Набор 7
2485,1396233582,ozon,Зоны массажа,Лицо
2486,1396233582,ozon,Страна-изготовитель,Россия
2487,1396233582,ozon,"Вид массажа
","Классический, Комбинированный, Миостимулирующий, Расслабляющий, Роликовый"
2488,1726282595,ozon,Артикул,1726282595
2489,1726282595,ozon,Тип,Миостимулятор
2490,1726282595,ozon,Цвет,Темно-синий
2491,1726282595,ozon,Зоны массажа,"Тело, Спина"
2492,1726282595,ozon,Материал корпуса,"ABS пластик, Биопластик"
2493,1726282595,ozon,Количество программ/режимов,7
2494,1726282595,ozon,Вид питания,Сменная батарея
2495,1726282595,ozon,"Мощность массажера, Вт",9
2496,1726282595,ozon,"Фактический размер товара, см",110х17х2
2497,1726282595,ozon,Упаковка,Коробка
2498,1726282595,ozon,Страна-изготовитель,Китай
2499,1726282595,ozon,Гарантийный срок,6 месяцев
2500,1726282595,ozon,"Вид массажа
","Миостимулирующий, Антицеллюлитный, Оздоровительный, Расслабляющий"
2501,1726282595,ozon,Особенности массажного аппарата,"Ручные программы, Регулировка роликов, Регулировка по размеру"
2502,1726282595,ozon,Комплектация,"Массажер электрический миостимулятор живота EMS Abdominal Toning Belt для мужчин и женщин, кабель USB, инструкция к применению"
2503,1557476178,ozon,Артикул,1557476178
2504,1557476178,ozon,Тип,Миостимулятор
2505,1557476178,ozon,Цвет,Черный
2506,1557476178,ozon,Зоны массажа,"Ноги, Поясница, Руки, Спина, Шея, Ягодицы"
2507,1557476178,ozon,"Максимальный рост пользователя, см",210
2508,1557476178,ozon,Материал корпуса,ABS пластик
2509,1557476178,ozon,Количество программ/режимов,6
2510,1557476178,ozon,Вид питания,"Встроенный аккумулятор, От сети 220В"
2511,1557476178,ozon,"Мощность массажера, Вт",5
2512,1557476178,ozon,"Напряжение, В",120
2513,1557476178,ozon,"Фактический размер товара, см",25х15х5
2514,1557476178,ozon,Упаковка,"Картонная коробка, Подарочная упаковка"
2515,1557476178,ozon,Страна-изготовитель,Китай (Гонконг)
2516,1557476178,ozon,Гарантийный срок,Гарантия Ozon
2517,1557476178,ozon,"Вид массажа
","Антицеллюлитный, Вибрационный, Импульсный, Миостимулирующий, Расслабляющий, Лимфодренажный"
2518,1557476178,ozon,Особенности массажного аппарата,"Пульт ДУ, Ручные программы, Таймер, Работает в автомобиле, Съемные части"
2519,1557476178,ozon,Комплектация,миостимулятор - 1 шт пульт дистанционного управления - 1 шт гелевая накладка - 1 шт USB кабель для зарядки - 1 шт ремешки - 2 шт инструкция на русском языке - 1 шт
2520,1696906128,ozon,Артикул,1696906128
2521,1696906128,ozon,Тип,Миостимулятор
2522,1696906128,ozon,Цвет,"Насадка ""Кукуруза"""
2523,1696906128,ozon,Зоны массажа,"Лицо, Область вокруг глаз"
2524,1696906128,ozon,Материал корпуса,Силикон
2525,1696906128,ozon,Страна-изготовитель,Россия
2526,1696906128,ozon,"Вид массажа
","Вибрационный, Классический, Комбинированный, Миостимулирующий, Расслабляющий, Роликовый"
2527,1388717197,ozon,Артикул,1388717197
2528,1388717197,ozon,Тип,Миостимулятор
2529,1388717197,ozon,Цвет,Трио
2530,1388717197,ozon,Вид массажа,"Классический, Миостимулирующий, Расслабляющий"
2531,1388717197,ozon,Зоны массажа,Лицо
2532,1388717197,ozon,Материал корпуса,ABS пластик
2533,1795776965,ozon,Артикул,1795776965
2534,1795776965,ozon,Тип,Миостимулятор
2535,1795776965,ozon,Цвет,Брюшной мышечный пояс + повязка
2536,1795776965,ozon,Зоны массажа,"Ноги, Руки, Шея, Поясница, Плечи, Ягодицы"
2537,2138949185,ozon,Артикул,2138949185
2538,2138949185,ozon,Тип,Миостимулятор
2539,2138949185,ozon,Цвет,Черно-серый
2540,2138949185,ozon,Вид массажа,"Антицеллюлитный, Вибрационный, Миостимулирующий"
2541,2138949185,ozon,Зоны массажа,"Тело, Спина"
2542,2138949185,ozon,Особенности массажного аппарата,"Регулировка по размеру, Ручные программы"
2543,2138949185,ozon,"Максимальный рост пользователя, см",210
2544,2138949185,ozon,Материал корпуса,ABS пластик
2545,2138949185,ozon,Количество программ/режимов,6
2546,2138949185,ozon,Вид питания,"От порта USB, От сети 220В"
2547,2138949185,ozon,"Напряжение, В",3.5
2548,2138949185,ozon,"Фактический размер товара, см",17х115
2549,2138949185,ozon,Упаковка,Картонная коробка
2550,2138949185,ozon,Комплектация,"контроллер, массажный пояс, кабель USB, инструкция."
2551,2138949185,ozon,Страна-изготовитель,Китай
2552,1716580812,ozon,Артикул,1716580812
2553,1716580812,ozon,Тип,Миостимулятор
2554,1716580812,ozon,Цвет,Миофасциальный массажер
2555,1716580812,ozon,Вид массажа,"Вибрационный, Комбинированный, Перкусионный, Разминание"
2556,1716580812,ozon,Зоны массажа,"Шея, Тело, Спина, Руки, Ноги"
2557,1716580812,ozon,Материал корпуса,ABS пластик
2558,1716580812,ozon,Количество программ/режимов,3
2559,1716580812,ozon,Вид питания,Встроенный аккумулятор
2560,1716580812,ozon,Упаковка,Картонная коробка
2561,1716580812,ozon,Комплектация,Массажер*1шт/провод для зарядки*1шт/коробка*1шт
2562,1716580812,ozon,Страна-изготовитель,Китай
2563,1716580812,ozon,Гарантийный срок,30 дней
2564,1396258382,ozon,Артикул,1396258382
2565,1396258382,ozon,Тип,Миостимулятор
2566,1396258382,ozon,Цвет,Щипчики
2567,1396258382,ozon,Зоны массажа,"Лицо, Руки"
2568,1396258382,ozon,Материал корпуса,"Нержавеющая сталь, Силикон"
2569,1396258382,ozon,Страна-изготовитель,Россия
2570,1396258382,ozon,"Вид массажа
","Классический, Комбинированный, Миостимулирующий, Расслабляющий, Роликовый"
2571,2077582649,ozon,Артикул,2077582649
2572,2077582649,ozon,Тип,Миостимулятор
2573,2077582649,ozon,Вид массажа,Миостимулирующий
2574,2077582649,ozon,Зоны массажа,Тело
2575,2077582649,ozon,Особенности массажного аппарата,Регулировка роликов
2576,2077582649,ozon,"Максимальный рост пользователя, см",220
2577,2077582649,ozon,Материал корпуса,ABS пластик
2578,2077582649,ozon,Количество программ/режимов,1
2579,2077582649,ozon,Вид питания,Сменный аккумулятор (нет в комплекте)
2580,2077582649,ozon,"Напряжение, В",5
2581,2077582649,ozon,"Фактический размер товара, см",10x6
2582,2077582649,ozon,Упаковка,Easy pack
2583,2077582649,ozon,Комплектация,"Host x1, probe x1"
2584,2077582649,ozon,Страна-изготовитель,Китай
2585,2077582649,ozon,Гарантийный срок,1
2586,2020573589,ozon,Артикул,2020573589
2587,2020573589,ozon,Тип,Миостимулятор
2588,2020573589,ozon,Цвет,Белый
2589,2020573589,ozon,Зоны массажа,"Ноги, Плечи, Поясница, Руки, Тело, Шея"
2590,2020573589,ozon,Особенности массажного аппарата,"Ручные программы, Съемные части, Таймер"
2591,2020573589,ozon,"Максимальный рост пользователя, см",200
2592,2020573589,ozon,Материал корпуса,ABS пластик
2593,2020573589,ozon,Количество программ/режимов,3
2594,2020573589,ozon,Вид питания,От сети 220В
2595,2020573589,ozon,"Мощность массажера, Вт",9.6
2596,2020573589,ozon,"Напряжение, В",220
2597,2020573589,ozon,"Фактический размер товара, см",25
2598,2020573589,ozon,Упаковка,Картонная коробка
2599,2020573589,ozon,Страна-изготовитель,Китай
2600,2020573589,ozon,Гарантийный срок,6 месяцев
2601,2020573589,ozon,"Вид массажа
","Оздоровительный, Акупрессурный, Акупунктурный, Вибрационный, Импульсный, Миостимулирующий"
2602,2020573589,ozon,Комплектация,УВТ аппарат - 1шт. Блок питания - 1 шт. Гель-проводник - 1шт. инструкция на русском - 1 шт.
2603,1209401498,ozon,Артикул,1209401498
2604,1209401498,ozon,Тип,Миостимулятор
2605,1209401498,ozon,Цвет,"Фиолетовый, синий"
2606,1209401498,ozon,Зоны массажа,"Спина, Ягодицы, Тело, Ноги, Поясница, Плечи"
2607,1209401498,ozon,Материал корпуса,Текстиль
2608,1209401498,ozon,Количество программ/режимов,2
2609,1209401498,ozon,Вид питания,Внешний источник питания
2610,1209401498,ozon,"Мощность массажера, Вт",7.5
2611,1209401498,ozon,"Напряжение, В",220
2612,1209401498,ozon,"Фактический размер товара, см",135х13
2613,1209401498,ozon,Упаковка,Коробка
2614,1209401498,ozon,Страна-изготовитель,Китай
2615,1209401498,ozon,"Вид массажа
","Вибрационный, Миостимулирующий, Расслабляющий, Антицеллюлитный"
2616,1209401498,ozon,Комплектация,вибромассажный пояс - 1 шт. инструкция - 1 шт. сетевой адаптер - 1 шт.
2617,1976166619,ozon,Артикул,1976166619
2618,1976166619,ozon,Тип,Миостимулятор
2619,1976166619,ozon,Вид массажа,"Вакуумный, Рефлекторный, Вибрационный"
2620,1976166619,ozon,Зоны массажа,"Ягодицы, Зона декольте"
2621,1976166619,ozon,"Максимальный рост пользователя, см",200
2622,1976166619,ozon,Материал корпуса,ABS пластик
2623,1976166619,ozon,Количество программ/режимов,1
2624,1976166619,ozon,Вид питания,Встроенный аккумулятор
2625,1976166619,ozon,"Мощность массажера, Вт",10
2626,1976166619,ozon,"Напряжение, В",220
2627,1976166619,ozon,"Фактический размер товара, см",28*17*17
2628,1976166619,ozon,Упаковка,Картонный бокс + DigiPak
2629,1976166619,ozon,Комплектация,Прибор + пульт дистанционного управления
2630,1976166619,ozon,Страна-изготовитель,Китай
2631,1976166619,ozon,Гарантийный срок,90 дней
2632,1976166619,ozon,Цвет,Электрический тренажер для мышц унисекс - перезаряжаемая версия
2633,1976166619,ozon,Особенности массажного аппарата,"Работает в автомобиле, Ручные программы, Сканирование тела, Пульт ДУ, Подогрев"
2634,1051942481,ozon,Артикул,1051942481
2635,1051942481,ozon,Тип,Миостимулятор
2636,1051942481,ozon,Цвет,Брюшной массажер+ 2 * стимулятора тела
2637,1051942481,ozon,Вид массажа,Миостимулирующий
2638,1051942481,ozon,Зоны массажа,"Поясница, Руки, Тело"
2639,1051942481,ozon,Особенности массажного аппарата,Ручные программы
2640,1051942481,ozon,Материал корпуса,ABS пластик
2641,1051942481,ozon,Количество программ/режимов,8
2642,1051942481,ozon,Вид питания,От порта USB
2643,1051942481,ozon,"Фактический размер товара, см",19*17
2644,1051942481,ozon,Страна-изготовитель,Китай
2645,1051942481,ozon,Гарантийный срок,180небо
2646,1051942481,ozon,Комплектация,1 х Массажер для живота 2 x стимуляции мышц тела 3 х хост-контроллер 1 х USB
2647,1971805760,ozon,Артикул,1971805760
2648,1971805760,ozon,Тип,Миостимулятор
2649,1971805760,ozon,Цвет,"Серебро,белое"
2650,1971805760,ozon,Зоны массажа,"Область вокруг глаз, Тело, Шея, Поясница, Плечи, Спина"
2651,1971805760,ozon,Особенности массажного аппарата,"Подогрев, Ручные программы, Пульт ДУ"
2652,1971805760,ozon,"Максимальный рост пользователя, см",220
2653,1971805760,ozon,Материал корпуса,ABS пластик
2654,1971805760,ozon,Количество программ/режимов,1
2655,1971805760,ozon,Вид питания,От порта USB
2656,1971805760,ozon,"Мощность массажера, Вт",4.5
2657,1971805760,ozon,"Напряжение, В",5
2658,1971805760,ozon,"Фактический размер товара, см","15,5"
2659,1971805760,ozon,Упаковка,Банка металлическая
2660,1971805760,ozon,Страна-изготовитель,Китай
2661,1971805760,ozon,Гарантийный срок,6 месяцев
2662,1971805760,ozon,"Вид массажа
","Импульсный, Миостимулирующий, Комбинированный, Лечебный, Оздоровительный, Лимфодренажный"
2663,1971805760,ozon,Комплектация,"Массажёр миостимулятор Меридиан , клейкие электрод, USB кабель, инструкция."
2664,698433560,ozon,Артикул,698433560
2665,698433560,ozon,Тип,Миостимулятор
2666,698433560,ozon,Цвет,Черный
2667,698433560,ozon,Зоны массажа,"Ягодицы, Поясница, Тело, Ноги, Руки"
2668,698433560,ozon,Особенности массажного аппарата,Работает в автомобиле
2669,698433560,ozon,Материал корпуса,"Силикон, Пластик"
2670,698433560,ozon,Количество программ/режимов,6
2671,698433560,ozon,Вид питания,Сменная батарея
2672,698433560,ozon,"Мощность массажера, Вт",10
2673,698433560,ozon,"Напряжение, В",12
2674,698433560,ozon,Упаковка,Картонная коробка
2675,698433560,ozon,Комплектация,Тренажер - 3шт; инструкция; упаковка
2676,698433560,ozon,Страна-изготовитель,Китай
2677,698433560,ozon,Гарантийный срок,6 м
2678,698433560,ozon,"Вид массажа
","Антицеллюлитный, Вибрационный, Миостимулирующий, Разминание, Оздоровительный"
2679,2180021835,ozon,Артикул,2180021835
2680,2180021835,ozon,Тип,Миостимулятор
2681,2180021835,ozon,Цвет,Черный Красивый цвет C853
2682,2180021835,ozon,Зоны массажа,"Тело, Ноги, Ягодицы, Плечи, Руки, Спина"
2683,2180021835,ozon,Особенности массажного аппарата,"Пульт ДУ, Ручные программы"
2684,2180021835,ozon,Материал корпуса,"ABS пластик, Полипропилен"
2685,2180021835,ozon,Вид питания,Сменная батарея
2686,2180021835,ozon,Страна-изготовитель,Китай
2687,2180021835,ozon,"Вид массажа
","Вибрационный, Антицеллюлитный, Миостимулирующий, Оздоровительный, Расслабляющий, Импульсный"
2688,2180021835,ozon,Комплектация,"Накладка для пресса - 1 шт., Накладка для рук, ног или бедер - 2 шт., Пульт управления - 3 шт. K436"
2689,1607497696,ozon,Артикул,1607497696
2690,1607497696,ozon,Тип,Миостимулятор
2691,1607497696,ozon,Вид массажа,"Вибрационный, Импульсный"
2692,1607497696,ozon,Зоны массажа,Ноги
2693,1607497696,ozon,Особенности массажного аппарата,Таймер
2694,1607497696,ozon,Материал корпуса,"ABS пластик, Искусственная кожа"
2695,1607497696,ozon,Количество программ/режимов,8
2696,1607497696,ozon,Вид питания,Встроенный аккумулятор
2697,1607497696,ozon,"Мощность массажера, Вт",3
2698,1607497696,ozon,"Напряжение, В",3.7
2699,1607497696,ozon,"Фактический размер товара, см",27*29*3
2700,1607497696,ozon,Упаковка,Бумажный пакет
2701,1607497696,ozon,Комплектация,"Массаж, массажный коврик, зарядная линия"
2702,1607497696,ozon,Страна-изготовитель,Китай
2703,1607497696,ozon,Гарантийный срок,14 дней
2704,1620352364,ozon,Артикул,1620352364
2705,1620352364,ozon,Тип,Миостимулятор
2706,1620352364,ozon,Цвет,Пластырь
2707,1620352364,ozon,Вид массажа,"Вибрационный, Миостимулирующий"
2708,1620352364,ozon,Зоны массажа,"Тело, Шея, Поясница, Плечи, Ягодицы"
2709,1620352364,ozon,Особенности массажного аппарата,Ручные программы
2710,1620352364,ozon,Материал корпуса,"ABS пластик, Пластик"
2711,1620352364,ozon,Количество программ/режимов,8
2712,1620352364,ozon,Вид питания,"От порта USB, Сменный аккумулятор (нет в комплекте)"
2713,1620352364,ozon,"Напряжение, В",5
2714,1620352364,ozon,"Фактический размер товара, см",14.5*6.5
2715,1620352364,ozon,Комплектация,1 Massager 1 Massage pad
2716,1620352364,ozon,Страна-изготовитель,Китай
2717,1803777115,ozon,Артикул,1803777115
2718,1803777115,ozon,Тип,Миостимулятор
2719,1803777115,ozon,Цвет,Черно-белый
2720,1803777115,ozon,Зоны массажа,"Ноги, Руки, Тело, Поясница, Плечи, Спина"
2721,1803777115,ozon,Особенности массажного аппарата,"Русификация, Ручные программы, Таймер"
2722,1803777115,ozon,Материал корпуса,"Полипропилен, Силикон"
2723,1803777115,ozon,Количество программ/режимов,4
2724,1803777115,ozon,Вид питания,"От сети 220В, Сменная батарея"
2725,1803777115,ozon,"Мощность массажера, Вт",5
2726,1803777115,ozon,"Напряжение, В",4.5
2727,1803777115,ozon,"Фактический размер товара, см",80*55*3
2728,1803777115,ozon,Упаковка,Картонная коробка
2729,1803777115,ozon,Комплектация,электрод/липучка - 20шт.
2730,1803777115,ozon,Страна-изготовитель,Китай
2731,1803777115,ozon,"Вид массажа
","Антицеллюлитный, Импульсный, Миостимулирующий, Расслабляющий, Лечебный, Оздоровительный"
2732,1899215688,ozon,Артикул,1899215688
2733,1899215688,ozon,Тип,Миостимулятор
2734,1899215688,ozon,Цвет,Белый
2735,1899215688,ozon,Вид массажа,"Импульсный, Миостимулирующий, Расслабляющий"
2736,1899215688,ozon,Зоны массажа,"Поясница, Руки, Спина, Зона декольте, Ноги, Плечи"
2737,1899215688,ozon,Особенности массажного аппарата,"Работает в автомобиле, Ручные программы, Таймер"
2738,1899215688,ozon,"Максимальный рост пользователя, см",200
2739,1899215688,ozon,Материал корпуса,ABS пластик
2740,1899215688,ozon,Количество программ/режимов,8
2741,1899215688,ozon,Вид питания,"Встроенный аккумулятор, От порта USB"
2742,1899215688,ozon,"Мощность массажера, Вт",1.5
2743,1899215688,ozon,"Напряжение, В",3.7
2744,1899215688,ozon,"Фактический размер товара, см","13х6,5х2"
2745,1899215688,ozon,Упаковка,Box Set
2746,1899215688,ozon,Страна-изготовитель,Китай
2747,1899215688,ozon,Гарантийный срок,14 дней
2748,1899215688,ozon,Комплектация,Миостимулятор - 1 шт.; Инструкция по применению; Кабель питания; Провод для насадок - 2 шт.; Электроды
2749,1904481224,ozon,Артикул,1904481224
2750,1904481224,ozon,Тип,Миостимулятор
2751,1904481224,ozon,Цвет,Оранжевый цвет
2752,1904481224,ozon,Вид массажа,"Рефлекторный, Миостимулирующий"
2753,1904481224,ozon,Зоны массажа,Ягодицы
2754,1904481224,ozon,Особенности массажного аппарата,"Пульт ДУ, Съемные части"
2755,1904481224,ozon,Материал корпуса,ABS пластик
2756,1904481224,ozon,Количество программ/режимов,8
2757,1904481224,ozon,Вид питания,"От порта USB, Встроенный аккумулятор"
2758,1904481224,ozon,Упаковка,Пластиковая сумка
2759,1904481224,ozon,Комплектация,Массажер - 1 шт + панель управления 1 шт
2760,1904481224,ozon,Страна-изготовитель,Китай
2761,1904481224,ozon,Гарантийный срок,180 дней
2762,1052237722,ozon,Артикул,1052237722
2763,1052237722,ozon,Тип,Миостимулятор
2764,1052237722,ozon,Цвет,Бедра тренер
2765,1052237722,ozon,Вид массажа,Миостимулирующий
2766,1052237722,ozon,Зоны массажа,Ягодицы
2767,1052237722,ozon,Особенности массажного аппарата,Ручные программы
2768,1052237722,ozon,Материал корпуса,ABS пластик
2769,1052237722,ozon,Количество программ/режимов,8
2770,1052237722,ozon,Вид питания,От порта USB
2771,1052237722,ozon,"Фактический размер товара, см",26.2*19.7
2772,1052237722,ozon,Страна-изготовитель,Китай
2773,1052237722,ozon,Гарантийный срок,180небо
2774,1052237722,ozon,Комплектация,1 х тренажер для бедер 1 х хост-контроллер 1 х пульт дистанционного управления 1 х USB
2775,2142925862,ozon,Артикул,2142925862
2776,2142925862,ozon,Тип,Миостимулятор
2777,2142925862,ozon,Цвет,Черно-серый
2778,2142925862,ozon,Вид массажа,"Импульсный, Миостимулирующий"
2779,2142925862,ozon,Зоны массажа,Тело
2780,2142925862,ozon,Особенности массажного аппарата,Регулировка по размеру
2781,2142925862,ozon,Материал корпуса,ABS пластик
2782,2142925862,ozon,Количество программ/режимов,8
2783,2142925862,ozon,Вид питания,"От порта USB, От сети 220В"
2784,2142925862,ozon,"Напряжение, В",3
2785,2142925862,ozon,"Фактический размер товара, см",110х14х2
2786,2142925862,ozon,Упаковка,Картонная коробка
2787,2142925862,ozon,Страна-изготовитель,Китай
2788,2142925862,ozon,Гарантийный срок,6 месяцев
2789,2142925862,ozon,Комплектация,- пояс миостулятор - контролёр - USB кабель - инструкция по применению
2790,1643302493,ozon,Артикул,1643302493
2791,1643302493,ozon,Тип,Миостимулятор
2792,1643302493,ozon,Вид массажа,Миостимулирующий
2793,1643302493,ozon,Вид питания,Сменная батарея
2794,1643302493,ozon,Страна-изготовитель,Россия
2795,1396240824,ozon,Артикул,1396240824
2796,1396240824,ozon,Тип,Миостимулятор
2797,1396240824,ozon,Цвет,Кнопочка
2798,1396240824,ozon,Зоны массажа,Лицо
2799,1396240824,ozon,Материал корпуса,"Нержавеющая сталь, Силикон"
2800,1396240824,ozon,"Вид массажа
","Классический, Комбинированный, Миостимулирующий, Расслабляющий, Роликовый"
2801,2086163127,ozon,Артикул,2086163127
2802,2086163127,ozon,Тип,Миостимулятор
2803,2086163127,ozon,Зоны массажа,"Тело, Ягодицы"
2804,2230230655,ozon,Артикул,2230230655
2805,2230230655,ozon,Тип,Миостимулятор
2806,2230230655,ozon,Цвет,"Насадка ""Лопатка"""
2807,2230230655,ozon,Зоны массажа,"Лицо, Область вокруг глаз"
2808,2230230655,ozon,Материал корпуса,Силикон
2809,2230230655,ozon,Страна-изготовитель,Россия
2810,2230230655,ozon,"Вид массажа
","Вибрационный, Классический, Комбинированный, Разминание, Расслабляющий"
2811,2037071344,ozon,Артикул,2037071344
2812,2037071344,ozon,Тип,Миостимулятор
2813,2037071344,ozon,Цвет,Для глаз Красивый цвет B263
2814,2037071344,ozon,Зоны массажа,"Область вокруг глаз, Лицо"
2815,2037071344,ozon,Особенности массажного аппарата,Съемные части
2816,2037071344,ozon,Материал корпуса,ABS пластик
2817,2037071344,ozon,Вид питания,Внешний источник питания
2818,2037071344,ozon,Страна-изготовитель,Китай
2819,2037071344,ozon,"Вид массажа
","Импульсный, Лечебный, Миостимулирующий, Оздоровительный, Акупунктурный"
2820,2037071344,ozon,Комплектация,1 маска очки электрод для области вокруг глаз для миостимулятора Y231
2821,1489305708,ozon,Артикул,1489305708
2822,1489305708,ozon,Тип,Миостимулятор
2823,1489305708,ozon,Цвет,Черный
2824,1489305708,ozon,Вид массажа,Вибрационный
2825,1489305708,ozon,Зоны массажа,"Тело, Спина"
2826,1489305708,ozon,Материал корпуса,Пластик
2827,1489305708,ozon,Количество программ/режимов,6
2828,1489305708,ozon,Вид питания,Сменная батарея
2829,1489305708,ozon,"Напряжение, В",1.5
2830,1489305708,ozon,Упаковка,Картонная коробка
2831,1489305708,ozon,Комплектация,Тренажер миостимулятор
2832,1489305708,ozon,Страна-изготовитель,Китай
2833,1893801813,ozon,Артикул,1893801813
2834,1893801813,ozon,Тип,Миостимулятор
2835,1893801813,ozon,Цвет,Чёрный
2836,1893801813,ozon,Вид массажа,"Импульсный, Миостимулирующий"
2837,1893801813,ozon,Зоны массажа,Тело
2838,1893801813,ozon,Материал корпуса,ABS пластик
2839,1893801813,ozon,Количество программ/режимов,18
2840,1893801813,ozon,Вид питания,Сменная батарея
2841,1893801813,ozon,Упаковка,Картонная коробка
2842,1893801813,ozon,Страна-изготовитель,Китай
2843,1893801813,ozon,Комплектация,3 функциональных датчиков; 3 коврика наклеиваемых ; Пульт управления ; USB кабель зарядка; 6 батарей АА 1.5 вольт
2844,1895177330,ozon,Артикул,1895177330
2845,1895177330,ozon,Тип,Миостимулятор
2846,1895177330,ozon,Цвет,6 режимов - 2 в 1 Красивый цвет Q337
2847,1895177330,ozon,Вид массажа,Рефлекторный
2848,1895177330,ozon,Зоны массажа,Спина
2849,1895177330,ozon,Особенности массажного аппарата,Подогрев
2850,1895177330,ozon,Материал корпуса,ABS пластик
2851,1895177330,ozon,Количество программ/режимов,1
2852,1895177330,ozon,Вид питания,Внешний источник питания
2853,1895177330,ozon,"Мощность массажера, Вт",24
2854,1895177330,ozon,"Фактический размер товара, см",32.5*29.5*11.6
2855,1895177330,ozon,Страна-изготовитель,Китай
2856,1895177330,ozon,Комплектация,В комплект входят：Массажная подушка для ног*1Массажная подушка для шеи*1USB-кабель*1Пластырь*1Пульт дистанционного управления*1Основной блок*1Руководство пользователя*1 G884
2857,1660584086,ozon,Артикул,1660584086
2858,1660584086,ozon,Тип,Миостимулятор
2859,1660584086,ozon,Зоны массажа,"Ноги, Шея, Поясница, Плечи, Ягодицы, Спина"
2860,1660584086,ozon,Особенности массажного аппарата,"Работает в автомобиле, Ручные программы, Съемные части"
2861,1660584086,ozon,"Максимальный рост пользователя, см",250
2862,1660584086,ozon,Материал корпуса,Пластик
2863,1660584086,ozon,Количество программ/режимов,8
2864,1660584086,ozon,Вид питания,"Встроенный аккумулятор, От порта USB"
2865,1660584086,ozon,"Мощность массажера, Вт",24
2866,1660584086,ozon,"Напряжение, В",3.7
2867,1660584086,ozon,"Фактический размер товара, см",15х6х1
2868,1660584086,ozon,Упаковка,"Целлофановый пакет, Картонная коробка"
2869,1660584086,ozon,Страна-изготовитель,Китай
2870,1660584086,ozon,Гарантийный срок,30 дней
2871,1660584086,ozon,"Вид массажа
","Импульсный, Миостимулирующий, Расслабляющий, Комбинированный, Оздоровительный, Лимфодренажный"
2872,1818888520,ozon,Артикул,1818888520
2873,1818888520,ozon,Тип,Миостимулятор
2874,1818888520,ozon,Цвет,USB-PC Массажер для мышц тазового дна
2875,1818888520,ozon,Вид массажа,"Вакуумный, Рефлекторный, Вибрационный"
2876,1818888520,ozon,Зоны массажа,"Ягодицы, Зона декольте"
2877,1818888520,ozon,"Максимальный рост пользователя, см",200
2878,1818888520,ozon,Материал корпуса,ABS пластик
2879,1818888520,ozon,Количество программ/режимов,5
2880,1818888520,ozon,Вид питания,От порта USB
2881,1818888520,ozon,"Мощность массажера, Вт",10
2882,1818888520,ozon,"Напряжение, В",220
2883,1818888520,ozon,"Фактический размер товара, см",28*17*17
2884,1818888520,ozon,Упаковка,Картонный бокс + DigiPak
2885,1818888520,ozon,Комплектация,Прибор + пульт дистанционного управления
2886,1818888520,ozon,Страна-изготовитель,Китай
2887,1818888520,ozon,Гарантийный срок,90 дней
2888,1818888520,ozon,Особенности массажного аппарата,"Работает в автомобиле, Ручные программы, Сканирование тела, Пульт ДУ, Подогрев"
2889,1735583839,ozon,Артикул,1735583839
2890,1735583839,ozon,Тип,Миостимулятор
2891,1735583839,ozon,Цвет,Белый
2892,1735583839,ozon,Вид массажа,Миостимулирующий
2893,1735583839,ozon,Зоны массажа,"Тело, Поясница, Спина, Руки, Ноги"
2894,1735583839,ozon,Особенности массажного аппарата,"Регулировка роликов, Подогрев"
2895,1735583839,ozon,"Максимальный рост пользователя, см",200
2896,1735583839,ozon,Материал корпуса,Пластик
2897,1735583839,ozon,Количество программ/режимов,8
2898,1735583839,ozon,Вид питания,"От сети 220В, Сменная батарея"
2899,1735583839,ozon,Страна-изготовитель,Китай
2900,1735583839,ozon,Комплектация,Массажер. Тапочки-электроды. Перчатки-электроды. Носки-электроды. Напульсники-нарукавники-электроды. 16 липучек электродов. Два шнура для накладок (на 2 и 4 электрода). Адаптер к массажеру (для работы от сети или USB).
2901,885997808,ozon,Артикул,885997808
2902,885997808,ozon,Тип,Миостимулятор
2903,885997808,ozon,Цвет,20 электродов
2904,885997808,ozon,Зоны массажа,"Лицо, Ноги, Плечи, Поясница, Руки, Тело"
2905,885997808,ozon,Материал корпуса,ABS пластик
2906,885997808,ozon,Количество программ/режимов,8
2907,885997808,ozon,Упаковка,Подарочный футляр
2908,885997808,ozon,Страна-изготовитель,Китай
2909,885997808,ozon,Гарантийный срок,1080
2910,885997808,ozon,"Вид массажа
","Антицеллюлитный, Вакуумный, Импульсный, Классический, Миостимулирующий, Лимфодренажный"
2911,885997808,ozon,Комплектация,"Технические параметры Номинальное напряжение: 4,5 V Номинальные рабочие часы: 5-30 минут Номинальная мощность: 0,15 w Вес: 176 г"
2912,2019132260,ozon,Артикул,2019132260
2913,2019132260,ozon,Тип,Миостимулятор
2914,2019132260,ozon,Цвет,Оранжевый
2915,2019132260,ozon,Зоны массажа,Тело
2916,2019132260,ozon,Страна-изготовитель,Китай
2917,2019132260,ozon,Гарантийный срок,1 год
2918,2019132260,ozon,Комплектация,Тренажер - 1 шт Зарядное устройство - 1 шт Инструкция на английском языке - 1 шт
2919,1606239381,ozon,Артикул,1606239381
2920,1606239381,ozon,Тип,Миостимулятор
2921,1606239381,ozon,Вид массажа,"Вибрационный, Импульсный"
2922,1606239381,ozon,Зоны массажа,Ноги
2923,1606239381,ozon,Особенности массажного аппарата,Таймер
2924,1606239381,ozon,Материал корпуса,"ABS пластик, Искусственная кожа"
2925,1606239381,ozon,Количество программ/режимов,8
2926,1606239381,ozon,Вид питания,Встроенный аккумулятор
2927,1606239381,ozon,"Мощность массажера, Вт",3
2928,1606239381,ozon,"Напряжение, В",3.7
2929,1606239381,ozon,"Фактический размер товара, см",27*29*3
2930,1606239381,ozon,Упаковка,Бумажный пакет
2931,1606239381,ozon,Комплектация,"Массаж, массажный коврик, зарядная линия"
2932,1606239381,ozon,Страна-изготовитель,Китай
2933,1606239381,ozon,Гарантийный срок,14 дней
2934,1536812130,ozon,Артикул,1536812130
2935,1536812130,ozon,Тип,Миостимулятор
2936,1536812130,ozon,Цвет,Белый
2937,1536812130,ozon,Вид массажа,Миостимулирующий
2938,1536812130,ozon,Зоны массажа,"Ноги, Плечи, Поясница, Руки, Спина, Тело"
2939,1536812130,ozon,Материал корпуса,Пластик
2940,1536812130,ozon,Количество программ/режимов,6
2941,1536812130,ozon,Вид питания,Встроенный аккумулятор
2942,1536812130,ozon,Комплектация,"Массажер, 1 разъем для подключения электродов, 4 электрода"
2943,1536812130,ozon,Страна-изготовитель,Китай
2944,976038772,ozon,Артикул,976038772
2945,976038772,ozon,Тип,Миостимулятор
2946,976038772,ozon,Цвет,Массажер+ Пластырь
2947,976038772,ozon,Вид массажа,"Вибрационный, Рефлекторный, Расслабляющий"
2948,976038772,ozon,Зоны массажа,"Плечи, Поясница, Руки, Ноги, Спина, Тело"
2949,976038772,ozon,Особенности массажного аппарата,Подогрев
2950,976038772,ozon,Материал корпуса,ABS пластик
2951,976038772,ozon,Количество программ/режимов,8
2952,976038772,ozon,Вид питания,От порта USB
2953,976038772,ozon,"Напряжение, В",3.7
2954,976038772,ozon,Страна-изготовитель,Китай
2955,976038772,ozon,Гарантийный срок,180
2956,976038772,ozon,Комплектация,Пластырь - 1 шт.массажер миостимулятор - 1 шт. USB шнур - 1 шт.инструкция - 1 шт.
2957,1672271247,ozon,Артикул,1672271247
2958,1672271247,ozon,Тип,Миостимулятор
2959,1672271247,ozon,Цвет,"Белый, серебро"
2960,1672271247,ozon,Вид массажа,"Вибрационный, Лечебный, Миостимулирующий"
2961,1672271247,ozon,Зоны массажа,"Ягодицы, Поясница"
2962,1672271247,ozon,Особенности массажного аппарата,"Подогрев, Ручные программы, Съемные части"
2963,1672271247,ozon,Материал корпуса,ABS пластик
2964,1672271247,ozon,Количество программ/режимов,7
2965,1672271247,ozon,Вид питания,"От сети 220В, От порта USB"
2966,1672271247,ozon,"Фактический размер товара, см",14
2967,1672271247,ozon,Упаковка,Картонная коробка
2968,1672271247,ozon,Страна-изготовитель,Китай
2969,1672271247,ozon,Гарантийный срок,14 дней
2970,1672271247,ozon,Комплектация,Хост компьютер - 1 шт.; Инструкция - 1 шт.; Провод соединяющий хост и зонд - 1 шт.; Зонд для влагалища - 1 шт.; Чехол для хранения - 1 шт. Салфетки - 2 шт.
2971,1916582400,ozon,Артикул,1916582400
2972,1916582400,ozon,Тип,Миостимулятор
2973,1916582400,ozon,Цвет,720 Grey-6-Gear Здоровая модель с 4 массажями головы
2974,1916582400,ozon,Зоны массажа,Область вокруг глаз
2975,1916582400,ozon,Особенности массажного аппарата,"Ручные программы, Регулировка роликов, Съемные части"
2976,1916582400,ozon,Количество программ/режимов,6
2977,1916582400,ozon,Вид питания,"Встроенный аккумулятор, От порта USB"
2978,1916582400,ozon,Упаковка,"Коробка-""книжка"""
2979,1916582400,ozon,Комплектация,4
2980,1916582400,ozon,Страна-изготовитель,Китай
2981,1916582400,ozon,"Вид массажа
","Акупрессурный, Акупунктурный, Антицеллюлитный, Вибрационный, Перкусионный"
2982,1209323331,ozon,Артикул,1209323331
2983,1209323331,ozon,Тип,Миостимулятор
2984,1209323331,ozon,Зоны массажа,"Лицо, Ноги, Руки, Спина, Тело, Ягодицы"
2985,1209323331,ozon,Особенности массажного аппарата,Русификация
2986,1209323331,ozon,Материал корпуса,ABS пластик
2987,1209323331,ozon,Количество программ/режимов,5
2988,1209323331,ozon,Вид питания,"От сети 220В, Внешний источник питания"
2989,1209323331,ozon,"Мощность массажера, Вт",24
2990,1209323331,ozon,"Напряжение, В",24
2991,1209323331,ozon,"Фактический размер товара, см",6
2992,1209323331,ozon,Упаковка,Картонная коробка
2993,1209323331,ozon,Комплектация,Аппарат HIFU 3.0; блок питание; гель в подарок
2994,1209323331,ozon,Страна-изготовитель,Китай
2995,1209323331,ozon,Гарантийный срок,6 месяцев
2996,1209323331,ozon,"Вид массажа
","Импульсный, Комбинированный, Лимфодренажный, Миостимулирующий, Расслабляющий, Рефлекторный"
2997,1499136215,ozon,Артикул,1499136215
2998,1499136215,ozon,Тип,Миостимулятор
2999,1499136215,ozon,Цвет,Кремовый
3000,1499136215,ozon,Вид массажа,Миостимулирующий
3001,1499136215,ozon,Зоны массажа,"Зона декольте, Ноги, Руки, Тело, Ягодицы, Лицо"
3002,1499136215,ozon,Особенности массажного аппарата,"Ручные программы, Съемные части, Таймер"
3003,1499136215,ozon,Материал корпуса,Металл
3004,1499136215,ozon,Количество программ/режимов,4
3005,1499136215,ozon,Вид питания,От сети 220В
3006,1499136215,ozon,"Мощность массажера, Вт",50
3007,1499136215,ozon,Упаковка,Картонная коробка
3008,1499136215,ozon,Страна-изготовитель,Китай
3009,1499136215,ozon,Гарантийный срок,1 мес
3010,1499136215,ozon,Комплектация,аппарат миостимуляции -1 шт; пластины для тела - 20 шт; пластины для груди - 2 шт; пластины для лица - 2 шт; фиксаторы пластинок; шнур питания; гель в подарок!
3011,1402653609,ozon,Артикул,1402653609
3012,1402653609,ozon,Тип,Миостимулятор
3013,1402653609,ozon,Цвет,Белый
3014,1402653609,ozon,Зоны массажа,"Ноги, Плечи, Поясница, Руки, Спина, Тело"
3015,1402653609,ozon,Особенности массажного аппарата,"Русификация, Таймер, Ручные программы"
3016,1402653609,ozon,Материал корпуса,HPL пластик
3017,1402653609,ozon,Количество программ/режимов,4
3018,1402653609,ozon,Вид питания,"От сети 220В, Сменная батарея"
3019,1402653609,ozon,"Мощность массажера, Вт",5
3020,1402653609,ozon,"Напряжение, В",4.5
3021,1402653609,ozon,"Фактический размер товара, см",150*10*5
3022,1402653609,ozon,Упаковка,Картонная коробка
3023,1402653609,ozon,Страна-изготовитель,Китай
3024,1402653609,ozon,"Вид массажа
","Антицеллюлитный, Импульсный, Лечебный, Миостимулирующий, Расслабляющий, Оздоровительный"
3025,1402653609,ozon,Комплектация,мио стимулятор - 1шт. блок питания - 1 шт. электрод/липучка - 16шт. перчатки 1 пара. тапочки 1 пара.
3026,1670160213,ozon,Артикул,1670160213
3027,1670160213,ozon,Тип,Миостимулятор
3028,1670160213,ozon,Цвет,Mini Massager
3029,1670160213,ozon,Вид массажа,"Вибрационный, Миостимулирующий"
3030,1670160213,ozon,Зоны массажа,"Тело, Шея, Поясница, Плечи, Ягодицы"
3031,1670160213,ozon,Особенности массажного аппарата,Ручные программы
3032,1670160213,ozon,Материал корпуса,"ABS пластик, Пластик"
3033,1670160213,ozon,Количество программ/режимов,8
3034,1670160213,ozon,Вид питания,"От порта USB, Сменный аккумулятор (нет в комплекте)"
3035,1670160213,ozon,"Напряжение, В",5
3036,1670160213,ozon,"Фактический размер товара, см",14.5*6.5
3037,1670160213,ozon,Комплектация,1 Massager 1 Massage pad
3038,1670160213,ozon,Страна-изготовитель,Китай
3039,2230223350,ozon,Артикул,2230223350
3040,2230223350,ozon,Тип,Миостимулятор
3041,2230223350,ozon,Цвет,Рогатка большая
3042,2230223350,ozon,Зоны массажа,"Лицо, Область вокруг глаз, Руки, Шея"
3043,2230223350,ozon,Материал корпуса,"Нержавеющая сталь, Силикон"
3044,2230223350,ozon,Страна-изготовитель,Россия
3045,2230223350,ozon,"Вид массажа
","Классический, Импульсный, Комбинированный, Разминание, Расслабляющий, Роликовый"
3046,1128511450,ozon,Артикул,1128511450
3047,1128511450,ozon,Тип,Миостимулятор
3048,1128511450,ozon,Цвет,Черный
3049,1128511450,ozon,Зоны массажа,"Тело, Лицо, Ноги, Ягодицы, Руки, Спина"
3050,1128511450,ozon,Особенности массажного аппарата,"Подогрев, Пульт ДУ, Ручные программы"
3051,1128511450,ozon,Материал корпуса,"ABS пластик, Пластик"
3052,1128511450,ozon,Количество программ/режимов,6
3053,1128511450,ozon,Вид питания,"Встроенный аккумулятор, От порта USB"
3054,1128511450,ozon,Комплектация,Массажер электрический - 1 шт; Кабель для зарядки Пульт ДУ
3055,1128511450,ozon,Страна-изготовитель,Китай
3056,1128511450,ozon,"Вид массажа
","Расслабляющий, Лимфодренажный, Антицеллюлитный, Вибрационный, Импульсный"
3057,2065867702,ozon,Артикул,2065867702
3058,2065867702,ozon,Тип,Миостимулятор
3059,2065867702,ozon,Цвет,Массажер с пультом
3060,2065867702,ozon,Вид массажа,"Вибрационный, Рефлекторный, Расслабляющий, Миостимулирующий"
3061,2065867702,ozon,Зоны массажа,"Тело, Поясница, Ноги, Шея, Плечи, Руки"
3062,2065867702,ozon,Особенности массажного аппарата,"Ручные программы, Пульт ДУ"
3063,2065867702,ozon,Материал корпуса,ABS пластик
3064,2065867702,ozon,Количество программ/режимов,8
3065,2065867702,ozon,"Напряжение, В",3.3
3066,2065867702,ozon,"Фактический размер товара, см",60*40*15mm
3067,2065867702,ozon,Упаковка,Box Set
3068,2065867702,ozon,Страна-изготовитель,Китай
3069,2065867702,ozon,Гарантийный срок,180 дней
3070,2065867702,ozon,Комплектация,Хост EMS x1 Гелевый пластырь x2 Пульт дистанционного управления x1 Кабель передачи данных x1
3071,1917592982,ozon,Артикул,1917592982
3072,1917592982,ozon,Тип,Миостимулятор
3073,1917592982,ozon,Цвет,Белый
3074,1917592982,ozon,Зоны массажа,"Спина, Руки, Ноги, Плечи, Ягодицы, Тело"
3075,1917592982,ozon,Материал корпуса,ABS пластик
3076,1917592982,ozon,Количество программ/режимов,16
3077,1917592982,ozon,Вид питания,"Встроенный аккумулятор, От порта USB"
3078,1917592982,ozon,"Мощность массажера, Вт",0.075
3079,1917592982,ozon,"Фактический размер товара, см",10х5
3080,1917592982,ozon,Упаковка,Картонная коробка
3081,1917592982,ozon,Страна-изготовитель,Китай
3082,1917592982,ozon,"Вид массажа
","Акупрессурный, Гуаша, Импульсный, Расслабляющий, Шиацу, Миостимулирующий"
3083,1917592982,ozon,Особенности массажного аппарата,"Ручные программы, Съемные части, Таймер, Работает в автомобиле"
3084,1917592982,ozon,Комплектация,Импульсный массажер с током - 1 шт; Электроды - 8 шт; USB-кабель - 1 шт; Инструкция - 1 шт.
3085,1200295547,ozon,Артикул,1200295547
3086,1200295547,ozon,Тип,Миостимулятор
3087,1200295547,ozon,Цвет,"Серебристый, зеленый"
3088,1200295547,ozon,Вид массажа,"Акупунктурный, Миостимулирующий, Расслабляющий"
3089,1200295547,ozon,Зоны массажа,"Голова, Ноги, Плечи, Руки, Спина, Шея"
3090,1200295547,ozon,Особенности массажного аппарата,Ручные программы
3091,1200295547,ozon,Материал корпуса,Пластик
3092,1200295547,ozon,Количество программ/режимов,9
3093,1200295547,ozon,"Фактический размер товара, см",21
3094,1200295547,ozon,Упаковка,Коробка
3095,1200295547,ozon,Комплектация,Электронная массажная ручка Насадки - 3 шт. Упаковка
3096,1200295547,ozon,Страна-изготовитель,Китай
3097,1759477281,ozon,Артикул,1759477281
3098,1759477281,ozon,Тип,Миостимулятор
3099,1759477281,ozon,Цвет,Черный
3100,1759477281,ozon,Вид массажа,"Импульсный, Лечебный, Миостимулирующий"
3101,1759477281,ozon,Зоны массажа,Ноги
3102,1759477281,ozon,Особенности массажного аппарата,Работает в автомобиле
3103,1759477281,ozon,Материал корпуса,Нейлон
3104,1759477281,ozon,Количество программ/режимов,8
3105,1759477281,ozon,Вид питания,"От порта USB, Встроенный аккумулятор"
3106,1759477281,ozon,"Мощность массажера, Вт",24
3107,1759477281,ozon,"Напряжение, В",3.7
3108,1759477281,ozon,"Фактический размер товара, см",29*27*1.5
3109,1759477281,ozon,Страна-изготовитель,Китай
3110,1759477281,ozon,Гарантийный срок,гарантия Озон
3111,1759477281,ozon,Комплектация,"коврик-миостимулятор, блок управления, провод зарядки USB, пульт управления"
3112,389740709,ozon,Артикул,389740709
3113,389740709,ozon,Тип,Миостимулятор
3114,389740709,ozon,Цвет,Черный
3115,389740709,ozon,Зоны массажа,"Тело, Ноги, Ягодицы, Руки, Плечи, Спина"
3116,389740709,ozon,Особенности массажного аппарата,"Пульт ДУ, Ручные программы"
3117,389740709,ozon,Материал корпуса,"ABS пластик, Полипропилен"
3118,389740709,ozon,Вид питания,Сменная батарея
3119,389740709,ozon,Страна-изготовитель,Китай
3120,389740709,ozon,"Вид массажа
","Вибрационный, Антицеллюлитный, Миостимулирующий, Оздоровительный, Расслабляющий, Импульсный"
3121,389740709,ozon,Комплектация,"Накладка для пресса - 1 шт., Накладка для рук, ног или бедер - 2 шт., Пульт управления - 3 шт."
3122,2269102043,ozon,Артикул,2269102043
3123,2269102043,ozon,Тип,Миостимулятор
3124,2269102043,ozon,Цвет,"Насадка ""ЛогоЛего"""
3125,2269102043,ozon,Вид массажа,"Вибрационный, Классический, Комбинированный, Расслабляющий"
3126,2269102043,ozon,Зоны массажа,"Область вокруг глаз, Лицо"
3127,2269102043,ozon,Материал корпуса,Силикон
3128,2269102043,ozon,Страна-изготовитель,Россия
3129,2230223892,ozon,Артикул,2230223892
3130,2230223892,ozon,Тип,Миостимулятор
3131,2230223892,ozon,Цвет,ЛогоРогаткаЁжик
3132,2230223892,ozon,Зоны массажа,"Лицо, Область вокруг глаз, Руки, Шея"
3133,2230223892,ozon,Материал корпуса,"Силикон, Нержавеющая сталь"
3134,2230223892,ozon,Упаковка,Картонная коробка
3135,2230223892,ozon,Страна-изготовитель,Россия
3136,2230223892,ozon,"Вид массажа
","Роликовый, Разминание, Миостимулирующий, Классический, Комбинированный"
3137,1620286413,ozon,Артикул,1620286413
3138,1620286413,ozon,Тип,Миостимулятор
3139,1620286413,ozon,Цвет,Мини-хост
3140,1620286413,ozon,Вид массажа,"Вибрационный, Миостимулирующий"
3141,1620286413,ozon,Зоны массажа,"Поясница, Ягодицы"
3142,1620286413,ozon,Особенности массажного аппарата,Ручные программы
3143,1620286413,ozon,"Максимальный рост пользователя, см",220
3144,1620286413,ozon,Материал корпуса,"ABS пластик, Пластик"
3145,1620286413,ozon,Количество программ/режимов,8
3146,1620286413,ozon,Вид питания,Сменный аккумулятор (нет в комплекте)
3147,1620286413,ozon,"Напряжение, В",5
3148,1620286413,ozon,Упаковка,Бумажная обертка
3149,1620286413,ozon,Комплектация,1 Massager 1 Massage pad
3150,1620286413,ozon,Страна-изготовитель,Китай
3151,1717711540,ozon,Артикул,1717711540
3152,1717711540,ozon,Тип,Миостимулятор
3153,1717711540,ozon,Цвет,Голубой
3154,1717711540,ozon,Вид массажа,"Миостимулирующий, Импульсный"
3155,1717711540,ozon,Зоны массажа,"Зона декольте, Ноги, Руки, Тело, Ягодицы, Лицо"
3156,1717711540,ozon,Особенности массажного аппарата,"Ручные программы, Съемные части, Таймер"
3157,1717711540,ozon,Материал корпуса,Металл
3158,1717711540,ozon,Количество программ/режимов,4
3159,1717711540,ozon,Вид питания,От сети 220В
3160,1717711540,ozon,"Мощность массажера, Вт",50
3161,1717711540,ozon,"Напряжение, В",220
3162,1717711540,ozon,Упаковка,Картонная коробка
3163,1717711540,ozon,Страна-изготовитель,Китай
3164,1717711540,ozon,Гарантийный срок,1 мес.
3165,1717711540,ozon,Комплектация,аппарат миостимуляции -1 шт; пластины для тела - 20 шт; пластины для груди - 2 шт; пластины для лица - 2 шт; фиксаторы пластинок; шнур питания; гель в подарок!
3166,1766772230,ozon,Артикул,1766772230
3167,1766772230,ozon,Тип,Миостимулятор
3168,1766772230,ozon,Цвет,2XL/3XL(17.5*106cm)
3169,1766772230,ozon,Зоны массажа,"Поясница, Тело"
3170,1766772230,ozon,Материал корпуса,"ABS пластик, Текстиль"
3171,1766772230,ozon,Количество программ/режимов,1
3172,1766772230,ozon,Вид питания,Встроенный аккумулятор
3173,1766772230,ozon,"Фактический размер товара, см",106cm
3174,1766772230,ozon,Упаковка,RETAIL BOX
3175,1766772230,ozon,Комплектация,1
3176,1766772230,ozon,Страна-изготовитель,Китай
3177,1766772230,ozon,"Вид массажа
","Вибрационный, Импульсный, Перкусионный, Рефлекторный, Антицеллюлитный"
3178,1766772230,ozon,Особенности массажного аппарата,"Пульт ДУ, Съемные части, Таймер, Ручные программы, Регулировка по размеру"
3179,1623242033,ozon,Артикул,1623242033
3180,1623242033,ozon,Тип,Миостимулятор
3181,1623242033,ozon,Цвет,Синий
3182,1623242033,ozon,Вид массажа,Миостимулирующий
3183,1623242033,ozon,Зоны массажа,"Тело, Спина, Зона декольте"
3184,1623242033,ozon,Особенности массажного аппарата,Съемные части
3185,1623242033,ozon,Материал корпуса,ABS пластик
3186,1623242033,ozon,Количество программ/режимов,8
3187,1623242033,ozon,Вид питания,Встроенный аккумулятор
3188,1623242033,ozon,"Напряжение, В",5
3189,1623242033,ozon,Упаковка,Box Set
3190,1623242033,ozon,Комплектация,Массажер патч - 3 шт. панель управления - 3 шт. USB - 1 шт.
3191,1623242033,ozon,Страна-изготовитель,Китай
3192,1623242033,ozon,Гарантийный срок,180 дней
3193,2038655424,ozon,Артикул,2038655424
3194,2038655424,ozon,Тип,Миостимулятор
3195,2038655424,ozon,Цвет,Массажер для ног
3196,2038655424,ozon,Вид массажа,"Импульсный, Миостимулирующий, Оздоровительный, Расслабляющий"
3197,2038655424,ozon,Зоны массажа,Ноги
3198,2038655424,ozon,Материал корпуса,Пластик
3199,2038655424,ozon,Количество программ/режимов,9
3200,2038655424,ozon,Вид питания,Встроенный аккумулятор
3201,2038655424,ozon,"Напряжение, В",5
3202,2038655424,ozon,Упаковка,Коробка
3203,2038655424,ozon,Комплектация,Массажер*1/Пластырь для ног*1/ Провод для зарядки*1
3204,2038655424,ozon,Страна-изготовитель,Китай
3205,2038655424,ozon,Гарантийный срок,30 дней
3206,1098889090,ozon,Артикул,1098889090
3207,1098889090,ozon,Тип,Миостимулятор
3208,1098889090,ozon,Цвет,Черный матовый
3209,1098889090,ozon,Вид массажа,"Вибрационный, Импульсный, Комбинированный"
3210,1098889090,ozon,Зоны массажа,"Поясница, Тело"
3211,1098889090,ozon,Особенности массажного аппарата,"Таймер, Ручные программы, Работает в автомобиле"
3212,1098889090,ozon,"Максимальный рост пользователя, см",230
3213,1098889090,ozon,Материал корпуса,"ABS пластик, Экокожа"
3214,1098889090,ozon,Количество программ/режимов,6
3215,1098889090,ozon,Вид питания,От порта USB
3216,1098889090,ozon,"Мощность массажера, Вт",5
3217,1098889090,ozon,"Напряжение, В",3
3218,1098889090,ozon,"Фактический размер товара, см",115х14
3219,1098889090,ozon,Упаковка,Картонная коробка
3220,1098889090,ozon,Комплектация,пояс 1 шт контроллер 1 шт зарядка USB 1 шт инструкция
3221,1098889090,ozon,Страна-изготовитель,Китай
3222,1098889090,ozon,Гарантийный срок,14 дней
3223,650325408,ozon,Артикул,650325408
3224,650325408,ozon,Тип,Миостимулятор
3225,650325408,ozon,Цвет,Черный
3226,650325408,ozon,Зоны массажа,"Тело, Ноги, Ягодицы, Плечи, Руки, Спина"
3227,650325408,ozon,Особенности массажного аппарата,"Пульт ДУ, Ручные программы"
3228,650325408,ozon,Материал корпуса,"ABS пластик, Полипропилен"
3229,650325408,ozon,Вид питания,Сменная батарея
3230,650325408,ozon,Страна-изготовитель,Китай
3231,650325408,ozon,"Вид массажа
","Вибрационный, Антицеллюлитный, Миостимулирующий, Оздоровительный, Расслабляющий, Импульсный"
3232,650325408,ozon,Комплектация,"Накладка для пресса - 1 шт., Накладка для рук, ног или бедер - 2 шт., Пульт управления - 3 шт."
3233,1695280637,ozon,Артикул,1695280637
3234,1695280637,ozon,Тип,Миостимулятор
3235,1695280637,ozon,Цвет,Черный
3236,1695280637,ozon,Вид массажа,"Импульсный, Миостимулирующий, Комбинированный"
3237,1695280637,ozon,Зоны массажа,"Ноги, Плечи, Поясница, Руки, Спина, Ягодицы"
3238,1695280637,ozon,Особенности массажного аппарата,Съемные части
3239,1695280637,ozon,Упаковка,Easy pack
3240,1695280637,ozon,Страна-изготовитель,Китай
3241,1695280637,ozon,Гарантийный срок,365
3242,1695280637,ozon,Комплектация,"массажная пластинка для контрольного блока 2шт,массажная пластинка с однополярным подключением 4шт"
3243,2281939353,ozon,Артикул,2281939353
3244,2281939353,ozon,Тип,Миостимулятор
3245,2281939353,ozon,Цвет,Гелевый пластырь*5(без массажера)
3246,2281939353,ozon,Зоны массажа,"Плечи, Шея, Поясница, Ноги, Тело"
3247,2281939353,ozon,Особенности массажного аппарата,"Русификация, Таймер"
3248,2281939353,ozon,Материал корпуса,"ABS пластик, Искусственная кожа"
3249,2281939353,ozon,Количество программ/режимов,8
3250,2281939353,ozon,"Мощность массажера, Вт",0
3251,2281939353,ozon,"Фактический размер товара, см",15
3252,2281939353,ozon,Упаковка,Box Set
3253,2281939353,ozon,Комплектация,гелевыми патчами - 5шт；герметичный пакет 1шт;
3254,2281939353,ozon,Страна-изготовитель,Россия
3255,2281939353,ozon,Гарантийный срок,30 дней
3256,2281939353,ozon,"Вид массажа
","Импульсный, Рефлекторный, Расслабляющий, Миостимулирующий, Оздоровительный"
3257,979842418,ozon,Артикул,979842418
3258,979842418,ozon,Тип,Миостимулятор
3259,979842418,ozon,Цвет,Белый
3260,979842418,ozon,Зоны массажа,"Ноги, Плечи, Поясница, Тело, Шея"
3261,979842418,ozon,Особенности массажного аппарата,"Работает в автомобиле, Ручные программы"
3262,979842418,ozon,Материал корпуса,ABS пластик
3263,979842418,ozon,Количество программ/режимов,6
3264,979842418,ozon,Вид питания,Сменная батарея
3265,979842418,ozon,Упаковка,Картонная коробка
3266,979842418,ozon,Комплектация,"массажер, инструкция, 2 батарейки, 2 электропатчи"
3267,979842418,ozon,Страна-изготовитель,Китай
3268,979842418,ozon,"Вид массажа
","Акупунктурный, Вибрационный, Импульсный, Миостимулирующий, Оздоровительный"
3269,1904502856,ozon,Артикул,1904502856
3270,1904502856,ozon,Тип,Миостимулятор
3271,1904502856,ozon,Цвет,Живот
3272,1904502856,ozon,Вид массажа,"Рефлекторный, Миостимулирующий"
3273,1904502856,ozon,Зоны массажа,Тело
3274,1904502856,ozon,Особенности массажного аппарата,"Пульт ДУ, Съемные части"
3275,1904502856,ozon,Материал корпуса,ABS пластик
3276,1904502856,ozon,Количество программ/режимов,8
3277,1904502856,ozon,Вид питания,"От порта USB, Встроенный аккумулятор"
3278,1904502856,ozon,Упаковка,Пластиковая сумка
3279,1904502856,ozon,Страна-изготовитель,Китай
3280,1904502856,ozon,Гарантийный срок,180 дней
3281,1904502856,ozon,Комплектация,Хост 8 режим 19 Gear *1 Дистанционное управление *1 USB CABLE *1 4 массажные пятна EMS для брюшной полости *1
3282,2230221459,ozon,Артикул,2230221459
3283,2230221459,ozon,Тип,Миостимулятор
3284,2230221459,ozon,Цвет,Рогатка Малая
3285,2230221459,ozon,Зоны массажа,"Лицо, Область вокруг глаз, Руки, Шея"
3286,2230221459,ozon,Материал корпуса,"Нержавеющая сталь, Силикон"
3287,2230221459,ozon,Страна-изготовитель,Россия
3288,2230221459,ozon,"Вид массажа
","Классический, Комбинированный, Миостимулирующий, Расслабляющий, Разминание, Роликовый"
3289,1745556286,ozon,Артикул,1745556286
3290,1745556286,ozon,Тип,Миостимулятор
3291,1745556286,ozon,Цвет,Серебряный
3292,1745556286,ozon,Вид массажа,Акупунктурный
3293,1745556286,ozon,Зоны массажа,"Лицо, Ноги, Область вокруг глаз, Поясница, Руки, Спина"
3294,1745556286,ozon,Особенности массажного аппарата,Работает в автомобиле
3295,1745556286,ozon,"Максимальный рост пользователя, см",200
3296,1745556286,ozon,Материал корпуса,Металл
3297,1745556286,ozon,Количество программ/режимов,9
3298,1745556286,ozon,Вид питания,Встроенный аккумулятор
3299,1745556286,ozon,"Мощность массажера, Вт",4
3300,1745556286,ozon,Упаковка,Картонная коробка
3301,1745556286,ozon,Страна-изготовитель,Китай
3302,1745556286,ozon,Гарантийный срок,30
3303,1745556286,ozon,Комплектация,"Акупунктурная ручка, 2 металлических насадки, 2 баночки с гелем, инструкция, провод для зарядки"
3304,758610680,ozon,Артикул,758610680
3305,758610680,ozon,Тип,Миостимулятор
3306,758610680,ozon,Цвет,Черный
3307,758610680,ozon,Вид массажа,Миостимулирующий
3308,758610680,ozon,Зоны массажа,"Ноги, Руки"
3309,758610680,ozon,Особенности массажного аппарата,"Работает в автомобиле, Таймер, Съемные части"
3310,758610680,ozon,Материал корпуса,ABS пластик
3311,758610680,ozon,Количество программ/режимов,6
3312,758610680,ozon,Вид питания,Встроенный аккумулятор
3313,758610680,ozon,"Фактический размер товара, см","33х27,5"
3314,758610680,ozon,Упаковка,Картонная коробка
3315,758610680,ozon,Страна-изготовитель,Китай
3316,758610680,ozon,Гарантийный срок,30
3317,758610680,ozon,Комплектация,Коврик миостимулятора - 1 шт Блок управления - 1 шт Инструкция - 1 шт USB-кабель - 1 шт
3318,960927337,ozon,Артикул,960927337
3319,960927337,ozon,Тип,Миостимулятор
3320,960927337,ozon,Цвет,"Клипса (2,5мм)"
3321,960927337,ozon,Зоны массажа,Голова
3322,960927337,ozon,Особенности массажного аппарата,Съемные части
3323,960927337,ozon,Вид питания,Внешний источник питания
3324,960927337,ozon,"Вид массажа
","Акупунктурный, Импульсный, Лечебный, Миостимулирующий, Оздоровительный, Расслабляющий"
3325,1254628001,ozon,Артикул,1254628001
3326,1254628001,ozon,Тип,Миостимулятор
3327,1254628001,ozon,Цвет,00815
3328,1254628001,ozon,Зоны массажа,Тело
3329,1254628001,ozon,Вид питания,Сменная батарея
3330,1254628001,ozon,Упаковка,Картонная коробка
3331,1254628001,ozon,Страна-изготовитель,Китай
3332,1620286251,ozon,Артикул,1620286251
3333,1620286251,ozon,Тип,Миостимулятор
3334,1620286251,ozon,Цвет,Мини-хост + пульт ДУ
3335,1620286251,ozon,Вид массажа,"Вибрационный, Миостимулирующий"
3336,1620286251,ozon,Зоны массажа,"Поясница, Ягодицы"
3337,1620286251,ozon,Особенности массажного аппарата,Ручные программы
3338,1620286251,ozon,"Максимальный рост пользователя, см",220
3339,1620286251,ozon,Материал корпуса,"ABS пластик, Пластик"
3340,1620286251,ozon,Количество программ/режимов,8
3341,1620286251,ozon,Вид питания,Сменный аккумулятор (нет в комплекте)
3342,1620286251,ozon,"Напряжение, В",5
3343,1620286251,ozon,Упаковка,Бумажная обертка
3344,1620286251,ozon,Комплектация,1 Massager 1 Massage pad
3345,1620286251,ozon,Страна-изготовитель,Китай
3346,1260909382,ozon,Артикул,1260909382
3347,1260909382,ozon,Тип,Миостимулятор
3348,1260909382,ozon,Цвет,Синий
3349,1260909382,ozon,Вид массажа,"Миостимулирующий, Вибрационный"
3350,1260909382,ozon,Зоны массажа,"Лицо, Ноги, Плечи, Поясница, Тело, Ягодицы"
3351,1260909382,ozon,Особенности массажного аппарата,"Подогрев, Съемные части, Таймер, Регулировка по размеру"
3352,1260909382,ozon,"Максимальный рост пользователя, см",200
3353,1260909382,ozon,Материал корпуса,"Металл, Металлический сплав"
3354,1260909382,ozon,Количество программ/режимов,9
3355,1260909382,ozon,Вид питания,Внешний источник питания
3356,1260909382,ozon,"Мощность массажера, Вт",50
3357,1260909382,ozon,"Напряжение, В",220
3358,1260909382,ozon,"Фактический размер товара, см",48
3359,1260909382,ozon,Упаковка,Картонная коробка
3360,1260909382,ozon,Страна-изготовитель,Китай
3361,1260909382,ozon,Комплектация,1 х основная машина 1 х пара электродных накладок для груди 10 х электродный провод 10 пар электродных накладок для тела 3 х резинка 1 х Руководство пользователя на английском языке
3362,1319335354,ozon,Артикул,1319335354
3363,1319335354,ozon,Тип,Миостимулятор
3364,1319335354,ozon,Цвет,Черный матовый
3365,1319335354,ozon,Зоны массажа,"Тело, Спина"
3366,1319335354,ozon,Особенности массажного аппарата,"Ручные программы, Регулировка по размеру"
3367,1319335354,ozon,"Максимальный рост пользователя, см",200
3368,1319335354,ozon,Материал корпуса,"ABS пластик, Биопластик"
3369,1319335354,ozon,Количество программ/режимов,7
3370,1319335354,ozon,Вид питания,Сменная батарея
3371,1319335354,ozon,"Мощность массажера, Вт",9
3372,1319335354,ozon,"Напряжение, В",3.5
3373,1319335354,ozon,"Фактический размер товара, см",110х17х2
3374,1319335354,ozon,Упаковка,Коробка
3375,1319335354,ozon,Страна-изготовитель,Китай
3376,1319335354,ozon,Гарантийный срок,6 месяцев
3377,1319335354,ozon,"Вид массажа
","Миостимулирующий, Антицеллюлитный, Оздоровительный, Расслабляющий"
3378,1319335354,ozon,Комплектация,"Массажер электрический миостимулятор живота EMS Abdominal Toning Belt для мужчин и женщин, кабель USB, инструкция к применению"
3379,1688863909,ozon,Артикул,1688863909
3380,1688863909,ozon,Тип,Миостимулятор
3381,1688863909,ozon,Цвет,Серебристый
3382,1688863909,ozon,Вид массажа,Акупунктурный
3383,1688863909,ozon,Зоны массажа,"Лицо, Ноги, Область вокруг глаз, Поясница, Руки, Спина"
3384,1688863909,ozon,Особенности массажного аппарата,Работает в автомобиле
3385,1688863909,ozon,"Максимальный рост пользователя, см",200
3386,1688863909,ozon,Материал корпуса,Металл
3387,1688863909,ozon,Количество программ/режимов,8
3388,1688863909,ozon,Вид питания,Встроенный аккумулятор
3389,1688863909,ozon,"Мощность массажера, Вт",4
3390,1688863909,ozon,"Фактический размер товара, см",21*4*4
3391,1688863909,ozon,Упаковка,Картонная коробка
3392,1688863909,ozon,Страна-изготовитель,Китай
3393,1688863909,ozon,Гарантийный срок,30
3394,1688863909,ozon,Комплектация,"Акупунктурная ручка, 5 металлических насадки, 2 электродные пластины, инструкция, 2 баночки с гелем, провод для зарядки"
3395,2014656797,ozon,Артикул,2014656797
3396,2014656797,ozon,Тип,Миостимулятор
3397,2014656797,ozon,Цвет,Серебристый
3398,2014656797,ozon,Вид массажа,"Импульсный, Миостимулирующий, Гуаша, Антицеллюлитный"
3399,2014656797,ozon,Зоны массажа,"Тело, Ноги, Ягодицы, Спина, Плечи"
3400,2014656797,ozon,Особенности массажного аппарата,"Ручные программы, Съемные части, Таймер"
3401,2014656797,ozon,Материал корпуса,ABS пластик
3402,2014656797,ozon,Количество программ/режимов,36
3403,2014656797,ozon,Вид питания,Сменная батарея
3404,2014656797,ozon,"Напряжение, В",5
3405,2014656797,ozon,Упаковка,Картонная коробка
3406,2014656797,ozon,Страна-изготовитель,Китай
3407,2014656797,ozon,Комплектация,"Электромассажер-миостимулятор - 1 шт., электроды-липучки - 2 шт., зарядное устройство с переходником - 1 шт., инструкция по применению, батарейки типа ААА - 3 шт."
3408,1089329531,ozon,Артикул,1089329531
3409,1089329531,ozon,Тип,Миостимулятор
3410,1089329531,ozon,Цвет,Серый
3411,1089329531,ozon,Вид массажа,"Миостимулирующий, Расслабляющий, Антицеллюлитный"
3412,1089329531,ozon,Зоны массажа,"Тело, Плечи, Поясница, Руки, Ягодицы, Ноги"
3413,1089329531,ozon,Особенности массажного аппарата,Таймер
3414,1089329531,ozon,Материал корпуса,"ABS пластик, Металл"
3415,1089329531,ozon,Количество программ/режимов,4
3416,1089329531,ozon,"Напряжение, В",220
3417,1089329531,ozon,Упаковка,Картонная коробка
3418,1089329531,ozon,Страна-изготовитель,Китай
3419,1089329531,ozon,Гарантийный срок,90 дней
3420,1089329531,ozon,Комплектация,Товарная накладная <br> 1шт основной блок <br> 1 пара подушечек для нагрудных электродов <br> 10 пар электродов <br> 10шт провода <br> 1шт держатель аксессуаров <br> 1 комплект электродной повязки <br> 1шт силовой провод <br> 1 шт. руководство пользователя на английском языке
3421,2246742327,ozon,Артикул,2246742327
3422,2246742327,ozon,Тип,Миостимулятор
3423,2246742327,ozon,Бренд,Yamaguchi
3424,2246742327,ozon,Цвет,Черный
3425,2246742327,ozon,Зоны массажа,Поясница
3426,2246742327,ozon,Материал корпуса,"ABS пластик, Искусственная кожа"
3427,2246742327,ozon,Страна-изготовитель,Китай
3428,1258353681,ozon,Артикул,1258353681
3429,1258353681,ozon,Тип,Миостимулятор
3430,1258353681,ozon,Бренд,YUNCHI
3431,1258353681,ozon,Цвет,Белый
3432,1258353681,ozon,Зоны массажа,"Ноги, Плечи, Поясница, Тело, Шея"
3433,1258353681,ozon,Особенности массажного аппарата,Таймер
3434,1258353681,ozon,"Максимальный рост пользователя, см",190
3435,1258353681,ozon,Материал корпуса,ABS пластик
3436,1258353681,ozon,Количество программ/режимов,3
3437,1258353681,ozon,Вид питания,Встроенный аккумулятор
3438,1258353681,ozon,"Мощность массажера, Вт",25
3439,1258353681,ozon,"Напряжение, В",220
3440,1258353681,ozon,"Фактический размер товара, см",24*24*11
3441,1258353681,ozon,Упаковка,Пачка
3442,1258353681,ozon,Страна-изготовитель,Китай
3443,1258353681,ozon,Гарантийный срок,Два года
3444,1258353681,ozon,"Вид массажа
","Лечебный, Лимфодренажный, Миостимулирующий, Оздоровительный, Рефлекторный, Расслабляющий"
3445,1258353681,ozon,Комплектация,1 * Машины 1 * Гель 1 * Зарядное устройство 1 * Дорожные сумки
3446,1845642672,ozon,Артикул,1845642672
3447,1845642672,ozon,Тип,Миостимулятор
3448,1845642672,ozon,Цвет,"Черный, белый"
3449,1845642672,ozon,Зоны массажа,Ноги
3450,1845642672,ozon,Особенности массажного аппарата,"Ручные программы, Пульт ДУ"
3451,1845642672,ozon,Материал корпуса,Нейлон
3452,1845642672,ozon,Количество программ/режимов,8
3453,1845642672,ozon,Вид питания,"Встроенный аккумулятор, От порта USB"
3454,1845642672,ozon,"Мощность массажера, Вт",24
3455,1845642672,ozon,"Напряжение, В",220
3456,1845642672,ozon,"Фактический размер товара, см",30х28х2
3457,1845642672,ozon,Упаковка,Картонная коробка
3458,1845642672,ozon,Страна-изготовитель,Китай
3459,1845642672,ozon,"Вид массажа
","Миостимулирующий, Расслабляющий, Акупунктурный, Вибрационный, Импульсный, Лечебный"
3460,1845642672,ozon,Комплектация,массажный коврик для ног - 1 шт провод USB - 1 шт пульт - 1 шт
3461,698003011,ozon,Артикул,698003011
3462,698003011,ozon,Тип,Миостимулятор
3463,698003011,ozon,Цвет,Черный
3464,698003011,ozon,Зоны массажа,"Тело, Ноги, Ягодицы, Руки, Плечи, Спина"
3465,698003011,ozon,Особенности массажного аппарата,"Ручные программы, Пульт ДУ"
3466,698003011,ozon,Материал корпуса,"ABS пластик, Полипропилен"
3467,698003011,ozon,Вид питания,Сменная батарея
3468,698003011,ozon,Страна-изготовитель,Китай
3469,698003011,ozon,"Вид массажа
","Вибрационный, Антицеллюлитный, Миостимулирующий, Оздоровительный, Расслабляющий, Импульсный"
3470,698003011,ozon,Комплектация,"Накладка для пресса - 1 шт., Накладка для рук, ног или бедер - 2 шт., Пульт управления - 3 шт."
3471,1603298019,ozon,Артикул,1603298019
3472,1603298019,ozon,Тип,Миостимулятор
3473,1603298019,ozon,Цвет,5 массажных пластыря
3474,1603298019,ozon,Вид массажа,Миостимулирующий
3475,1603298019,ozon,Зоны массажа,"Ноги, Плечи, Поясница, Тело, Шея, Ягодицы"
3476,1603298019,ozon,Упаковка,Easy pack
3477,1603298019,ozon,Комплектация,5 массажных пластыря
3478,1603298019,ozon,Страна-изготовитель,Китай
3479,1603298019,ozon,Гарантийный срок,180небо
3480,1618376920,ozon,Артикул,1618376920
3481,1618376920,ozon,Тип,Миостимулятор
3482,1618376920,ozon,Цвет,30
3483,1618376920,ozon,Вид массажа,"Акупунктурный, Вибрационный, Импульсный, Миостимулирующий"
3484,1618376920,ozon,Зоны массажа,"Зона декольте, Ноги, Руки, Тело, Поясница, Плечи"
3485,1618376920,ozon,Особенности массажного аппарата,Ручные программы
3486,1618376920,ozon,Материал корпуса,ABS пластик
3487,1618376920,ozon,Количество программ/режимов,8
3488,1618376920,ozon,Вид питания,От порта USB
3489,1618376920,ozon,"Напряжение, В",5
3490,1618376920,ozon,"Фактический размер товара, см",6
3491,1618376920,ozon,Упаковка,Easy pack
3492,1618376920,ozon,Страна-изготовитель,Китай
3493,1618376920,ozon,Гарантийный срок,365
3494,1570558799,ozon,Артикул,1570558799
3495,1570558799,ozon,Тип,Миостимулятор
3496,1570558799,ozon,Цвет,Черно-белый
3497,1570558799,ozon,Зоны массажа,"Ноги, Плечи, Поясница, Руки, Спина, Тело"
3498,1570558799,ozon,Особенности массажного аппарата,"Русификация, Таймер, Ручные программы"
3499,1570558799,ozon,Материал корпуса,"Силикон, Полипропилен"
3500,1570558799,ozon,Количество программ/режимов,4
3501,1570558799,ozon,Вид питания,"От сети 220В, Сменная батарея"
3502,1570558799,ozon,"Мощность массажера, Вт",5
3503,1570558799,ozon,"Напряжение, В",4.5
3504,1570558799,ozon,"Фактический размер товара, см",80*55*3
3505,1570558799,ozon,Упаковка,Картонная коробка
3506,1570558799,ozon,Комплектация,электрод/липучка - 20шт.
3507,1570558799,ozon,Страна-изготовитель,Китай
3508,1570558799,ozon,"Вид массажа
","Антицеллюлитный, Импульсный, Лечебный, Миостимулирующий, Расслабляющий, Оздоровительный"
3509,1643067751,ozon,Артикул,1643067751
3510,1643067751,ozon,Тип,Миостимулятор
3511,1643067751,ozon,Цвет,Черный
3512,1643067751,ozon,Зоны массажа,Ноги
3513,1643067751,ozon,Материал корпуса,Нейлон
3514,1643067751,ozon,Количество программ/режимов,8
3515,1643067751,ozon,Вид питания,"Встроенный аккумулятор, От порта USB"
3516,1643067751,ozon,"Мощность массажера, Вт",24
3517,1643067751,ozon,"Напряжение, В",3.7
3518,1643067751,ozon,"Фактический размер товара, см","29 x 27 x 1,5"
3519,1643067751,ozon,Упаковка,Картонная коробка
3520,1643067751,ozon,Комплектация,Массажер для ног - 1 шт.
3521,1643067751,ozon,Страна-изготовитель,Китай
3522,1643067751,ozon,"Вид массажа
","Миостимулирующий, Расслабляющий, Оздоровительный, Лечебный, Импульсный, Акупунктурный"
3523,1643067751,ozon,Особенности массажного аппарата,"Съемные части, Ручные программы, Работает в автомобиле, Таймер"
3524,1866628409,ozon,Артикул,1866628409
3525,1866628409,ozon,Тип,Миостимулятор
3526,1866628409,ozon,Цвет,Голубой
3527,1866628409,ozon,Вид массажа,Импульсный
3528,1866628409,ozon,Зоны массажа,Руки
3529,1866628409,ozon,Материал корпуса,ABS пластик
3530,1866628409,ozon,Количество программ/режимов,2
3531,1866628409,ozon,Вид питания,Встроенный аккумулятор
3532,1866628409,ozon,"Фактический размер товара, см",6.5х4х3.5
3533,1866628409,ozon,Комплектация,"прибор, кабель зарядки, инструкция"
3534,1306240214,ozon,Артикул,1306240214
3535,1306240214,ozon,Тип,Миостимулятор
3536,1306240214,ozon,Цвет,Миостимулятор+тапочки
3537,1306240214,ozon,Зоны массажа,"Ноги, Плечи, Поясница, Руки, Спина, Шея"
3538,1306240214,ozon,Особенности массажного аппарата,"Таймер, Съемные части, Ручные программы"
3539,1306240214,ozon,Материал корпуса,ABS пластик
3540,1306240214,ozon,Количество программ/режимов,8
3541,1306240214,ozon,Вид питания,"От сети 220В, Сменная батарея"
3542,1306240214,ozon,Упаковка,Картонная коробка
3543,1306240214,ozon,Страна-изготовитель,Китай (Гонконг)
3544,1306240214,ozon,"Вид массажа
","Миостимулирующий, Оздоровительный, Импульсный, Акупунктурный, Лечебный"
3545,1306240214,ozon,Комплектация,"Аппарат миостимуляции 1шт, тапочки 1пара, перчатки 1 пара, электроды липучки 4шт, провод переходник 2шт, адаптер+шнур 1шт, батарейки 3шт, инструкция на русском языке."
3546,1678397617,ozon,Артикул,1678397617
3547,1678397617,ozon,Тип,Миостимулятор
3548,1678397617,ozon,Бренд,YUNCHI
3549,1678397617,ozon,Цвет,Светло-серый
3550,1678397617,ozon,Зоны массажа,"Ноги, Плечи, Поясница, Тело, Шея"
3551,1678397617,ozon,Особенности массажного аппарата,"Подогрев, Съемные части, Таймер, Сканирование тела"
3552,1678397617,ozon,"Максимальный рост пользователя, см",190
3553,1678397617,ozon,Материал корпуса,ABS пластик
3554,1678397617,ozon,Количество программ/режимов,5
3555,1678397617,ozon,Вид питания,От сети 220В
3556,1678397617,ozon,"Мощность массажера, Вт",25
3557,1678397617,ozon,"Напряжение, В",220
3558,1678397617,ozon,"Фактический размер товара, см",37*15*28
3559,1678397617,ozon,Упаковка,Bag-in-Box
3560,1678397617,ozon,Страна-изготовитель,Китай
3561,1678397617,ozon,"Вид массажа
","Лечебный, Миостимулирующий, Оздоровительный, Расслабляющий, Рефлекторный"
3562,1678397617,ozon,Комплектация,1 * Ультразвуковой терапевтический аппарат 1*Переносные контейнеры для хранения 1 * Зарядное устройство 1 * Гель
3563,149585054,ozon,Артикул,149585054
3564,149585054,ozon,Тип,Миостимулятор
3565,1657680570,ozon,Артикул,1657680570
3566,1657680570,ozon,Тип,Миостимулятор
3567,1657680570,ozon,Цвет,10 массажных пластыря
3568,1657680570,ozon,Вид массажа,Миостимулирующий
3569,1657680570,ozon,Зоны массажа,"Ноги, Плечи, Поясница, Тело, Шея, Ягодицы"
3570,1657680570,ozon,Упаковка,Easy pack
3571,1657680570,ozon,Комплектация,10 массажных пластыря
3572,1657680570,ozon,Страна-изготовитель,Китай
3573,1657680570,ozon,Гарантийный срок,180небо
3574,1689426769,ozon,Артикул,1689426769
3575,1689426769,ozon,Тип,Миостимулятор
3576,1689426769,ozon,Цвет,8 режимов (с Пульт)，3 штук Массажный пластырь
3577,1689426769,ozon,Вид массажа,Миостимулирующий
3578,1689426769,ozon,Зоны массажа,"Ноги, Плечи, Поясница, Тело, Шея, Ягодицы"
3579,1689426769,ozon,Особенности массажного аппарата,"Пульт ДУ, Съемные части"
3580,1689426769,ozon,Материал корпуса,ABS пластик
3581,1689426769,ozon,Количество программ/режимов,8
3582,1689426769,ozon,Вид питания,Встроенный аккумулятор
3583,1689426769,ozon,"Напряжение, В",3.3
3584,1689426769,ozon,Упаковка,Box Set
3585,1689426769,ozon,Страна-изготовитель,Китай
3586,1689426769,ozon,Гарантийный срок,180небо
3587,1689426769,ozon,Комплектация,Массажный пластырь - 3шт. Блокуправления - 1шт. Пульт дистанционного управления - 1шт. USB-кабель зарядки – 1шт. Упаковка - 1шт.
3588,1119579579,ozon,Артикул,1119579579
3589,1119579579,ozon,Тип,Миостимулятор
3590,1119579579,ozon,Вид массажа,Вибрационный
3591,1119579579,ozon,Зоны массажа,"Ноги, Ягодицы"
3592,1119579579,ozon,Количество программ/режимов,4
3593,1119579579,ozon,Вид питания,Сменная батарея
3594,662686094,ozon,Артикул,662686094
3595,662686094,ozon,Тип,Миостимулятор
3596,662686094,ozon,Цвет,Красный
3597,662686094,ozon,Вид массажа,"Вибрационный, Миостимулирующий, Расслабляющий, Рефлекторный"
3598,662686094,ozon,Зоны массажа,Шея
3599,662686094,ozon,Особенности массажного аппарата,"Работает в автомобиле, Ручные программы"
3600,662686094,ozon,Материал корпуса,ABS пластик
3601,662686094,ozon,Количество программ/режимов,6
3602,662686094,ozon,Вид питания,От порта USB
3603,662686094,ozon,"Мощность массажера, Вт",3
3604,662686094,ozon,"Напряжение, В",5
3605,662686094,ozon,"Фактический размер товара, см",17
3606,662686094,ozon,Упаковка,Без упаковки
3607,662686094,ozon,Страна-изготовитель,Китай
3608,662686094,ozon,Комплектация,Посылка включает: 1 х массажер для шеи 1 х USB-кабель Примечание: это в сумке.
3609,1828816316,ozon,Артикул,1828816316
3610,1828816316,ozon,Тип,Миостимулятор
3611,1828816316,ozon,Вид массажа,Миостимулирующий
3612,1828816316,ozon,Зоны массажа,"Ноги, Плечи, Поясница, Тело, Шея"
3613,1828816316,ozon,Особенности массажного аппарата,"Пульт ДУ, Съемные части"
3614,1828816316,ozon,Материал корпуса,ABS пластик
3615,1828816316,ozon,Количество программ/режимов,8
3616,1828816316,ozon,Вид питания,Встроенный аккумулятор
3617,1828816316,ozon,"Напряжение, В",3.3
3618,1828816316,ozon,Упаковка,Box Set
3619,1828816316,ozon,Страна-изготовитель,Китай
3620,1828816316,ozon,Гарантийный срок,180небо
3621,1828816316,ozon,Цвет,"8 режимов (с Пульт),1 штук Массажный пластырь,1 штук Сенсорный патч"
3622,1828816316,ozon,Комплектация,Массажный пластырь - 1 шт. Блокуправления - 1шт. USB-кабель зарядки – 1шт. Сенсорный патч – 1шт. Дистанционное управление – 1шт.
3623,1680934148,ozon,Артикул,1680934148
3624,1680934148,ozon,Тип,Миостимулятор
3625,1680934148,ozon,Цвет,Массажер
3626,1680934148,ozon,Вид массажа,"Антицеллюлитный, Вибрационный, Импульсный, Миостимулирующий"
3627,1680934148,ozon,Зоны массажа,"Ноги, Тело, Поясница, Плечи"
3628,1680934148,ozon,Особенности массажного аппарата,"Русификация, Ручные программы, Таймер"
3629,1680934148,ozon,"Максимальный рост пользователя, см",220
3630,1680934148,ozon,Материал корпуса,ABS пластик
3631,1680934148,ozon,Количество программ/режимов,5
3632,1680934148,ozon,Вид питания,"Сменная батарея, Внешний источник питания"
3633,1680934148,ozon,"Мощность массажера, Вт",10
3634,1680934148,ozon,"Напряжение, В",220
3635,1680934148,ozon,Упаковка,"Бумажная обертка, Бумажный пакет"
3636,1680934148,ozon,Страна-изготовитель,Китай
3637,1680934148,ozon,Комплектация,Терапевтические тапочки - 1 шт.;Электроды (патчи) - 4 шт.;Подставка для патчей - 1 шт.;Шнуры электоды - 2 шт.;Блок питания;Инструкция; Аппарат;
3638,1499136228,ozon,Артикул,1499136228
3639,1499136228,ozon,Тип,Миостимулятор
3640,1499136228,ozon,Цвет,Белый
3641,1499136228,ozon,Вид массажа,Миостимулирующий
3642,1499136228,ozon,Зоны массажа,"Зона декольте, Ноги, Руки, Тело, Ягодицы, Лицо"
3643,1499136228,ozon,Особенности массажного аппарата,"Ручные программы, Съемные части, Таймер"
3644,1499136228,ozon,Материал корпуса,Пластик
3645,1499136228,ozon,Количество программ/режимов,4
3646,1499136228,ozon,Вид питания,От сети 220В
3647,1499136228,ozon,"Мощность массажера, Вт",50
3648,1499136228,ozon,Упаковка,Картонная коробка
3649,1499136228,ozon,Страна-изготовитель,Китай
3650,1499136228,ozon,Гарантийный срок,1 мес
3651,1499136228,ozon,Комплектация,аппарат миостимуляции -1 шт; пластины для тела - 20 шт; пластины для груди - 2 шт; пластины для лица - 2 шт; фиксаторы пластинок; шнур питания; гель в подарок!
3652,1735604636,ozon,Артикул,1735604636
3653,1735604636,ozon,Тип,Миостимулятор
3654,1735604636,ozon,Цвет,Светло-бежевый
3655,1735604636,ozon,Вид массажа,Миостимулирующий
3656,1735604636,ozon,Зоны массажа,"Тело, Плечи, Поясница, Шея, Руки, Ноги"
3657,1735604636,ozon,Особенности массажного аппарата,"Подогрев, Ручные программы"
3658,1735604636,ozon,"Максимальный рост пользователя, см",200
3659,1735604636,ozon,Материал корпуса,Пластик
3660,1735604636,ozon,Количество программ/режимов,8
3661,1735604636,ozon,Вид питания,"От сети 220В, Сменная батарея"
3662,1735604636,ozon,Страна-изготовитель,Китай
3663,1735604636,ozon,Комплектация,Массажер. 16 липучек электродов. Два шнура для накладок (на 2 и 4 электрода). Адаптер к массажеру (для работы от сети или USB).
3664,1844186713,ozon,Артикул,1844186713
3665,1844186713,ozon,Тип,Миостимулятор
3666,1844186713,ozon,Цвет,48 режимов
3667,1844186713,ozon,Вид массажа,Миостимулирующий
3668,1844186713,ozon,Зоны массажа,"Ноги, Плечи, Руки"
3669,1844186713,ozon,Материал корпуса,ABS пластик
3670,1844186713,ozon,Количество программ/режимов,48
3671,1844186713,ozon,Вид питания,От сети 220В
3672,1844186713,ozon,"Мощность массажера, Вт",0.075
3673,1844186713,ozon,"Фактический размер товара, см",12х6
3674,1844186713,ozon,Упаковка,Картонная коробка
3675,1844186713,ozon,Страна-изготовитель,Китай
3676,1844186713,ozon,Гарантийный срок,365 дней
3677,1844186713,ozon,Комплектация,"Миостимулятор-1шт; инструкция на русском языке-1шт; провод USB-1шт; шнур для электродов-4шт; многоразовые электроды-8шт, кейс для хранения-1шт"
3678,1626870102,ozon,Артикул,1626870102
3679,1626870102,ozon,Тип,Миостимулятор
3680,1626870102,ozon,Цвет,8 режимов
3681,1626870102,ozon,Вид массажа,Миостимулирующий
3682,1626870102,ozon,Зоны массажа,Ноги
3683,1626870102,ozon,Особенности массажного аппарата,Съемные части
3684,1626870102,ozon,Материал корпуса,ABS пластик
3685,1626870102,ozon,Количество программ/режимов,8
3686,1626870102,ozon,Вид питания,Встроенный аккумулятор
3687,1626870102,ozon,"Напряжение, В",3.3
3688,1626870102,ozon,Страна-изготовитель,Китай
3689,1626870102,ozon,Гарантийный срок,180небо
3690,1626870102,ozon,Комплектация,Массажер Pad - 1шт. Блокуправления - 1шт. USB-кабель зарядки – 1шт.
3691,1633524414,ozon,Артикул,1633524414
3692,1633524414,ozon,Тип,Миостимулятор
3693,1633524414,ozon,Зоны массажа,"Ноги, Руки, Тело, Поясница, Плечи, Ягодицы"
3694,1633524414,ozon,Особенности массажного аппарата,"Русификация, Ручные программы, Таймер"
3695,1633524414,ozon,Материал корпуса,Пластик
3696,1633524414,ozon,Количество программ/режимов,8
3697,1633524414,ozon,Вид питания,"От сети 220В, Сменная батарея"
3698,1633524414,ozon,"Напряжение, В",4.5
3699,1633524414,ozon,Упаковка,Картонная коробка
3700,1633524414,ozon,Страна-изготовитель,Китай
3701,1633524414,ozon,Гарантийный срок,12
3702,1633524414,ozon,"Вид массажа
","Антицеллюлитный, Импульсный, Миостимулирующий, Шиацу, Классический, Оздоровительный"
3703,1926440375,ozon,Артикул,1926440375
3704,1926440375,ozon,Тип,Миостимулятор
3705,1926440375,ozon,Цвет,Черный
3706,1926440375,ozon,Зоны массажа,Ноги
3707,1926440375,ozon,Материал корпуса,Нейлон
3708,1926440375,ozon,Количество программ/режимов,8
3709,1926440375,ozon,Вид питания,"Встроенный аккумулятор, От порта USB"
3710,1926440375,ozon,"Мощность массажера, Вт",24
3711,1926440375,ozon,"Напряжение, В",3.7
3712,1926440375,ozon,"Фактический размер товара, см","29 x 27 x 1,5"
3713,1926440375,ozon,Упаковка,Картонная коробка
3714,1926440375,ozon,Страна-изготовитель,Китай
3715,1926440375,ozon,"Вид массажа
","Миостимулирующий, Расслабляющий, Оздоровительный, Лечебный, Импульсный, Акупунктурный"
3716,1926440375,ozon,Особенности массажного аппарата,"Съемные части, Ручные программы, Работает в автомобиле, Таймер"
3717,1766772251,ozon,Артикул,1766772251
3718,1766772251,ozon,Тип,Миостимулятор
3719,1766772251,ozon,Цвет,L/XL(17.5*98cm)
3720,1766772251,ozon,Зоны массажа,"Поясница, Тело"
3721,1766772251,ozon,Материал корпуса,"ABS пластик, Текстиль"
3722,1766772251,ozon,Количество программ/режимов,1
3723,1766772251,ozon,Вид питания,Встроенный аккумулятор
3724,1766772251,ozon,"Фактический размер товара, см",98cm
3725,1766772251,ozon,Упаковка,RETAIL BOX
3726,1766772251,ozon,Комплектация,1
3727,1766772251,ozon,Страна-изготовитель,Китай
3728,1766772251,ozon,"Вид массажа
","Вибрационный, Импульсный, Перкусионный, Рефлекторный, Антицеллюлитный"
3729,1766772251,ozon,Особенности массажного аппарата,"Пульт ДУ, Съемные части, Таймер, Ручные программы, Регулировка по размеру"
3730,1074797676,ozon,Артикул,1074797676
3731,1074797676,ozon,Тип,Миостимулятор
3732,1074797676,ozon,Цвет,"Насадка ""Рыбка"""
3733,1074797676,ozon,Вид массажа,"Вибрационный, Классический, Миостимулирующий, Расслабляющий"
3734,1074797676,ozon,Зоны массажа,"Лицо, Область вокруг глаз"
3735,1074797676,ozon,Страна-изготовитель,Россия
3736,1074797676,ozon,Гарантийный срок,5 лет
3737,1634404902,ozon,Артикул,1634404902
3738,1634404902,ozon,Тип,Миостимулятор
3739,1634404902,ozon,Цвет,Темно-серый
3740,1634404902,ozon,Зоны массажа,"Ноги, Плечи, Тело, Шея, Зона декольте, Руки"
3741,1634404902,ozon,Материал корпуса,ABS пластик
3742,1634404902,ozon,Количество программ/режимов,15
3743,1634404902,ozon,Вид питания,"Встроенный аккумулятор, От сети 220В"
3744,1634404902,ozon,"Фактический размер товара, см",5
3745,1634404902,ozon,Упаковка,"Коробка, Зип-пакет"
3746,1634404902,ozon,Страна-изготовитель,Китай
3747,1634404902,ozon,Гарантийный срок,14 дней
3748,1634404902,ozon,"Вид массажа
","Акупунктурный, Антицеллюлитный, Вибрационный, Импульсный, Миостимулирующий, Расслабляющий"
3749,1634404902,ozon,Особенности массажного аппарата,"Подогрев, Работает в автомобиле, Ручные программы, Таймер, Регулировка по размеру, Встроенные динамики"
3750,1634404902,ozon,Комплектация,"Массажер, зарядный шнур, микротоковый гель в подарок, инструкция на русском языке"
3751,1930711099,ozon,Артикул,1930711099
3752,1930711099,ozon,Тип,Миостимулятор
3753,1930711099,ozon,Цвет,"Переходник с pin 2мм на 2,5мм"
3754,1930711099,ozon,Зоны массажа,Тело
3755,1930711099,ozon,Особенности массажного аппарата,Съемные части
3756,1930711099,ozon,Вид питания,Внешний источник питания
3757,1930711099,ozon,"Фактический размер товара, см",15 см
3758,1930711099,ozon,"Вид массажа
","Акупунктурный, Миостимулирующий, Разминание, Расслабляющий, Шиацу, Гуаша"
3759,1831884930,ozon,Артикул,1831884930
3760,1831884930,ozon,Тип,Миостимулятор
3761,1831884930,ozon,Зоны массажа,"Тело, Поясница, Плечи, Ягодицы"
3762,1831884930,ozon,Особенности массажного аппарата,"Подогрев, Работает в автомобиле, Ручные программы"
3763,1831884930,ozon,"Максимальный рост пользователя, см",200
3764,1831884930,ozon,Материал корпуса,"ABS пластик, Текстиль"
3765,1831884930,ozon,Количество программ/режимов,6
3766,1831884930,ozon,Вид питания,"Встроенный аккумулятор, От автомобильного АКБ"
3767,1831884930,ozon,"Мощность массажера, Вт",30
3768,1831884930,ozon,"Напряжение, В",220
3769,1831884930,ozon,"Фактический размер товара, см",98
3770,1831884930,ozon,Упаковка,Box Set
3771,1831884930,ozon,Страна-изготовитель,Китай
3772,1831884930,ozon,"Вид массажа
","Антицеллюлитный, Вибрационный, Миостимулирующий, Лимфодренажный"
3773,1831884930,ozon,Комплектация,EMS - тренажер для пресса (пояс) - 1шт;Зарядное устройство (USB - Charging кабель) - 1 шт;Руководство пользователя 1шт; Индикатор 1шт
3774,1773620029,ozon,Артикул,1773620029
3775,1773620029,ozon,Тип,Миостимулятор
3776,1773620029,ozon,Зоны массажа,"Плечи, Поясница, Тело, Шея, Ягодицы, Руки"
3777,1773620029,ozon,Особенности массажного аппарата,"Пульт ДУ, Работает в автомобиле, Ручные программы, Таймер"
3778,1773620029,ozon,Материал корпуса,ABS пластик
3779,1773620029,ozon,Количество программ/режимов,8
3780,1773620029,ozon,Вид питания,"От порта USB, Сменная батарея"
3781,1773620029,ozon,"Напряжение, В",3.3
3782,1773620029,ozon,Упаковка,Slim Case
3783,1773620029,ozon,Гарантийный срок,6 месяцев
3784,1773620029,ozon,"Вид массажа
","Вибрационный, Импульсный, Лечебный, Миостимулирующий, Расслабляющий, Рефлекторный"
3785,1773620029,ozon,Комплектация,Массажер - 1шт. Блокуправления - 1шт. Пульт дистанционного управления - 1шт. USB-кабель зарядки – 1шт.
3786,1403470514,ozon,Артикул,1403470514
3787,1403470514,ozon,Тип,Миостимулятор
3788,1403470514,ozon,Цвет,Полосатик
3789,1403470514,ozon,Зоны массажа,"Голова, Лицо, Шея"
3790,1403470514,ozon,Материал корпуса,Силикон
3791,1403470514,ozon,Страна-изготовитель,Россия
3792,1403470514,ozon,"Вид массажа
","Вибрационный, Классический, Комбинированный, Миостимулирующий, Расслабляющий"
3793,207732373,ozon,Артикул,207732373
3794,207732373,ozon,Тип,Миостимулятор
3795,207732373,ozon,Цвет,Черный
3796,207732373,ozon,Вид массажа,"Миостимулирующий, Лечебный, Оздоровительный"
3797,207732373,ozon,Зоны массажа,Руки
3798,207732373,ozon,Особенности массажного аппарата,Таймер
3799,207732373,ozon,Материал корпуса,Текстиль
3800,207732373,ozon,Количество программ/режимов,2
3801,207732373,ozon,Вид питания,Сменная батарея
3802,207732373,ozon,"Фактический размер товара, см","8,6 x 8,3 x 3,6"
3803,207732373,ozon,Упаковка,Картонная коробка
3804,207732373,ozon,Страна-изготовитель,Германия
3805,207732373,ozon,Гарантийный срок,12 мес.
3806,207732373,ozon,Комплектация,"Манжета для запястья • 1 элемент управления • 1 соединительный кабель • батарейки, 3 x 1,5 В AAA (тип LR03, Micro) • 2 самоклеящихся электрода • Инструкция по применению"
3807,1741561465,ozon,Артикул,1741561465
3808,1741561465,ozon,Тип,Миостимулятор
3809,1741561465,ozon,Цвет,Черный
3810,1741561465,ozon,Вид массажа,"Миостимулирующий, Импульсный"
3811,1741561465,ozon,Зоны массажа,"Зона декольте, Ноги, Руки, Тело, Шея, Поясница"
3812,1741561465,ozon,Страна-изготовитель,Китай
3813,1741561465,ozon,Гарантийный срок,30
3814,1183921326,ozon,Артикул,1183921326
3815,1183921326,ozon,Тип,Миостимулятор
3816,1183921326,ozon,Цвет,Зеленый
3817,1183921326,ozon,Зоны массажа,"Плечи, Тело, Шея, Зона декольте, Руки, Ноги"
3818,1183921326,ozon,Материал корпуса,ABS пластик
3819,1183921326,ozon,Количество программ/режимов,15
3820,1183921326,ozon,Вид питания,"Встроенный аккумулятор, От сети 220В"
3821,1183921326,ozon,"Фактический размер товара, см",5
3822,1183921326,ozon,Упаковка,"Коробка, Зип-пакет"
3823,1183921326,ozon,Страна-изготовитель,Китай
3824,1183921326,ozon,Гарантийный срок,14 дней
3825,1183921326,ozon,"Вид массажа
","Акупунктурный, Антицеллюлитный, Вибрационный, Импульсный, Миостимулирующий, Расслабляющий"
3826,1183921326,ozon,Особенности массажного аппарата,"Встроенные динамики, Подогрев, Работает в автомобиле, Ручные программы, Таймер, Регулировка по размеру"
3827,1183921326,ozon,Комплектация,"Массажер, зарядный шнур, микротоковый гель в подарок, инструкция на русском языке"
3828,1928877543,ozon,Артикул,1928877543
3829,1928877543,ozon,Тип,Миостимулятор
3830,1928877543,ozon,Цвет,Зажим для иглоукалывания
3831,1928877543,ozon,Вид массажа,"Акупунктурный, Оздоровительный, Лечебный"
3832,1928877543,ozon,Зоны массажа,"Голова, Лицо, Ноги, Поясница, Спина, Тело"
3833,1928877543,ozon,Особенности массажного аппарата,Съемные части
3834,1928877543,ozon,Вид питания,Внешний источник питания
3835,1928877543,ozon,"Фактический размер товара, см",15см
3836,1928877543,ozon,Комплектация,6 штук зажимов адаптеров.
3837,1051863354,ozon,Артикул,1051863354
3838,1051863354,ozon,Тип,Миостимулятор
3839,1051863354,ozon,Цвет,Брюшной массажер
3840,1051863354,ozon,Вид массажа,Миостимулирующий
3841,1051863354,ozon,Зоны массажа,Поясница
3842,1051863354,ozon,Особенности массажного аппарата,Ручные программы
3843,1051863354,ozon,Материал корпуса,ABS пластик
3844,1051863354,ozon,Количество программ/режимов,8
3845,1051863354,ozon,Вид питания,От порта USB
3846,1051863354,ozon,"Фактический размер товара, см",19*17
3847,1051863354,ozon,Страна-изготовитель,Китай
3848,1051863354,ozon,Гарантийный срок,180небо
3849,1051863354,ozon,Комплектация,1 х тренажер для мышц живота 1 х хост-контроллер 1 х пульт дистанционного управления 1 х USB
3850,1838512556,ozon,Артикул,1838512556
3851,1838512556,ozon,Тип,Миостимулятор
3852,1838512556,ozon,Цвет,Черный
3853,1838512556,ozon,Зоны массажа,Ноги
3854,1838512556,ozon,Количество программ/режимов,7
3855,1838512556,ozon,Вид питания,Встроенный аккумулятор
3856,1838512556,ozon,Упаковка,Easy pack
3857,1838512556,ozon,Комплектация,"Коврик, пульт управления, зарядное устройство"
3858,1838512556,ozon,Страна-изготовитель,КНДР
3859,1838512556,ozon,Гарантийный срок,Бессрочный
3860,1723325491,ozon,Артикул,1723325491
3861,1723325491,ozon,Тип,Миостимулятор
3862,1723325491,ozon,Зоны массажа,"Плечи, Поясница, Тело, Шея, Ягодицы, Руки"
3863,1723325491,ozon,Особенности массажного аппарата,"Пульт ДУ, Работает в автомобиле, Ручные программы, Таймер"
3864,1723325491,ozon,Материал корпуса,ABS пластик
3865,1723325491,ozon,Количество программ/режимов,8
3866,1723325491,ozon,Вид питания,"От порта USB, Сменная батарея"
3867,1723325491,ozon,"Напряжение, В",3.3
3868,1723325491,ozon,Упаковка,Slim Case
3869,1723325491,ozon,Страна-изготовитель,Китай
3870,1723325491,ozon,Гарантийный срок,6 месяцев
3871,1723325491,ozon,"Вид массажа
","Вибрационный, Импульсный, Лечебный, Миостимулирующий, Расслабляющий, Рефлекторный"
3872,1723325491,ozon,Комплектация,Массажер - 1шт. Блокуправления - 1шт. Пульт дистанционного управления - 1шт. USB-кабель зарядки – 1шт.
3873,1616171043,ozon,Артикул,1616171043
3874,1616171043,ozon,Тип,Миостимулятор
3875,1616171043,ozon,Цвет,EMS-талия
3876,1616171043,ozon,Вид массажа,Миостимулирующий
3877,1616171043,ozon,Зоны массажа,Поясница
3878,1616171043,ozon,Особенности массажного аппарата,Ручные программы
3879,1616171043,ozon,Материал корпуса,Искусственная кожа
3880,1616171043,ozon,Количество программ/режимов,18
3881,1616171043,ozon,Вид питания,Встроенный аккумулятор
3882,1616171043,ozon,"Напряжение, В",5
3883,1616171043,ozon,Упаковка,Бумажная обертка
3884,1616171043,ozon,Страна-изготовитель,Китай
3885,1616171043,ozon,Гарантийный срок,12个月
3886,285778269,ozon,Артикул,285778269
3887,285778269,ozon,Тип,Миостимулятор
3888,285778269,ozon,Цвет,Черный
3889,285778269,ozon,Зоны массажа,"Ноги, Плечи, Поясница, Руки, Тело"
3890,285778269,ozon,Особенности массажного аппарата,"Ручные программы, Таймер"
3891,285778269,ozon,Количество программ/режимов,4
3892,285778269,ozon,Вид питания,Встроенный аккумулятор
3893,285778269,ozon,Упаковка,Картонная коробка
3894,285778269,ozon,Страна-изготовитель,Китай
3895,285778269,ozon,Гарантийный срок,3 месяца
3896,285778269,ozon,"Вид массажа
","Антицеллюлитный, Вибрационный, Импульсный, Миостимулирующий, Оздоровительный, Разминание"
3897,285778269,ozon,Комплектация,"Миостимулятор для пресса Zohar 819 EMS-trainer, кабель microUSB 30см, инструкция, упаковка."
3898,1613993321,ozon,Артикул,1613993321
3899,1613993321,ozon,Тип,Миостимулятор
3900,1613993321,ozon,Цвет,5 стикер + коготь
3901,1613993321,ozon,Вид массажа,"Вибрационный, Миостимулирующий"
3902,1613993321,ozon,Зоны массажа,"Тело, Шея, Поясница, Плечи, Ягодицы"
3903,1613993321,ozon,Особенности массажного аппарата,Ручные программы
3904,1613993321,ozon,Материал корпуса,"ABS пластик, Пластик"
3905,1613993321,ozon,Количество программ/режимов,8
3906,1613993321,ozon,Вид питания,"От порта USB, Сменный аккумулятор (нет в комплекте)"
3907,1613993321,ozon,"Мощность массажера, Вт",5
3908,1613993321,ozon,"Напряжение, В",3.7
3909,1613993321,ozon,"Фактический размер товара, см",14.5*6.5
3910,1613993321,ozon,Упаковка,Бумажная обертка
3911,1613993321,ozon,Комплектация,1 Massager 1 Massage pad
3912,1613993321,ozon,Страна-изготовитель,Китай
3913,1613993321,ozon,Гарантийный срок,30 day
3914,1858039790,ozon,Артикул,1858039790
3915,1858039790,ozon,Тип,Миостимулятор
3916,1858039790,ozon,Цвет,Черный
3917,1858039790,ozon,Зоны массажа,"Ноги, Поясница, Спина, Тело, Шея, Ягодицы"
3918,1858039790,ozon,Особенности массажного аппарата,"Пульт ДУ, Таймер, Съемные части"
3919,1858039790,ozon,Материал корпуса,"ABS пластик, Силикон"
3920,1858039790,ozon,Количество программ/режимов,6
3921,1858039790,ozon,Вид питания,От порта USB
3922,1858039790,ozon,"Напряжение, В",5
3923,1858039790,ozon,"Фактический размер товара, см",7*3*2
3924,1858039790,ozon,Упаковка,Картонная коробка
3925,1858039790,ozon,Комплектация,миостимулятор USB зарядка
3926,1858039790,ozon,Страна-изготовитель,Китай
3927,1858039790,ozon,"Вид массажа
","Миостимулирующий, Лимфодренажный, Оздоровительный, Комбинированный, Вибрационный"
3928,1303978906,ozon,Артикул,1303978906
3929,1303978906,ozon,Тип,Миостимулятор
3930,1303978906,ozon,Цвет,"Насадка ""Осьминожка"""
3931,1303978906,ozon,Вид массажа,"Вибрационный, Расслабляющий"
3932,1303978906,ozon,Зоны массажа,"Лицо, Область вокруг глаз"
3933,1303978906,ozon,Страна-изготовитель,Россия
3934,1828785952,ozon,Артикул,1828785952
3935,1828785952,ozon,Тип,Миостимулятор
3936,1828785952,ozon,Цвет,Бронза
3937,1828785952,ozon,Вид массажа,"Акупунктурный, Вибрационный, Импульсный, Миостимулирующий"
3938,1828785952,ozon,Зоны массажа,"Зона декольте, Ноги, Руки, Тело, Поясница, Плечи"
3939,1828785952,ozon,Особенности массажного аппарата,Ручные программы
3940,1828785952,ozon,Материал корпуса,ABS пластик
3941,1828785952,ozon,Количество программ/режимов,8
3942,1828785952,ozon,Вид питания,От порта USB
3943,1828785952,ozon,"Напряжение, В",5
3944,1828785952,ozon,"Фактический размер товара, см",6
3945,1828785952,ozon,Упаковка,Easy pack
3946,1828785952,ozon,Комплектация,5 массажных пластыря
3947,1828785952,ozon,Страна-изготовитель,Китай
3948,1828785952,ozon,Гарантийный срок,365
3949,1796213000,ozon,Артикул,1796213000
3950,1796213000,ozon,Тип,Миостимулятор
3951,1796213000,ozon,Цвет,"Белый, черный"
3952,1796213000,ozon,Зоны массажа,"Ноги, Поясница, Ягодицы, Спина, Тело"
3953,1796213000,ozon,Особенности массажного аппарата,"Подогрев, Регулировка по размеру, Ручные программы"
3954,1796213000,ozon,"Максимальный рост пользователя, см",210
3955,1796213000,ozon,Материал корпуса,"Пластик, Хромированная сталь"
3956,1796213000,ozon,Количество программ/режимов,18
3957,1796213000,ozon,Вид питания,Встроенный аккумулятор
3958,1796213000,ozon,"Мощность массажера, Вт",5
3959,1796213000,ozon,"Напряжение, В",3.7
3960,1796213000,ozon,"Фактический размер товара, см",24
3961,1796213000,ozon,Упаковка,"Картонная коробка, Кейс пластиковый"
3962,1796213000,ozon,Страна-изготовитель,Китай
3963,1796213000,ozon,Гарантийный срок,10
3964,1796213000,ozon,"Вид массажа
","Антицеллюлитный, Вибрационный, Импульсный, Миостимулирующий, Оздоровительный"
3965,1796213000,ozon,Комплектация,"массажёр с ремнем в упаковке, инструкция и провод для подзарядки"
3966,1273257919,ozon,Артикул,1273257919
3967,1273257919,ozon,Тип,Миостимулятор
3968,1273257919,ozon,Цвет,Белый
3969,1273257919,ozon,Зоны массажа,"Зона декольте, Ноги, Руки, Тело, Ягодицы, Плечи"
3970,1273257919,ozon,Особенности массажного аппарата,"Ручные программы, Встроенные динамики"
3971,1273257919,ozon,Материал корпуса,ABS пластик
3972,1273257919,ozon,Количество программ/режимов,4
3973,1273257919,ozon,Вид питания,От порта USB
3974,1273257919,ozon,"Мощность массажера, Вт",2.5
3975,1273257919,ozon,"Напряжение, В",5
3976,1273257919,ozon,"Фактический размер товара, см",12
3977,1273257919,ozon,Упаковка,Подарочная коробка
3978,1273257919,ozon,Страна-изготовитель,Китай
3979,1273257919,ozon,Гарантийный срок,1 год
3980,1273257919,ozon,"Вид массажа
","Антицеллюлитный, Вибрационный, Комбинированный, Лимфодренажный, Миостимулирующий, Оздоровительный"
3981,1273257919,ozon,Комплектация,Микротоковый массажер для тела - 1 шт; Зарядный USB-кабель - 1 шт; Подарочная коробка - 1 шт; Инструкция по применению на русском языке - 1 шт
3982,1773774183,ozon,Артикул,1773774183
3983,1773774183,ozon,Тип,Миостимулятор
3984,1773774183,ozon,Цвет,Светло-розовый
3985,1773774183,ozon,Вид массажа,Миостимулирующий
3986,1773774183,ozon,Зоны массажа,"Зона декольте, Тело"
3987,1773774183,ozon,Материал корпуса,ABS пластик
3988,1773774183,ozon,Вид питания,Сменная батарея
3989,1773774183,ozon,Упаковка,Картонная коробка
3990,1773774183,ozon,Страна-изготовитель,Китай
3991,1773774183,ozon,Комплектация,Миостимулятор; насадки - 2 шт.; шнур на 4 контакта; батарейка ААА - 2 шт.; токопроводящий гель; инструкция на русском языке
3992,1753331372,ozon,Артикул,1753331372
3993,1753331372,ozon,Тип,Миостимулятор
3994,1753331372,ozon,Цвет,Прозрачный
3995,1753331372,ozon,Зоны массажа,"Ноги, Плечи, Спина, Тело, Шея"
3996,1753331372,ozon,Комплектация,сменное основание
3997,1753331372,ozon,Страна-изготовитель,Китай
3998,1667466502,ozon,Артикул,1667466502
3999,1667466502,ozon,Тип,Миостимулятор
4000,1667466502,ozon,Цвет,Талия+плечи x2
4001,1667466502,ozon,Вид массажа,Миостимулирующий
4002,1667466502,ozon,Зоны массажа,"Поясница, Плечи"
4003,1667466502,ozon,Особенности массажного аппарата,"Подогрев, Съемные части"
4004,1667466502,ozon,Материал корпуса,ABS пластик
4005,1667466502,ozon,Количество программ/режимов,18
4006,1667466502,ozon,Упаковка,Бумажная обертка
4007,1667466502,ozon,Страна-изготовитель,Китай
4008,1667466502,ozon,Комплектация,- Пояс для пресса * 1 - Удлинитель * 1 - EMS рука *2 - Инструкция по эксплуатации
4009,1136490299,ozon,Артикул,1136490299
4010,1136490299,ozon,Тип,Миостимулятор
4011,1136490299,ozon,Цвет,Черно-синий
4012,1136490299,ozon,Зоны массажа,"Плечи, Руки, Ноги, Поясница, Спина, Шея"
4013,1136490299,ozon,Материал корпуса,"ABS пластик, Силикон"
4014,1136490299,ozon,Количество программ/режимов,8
4015,1136490299,ozon,Вид питания,От сети 220В
4016,1136490299,ozon,"Фактический размер товара, см",15
4017,1136490299,ozon,Упаковка,Картонная коробка
4018,1136490299,ozon,Комплектация,Массажер миостимулятор - 1 шт; индивидуальная упаковка
4019,1136490299,ozon,"Вид массажа
","Вибрационный, Импульсный, Комбинированный, Миостимулирующий, Оздоровительный, Расслабляющий"
4020,1633531076,ozon,Артикул,1633531076
4021,1633531076,ozon,Тип,Миостимулятор
4022,1633531076,ozon,Цвет,30
4023,1633531076,ozon,Вид массажа,"Акупунктурный, Вибрационный, Импульсный, Миостимулирующий"
4024,1633531076,ozon,Зоны массажа,"Зона декольте, Ноги, Руки, Тело, Поясница, Плечи"
4025,1633531076,ozon,Особенности массажного аппарата,Ручные программы
4026,1633531076,ozon,Материал корпуса,ABS пластик
4027,1633531076,ozon,Количество программ/режимов,8
4028,1633531076,ozon,Вид питания,От порта USB
4029,1633531076,ozon,"Напряжение, В",5
4030,1633531076,ozon,"Фактический размер товара, см",6
4031,1633531076,ozon,Упаковка,Easy pack
4032,1633531076,ozon,Страна-изготовитель,Китай
4033,1633531076,ozon,Гарантийный срок,365
4034,1704574204,ozon,Артикул,1704574204
4035,1704574204,ozon,Тип,Миостимулятор
4036,1704574204,ozon,Цвет,Тип батареи
4037,1704574204,ozon,Вид массажа,Миостимулирующий
4038,1704574204,ozon,Зоны массажа,"Ягодицы, Плечи, Поясница, Шея, Тело, Ноги"
4039,1704574204,ozon,Материал корпуса,ABS пластик
4040,1704574204,ozon,Страна-изготовитель,Китай
4041,1828257216,ozon,Артикул,1828257216
4042,1828257216,ozon,Тип,Миостимулятор
4043,1828257216,ozon,Цвет,Черно-синий
4044,1828257216,ozon,Вид массажа,"Рефлекторный, Лечебный, Импульсный"
4045,1828257216,ozon,Зоны массажа,"Руки, Поясница, Плечи, Ноги, Тело, Шея"
4046,1828257216,ozon,Особенности массажного аппарата,"Работает в автомобиле, Съемные части"
4047,1828257216,ozon,Материал корпуса,ABS пластик
4048,1828257216,ozon,Количество программ/режимов,8
4049,1828257216,ozon,Вид питания,"Встроенный аккумулятор, От сети 220В"
4050,1828257216,ozon,"Мощность массажера, Вт",5
4051,1828257216,ozon,"Напряжение, В",5
4052,1828257216,ozon,"Фактический размер товара, см",15х6
4053,1828257216,ozon,Упаковка,Картонная коробка
4054,1828257216,ozon,Страна-изготовитель,КНДР
4055,1828257216,ozon,Гарантийный срок,14 дней
4056,1828257216,ozon,Комплектация,"Блок управления, крепление для пластыря и массажера, гидрогелевый пластырь, провод type-c"
4057,974407960,ozon,Артикул,974407960
4058,974407960,ozon,Тип,Миостимулятор
4059,974407960,ozon,Цвет,6 режимов-USB+Пластырь +remote
4060,974407960,ozon,Вид массажа,Рефлекторный
4061,974407960,ozon,Зоны массажа,Спина
4062,974407960,ozon,Особенности массажного аппарата,Подогрев
4063,974407960,ozon,Материал корпуса,ABS пластик
4064,974407960,ozon,Количество программ/режимов,6
4065,974407960,ozon,Вид питания,Внешний источник питания
4066,974407960,ozon,"Мощность массажера, Вт",24
4067,974407960,ozon,"Фактический размер товара, см",32.5*29.5*11.6
4068,974407960,ozon,Страна-изготовитель,Китай
4069,974407960,ozon,Гарантийный срок,180天
4070,974407960,ozon,Комплектация,Комплект включает в себя. Массажная подушечка для ног EMS*1 USB-кабель*1 Пульт дистанционного управления*1 Главное устройство*1 Руководство пользователя*1
4071,1827960558,ozon,Артикул,1827960558
4072,1827960558,ozon,Тип,Миостимулятор
4073,1827960558,ozon,Цвет,Черный
4074,1827960558,ozon,Зоны массажа,"Поясница, Тело, Спина, Ягодицы"
4075,1827960558,ozon,Особенности массажного аппарата,Ручные программы
4076,1827960558,ozon,"Максимальный рост пользователя, см",190
4077,1827960558,ozon,Материал корпуса,"ABS пластик, Текстиль"
4078,1827960558,ozon,Количество программ/режимов,8
4079,1827960558,ozon,Вид питания,"Встроенный аккумулятор, От порта USB"
4080,1827960558,ozon,"Мощность массажера, Вт",30
4081,1827960558,ozon,Страна-изготовитель,Китай
4082,1827960558,ozon,"Вид массажа
","Импульсный, Лимфодренажный, Миостимулирующий, Антицеллюлитный"
4083,1827960558,ozon,Комплектация,Пояс миостимулятор для пресса - 1 шт; Контроллер - 1 шт; Зарядка USB - 1 шт; Инструкция - 1 шт.
4084,1694331804,ozon,Артикул,1694331804
4085,1694331804,ozon,Тип,Миостимулятор
4086,1694331804,ozon,Цвет,Белый
4087,1694331804,ozon,Вид массажа,"Вибрационный, Миостимулирующий"
4088,1694331804,ozon,Зоны массажа,"Ягодицы, Тело"
4089,1694331804,ozon,Особенности массажного аппарата,"Работает в автомобиле, Русификация, Ручные программы"
4090,1694331804,ozon,"Максимальный рост пользователя, см",230
4091,1694331804,ozon,Материал корпуса,"Сталь, Силикон"
4092,1694331804,ozon,Количество программ/режимов,2
4093,1694331804,ozon,Вид питания,Встроенный аккумулятор
4094,1694331804,ozon,"Фактический размер товара, см","26×20×0,2"
4095,1694331804,ozon,Комплектация,миостимулятор 1шт
4096,1694331804,ozon,Страна-изготовитель,Китай
4097,1694331804,ozon,Гарантийный срок,1 год
4098,1619307219,ozon,Артикул,1619307219
4099,1619307219,ozon,Тип,Миостимулятор
4100,1619307219,ozon,Цвет,Мини-хост
4101,1619307219,ozon,Вид массажа,"Акупунктурный, Вибрационный, Импульсный, Миостимулирующий"
4102,1619307219,ozon,Зоны массажа,"Зона декольте, Ноги, Руки, Тело, Поясница, Плечи"
4103,1619307219,ozon,Особенности массажного аппарата,Ручные программы
4104,1619307219,ozon,Материал корпуса,ABS пластик
4105,1619307219,ozon,Количество программ/режимов,8
4106,1619307219,ozon,Вид питания,От порта USB
4107,1619307219,ozon,"Напряжение, В",5
4108,1619307219,ozon,"Фактический размер товара, см",6
4109,1619307219,ozon,Упаковка,Easy pack
4110,1619307219,ozon,Страна-изготовитель,Китай
4111,1619307219,ozon,Гарантийный срок,365
4112,1809328915,ozon,Артикул,1809328915
4113,1809328915,ozon,Тип,Миостимулятор
4114,1809328915,ozon,Вид массажа,"Вибрационный, Импульсный, Миостимулирующий"
4115,1809328915,ozon,Зоны массажа,"Руки, Тело, Шея, Поясница, Плечи, Ягодицы"
4116,1809328915,ozon,Особенности массажного аппарата,Таймер
4117,1809328915,ozon,Материал корпуса,ABS пластик
4118,1809328915,ozon,Количество программ/режимов,8
4119,1809328915,ozon,"Мощность массажера, Вт",3.7
4120,1809328915,ozon,"Напряжение, В",4
4121,1809328915,ozon,Упаковка,Картонная коробка
4122,1809328915,ozon,Комплектация,массажер-1 шткабель зарядки-1 шт инструкция- 1 шт
4123,1930554651,ozon,Артикул,1930554651
4124,1930554651,ozon,Тип,Миостимулятор
4125,1930554651,ozon,Цвет,8шт Пластырь
4126,1930554651,ozon,Вид массажа,"Вибрационный, Рефлекторный, Расслабляющий"
4127,1930554651,ozon,Зоны массажа,"Плечи, Поясница, Руки, Ноги, Спина, Тело"
4128,1930554651,ozon,Особенности массажного аппарата,Подогрев
4129,1930554651,ozon,Материал корпуса,ABS пластик
4130,1930554651,ozon,Комплектация,Пластырь - 8 шт
4131,1930554651,ozon,Страна-изготовитель,Китай
4132,1930554651,ozon,Гарантийный срок,180
4133,1004306257,ozon,Артикул,1004306257
4134,1004306257,ozon,Тип,Миостимулятор
4135,1004306257,ozon,Цвет,Белоеa 05
4136,1004306257,ozon,Зоны массажа,Тело
4137,1004306257,ozon,Материал корпуса,ABS пластик
4138,1004306257,ozon,Вид питания,"Сменная батарея, Внешний источник питания"
4139,1004306257,ozon,"Напряжение, В",220
4140,1004306257,ozon,Упаковка,Пакет подарочный
4141,1004306257,ozon,Страна-изготовитель,Китай
4142,1004306257,ozon,Гарантийный срок,6 месяцев
4143,1004306257,ozon,Комплектация,Физиотерапевтический инструмент*1<br/>Массажный электрод для стимуляции мышц*6<br/>Источник питания*1<br/>Руководство пользователя*1<br/>Соединительный провод*14
4144,2236043522,ozon,Артикул,2236043522
4145,2236043522,ozon,Тип,Миостимулятор
4146,2236043522,ozon,Зоны массажа,"Голова, Лицо, Область вокруг глаз"
4147,2236043522,ozon,Материал корпуса,"ABS пластик, Силикон"
4148,2236043522,ozon,Вид питания,Сменная батарея
4149,2236043522,ozon,Страна-изготовитель,Россия
4150,2236043522,ozon,Гарантийный срок,12
4151,2236043522,ozon,Цвет,"Набор Логовибромассажер Панда с насадками ""Рыбка"", ""Бабочка"" , ""Кукуруза"""
4152,2236043522,ozon,"Вид массажа
","Вибрационный, Импульсный, Классический, Комбинированный, Миостимулирующий, Расслабляющий"
4153,1831371203,ozon,Артикул,1831371203
4154,1831371203,ozon,Тип,Миостимулятор
4155,1831371203,ozon,Цвет,Тренажер для мышц тазового дна
4156,1831371203,ozon,Вид массажа,"Миостимулирующий, Оздоровительный"
4157,1831371203,ozon,Зоны массажа,Тело
4158,1831371203,ozon,Материал корпуса,Биопластик
4159,1831371203,ozon,Страна-изготовитель,Китай
4160,1831371203,ozon,Комплектация,Блок управления MedLar Pelvifine KM518. Вагинальный зонд. Соединительный кабель. Батарея «Крона» 9 В. Инструкция. Упаковка.
4161,1223577763,ozon,Артикул,1223577763
4162,1223577763,ozon,Тип,Миостимулятор
4163,1223577763,ozon,Цвет,Черный
4164,1223577763,ozon,Вид массажа,"Антицеллюлитный, Миостимулирующий"
4165,1223577763,ozon,Зоны массажа,Тело
4166,1223577763,ozon,Материал корпуса,ABS пластик
4167,1223577763,ozon,Количество программ/режимов,6
4168,1223577763,ozon,"Фактический размер товара, см",118х17
4169,1223577763,ozon,Комплектация,"Тренажер-массажер, инструкция"
4170,1208278375,ozon,Артикул,1208278375
4171,1208278375,ozon,Тип,Миостимулятор
4172,1208278375,ozon,Цвет,Белый
4173,1208278375,ozon,Зоны массажа,"Плечи, Тело, Шея, Зона декольте, Руки, Ноги"
4174,1208278375,ozon,Материал корпуса,ABS пластик
4175,1208278375,ozon,Количество программ/режимов,15
4176,1208278375,ozon,Вид питания,"От сети 220В, Встроенный аккумулятор"
4177,1208278375,ozon,"Фактический размер товара, см",5
4178,1208278375,ozon,Упаковка,"Коробка, Зип-пакет"
4179,1208278375,ozon,Страна-изготовитель,Китай
4180,1208278375,ozon,Гарантийный срок,14 дней
4181,1208278375,ozon,"Вид массажа
","Акупунктурный, Антицеллюлитный, Вибрационный, Импульсный, Миостимулирующий, Расслабляющий"
4182,1208278375,ozon,Особенности массажного аппарата,"Подогрев, Таймер, Встроенные динамики, Работает в автомобиле, Русификация, Ручные программы"
4183,1208278375,ozon,Комплектация,"Массажер, гель микротоковый в подарок, зарядный шнур, инструкция на русском языке"
4184,1320332916,ozon,Артикул,1320332916
4185,1320332916,ozon,Тип,Миостимулятор
4186,1320332916,ozon,Цвет,Синий серебристый，1
4187,1320332916,ozon,Зоны массажа,"Тело, Шея, Ягодицы, Поясница, Плечи, Ноги"
4188,1320332916,ozon,Особенности массажного аппарата,Подогрев
4189,1320332916,ozon,Материал корпуса,ABS пластик
4190,1320332916,ozon,Вид питания,"Внешний источник питания, От сети 220В"
4191,1320332916,ozon,"Мощность массажера, Вт",90
4192,1320332916,ozon,"Напряжение, В",220
4193,1320332916,ozon,Упаковка,Чемоданчик
4194,1320332916,ozon,Страна-изготовитель,Китай
4195,1320332916,ozon,Гарантийный срок,365
4196,1320332916,ozon,"Вид массажа
","Вибрационный, Лечебный, Миостимулирующий, Перкусионный, Расслабляющий, Рефлекторный"
4197,1320332916,ozon,Комплектация,"7 рабочих головок, 4 защитных чехла для рабочих головок, хост, шнур питания, инструкция"
4198,1975508096,ozon,Артикул,1975508096
4199,1975508096,ozon,Тип,Миостимулятор
4200,1975508096,ozon,Цвет,8 режимов
4201,1975508096,ozon,Вид массажа,Миостимулирующий
4202,1975508096,ozon,Зоны массажа,Ноги
4203,1975508096,ozon,Особенности массажного аппарата,Съемные части
4204,1975508096,ozon,Материал корпуса,ABS пластик
4205,1975508096,ozon,Количество программ/режимов,8
4206,1975508096,ozon,Вид питания,Встроенный аккумулятор
4207,1975508096,ozon,"Напряжение, В",3.3
4208,1975508096,ozon,Страна-изготовитель,Китай
4209,1975508096,ozon,Гарантийный срок,180небо
4210,1975508096,ozon,Комплектация,Массажер Pad - 1шт. Блокуправления - 1шт. USB-кабель зарядки – 1шт.
4211,809449784,ozon,Артикул,809449784
4212,809449784,ozon,Тип,Миостимулятор
4213,809449784,ozon,Цвет,Фиолетовый
4214,809449784,ozon,Вид массажа,"Импульсный, Миостимулирующий, Разминание, Вибрационный"
4215,809449784,ozon,Зоны массажа,Ягодицы
4216,809449784,ozon,Особенности массажного аппарата,"Работает в автомобиле, Ручные программы, Таймер"
4217,809449784,ozon,"Максимальный рост пользователя, см",200
4218,809449784,ozon,Материал корпуса,ABS пластик
4219,809449784,ozon,Количество программ/режимов,8
4220,809449784,ozon,Вид питания,Сменная батарея
4221,809449784,ozon,"Фактический размер товара, см","14х7,5"
4222,809449784,ozon,Упаковка,Картонная коробка
4223,809449784,ozon,Страна-изготовитель,Китай
4224,809449784,ozon,Гарантийный срок,14 дней
4225,809449784,ozon,Комплектация,"Миостимулятор (хост-компьютер), зонд, комплекты шнуров, чехол для хранения, инструкция на русском языке"
4226,1831371235,ozon,Артикул,1831371235
4227,1831371235,ozon,Тип,Миостимулятор
4228,1831371235,ozon,Цвет,"Салатовый, белый"
4229,1831371235,ozon,Вид массажа,"Миостимулирующий, Оздоровительный"
4230,1831371235,ozon,Зоны массажа,Тело
4231,1831371235,ozon,Материал корпуса,Биопластик
4232,1831371235,ozon,Страна-изготовитель,Великобритания
4233,1831371235,ozon,Комплектация,"Тренажер EmbaGYN Tenscare - 1 шт. Соединительные провода - 1 шт. Вагинальный зонд со съемным указателем - 1 шт. Батарейки АА 1,5 В – 2 шт. Чехол для хранения - 1 шт. Инструкция - 1 шт. Упаковка - 1 шт."
4234,1519385953,ozon,Артикул,1519385953
4235,1519385953,ozon,Тип,Миостимулятор
4236,1519385953,ozon,Цвет,Панда с 7 насадками и бусинами
4237,1519385953,ozon,Зоны массажа,"Лицо, Голова, Область вокруг глаз"
4238,1519385953,ozon,Материал корпуса,ABS пластик
4239,1519385953,ozon,Упаковка,Коробка пластиковая
4240,1519385953,ozon,Страна-изготовитель,Россия
4241,1519385953,ozon,Гарантийный срок,12 месяцев
4242,1680932809,ozon,Артикул,1680932809
4243,1680932809,ozon,Тип,Миостимулятор
4244,1680932809,ozon,Цвет,Пластырь-10
4245,1680932809,ozon,Вид массажа,"Антицеллюлитный, Вибрационный, Импульсный, Миостимулирующий"
4246,1680932809,ozon,Зоны массажа,"Ноги, Тело, Поясница, Плечи"
4247,1680932809,ozon,Особенности массажного аппарата,"Русификация, Ручные программы, Таймер"
4248,1680932809,ozon,"Максимальный рост пользователя, см",220
4249,1680932809,ozon,Материал корпуса,ABS пластик
4250,1680932809,ozon,Количество программ/режимов,5
4251,1680932809,ozon,Вид питания,"Сменная батарея, Внешний источник питания"
4252,1680932809,ozon,"Мощность массажера, Вт",10
4253,1680932809,ozon,"Напряжение, В",220
4254,1680932809,ozon,Упаковка,"Бумажная обертка, Бумажный пакет"
4255,1680932809,ozon,Страна-изготовитель,Китай
4256,1680932809,ozon,Комплектация,Терапевтические тапочки - 1 шт.;Электроды (патчи) - 4 шт.;Подставка для патчей - 1 шт.;Шнуры электоды - 2 шт.;Блок питания;Инструкция; Аппарат;
4257,1899677159,ozon,Артикул,1899677159
4258,1899677159,ozon,Тип,Миостимулятор
4259,1899677159,ozon,Вид массажа,"Миостимулирующий, Антицеллюлитный, Вибрационный"
4260,1899677159,ozon,Зоны массажа,"Тело, Поясница, Руки, Ноги, Лицо"
4261,1899677159,ozon,Особенности массажного аппарата,"Таймер, Съемные части"
4262,1899677159,ozon,Материал корпуса,"ABS пластик, Металл"
4263,1899677159,ozon,Количество программ/режимов,4
4264,1899677159,ozon,"Напряжение, В",220
4265,1899677159,ozon,Упаковка,Картонная коробка
4266,1899677159,ozon,Страна-изготовитель,Китай
4267,1899677159,ozon,Гарантийный срок,90 дней
4268,1899677159,ozon,Комплектация,Товарная накладная <br> 1шт основной блок <br> 1 пара подушечек для нагрудных электродов <br> 10 пар электродов <br> 10шт провода <br> 1 женская область лечебный электродный стержень <br> 1шт держатель аксессуаров <br> 1 комплект электродной повязки <br> 1шт силовой провод <br> 1 шт. руководство пользователя на английском языке
4269,857380813,ozon,Артикул,857380813
4270,857380813,ozon,Тип,Миостимулятор
4271,857380813,ozon,Цвет,Стиль 02
4272,857380813,ozon,Зоны массажа,Тело
4273,857380813,ozon,Материал корпуса,ABS пластик
4274,857380813,ozon,Количество программ/режимов,2
4275,857380813,ozon,Вид питания,Сменный аккумулятор (нет в комплекте)
4276,857380813,ozon,"Напряжение, В",220
4277,857380813,ozon,"Фактический размер товара, см",15x10x4
4278,857380813,ozon,Упаковка,Бумажный пакет
4279,857380813,ozon,Страна-изготовитель,Китай
4280,857380813,ozon,"Вид массажа
","Вакуумный, Миостимулирующий, Расслабляющий, Оздоровительный, Лечебный, Лимфодренажный"
4281,857380813,ozon,Особенности массажного аппарата,"Работает в автомобиле, Ручные программы, Встроенные динамики, Сканирование тела"
4282,1906216955,ozon,Артикул,1906216955
4283,1906216955,ozon,Тип,Миостимулятор
4284,1906216955,ozon,Цвет,8 режимов
4285,1906216955,ozon,Вид массажа,Миостимулирующий
4286,1906216955,ozon,Зоны массажа,Ноги
4287,1906216955,ozon,Особенности массажного аппарата,Съемные части
4288,1906216955,ozon,Материал корпуса,ABS пластик
4289,1906216955,ozon,Количество программ/режимов,8
4290,1906216955,ozon,Вид питания,Встроенный аккумулятор
4291,1906216955,ozon,"Напряжение, В",3.3
4292,1906216955,ozon,Страна-изготовитель,Китай
4293,1906216955,ozon,Гарантийный срок,180небо
4294,1906216955,ozon,Комплектация,Массажер Pad - 1шт. Блокуправления - 1шт. USB-кабель зарядки – 1шт.
4295,1904527534,ozon,Артикул,1904527534
4296,1904527534,ozon,Тип,Миостимулятор
4297,1904527534,ozon,Цвет,Живот，рука
4298,1904527534,ozon,Вид массажа,"Рефлекторный, Миостимулирующий"
4299,1904527534,ozon,Зоны массажа,"Тело, Руки, Плечи, Ноги"
4300,1904527534,ozon,Особенности массажного аппарата,"Пульт ДУ, Съемные части"
4301,1904527534,ozon,Материал корпуса,ABS пластик
4302,1904527534,ozon,Количество программ/режимов,8
4303,1904527534,ozon,Вид питания,"От порта USB, Встроенный аккумулятор"
4304,1904527534,ozon,"Напряжение, В",3.3
4305,1904527534,ozon,"Фактический размер товара, см",19*17
4306,1904527534,ozon,Упаковка,Пластиковая сумка
4307,1904527534,ozon,Комплектация,Массажер для живота*1 Массажер для рук*2 Панель управления*3
4308,1904527534,ozon,Страна-изготовитель,Китай
4309,1904527534,ozon,Гарантийный срок,180 дней
4310,1456651362,ozon,Артикул,1456651362
4311,1456651362,ozon,Тип,Миостимулятор
4312,1456651362,ozon,Цвет,Черный
4313,1456651362,ozon,Вид массажа,"Импульсный, Миостимулирующий"
4314,1456651362,ozon,Зоны массажа,"Поясница, Спина"
4315,1456651362,ozon,"Максимальный рост пользователя, см",230
4316,1456651362,ozon,Материал корпуса,ABS пластик
4317,1456651362,ozon,Количество программ/режимов,19
4318,1456651362,ozon,Вид питания,От порта USB
4319,1456651362,ozon,"Мощность массажера, Вт",5
4320,1456651362,ozon,"Напряжение, В",3
4321,1456651362,ozon,"Фактический размер товара, см",115х14
4322,1456651362,ozon,Упаковка,Картонная коробка
4323,1456651362,ozon,Комплектация,"пояс 1 шт, контроллер 1 шт, шнур usb 1 шт, инструкция 1 шт"
4324,1456651362,ozon,Страна-изготовитель,Китай
4325,1456651362,ozon,Гарантийный срок,14 дней
4326,1456651362,ozon,Особенности массажного аппарата,"Регулировка по размеру, Съемные части, Таймер, Ручные программы"
4327,1618376505,ozon,Артикул,1618376505
4328,1618376505,ozon,Тип,Миостимулятор
4329,1618376505,ozon,Цвет,10
4330,1618376505,ozon,Вид массажа,"Акупунктурный, Вибрационный, Импульсный, Миостимулирующий"
4331,1618376505,ozon,Зоны массажа,"Зона декольте, Ноги, Руки, Тело, Поясница, Плечи"
4332,1618376505,ozon,Особенности массажного аппарата,Ручные программы
4333,1618376505,ozon,Материал корпуса,ABS пластик
4334,1618376505,ozon,Количество программ/режимов,8
4335,1618376505,ozon,Вид питания,От порта USB
4336,1618376505,ozon,"Напряжение, В",5
4337,1618376505,ozon,"Фактический размер товара, см",6
4338,1618376505,ozon,Упаковка,Easy pack
4339,1618376505,ozon,Страна-изготовитель,Китай
4340,1618376505,ozon,Гарантийный срок,365
4341,1202882945,ozon,Артикул,1202882945
4342,1202882945,ozon,Тип,Миостимулятор
4343,1202882945,ozon,Цвет,"Вибромассажер Панда мульти ""Утконос"""
4344,1202882945,ozon,Зоны массажа,"Голова, Лицо"
4345,1202882945,ozon,Вид питания,Сменная батарея
4346,1202882945,ozon,Страна-изготовитель,Россия
4347,1202882945,ozon,Гарантийный срок,12
4348,1202882945,ozon,"Вид массажа
","Вибрационный, Комбинированный, Миостимулирующий, Расслабляющий"
4349,2019765359,ozon,Артикул,2019765359
4350,2019765359,ozon,Тип,Миостимулятор
4351,2019765359,ozon,Цвет,Черный
4352,2019765359,ozon,Зоны массажа,Ноги
4353,2019765359,ozon,Особенности массажного аппарата,"Работает в автомобиле, Ручные программы, Съемные части"
4354,2019765359,ozon,Количество программ/режимов,8
4355,2019765359,ozon,Вид питания,"Встроенный аккумулятор, От порта USB"
4356,2019765359,ozon,"Мощность массажера, Вт",24
4357,2019765359,ozon,"Напряжение, В",3.7
4358,2019765359,ozon,"Фактический размер товара, см","29x27x1,5"
4359,2019765359,ozon,Страна-изготовитель,Китай
4360,2019765359,ozon,Гарантийный срок,14 дней при сохранении товарного вида и упаковки
4361,1598071572,ozon,Артикул,1598071572
4362,1598071572,ozon,Тип,Миостимулятор
4363,1598071572,ozon,Бренд,YUNCHI
4364,1598071572,ozon,Цвет,Ультразвуковой физиотерапевтический прибор
4365,1598071572,ozon,Вид массажа,"Миостимулирующий, Расслабляющий"
4366,1598071572,ozon,Зоны массажа,"Тело, Плечи, Руки"
4367,1598071572,ozon,Особенности массажного аппарата,Регулировка роликов
4368,1598071572,ozon,Материал корпуса,ABS пластик
4369,1598071572,ozon,Количество программ/режимов,3
4370,1598071572,ozon,Вид питания,Внешний источник питания
4371,1598071572,ozon,"Мощность массажера, Вт",25
4372,1598071572,ozon,"Фактический размер товара, см",24*24*11
4373,1598071572,ozon,Упаковка,Бумажная обертка
4374,1598071572,ozon,Страна-изготовитель,Китай
4375,1598071572,ozon,Комплектация,Ультразвуковой физиотерапевтический прибор *1 Гель *1 Руководство *1
4376,1877688743,ozon,Артикул,1877688743
4377,1877688743,ozon,Тип,Миостимулятор
4378,1877688743,ozon,Цвет,Оранжевый цвет
4379,1877688743,ozon,Вид массажа,Миостимулирующий
4380,1877688743,ozon,Зоны массажа,"Тело, Спина, Зона декольте"
4381,1877688743,ozon,Особенности массажного аппарата,Съемные части
4382,1877688743,ozon,Материал корпуса,ABS пластик
4383,1877688743,ozon,Количество программ/режимов,8
4384,1877688743,ozon,Вид питания,Встроенный аккумулятор
4385,1877688743,ozon,"Напряжение, В",5
4386,1877688743,ozon,Упаковка,Box Set
4387,1877688743,ozon,Комплектация,Массажер патч - 3 шт. панель управления - 3 шт. USB - 1 шт.
4388,1877688743,ozon,Страна-изготовитель,Китай
4389,1877688743,ozon,Гарантийный срок,180 дней
4390,907907517,ozon,Артикул,907907517
4391,907907517,ozon,Тип,Миостимулятор
4392,907907517,ozon,Цвет,Белый
4393,907907517,ozon,Зоны массажа,"Лицо, Ноги, Плечи, Поясница, Руки, Тело"
4394,907907517,ozon,Особенности массажного аппарата,Таймер
4395,907907517,ozon,"Максимальный рост пользователя, см",200
4396,907907517,ozon,Материал корпуса,Металл
4397,907907517,ozon,Количество программ/режимов,4
4398,907907517,ozon,Вид питания,Внешний источник питания
4399,907907517,ozon,"Мощность массажера, Вт",12
4400,907907517,ozon,"Напряжение, В",220
4401,907907517,ozon,Упаковка,Картонная коробка
4402,907907517,ozon,Страна-изготовитель,Китай
4403,907907517,ozon,Гарантийный срок,90 дней
4404,907907517,ozon,"Вид массажа
","Антицеллюлитный, Импульсный, Лимфодренажный, Миостимулирующий"
4405,907907517,ozon,Комплектация,"ВНИМАНИЕ! Доставка только по РОССИИ! НЕТ ДОСТАВКИ в Казахстан, Киргизия и т.д. Если Вы его ошибочно заказали, отмените свой заказ. Блок управления - 1 шт Провод подключения электродов - 12 шт Электрод большой - 10 шт Электрод малый -10 шт Электрод для груди, локтей - 2 шт Электрод для лица - 2 шт Бандаж большой - 1 шт Бандаж малый - 10 шт Сетевой провод - 1 шт Инструкция на русском языке - 1 шт Гарантийный талон - 1 шт"
4406,1029488371,ozon,Артикул,1029488371
4407,1029488371,ozon,Тип,Миостимулятор
4408,1029488371,ozon,Цвет,Белый
4409,1029488371,ozon,Вид массажа,Миостимулирующий
4410,1029488371,ozon,Зоны массажа,Тело
4411,1029488371,ozon,Материал корпуса,ABS пластик
4412,1029488371,ozon,Вид питания,От порта USB
4413,1029488371,ozon,"Мощность массажера, Вт",5
4414,1029488371,ozon,"Напряжение, В",5
4415,1029488371,ozon,Упаковка,Картонная коробка
4416,1029488371,ozon,Страна-изготовитель,Китай
4417,1029488371,ozon,Комплектация,1*главный 1*зонд Две пары электродов 1*Пара нагрудных нашивок 1*Кабель для зарядки Два соединительных провода 1*спецификация 1*Упаковочная коробка
4418,286015676,ozon,Артикул,286015676
4419,286015676,ozon,Тип,Миостимулятор
4420,286015676,ozon,Цвет,Черный
4421,286015676,ozon,Вид массажа,Миостимулирующий
4422,286015676,ozon,Зоны массажа,"Грудь, Ноги, Плечи, Руки, Тело, Ягодицы"
4423,286015676,ozon,Особенности массажного аппарата,"Работает в автомобиле, Таймер"
4424,286015676,ozon,Количество программ/режимов,8
4425,286015676,ozon,Страна-изготовитель,Китай
4426,286015676,ozon,Гарантийный срок,год
4427,286015676,ozon,Комплектация,"3 пульта, пояс с 6-ю электродами, 2 ремня с 2-мя электродами"
4428,1251070124,ozon,Артикул,1251070124
4429,1251070124,ozon,Тип,Миостимулятор
4430,1251070124,ozon,Цвет,Черно-синий
4431,1251070124,ozon,Зоны массажа,"Плечи, Руки, Ноги, Поясница, Спина, Шея"
4432,1251070124,ozon,Материал корпуса,"ABS пластик, Силикон"
4433,1251070124,ozon,Количество программ/режимов,8
4434,1251070124,ozon,Вид питания,От сети 220В
4435,1251070124,ozon,"Фактический размер товара, см",15
4436,1251070124,ozon,Упаковка,Картонная коробка
4437,1251070124,ozon,Комплектация,Массажер миостимулятор - 1 шт; индивидуальная упаковка
4438,1251070124,ozon,"Вид массажа
","Вибрационный, Импульсный, Комбинированный, Миостимулирующий, Оздоровительный, Расслабляющий"
4439,1632590844,ozon,Артикул,1632590844
4440,1632590844,ozon,Тип,Миостимулятор
4441,1632590844,ozon,Цвет,Серебристый
4442,1632590844,ozon,Зоны массажа,"Лицо, Тело, Поясница, Ноги, Ягодицы"
4443,1632590844,ozon,Вид питания,От сети 220В
4444,1632590844,ozon,Гарантийный срок,1 год
4445,1632590844,ozon,Комплектация,"Полный комплект, дополнительно методичка по базовой технике и видео обучений, карта меридианов и биологически активных точек, видео обучения на русском языке, информационная поддержка специалистов российского учебного центра с медицинским образованием 24/7, прямые поставки с завода, возможна дополнительная комплектация расходными материалами по ценам от производителя, российский поставщик"
4446,1632613931,ozon,Артикул,1632613931
4447,1632613931,ozon,Тип,Миостимулятор
4448,1632613931,ozon,Цвет,Белый
4449,1632613931,ozon,Вид массажа,Миостимулирующий
4450,1632613931,ozon,Зоны массажа,Тело
4451,1632613931,ozon,Особенности массажного аппарата,Съемные части
4452,1632613931,ozon,Материал корпуса,"ABS пластик, Металл"
4453,1632613931,ozon,Вид питания,От порта USB
4454,1632613931,ozon,"Мощность массажера, Вт",32
4455,1632613931,ozon,"Напряжение, В",3.6
4456,1632613931,ozon,Упаковка,Картонная коробка
4457,1632613931,ozon,Страна-изготовитель,Китай
4458,1358043635,ozon,Артикул,1358043635
4459,1358043635,ozon,Тип,Миостимулятор
4460,1358043635,ozon,Цвет,Розовый Белый массажер для лица V-образной формы
4461,1358043635,ozon,Вид массажа,"Вибрационный, Расслабляющий"
4462,1358043635,ozon,Зоны массажа,Шея
4463,1358043635,ozon,Особенности массажного аппарата,"Таймер, Съемные части"
4464,1358043635,ozon,Материал корпуса,ABS пластик
4465,1358043635,ozon,Вид питания,Встроенный аккумулятор
4466,1358043635,ozon,Упаковка,Подарочная коробка
4467,1358043635,ozon,Страна-изготовитель,Китай
4468,1711881832,ozon,Артикул,1711881832
4469,1711881832,ozon,Тип,Миостимулятор
4470,1711881832,ozon,Зоны массажа,Ноги
4471,1711881832,ozon,Особенности массажного аппарата,Работает в автомобиле
4472,1711881832,ozon,Количество программ/режимов,4
4473,1711881832,ozon,Упаковка,Пластиковый пакет
4474,1711881832,ozon,Страна-изготовитель,Китай
4475,1711881832,ozon,Гарантийный срок,6 месяцев
4476,1396613771,ozon,Артикул,1396613771
4477,1396613771,ozon,Тип,Миостимулятор
4478,1396613771,ozon,Цвет,Стиль I
4479,1396613771,ozon,Зоны массажа,"Плечи, Поясница, Ноги, Руки, Тело, Шея"
4480,1396613771,ozon,Материал корпуса,ABS пластик
4481,1396613771,ozon,Количество программ/режимов,2
4482,1396613771,ozon,Вид питания,Сменный аккумулятор (нет в комплекте)
4483,1396613771,ozon,"Напряжение, В",220
4484,1396613771,ozon,"Фактический размер товара, см",15x10x4
4485,1396613771,ozon,Упаковка,Бумажный пакет
4486,1396613771,ozon,Страна-изготовитель,Китай
4487,1396613771,ozon,Гарантийный срок,1 год
4488,1396613771,ozon,"Вид массажа
","Вакуумный, Миостимулирующий, Расслабляющий, Оздоровительный, Лечебный, Лимфодренажный"
4489,1396613771,ozon,Особенности массажного аппарата,"Работает в автомобиле, Ручные программы, Встроенные динамики, Сканирование тела"
4490,279427089,ozon,Артикул,279427089
4491,279427089,ozon,Тип,Миостимулятор
4492,279427089,ozon,Цвет,Черный
4493,279427089,ozon,Зоны массажа,"Тело, Ноги, Ягодицы, Плечи, Руки, Спина"
4494,279427089,ozon,Особенности массажного аппарата,"Пульт ДУ, Ручные программы"
4495,279427089,ozon,Материал корпуса,"ABS пластик, Полипропилен"
4496,279427089,ozon,Вид питания,Сменная батарея
4497,279427089,ozon,Страна-изготовитель,Китай
4498,279427089,ozon,"Вид массажа
","Вибрационный, Антицеллюлитный, Миостимулирующий, Оздоровительный, Расслабляющий, Импульсный"
4499,279427089,ozon,Комплектация,"Накладка для пресса - 1 шт., Накладка для рук, ног или бедер - 2 шт., Пульт управления - 3 шт."
4500,1709458839,ozon,Артикул,1709458839
4501,1709458839,ozon,Тип,Миостимулятор
4502,1709458839,ozon,Цвет,Белый
4503,1709458839,ozon,Зоны массажа,Поясница
4504,1831371581,ozon,Артикул,1831371581
4505,1831371581,ozon,Тип,Миостимулятор
4506,1831371581,ozon,Цвет,Тренажер для мышц тазового дна
4507,1831371581,ozon,Вид массажа,"Миостимулирующий, Оздоровительный"
4508,1831371581,ozon,Зоны массажа,Тело
4509,1831371581,ozon,Материал корпуса,Биопластик
4510,1831371581,ozon,Страна-изготовитель,Китай
4511,1831371581,ozon,Комплектация,Блок управления MedLar Pelvifine KM518 - 1 шт. Вагинальный зонд - 1 шт. Соединительный кабель. Батарея «Крона» 9 В. Гель-смазка на водной основе Just Glide 200 мл. Инструкция.
4512,1213642780,ozon,Артикул,1213642780
4513,1213642780,ozon,Тип,Миостимулятор
4514,1213642780,ozon,Цвет,Черный
4515,1213642780,ozon,Зоны массажа,Ноги
4516,1213642780,ozon,Особенности массажного аппарата,"Работает в автомобиле, Ручные программы, Таймер"
4517,1213642780,ozon,"Максимальный рост пользователя, см",220
4518,1213642780,ozon,Количество программ/режимов,8
4519,1213642780,ozon,Вид питания,Встроенный аккумулятор
4520,1213642780,ozon,Упаковка,Картонная коробка
4521,1213642780,ozon,Страна-изготовитель,Китай
4522,1213642780,ozon,"Вид массажа
","Перкусионный, Акупунктурный, Импульсный, Комбинированный, Миостимулирующий, Оздоровительный"
4523,1213642780,ozon,Комплектация,Массажный коврик 33*28 см - 1 шт.; Блок управления с аккумулятором -1 шт.; Провод USB - 1 шт.; Инструкция на русском - 1 шт.
4524,1144816587,ozon,Артикул,1144816587
4525,1144816587,ozon,Тип,Миостимулятор
4526,1144816587,ozon,Цвет,Серебристый
4527,1144816587,ozon,Вид массажа,"Миостимулирующий, Оздоровительный, Акупунктурный"
4528,1144816587,ozon,Зоны массажа,"Ноги, Поясница, Руки, Спина, Тело, Ягодицы"
4529,1144816587,ozon,Особенности массажного аппарата,"Таймер, Ручные программы, Съемные части, Русификация"
4530,1144816587,ozon,Материал корпуса,ABS пластик
4531,1144816587,ozon,Количество программ/режимов,24
4532,1144816587,ozon,Вид питания,"Встроенный аккумулятор, От порта USB"
4533,1144816587,ozon,"Фактический размер товара, см",9
4534,1144816587,ozon,Упаковка,Картонная коробка
4535,1144816587,ozon,Страна-изготовитель,Китай
4536,1144816587,ozon,Гарантийный срок,1 год
4537,1144816587,ozon,Комплектация,"Прибор миостимуляции, фирменная коробка, набор электродов, провода для электродов, USB провод и адаптер 220В, инструкция на русском языке"
4538,1844318249,ozon,Артикул,1844318249
4539,1844318249,ozon,Тип,Миостимулятор
4540,1844318249,ozon,Цвет,Черный
4541,1844318249,ozon,Вид массажа,Вибрационный
4542,1844318249,ozon,Зоны массажа,"Ноги, Поясница, Спина, Ягодицы"
4543,1844318249,ozon,Количество программ/режимов,8
4544,1844318249,ozon,"Фактический размер товара, см",116
4545,1844318249,ozon,Страна-изготовитель,Китай
4546,1844318249,ozon,Комплектация,Пояс миостимулятор для пресса - 1 шт.; Контроллер - 1 шт.; Зарядка USB - 1 шт.
4547,2082007362,ozon,Артикул,2082007362
4548,2082007362,ozon,Тип,Миостимулятор
4549,2082007362,ozon,Бренд,RedPower
4550,2082007362,ozon,Цвет,Накладки запасные 4шт
4551,2082007362,ozon,Зоны массажа,"Спина, Шея, Ягодицы, Ноги, Поясница, Руки"
4552,2082007362,ozon,Особенности массажного аппарата,"Ручные программы, Съемные части"
4553,2082007362,ozon,"Максимальный рост пользователя, см",250
4554,2082007362,ozon,Материал корпуса,ABS пластик
4555,2082007362,ozon,Количество программ/режимов,8
4556,2082007362,ozon,Вид питания,Встроенный аккумулятор
4557,2082007362,ozon,"Напряжение, В",3
4558,2082007362,ozon,"Фактический размер товара, см",20
4559,2082007362,ozon,Комплектация,"Гелевая накладка 2шт, прибор, USB кабель для зарядки"
4560,2082007362,ozon,Страна-изготовитель,Китай
4561,2082007362,ozon,Гарантийный срок,12
4562,2082007362,ozon,"Вид массажа
","Лечебный, Лимфодренажный, Миостимулирующий, Расслабляющий, Антицеллюлитный, Комбинированный"
4563,1613993578,ozon,Артикул,1613993578
4564,1613993578,ozon,Тип,Миостимулятор
4565,1613993578,ozon,Цвет,2 хост + 2 стикер + коготь
4566,1613993578,ozon,Вид массажа,"Вибрационный, Миостимулирующий"
4567,1613993578,ozon,Зоны массажа,"Тело, Шея, Поясница, Плечи, Ягодицы"
4568,1613993578,ozon,Особенности массажного аппарата,Ручные программы
4569,1613993578,ozon,Материал корпуса,"ABS пластик, Пластик"
4570,1613993578,ozon,Количество программ/режимов,8
4571,1613993578,ozon,Вид питания,"От порта USB, Сменный аккумулятор (нет в комплекте)"
4572,1613993578,ozon,"Мощность массажера, Вт",5
4573,1613993578,ozon,"Напряжение, В",3.7
4574,1613993578,ozon,"Фактический размер товара, см",14.5*6.5
4575,1613993578,ozon,Упаковка,Бумажная обертка
4576,1613993578,ozon,Комплектация,1 Massager 1 Massage pad
4577,1613993578,ozon,Страна-изготовитель,Китай
4578,1613993578,ozon,Гарантийный срок,30 day
4579,1766772270,ozon,Артикул,1766772270
4580,1766772270,ozon,Тип,Миостимулятор
4581,1766772270,ozon,Цвет,S/M (17.5*90cm)
4582,1766772270,ozon,Зоны массажа,"Поясница, Тело"
4583,1766772270,ozon,Материал корпуса,"ABS пластик, Текстиль"
4584,1766772270,ozon,Количество программ/режимов,1
4585,1766772270,ozon,Вид питания,Встроенный аккумулятор
4586,1766772270,ozon,"Фактический размер товара, см",90cm
4587,1766772270,ozon,Упаковка,RETAIL BOX
4588,1766772270,ozon,Комплектация,1
4589,1766772270,ozon,Страна-изготовитель,Китай
4590,1766772270,ozon,"Вид массажа
","Вибрационный, Импульсный, Перкусионный, Рефлекторный, Антицеллюлитный"
4591,1766772270,ozon,Особенности массажного аппарата,"Пульт ДУ, Съемные части, Таймер, Ручные программы, Регулировка по размеру"
4592,1749640637,ozon,Артикул,1749640637
4593,1749640637,ozon,Тип,Миостимулятор
4594,1749640637,ozon,Зоны массажа,"Плечи, Поясница, Тело, Шея, Ягодицы, Руки"
4595,1749640637,ozon,Особенности массажного аппарата,"Пульт ДУ, Работает в автомобиле, Ручные программы, Таймер"
4596,1749640637,ozon,Материал корпуса,ABS пластик
4597,1749640637,ozon,Количество программ/режимов,8
4598,1749640637,ozon,Вид питания,"От порта USB, Сменная батарея"
4599,1749640637,ozon,"Напряжение, В",3.3
4600,1749640637,ozon,Упаковка,Slim Case
4601,1749640637,ozon,Гарантийный срок,6 месяцев
4602,1749640637,ozon,"Вид массажа
","Вибрационный, Импульсный, Лечебный, Миостимулирующий, Расслабляющий, Рефлекторный"
4603,1749640637,ozon,Комплектация,Массажер - 1шт. Блокуправления - 1шт. Пульт дистанционного управления - 1шт. USB-кабель зарядки – 1шт.
4604,1653522090,ozon,Артикул,1653522090
4605,1653522090,ozon,Тип,Миостимулятор
4606,1653522090,ozon,Цвет,1 Belt 2 Arm
4607,1653522090,ozon,Вид массажа,"Импульсный, Оздоровительный"
4608,1653522090,ozon,Зоны массажа,"Ноги, Руки, Тело"
4609,1653522090,ozon,Материал корпуса,"ABS пластик, Текстиль"
4610,1653522090,ozon,Количество программ/режимов,39
4611,1653522090,ozon,Вид питания,Встроенный аккумулятор
4612,1653522090,ozon,"Фактический размер товара, см",116x15
4613,1653522090,ozon,Страна-изготовитель,Китай
4614,1017635337,ozon,Артикул,1017635337
4615,1017635337,ozon,Тип,Миостимулятор
4616,1017635337,ozon,Цвет,6 режимов - 2 в 1
4617,1017635337,ozon,Вид массажа,Рефлекторный
4618,1017635337,ozon,Зоны массажа,"Ноги, Ягодицы, Тело, Плечи, Шея"
4619,1017635337,ozon,Особенности массажного аппарата,Подогрев
4620,1017635337,ozon,Материал корпуса,ABS пластик
4621,1017635337,ozon,Количество программ/режимов,6
4622,1017635337,ozon,Вид питания,Внешний источник питания
4623,1017635337,ozon,"Мощность массажера, Вт",24
4624,1017635337,ozon,"Фактический размер товара, см",32.5*29.5*11.6
4625,1017635337,ozon,Страна-изготовитель,Китай
4626,1017635337,ozon,Гарантийный срок,180天
4627,1017635337,ozon,Комплектация,В комплект входят： Массажная подушка для ног*1 Массажная подушка для шеи*1 USB-кабель*1 Пластырь*1 Пульт дистанционного управления*1 Основной блок*1 Руководство пользователя*1
4628,1570568092,ozon,Артикул,1570568092
4629,1570568092,ozon,Тип,Миостимулятор
4630,1570568092,ozon,Цвет,Черно-белый
4631,1570568092,ozon,Зоны массажа,"Ноги, Плечи, Поясница, Руки, Спина, Тело"
4632,1570568092,ozon,Особенности массажного аппарата,"Русификация, Таймер, Ручные программы"
4633,1570568092,ozon,Материал корпуса,"Силикон, Полипропилен"
4634,1570568092,ozon,Количество программ/режимов,4
4635,1570568092,ozon,Вид питания,"От сети 220В, Сменная батарея"
4636,1570568092,ozon,"Мощность массажера, Вт",5
4637,1570568092,ozon,"Напряжение, В",4.5
4638,1570568092,ozon,"Фактический размер товара, см",80*55*3
4639,1570568092,ozon,Упаковка,Картонная коробка
4640,1570568092,ozon,Комплектация,электрод/липучка - 20шт.
4641,1570568092,ozon,Страна-изготовитель,Китай
4642,1570568092,ozon,"Вид массажа
","Антицеллюлитный, Импульсный, Лечебный, Миостимулирующий, Расслабляющий, Оздоровительный"
4643,801382772,ozon,Артикул,801382772
4644,801382772,ozon,Тип,Миостимулятор
4645,801382772,ozon,Зоны массажа,Тело
4646,801382772,ozon,Страна-изготовитель,Китай
4647,1388849077,ozon,Артикул,1388849077
4648,1388849077,ozon,Тип,Миостимулятор
4649,1388849077,ozon,Цвет,Панда 6 насадок
4650,1388849077,ozon,Зоны массажа,"Лицо, Область вокруг глаз, Шея"
4651,1388849077,ozon,Особенности массажного аппарата,"Ручные программы, Съемные части"
4652,1388849077,ozon,Материал корпуса,"ABS пластик, Силикон"
4653,1388849077,ozon,Упаковка,Коробка пластиковая
4654,1388849077,ozon,Страна-изготовитель,Россия
4655,1388849077,ozon,Гарантийный срок,12 месяцев
4656,1388849077,ozon,"Вид массажа
","Классический, Комбинированный, Миостимулирующий, Расслабляющий, Вибрационный"
4657,1664834128,ozon,Артикул,1664834128
4658,1664834128,ozon,Тип,Миостимулятор
4659,1664834128,ozon,Цвет,Бронза
4660,1664834128,ozon,Вид массажа,"Акупунктурный, Вибрационный, Импульсный, Миостимулирующий"
4661,1664834128,ozon,Зоны массажа,"Зона декольте, Ноги, Плечи, Поясница, Руки, Тело"
4662,1664834128,ozon,Особенности массажного аппарата,Ручные программы
4663,1664834128,ozon,Материал корпуса,ABS пластик
4664,1664834128,ozon,Количество программ/режимов,8
4665,1664834128,ozon,Вид питания,От порта USB
4666,1664834128,ozon,"Напряжение, В",5
4667,1664834128,ozon,"Фактический размер товара, см",6
4668,1664834128,ozon,Упаковка,Easy pack
4669,1664834128,ozon,Комплектация,5 массажных пластыря
4670,1664834128,ozon,Страна-изготовитель,Китай
4671,1664834128,ozon,Гарантийный срок,365
4672,1620351961,ozon,Артикул,1620351961
4673,1620351961,ozon,Тип,Миостимулятор
4674,1620351961,ozon,Цвет,Мини-массажер
4675,1620351961,ozon,Вид массажа,"Вибрационный, Миостимулирующий"
4676,1620351961,ozon,Зоны массажа,"Тело, Шея, Поясница, Плечи, Ягодицы"
4677,1620351961,ozon,Особенности массажного аппарата,Ручные программы
4678,1620351961,ozon,Материал корпуса,"ABS пластик, Пластик"
4679,1620351961,ozon,Количество программ/режимов,8
4680,1620351961,ozon,Вид питания,"От порта USB, Сменный аккумулятор (нет в комплекте)"
4681,1620351961,ozon,"Напряжение, В",5
4682,1620351961,ozon,"Фактический размер товара, см",14.5*6.5
4683,1620351961,ozon,Комплектация,1 Massager 1 Massage pad
4684,1620351961,ozon,Страна-изготовитель,Китай
4685,1603269474,ozon,Артикул,1603269474
4686,1603269474,ozon,Тип,Миостимулятор
4687,1603269474,ozon,Цвет,8 режимов (с Пульт)
4688,1603269474,ozon,Вид массажа,Миостимулирующий
4689,1603269474,ozon,Зоны массажа,"Ноги, Плечи, Поясница, Тело, Шея, Ягодицы"
4690,1603269474,ozon,Особенности массажного аппарата,"Пульт ДУ, Съемные части"
4691,1603269474,ozon,Материал корпуса,ABS пластик
4692,1603269474,ozon,Количество программ/режимов,8
4693,1603269474,ozon,Вид питания,Встроенный аккумулятор
4694,1603269474,ozon,"Напряжение, В",3.3
4695,1603269474,ozon,Упаковка,Box Set
4696,1603269474,ozon,Страна-изготовитель,Китай
4697,1603269474,ozon,Гарантийный срок,180небо
4698,1603269474,ozon,Комплектация,Массажер - 1шт. Блокуправления - 1шт. Пульт дистанционного управления - 1шт. USB-кабель зарядки – 1шт. Упаковка - 1шт.
4699,1163677749,ozon,Артикул,1163677749
4700,1163677749,ozon,Тип,Миостимулятор
4701,1163677749,ozon,Цвет,Голубой
4702,1163677749,ozon,Зоны массажа,"Спина, Поясница"
4703,1163677749,ozon,Особенности массажного аппарата,"Пульт ДУ, Подогрев"
4704,1163677749,ozon,Материал корпуса,Искусственная кожа
4705,1163677749,ozon,Количество программ/режимов,6
4706,1163677749,ozon,"Напряжение, В",3.7
4707,1163677749,ozon,Упаковка,Подарочная коробка
4708,1163677749,ozon,Страна-изготовитель,Китай
4709,1163677749,ozon,Гарантийный срок,1 год
4710,1163677749,ozon,"Вид массажа
","Антицеллюлитный, Вибрационный, Лимфодренажный, Миостимулирующий"
4711,1163677749,ozon,Комплектация,"Пояс, руководство, кабель для зарядки, основной блок, пульт дистанционного управления"
4712,1717864822,ozon,Артикул,1717864822
4713,1717864822,ozon,Тип,Миостимулятор
4714,1717864822,ozon,Цвет,Белый
4715,1717864822,ozon,Вид массажа,"Импульсный, Вибрационный, Миостимулирующий, Расслабляющий"
4716,1717864822,ozon,Зоны массажа,Шея
4717,1717864822,ozon,Особенности массажного аппарата,Подогрев
4718,1717864822,ozon,Материал корпуса,ABS пластик
4719,1717864822,ozon,Количество программ/режимов,6
4720,1717864822,ozon,Вид питания,Встроенный аккумулятор
4721,1717864822,ozon,"Фактический размер товара, см",14х14х5
4722,1717864822,ozon,Упаковка,Картонная коробка
4723,1717864822,ozon,Комплектация,"Массажер, зарядное устройство, упаковка"
4724,1717864822,ozon,Страна-изготовитель,Китай
4725,1644651496,ozon,Артикул,1644651496
4726,1644651496,ozon,Тип,Миостимулятор
4727,1644651496,ozon,Цвет,"Черный, синий"
4728,1644651496,ozon,Вид массажа,Вибрационный
4729,1644651496,ozon,Зоны массажа,"Тело, Поясница, Руки, Ноги"
4730,1644651496,ozon,Материал корпуса,ABS пластик
4731,1644651496,ozon,Количество программ/режимов,1
4732,1644651496,ozon,Вид питания,Встроенный аккумулятор
4733,1644651496,ozon,"Мощность массажера, Вт",3
4734,1644651496,ozon,"Напряжение, В",3.7
4735,1644651496,ozon,Упаковка,Картонная коробка
4736,1644651496,ozon,Комплектация,<br/>Упражнение для живота
4737,1644651496,ozon,Страна-изготовитель,Китай
4738,1644651496,ozon,Гарантийный срок,6
4739,1680934200,ozon,Артикул,1680934200
4740,1680934200,ozon,Тип,Миостимулятор
4741,1680934200,ozon,Цвет,Пластырь-30
4742,1680934200,ozon,Вид массажа,"Антицеллюлитный, Вибрационный, Импульсный, Миостимулирующий"
4743,1680934200,ozon,Зоны массажа,"Ноги, Тело, Поясница, Плечи"
4744,1680934200,ozon,Особенности массажного аппарата,"Русификация, Ручные программы, Таймер"
4745,1680934200,ozon,"Максимальный рост пользователя, см",220
4746,1680934200,ozon,Материал корпуса,ABS пластик
4747,1680934200,ozon,Количество программ/режимов,5
4748,1680934200,ozon,Вид питания,"Сменная батарея, Внешний источник питания"
4749,1680934200,ozon,"Мощность массажера, Вт",10
4750,1680934200,ozon,"Напряжение, В",220
4751,1680934200,ozon,Упаковка,"Бумажная обертка, Бумажный пакет"
4752,1680934200,ozon,Страна-изготовитель,Китай
4753,1680934200,ozon,Комплектация,Терапевтические тапочки - 1 шт.;Электроды (патчи) - 4 шт.;Подставка для патчей - 1 шт.;Шнуры электоды - 2 шт.;Блок питания;Инструкция; Аппарат;
4754,1687659608,ozon,Артикул,1687659608
4755,1687659608,ozon,Тип,Миостимулятор
4756,1687659608,ozon,Зоны массажа,"Ноги, Шея, Поясница, Ягодицы, Спина"
4757,1687659608,ozon,Особенности массажного аппарата,"Работает в автомобиле, Ручные программы, Съемные части"
4758,1687659608,ozon,Вид питания,"Встроенный аккумулятор, От порта USB"
4759,1687659608,ozon,Упаковка,Картонная коробка
4760,1687659608,ozon,"Вид массажа
","Импульсный, Миостимулирующий, Расслабляющий, Комбинированный, Оздоровительный"
4761,1007788124,ozon,Артикул,1007788124
4762,1007788124,ozon,Тип,Миостимулятор
4763,1007788124,ozon,Цвет,Массажер+5шт Пластырь
4764,1007788124,ozon,Вид массажа,"Вибрационный, Рефлекторный, Расслабляющий"
4765,1007788124,ozon,Зоны массажа,"Плечи, Поясница, Руки, Ноги, Тело, Шея"
4766,1007788124,ozon,Особенности массажного аппарата,Подогрев
4767,1007788124,ozon,Материал корпуса,ABS пластик
4768,1007788124,ozon,Количество программ/режимов,8
4769,1007788124,ozon,Вид питания,От порта USB
4770,1007788124,ozon,"Напряжение, В",3.7
4771,1007788124,ozon,Страна-изготовитель,Китай
4772,1007788124,ozon,Гарантийный срок,180
4773,1007788124,ozon,Комплектация,Пластырь - 5 шт.массажер миостимулятор - 1 шт. USB шнур - 1 шт.инструкция - 1 шт.
4774,1759321160,ozon,Артикул,1759321160
4775,1759321160,ozon,Тип,Миостимулятор
4776,1759321160,ozon,Зоны массажа,"Плечи, Поясница, Тело, Шея, Ягодицы, Руки"
4777,1759321160,ozon,Особенности массажного аппарата,"Пульт ДУ, Работает в автомобиле, Ручные программы, Таймер"
4778,1759321160,ozon,Материал корпуса,ABS пластик
4779,1759321160,ozon,Количество программ/режимов,8
4780,1759321160,ozon,Вид питания,"От порта USB, Сменная батарея"
4781,1759321160,ozon,"Напряжение, В",3.3
4782,1759321160,ozon,Упаковка,Slim Case
4783,1759321160,ozon,Страна-изготовитель,Китай
4784,1759321160,ozon,Гарантийный срок,6 месяцев
4785,1759321160,ozon,"Вид массажа
","Вибрационный, Импульсный, Лечебный, Миостимулирующий, Расслабляющий, Рефлекторный"
4786,1759321160,ozon,Комплектация,Массажер - 1шт. Блокуправления - 1шт. Пульт дистанционного управления - 1шт. USB-кабель зарядки – 1шт.
4787,1769993467,ozon,Артикул,1769993467
4788,1769993467,ozon,Тип,Миостимулятор
4789,1769993467,ozon,Цвет,30
4790,1769993467,ozon,Вид массажа,"Акупунктурный, Вибрационный, Импульсный, Миостимулирующий"
4791,1769993467,ozon,Зоны массажа,"Зона декольте, Область вокруг глаз, Тело, Поясница, Плечи"
4792,1769993467,ozon,Особенности массажного аппарата,Ручные программы
4793,1769993467,ozon,Материал корпуса,ABS пластик
4794,1769993467,ozon,Количество программ/режимов,1
4795,1769993467,ozon,Вид питания,От порта USB
4796,1769993467,ozon,"Напряжение, В",5
4797,1769993467,ozon,"Фактический размер товара, см",6
4798,1769993467,ozon,Упаковка,Easy pack
4799,1769993467,ozon,Страна-изготовитель,Китай
4800,1769993467,ozon,Гарантийный срок,365
4801,1916582645,ozon,Артикул,1916582645
4802,1916582645,ozon,Тип,Миостимулятор
4803,1916582645,ozon,Цвет,720 Green-6-скоростная здоровая модель с 4 массажями головы
4804,1916582645,ozon,Зоны массажа,Область вокруг глаз
4805,1916582645,ozon,Особенности массажного аппарата,"Ручные программы, Регулировка роликов, Съемные части"
4806,1916582645,ozon,Количество программ/режимов,6
4807,1916582645,ozon,Вид питания,"Встроенный аккумулятор, От порта USB"
4808,1916582645,ozon,Упаковка,"Коробка-""книжка"""
4809,1916582645,ozon,Комплектация,4
4810,1916582645,ozon,Страна-изготовитель,Китай
4811,1916582645,ozon,"Вид массажа
","Акупрессурный, Акупунктурный, Антицеллюлитный, Вибрационный, Перкусионный"
4812,1693735105,ozon,Артикул,1693735105
4813,1693735105,ozon,Тип,Миостимулятор
4814,1693735105,ozon,Цвет,Черный синий
4815,1693735105,ozon,Вид массажа,"Лечебный, Оздоровительный, Расслабляющий, Импульсный"
4816,1693735105,ozon,Зоны массажа,"Ноги, Плечи, Поясница, Руки, Спина, Тело"
4817,1693735105,ozon,Особенности массажного аппарата,"Работает в автомобиле, Ручные программы"
4818,1693735105,ozon,"Максимальный рост пользователя, см",240
4819,1693735105,ozon,Материал корпуса,ABS пластик
4820,1693735105,ozon,Количество программ/режимов,8
4821,1693735105,ozon,Вид питания,"От порта USB, Встроенный аккумулятор"
4822,1693735105,ozon,"Напряжение, В",24
4823,1693735105,ozon,"Фактический размер товара, см",15х6х2
4824,1693735105,ozon,Упаковка,Коробка
4825,1693735105,ozon,Комплектация,"массажер, кабель зарядки, инструкция"
4826,1693735105,ozon,Страна-изготовитель,Китай
4827,1693735105,ozon,Гарантийный срок,14 дней
4828,1776446721,ozon,Артикул,1776446721
4829,1776446721,ozon,Тип,Миостимулятор
4830,1776446721,ozon,Зоны массажа,"Плечи, Поясница, Тело, Шея, Ягодицы, Руки"
4831,1776446721,ozon,Особенности массажного аппарата,"Пульт ДУ, Работает в автомобиле, Ручные программы, Таймер"
4832,1776446721,ozon,Материал корпуса,ABS пластик
4833,1776446721,ozon,Количество программ/режимов,8
4834,1776446721,ozon,Вид питания,"От порта USB, Сменная батарея"
4835,1776446721,ozon,"Напряжение, В",3.3
4836,1776446721,ozon,Упаковка,Slim Case
4837,1776446721,ozon,Гарантийный срок,6 месяцев
4838,1776446721,ozon,"Вид массажа
","Вибрационный, Импульсный, Лечебный, Миостимулирующий, Расслабляющий, Рефлекторный"
4839,1776446721,ozon,Комплектация,Массажер - 1шт. Блокуправления - 1шт. Пульт дистанционного управления - 1шт. USB-кабель зарядки – 1шт.
4840,1633530902,ozon,Артикул,1633530902
4841,1633530902,ozon,Тип,Миостимулятор
4842,1633530902,ozon,Цвет,10
4843,1633530902,ozon,Вид массажа,"Акупунктурный, Вибрационный, Импульсный, Миостимулирующий"
4844,1633530902,ozon,Зоны массажа,"Зона декольте, Ноги, Руки, Тело, Поясница, Плечи"
4845,1633530902,ozon,Особенности массажного аппарата,Ручные программы
4846,1633530902,ozon,Материал корпуса,ABS пластик
4847,1633530902,ozon,Количество программ/режимов,8
4848,1633530902,ozon,Вид питания,От порта USB
4849,1633530902,ozon,"Напряжение, В",5
4850,1633530902,ozon,"Фактический размер товара, см",6
4851,1633530902,ozon,Упаковка,Easy pack
4852,1633530902,ozon,Страна-изготовитель,Китай
4853,1633530902,ozon,Гарантийный срок,365
4854,1624353107,ozon,Артикул,1624353107
4855,1624353107,ozon,Тип,Миостимулятор
4856,1624353107,ozon,Зоны массажа,"Ноги, Руки, Тело"
4857,1624353107,ozon,Страна-изготовитель,Китай
4858,1887627708,ozon,Артикул,1887627708
4859,1887627708,ozon,Тип,Миостимулятор
4860,1887627708,ozon,Бренд,Beurer
4861,1887627708,ozon,Цвет,L/XL (талия 98 см)
4862,1887627708,ozon,Зоны массажа,"Тело, Поясница, Спина, Ягодицы"
4863,1887627708,ozon,"Максимальный рост пользователя, см",215
4864,1887627708,ozon,Материал корпуса,"ABS пластик, Текстиль"
4865,1887627708,ozon,Количество программ/режимов,6
4866,1887627708,ozon,Вид питания,"Встроенный аккумулятор, От порта USB"
4867,1887627708,ozon,"Мощность массажера, Вт",30
4868,1887627708,ozon,"Фактический размер товара, см",98
4869,1887627708,ozon,Упаковка,Картонная коробка
4870,1887627708,ozon,Страна-изготовитель,Китай (Тайвань)
4871,1887627708,ozon,Гарантийный срок,1 год
4872,1887627708,ozon,"Вид массажа
","Вибрационный, Миостимулирующий, Расслабляющий, Антицеллюлитный, Импульсный, Лимфодренажный"
4873,1887627708,ozon,Особенности массажного аппарата,"Регулировка по размеру, Работает в автомобиле, Таймер, Ручные программы, Русификация, Съемные части"
4874,1887627708,ozon,Комплектация,EMS - тренажер для пресса (пояс) - 1шт; Рацион питания для похудения на 2000 ккал; Инструкция на русском языке; Индикатор - 1 шт; Зарядное устройство (USB - Charging кабель) - 1 шт; Опрыскиватель массажера (распылитель) - 1шт;
4875,438583992,ozon,Артикул,438583992
4876,438583992,ozon,Тип,Миостимулятор
4877,438583992,ozon,Зоны массажа,"Лицо, Голова, Плечи, Поясница, Тело, Шея"
4878,438583992,ozon,Особенности массажного аппарата,Работает в автомобиле
4879,438583992,ozon,Страна-изготовитель,Китай
4880,438583992,ozon,Комплектация,"Подушка, зарядник 220В, зарядник для автомобиля 12В, коробка, инструкция"
4881,1412672885,ozon,Артикул,1412672885
4882,1412672885,ozon,Тип,Миостимулятор
4883,1412672885,ozon,Вид массажа,Вибрационный
4884,1412672885,ozon,Зоны массажа,"Ноги, Ягодицы"
4885,1412672885,ozon,Количество программ/режимов,4
4886,1412672885,ozon,Вид питания,Сменная батарея
4887,1256772639,ozon,Артикул,1256772639
4888,1256772639,ozon,Тип,Миостимулятор
4889,1256772639,ozon,Цвет,N701
4890,1256772639,ozon,Вид массажа,Акупрессурный
4891,1256772639,ozon,Зоны массажа,Тело
4892,1256772639,ozon,Особенности массажного аппарата,Ручные программы
4893,1256772639,ozon,"Максимальный рост пользователя, см",220
4894,1256772639,ozon,Материал корпуса,ABS пластик
4895,1256772639,ozon,Количество программ/режимов,9
4896,1256772639,ozon,"Напряжение, В",5
4897,1256772639,ozon,"Фактический размер товара, см",15
4898,1256772639,ozon,Упаковка,Картонная коробка
4899,1256772639,ozon,Комплектация,Массажер*1 Блок питания*1 Пластырь*4 Руководство*1
4900,1256772639,ozon,Страна-изготовитель,Китай
4901,1256772639,ozon,Гарантийный срок,1
4902,1256772639,ozon,Вид питания,"Внешний источник питания, Сменный аккумулятор (нет в комплекте)"
4903,1163639789,ozon,Артикул,1163639789
4904,1163639789,ozon,Тип,Миостимулятор
4905,1163639789,ozon,Цвет,Светло-розовый
4906,1163639789,ozon,Зоны массажа,"Поясница, Спина"
4907,1163639789,ozon,Особенности массажного аппарата,"Подогрев, Пульт ДУ"
4908,1163639789,ozon,Материал корпуса,Искусственная кожа
4909,1163639789,ozon,Количество программ/режимов,6
4910,1163639789,ozon,"Напряжение, В",3.7
4911,1163639789,ozon,Упаковка,Подарочная коробка
4912,1163639789,ozon,Страна-изготовитель,Китай
4913,1163639789,ozon,Гарантийный срок,1 год
4914,1163639789,ozon,"Вид массажа
","Антицеллюлитный, Вибрационный, Миостимулирующий, Лимфодренажный"
4915,1163639789,ozon,Комплектация,"Пояс, руководство, кабель для зарядки, основной блок, пульт дистанционного управления"
4916,1698210874,ozon,Артикул,1698210874
4917,1698210874,ozon,Тип,Миостимулятор
4918,1698210874,ozon,Цвет,Черно-белый
4919,1698210874,ozon,Зоны массажа,"Ноги, Плечи, Поясница, Руки, Спина, Тело"
4920,1698210874,ozon,Особенности массажного аппарата,"Русификация, Таймер, Ручные программы"
4921,1698210874,ozon,Материал корпуса,"Силикон, Полипропилен"
4922,1698210874,ozon,Количество программ/режимов,4
4923,1698210874,ozon,Вид питания,"От сети 220В, Сменная батарея"
4924,1698210874,ozon,"Мощность массажера, Вт",5
4925,1698210874,ozon,"Напряжение, В",4.5
4926,1698210874,ozon,"Фактический размер товара, см",80*55*3
4927,1698210874,ozon,Упаковка,Картонная коробка
4928,1698210874,ozon,Комплектация,электрод/липучка - 20шт.
4929,1698210874,ozon,Страна-изготовитель,Китай
4930,1698210874,ozon,"Вид массажа
","Антицеллюлитный, Импульсный, Лечебный, Миостимулирующий, Расслабляющий, Оздоровительный"
4931,1593643937,ozon,Артикул,1593643937
4932,1593643937,ozon,Тип,Миостимулятор
4933,1593643937,ozon,Цвет,Синий
4934,1593643937,ozon,Вид массажа,"Антицеллюлитный, Вибрационный"
4935,1593643937,ozon,Зоны массажа,"Поясница, Тело"
4936,1593643937,ozon,Особенности массажного аппарата,"Регулировка по размеру, Таймер"
4937,1593643937,ozon,Материал корпуса,Нейлон
4938,1593643937,ozon,Вид питания,От сети 220В
4939,1593643937,ozon,"Мощность массажера, Вт",30
4940,1593643937,ozon,Упаковка,Картонная коробка
4941,1593643937,ozon,Комплектация,"Массажный пояс 1 шт Чехол, коробка"
4942,1593643937,ozon,Страна-изготовитель,Китай
4943,1618376530,ozon,Артикул,1618376530
4944,1618376530,ozon,Тип,Миостимулятор
4945,1618376530,ozon,Цвет,20
4946,1618376530,ozon,Вид массажа,"Акупунктурный, Вибрационный, Импульсный, Миостимулирующий"
4947,1618376530,ozon,Зоны массажа,"Зона декольте, Ноги, Руки, Тело, Поясница, Плечи"
4948,1618376530,ozon,Особенности массажного аппарата,Ручные программы
4949,1618376530,ozon,Материал корпуса,ABS пластик
4950,1618376530,ozon,Количество программ/режимов,8
4951,1618376530,ozon,Вид питания,От порта USB
4952,1618376530,ozon,"Напряжение, В",5
4953,1618376530,ozon,"Фактический размер товара, см",6
4954,1618376530,ozon,Упаковка,Easy pack
4955,1618376530,ozon,Страна-изготовитель,Китай
4956,1618376530,ozon,Гарантийный срок,365
4957,1698204530,ozon,Артикул,1698204530
4958,1698204530,ozon,Тип,Миостимулятор
4959,1698204530,ozon,Цвет,Серый
4960,1698204530,ozon,Зоны массажа,"Тело, Ноги, Плечи, Поясница, Спина, Шея"
4961,1698204530,ozon,Особенности массажного аппарата,"Пульт ДУ, Ручные программы, Подогрев"
4962,1698204530,ozon,"Максимальный рост пользователя, см",220
4963,1698204530,ozon,Материал корпуса,ABS пластик
4964,1698204530,ozon,Количество программ/режимов,6
4965,1698204530,ozon,Вид питания,От порта USB
4966,1698204530,ozon,"Мощность массажера, Вт",4.5
4967,1698204530,ozon,"Напряжение, В",5
4968,1698204530,ozon,"Фактический размер товара, см","15,5"
4969,1698204530,ozon,Упаковка,Коробка
4970,1698204530,ozon,Страна-изготовитель,Китай
4971,1698204530,ozon,Гарантийный срок,6 месяцев
4972,1698204530,ozon,"Вид массажа
","Импульсный, Комбинированный, Лечебный, Лимфодренажный, Миостимулирующий, Оздоровительный"
4973,1698204530,ozon,Комплектация,"Массажёр миостимулятор Меридиан , клейкие электрод, USB кабель, инструкция."
4974,1686766129,ozon,Артикул,1686766129
4975,1686766129,ozon,Тип,Миостимулятор
4976,1686766129,ozon,Зоны массажа,"Ноги, Шея, Поясница, Ягодицы, Спина"
4977,1686766129,ozon,Особенности массажного аппарата,"Работает в автомобиле, Ручные программы, Съемные части"
4978,1686766129,ozon,Вид питания,"Встроенный аккумулятор, От порта USB"
4979,1686766129,ozon,Упаковка,Картонная коробка
4980,1686766129,ozon,"Вид массажа
","Импульсный, Миостимулирующий, Расслабляющий, Комбинированный, Оздоровительный"
4981,1749816432,ozon,Артикул,1749816432
4982,1749816432,ozon,Тип,Миостимулятор
4983,1749816432,ozon,Зоны массажа,"Плечи, Поясница, Тело, Шея, Ягодицы, Руки"
4984,1749816432,ozon,Особенности массажного аппарата,"Пульт ДУ, Работает в автомобиле, Ручные программы, Таймер"
4985,1749816432,ozon,Материал корпуса,ABS пластик
4986,1749816432,ozon,Количество программ/режимов,8
4987,1749816432,ozon,Вид питания,"От порта USB, Сменная батарея"
4988,1749816432,ozon,"Напряжение, В",3.3
4989,1749816432,ozon,Упаковка,Slim Case
4990,1749816432,ozon,Гарантийный срок,6 месяцев
4991,1749816432,ozon,"Вид массажа
","Вибрационный, Импульсный, Лечебный, Миостимулирующий, Расслабляющий, Рефлекторный"
4992,1749816432,ozon,Комплектация,Массажер - 1шт. Блокуправления - 1шт. Пульт дистанционного управления - 1шт. USB-кабель зарядки – 1шт.
4993,1704406046,ozon,Артикул,1704406046
4994,1704406046,ozon,Тип,Миостимулятор
4995,1704406046,ozon,Цвет,"Черный, красный"
4996,1704406046,ozon,Зоны массажа,Тело
4997,1704406046,ozon,"Фактический размер товара, см",45*22
4998,1704406046,ozon,Страна-изготовитель,Китай
4999,1704406046,ozon,Гарантийный срок,3 ГОДА
5000,1704406046,ozon,"Вид массажа
","Акупрессурный, Антицеллюлитный, Вибрационный, Импульсный, Миостимулирующий"
5001,1256728174,ozon,Артикул,1256728174
5002,1256728174,ozon,Тип,Миостимулятор
5003,1256728174,ozon,Цвет,8 прокладок
5004,1256728174,ozon,Зоны массажа,"Ноги, Руки, Тело, Поясница, Плечи"
5005,1256728174,ozon,Материал корпуса,ABS пластик
5006,1256728174,ozon,Количество программ/режимов,3
5007,1256728174,ozon,"Мощность массажера, Вт",1.5
5008,1256728174,ozon,"Напряжение, В",5
5009,1256728174,ozon,"Фактический размер товара, см",14*6.6*2
5010,1256728174,ozon,Страна-изготовитель,Китай
5011,1256728174,ozon,Гарантийный срок,1 год
5012,1256728174,ozon,"Вид массажа
","Вибрационный, Миостимулирующий, Расслабляющий, Оздоровительный"
5013,977841101,ozon,Артикул,977841101
5014,977841101,ozon,Тип,Миостимулятор
5015,977841101,ozon,Цвет,Массажер+2шт Пластырь
5016,977841101,ozon,Вид массажа,"Вибрационный, Рефлекторный, Расслабляющий"
5017,977841101,ozon,Зоны массажа,"Плечи, Поясница, Руки, Ноги, Спина, Тело"
5018,977841101,ozon,Особенности массажного аппарата,Подогрев
5019,977841101,ozon,Материал корпуса,ABS пластик
5020,977841101,ozon,Количество программ/режимов,8
5021,977841101,ozon,Вид питания,От порта USB
5022,977841101,ozon,"Напряжение, В",3.7
5023,977841101,ozon,Страна-изготовитель,Китай
5024,977841101,ozon,Гарантийный срок,180
5025,977841101,ozon,Комплектация,Пластырь - 2 шт.массажер миостимулятор - 1 шт. USB шнур - 1 шт.инструкция - 1 шт.
5026,1613993574,ozon,Артикул,1613993574
5027,1613993574,ozon,Тип,Миостимулятор
5028,1613993574,ozon,Цвет,1 хост + 1 стикер + коготь
5029,1613993574,ozon,Вид массажа,"Вибрационный, Миостимулирующий"
5030,1613993574,ozon,Зоны массажа,"Тело, Шея, Поясница, Плечи, Ягодицы"
5031,1613993574,ozon,Особенности массажного аппарата,Ручные программы
5032,1613993574,ozon,Материал корпуса,"ABS пластик, Пластик"
5033,1613993574,ozon,Количество программ/режимов,8
5034,1613993574,ozon,Вид питания,"От порта USB, Сменный аккумулятор (нет в комплекте)"
5035,1613993574,ozon,"Мощность массажера, Вт",5
5036,1613993574,ozon,"Напряжение, В",3.7
5037,1613993574,ozon,"Фактический размер товара, см",14.5*6.5
5038,1613993574,ozon,Упаковка,Бумажная обертка
5039,1613993574,ozon,Комплектация,1 Massager 1 Massage pad
5040,1613993574,ozon,Страна-изготовитель,Китай
5041,1613993574,ozon,Гарантийный срок,30 day
5042,1412672882,ozon,Артикул,1412672882
5043,1412672882,ozon,Тип,Миостимулятор
5044,1412672882,ozon,Гарантийный срок,14 дней
5045,1619483117,ozon,Артикул,1619483117
5046,1619483117,ozon,Тип,Миостимулятор
5047,1619483117,ozon,Цвет,Черный
5048,1619483117,ozon,Зоны массажа,Ноги
5049,1619483117,ozon,Материал корпуса,Нейлон
5050,1619483117,ozon,Количество программ/режимов,8
5051,1619483117,ozon,Вид питания,"Встроенный аккумулятор, От порта USB"
5052,1619483117,ozon,"Мощность массажера, Вт",24
5053,1619483117,ozon,"Напряжение, В",3.7
5054,1619483117,ozon,"Фактический размер товара, см","29 x 27 x 1,5"
5055,1619483117,ozon,Упаковка,Картонная коробка
5056,1619483117,ozon,Комплектация,Массажер для ног - 1 шт.
5057,1619483117,ozon,Страна-изготовитель,Китай
5058,1619483117,ozon,"Вид массажа
","Миостимулирующий, Расслабляющий, Оздоровительный, Лечебный, Импульсный, Акупунктурный"
5059,1619483117,ozon,Особенности массажного аппарата,"Съемные части, Ручные программы, Работает в автомобиле, Таймер"
5060,981495985,ozon,Артикул,981495985
5061,981495985,ozon,Тип,Миостимулятор
5062,981495985,ozon,Цвет,Белый
5063,981495985,ozon,Вид массажа,Миостимулирующий
5064,981495985,ozon,Зоны массажа,Тело
5065,981495985,ozon,Материал корпуса,ABS пластик
5066,981495985,ozon,Вид питания,От порта USB
5067,981495985,ozon,Страна-изготовитель,Китай
5068,981495985,ozon,Комплектация,1*главный 1*зонд Две пары электродов 1*Пара нагрудных нашивок 1*Кабель для зарядки Два соединительных провода 1*спецификация 1*Упаковочная коробка
5069,1916583100,ozon,Артикул,1916583100
5070,1916583100,ozon,Тип,Миостимулятор
5071,1916583100,ozon,Цвет,720 Red-6-Gear Здоровая модель с 4 массажями головы
5072,1916583100,ozon,Зоны массажа,Область вокруг глаз
5073,1916583100,ozon,Особенности массажного аппарата,"Ручные программы, Регулировка роликов, Съемные части"
5074,1916583100,ozon,Количество программ/режимов,6
5075,1916583100,ozon,Вид питания,"Встроенный аккумулятор, От порта USB"
5076,1916583100,ozon,Упаковка,"Коробка-""книжка"""
5077,1916583100,ozon,Комплектация,4
5078,1916583100,ozon,Страна-изготовитель,Китай
5079,1916583100,ozon,"Вид массажа
","Акупрессурный, Акупунктурный, Антицеллюлитный, Вибрационный, Перкусионный"
5080,1906471066,ozon,Артикул,1906471066
5081,1906471066,ozon,Тип,Миостимулятор
5082,1906471066,ozon,Цвет,3D массажер для ног синий
5083,1906471066,ozon,Вид массажа,Миостимулирующий
5084,1906471066,ozon,Зоны массажа,Ноги
5085,1906471066,ozon,Особенности массажного аппарата,"Съемные части, Пульт ДУ"
5086,1906471066,ozon,Материал корпуса,ABS пластик
5087,1906471066,ozon,Количество программ/режимов,8
5088,1906471066,ozon,Вид питания,Встроенный аккумулятор
5089,1906471066,ozon,"Напряжение, В",3.3
5090,1906471066,ozon,Упаковка,Bag-in-Box
5091,1906471066,ozon,Страна-изготовитель,Китай
5092,1906471066,ozon,Гарантийный срок,180небо
5093,1906471066,ozon,Комплектация,Массажер Pad - 1шт. Блокуправления - 1шт. USB-кабель зарядки – 1шт. Сенсорный патч – 1шт. Дистанционное управление – 1шт. USB -1шт.
5094,1621585401,ozon,Артикул,1621585401
5095,1621585401,ozon,Тип,Миостимулятор
5096,1621585401,ozon,Цвет,Стиль 07
5097,1621585401,ozon,Зоны массажа,Тело
5098,1621585401,ozon,"Максимальный рост пользователя, см",210
5099,1621585401,ozon,Материал корпуса,ABS пластик
5100,1621585401,ozon,Количество программ/режимов,2
5101,1621585401,ozon,Вид питания,Сменный аккумулятор (нет в комплекте)
5102,1621585401,ozon,"Напряжение, В",220
5103,1621585401,ozon,"Фактический размер товара, см",27 * 10.5 * 10.5
5104,1621585401,ozon,Упаковка,Бумажный пакет
5105,1621585401,ozon,Страна-изготовитель,Китай
5106,1621585401,ozon,Гарантийный срок,1 год
5107,1621585401,ozon,"Вид массажа
","Вакуумный, Миостимулирующий, Расслабляющий, Оздоровительный, Лечебный, Лимфодренажный"
5108,1621585401,ozon,Особенности массажного аппарата,"Работает в автомобиле, Ручные программы, Встроенные динамики, Сканирование тела"
5109,1621585401,ozon,Комплектация,Массажер + головка блока питания + USB-кабель + 2 провода + 8 пар пластырей + массажные перчатки + электротерапевтический браслет + массажные носки + упаковочная коробка
5110,1672864320,ozon,Артикул,1672864320
5111,1672864320,ozon,Тип,Миостимулятор
5112,1672864320,ozon,Цвет,Массажер 1
5113,1672864320,ozon,Вид массажа,"Вибрационный, Миостимулирующий"
5114,1672864320,ozon,Зоны массажа,"Ноги, Шея, Поясница, Плечи"
5115,1672864320,ozon,Особенности массажного аппарата,Ручные программы
5116,1672864320,ozon,"Максимальный рост пользователя, см",220
5117,1672864320,ozon,Материал корпуса,ABS пластик
5118,1672864320,ozon,Количество программ/режимов,8
5119,1672864320,ozon,Вид питания,"Встроенный аккумулятор, От порта USB"
5120,1672864320,ozon,"Напряжение, В",3.7
5121,1672864320,ozon,Упаковка,"Бумажная обертка, Бумажный пакет"
5122,1672864320,ozon,Комплектация,"Упаковочная коробка, хост, наклейки, кабель для зарядки."
5123,1672864320,ozon,Страна-изготовитель,Китай
5124,1672864320,ozon,Гарантийный срок,7 дней
5125,1698734060,ozon,Артикул,1698734060
5126,1698734060,ozon,Тип,Миостимулятор
5127,1698734060,ozon,Цвет,Черный
5128,1698734060,ozon,Зоны массажа,Руки
5129,1698734060,ozon,Особенности массажного аппарата,"Работает в автомобиле, Ручные программы, Таймер"
5130,1698734060,ozon,Материал корпуса,"ABS пластик, Металл"
5131,1698734060,ozon,Количество программ/режимов,6
5132,1698734060,ozon,Вид питания,"Встроенный аккумулятор, От порта USB"
5133,1698734060,ozon,"Напряжение, В",5
5134,1698734060,ozon,Упаковка,Коробка
5135,1698734060,ozon,Комплектация,антистресс EMS провод для зарядки USB-C коробка
5136,1698734060,ozon,Страна-изготовитель,Китай
5137,1698734060,ozon,Гарантийный срок,12 мес
5138,1698734060,ozon,"Вид массажа
","Акупунктурный, Импульсный, Миостимулирующий, Оздоровительный, Расслабляющий"
5139,1865485987,ozon,Артикул,1865485987
5140,1865485987,ozon,Тип,Миостимулятор
5141,1865485987,ozon,Цвет,Suit Core Belt (LL)
5142,1865485987,ozon,Вид массажа,Миостимулирующий
5143,1865485987,ozon,Зоны массажа,"Поясница, Тело"
5144,1865485987,ozon,Материал корпуса,"Нейлон, Металл"
5145,1865485987,ozon,Количество программ/режимов,2
5146,1865485987,ozon,"Фактический размер товара, см",88/97 x 23
5147,1865485987,ozon,Страна-изготовитель,Китай
5148,1865485987,ozon,Гарантийный срок,1 год
5149,1865485987,ozon,Комплектация,Основной блок; контроллер с USB-кабелем для зарядки (Type-C); бутылка-пульверизатор; сетчатый мешок для стирки; чехол; руководство по безопасности; краткое руководство
5150,1402676301,ozon,Артикул,1402676301
5151,1402676301,ozon,Тип,Миостимулятор
5152,1402676301,ozon,Цвет,Белый
5153,1402676301,ozon,Зоны массажа,"Ноги, Плечи, Поясница, Руки, Спина, Тело"
5154,1402676301,ozon,Особенности массажного аппарата,"Русификация, Таймер, Ручные программы"
5155,1402676301,ozon,Материал корпуса,HPL пластик
5156,1402676301,ozon,Количество программ/режимов,4
5157,1402676301,ozon,Вид питания,"От сети 220В, Сменная батарея"
5158,1402676301,ozon,"Мощность массажера, Вт",5
5159,1402676301,ozon,"Напряжение, В",4.5
5160,1402676301,ozon,"Фактический размер товара, см",150*10*5
5161,1402676301,ozon,Упаковка,Картонная коробка
5162,1402676301,ozon,Страна-изготовитель,Китай
5163,1402676301,ozon,"Вид массажа
","Антицеллюлитный, Импульсный, Лечебный, Миостимулирующий, Расслабляющий, Оздоровительный"
5164,1402676301,ozon,Комплектация,мио стимулятор - 1шт. блок питания - 1 шт. электрод/липучка - 16шт. перчатки 1 пара. тапочки 1 пара.
5165,1619307230,ozon,Артикул,1619307230
5166,1619307230,ozon,Тип,Миостимулятор
5167,1619307230,ozon,Цвет,Мини-хост + пульт ДУ
5168,1619307230,ozon,Вид массажа,"Акупунктурный, Вибрационный, Импульсный, Миостимулирующий"
5169,1619307230,ozon,Зоны массажа,"Зона декольте, Ноги, Руки, Тело, Поясница, Плечи"
5170,1619307230,ozon,Особенности массажного аппарата,Ручные программы
5171,1619307230,ozon,Материал корпуса,ABS пластик
5172,1619307230,ozon,Количество программ/режимов,8
5173,1619307230,ozon,Вид питания,От порта USB
5174,1619307230,ozon,"Напряжение, В",5
5175,1619307230,ozon,"Фактический размер товара, см",6
5176,1619307230,ozon,Упаковка,Easy pack
5177,1619307230,ozon,Страна-изготовитель,Китай
5178,1619307230,ozon,Гарантийный срок,365
5179,1620286431,ozon,Артикул,1620286431
5180,1620286431,ozon,Тип,Миостимулятор
5181,1620286431,ozon,Цвет,2*Оранжевый массажный пластырь
5182,1620286431,ozon,Вид массажа,"Вибрационный, Миостимулирующий"
5183,1620286431,ozon,Зоны массажа,"Поясница, Ягодицы"
5184,1620286431,ozon,Особенности массажного аппарата,Ручные программы
5185,1620286431,ozon,"Максимальный рост пользователя, см",220
5186,1620286431,ozon,Материал корпуса,"ABS пластик, Пластик"
5187,1620286431,ozon,Количество программ/режимов,8
5188,1620286431,ozon,Вид питания,Сменный аккумулятор (нет в комплекте)
5189,1620286431,ozon,"Напряжение, В",5
5190,1620286431,ozon,Упаковка,Бумажная обертка
5191,1620286431,ozon,Комплектация,1 Massager 1 Massage pad
5192,1620286431,ozon,Страна-изготовитель,Китай
5193,899876619,ozon,Артикул,899876619
5194,899876619,ozon,Тип,Миостимулятор
5195,899876619,ozon,Цвет,Бежевый
5196,899876619,ozon,Вид массажа,Миостимулирующий
5197,899876619,ozon,Зоны массажа,Руки
5198,899876619,ozon,Материал корпуса,ABS пластик
5199,899876619,ozon,Количество программ/режимов,7
5200,899876619,ozon,Вид питания,Встроенный аккумулятор
5201,899876619,ozon,"Мощность массажера, Вт",1.5
5202,899876619,ozon,"Напряжение, В",5
5203,899876619,ozon,"Фактический размер товара, см",18х3х2.5
5204,899876619,ozon,Упаковка,Коробка
5205,899876619,ozon,Страна-изготовитель,Китай
5206,899876619,ozon,Гарантийный срок,12 месяцев
5207,899876619,ozon,Комплектация,Twins Массажер для рук EMS. USB-кабель. Инструкция. Гарантийный талон. Картонная коробка. Защитная гофрокоробка.
5208,1620352493,ozon,Артикул,1620352493
5209,1620352493,ozon,Тип,Миостимулятор
5210,1620352493,ozon,Цвет,Мини-массажер + подарок
5211,1620352493,ozon,Вид массажа,"Вибрационный, Миостимулирующий"
5212,1620352493,ozon,Зоны массажа,"Тело, Шея, Поясница, Плечи, Ягодицы"
5213,1620352493,ozon,Особенности массажного аппарата,Ручные программы
5214,1620352493,ozon,Материал корпуса,"ABS пластик, Пластик"
5215,1620352493,ozon,Количество программ/режимов,8
5216,1620352493,ozon,Вид питания,"От порта USB, Сменный аккумулятор (нет в комплекте)"
5217,1620352493,ozon,"Напряжение, В",5
5218,1620352493,ozon,"Фактический размер товара, см",14.5*6.5
5219,1620352493,ozon,Комплектация,1 Massager 1 Massage pad
5220,1620352493,ozon,Страна-изготовитель,Китай
5221,1433270744,ozon,Артикул,1433270744
5222,1433270744,ozon,Тип,Миостимулятор
5223,1433270744,ozon,Цвет,Черный
5224,1433270744,ozon,Зоны массажа,"Тело, Ноги, Поясница, Ягодицы"
5225,1433270744,ozon,Особенности массажного аппарата,Работает в автомобиле
5226,1433270744,ozon,Комплектация,Тренажер - 3шт; инструкция; упаковка
5227,1433270744,ozon,Страна-изготовитель,Китай
5228,1433270744,ozon,"Вид массажа
","Вибрационный, Антицеллюлитный, Миостимулирующий, Оздоровительный, Разминание, Расслабляющий"
5229,519875964,ozon,Артикул,519875964
5230,519875964,ozon,Тип,Миостимулятор
5231,519875964,ozon,Цвет,"Белый, черный"
5232,519875964,ozon,Зоны массажа,"Шея, Поясница, Плечи, Ноги"
5233,519875964,ozon,Особенности массажного аппарата,Работает в автомобиле
5234,519875964,ozon,Количество программ/режимов,6
5235,519875964,ozon,Вид питания,Сменная батарея
5236,519875964,ozon,Упаковка,Картонная коробка
5237,519875964,ozon,Страна-изготовитель,Китай
5238,519875964,ozon,"Вид массажа
","Акупунктурный, Импульсный, Миостимулирующий, Оздоровительный, Расслабляющий"
5239,519875964,ozon,Комплектация,"Массажер - 1 шт, батарейки ААА - 2шт., электроды - 2 шт., провод для электродов - 1 шт., упаковка"
5240,577855609,ozon,Артикул,577855609
5241,577855609,ozon,Тип,Миостимулятор
5242,577855609,ozon,Цвет,Черный
5243,577855609,ozon,Вид массажа,"Импульсный, Вибрационный"
5244,577855609,ozon,Зоны массажа,"Ноги, Плечи, Руки"
5245,577855609,ozon,Особенности массажного аппарата,Таймер
5246,577855609,ozon,Материал корпуса,"Полиуретан, Пластик"
5247,577855609,ozon,Вид питания,От сети 220В
5248,577855609,ozon,"Мощность массажера, Вт",12
5249,577855609,ozon,Комплектация,"Массажер, регулируемый ремень, блок питания, инструкция"
5250,1887627664,ozon,Артикул,1887627664
5251,1887627664,ozon,Тип,Миостимулятор
5252,1887627664,ozon,Бренд,Beurer
5253,1887627664,ozon,Цвет,Размер S/M (обхват талии до 90 см)
5254,1887627664,ozon,Зоны массажа,"Тело, Поясница, Спина, Ягодицы"
5255,1887627664,ozon,"Максимальный рост пользователя, см",215
5256,1887627664,ozon,Материал корпуса,"ABS пластик, Текстиль"
5257,1887627664,ozon,Количество программ/режимов,6
5258,1887627664,ozon,Вид питания,"Встроенный аккумулятор, От порта USB"
5259,1887627664,ozon,"Мощность массажера, Вт",30
5260,1887627664,ozon,"Фактический размер товара, см",90
5261,1887627664,ozon,Упаковка,Картонная коробка
5262,1887627664,ozon,Страна-изготовитель,Китай (Тайвань)
5263,1887627664,ozon,Гарантийный срок,1 год
5264,1887627664,ozon,"Вид массажа
","Вибрационный, Миостимулирующий, Антицеллюлитный, Лечебный, Разминание, Импульсный"
5265,1887627664,ozon,Особенности массажного аппарата,"Регулировка по размеру, Работает в автомобиле, Таймер, Подогрев, Ручные программы, Русификация, Съемные части"
5266,1887627664,ozon,Комплектация,EMS - тренажер для пресса (пояс) - 1шт; Рацион питания для похудения на 2000 ккал; Программа тренировок для мужчин; Программа тренировок для женщин; Инструкция на русском языке; Индикатор - 1 шт; Зарядное устройство (USB - Charging кабель) - 1 шт; Опрыскиватель массажера (распылитель) - 1шт;
5267,1654397809,ozon,Артикул,1654397809
5268,1654397809,ozon,Тип,Миостимулятор
5269,1654397809,ozon,Цвет,12Pcs
5270,1654397809,ozon,Зоны массажа,Поясница
5271,801383554,ozon,Артикул,801383554
5272,801383554,ozon,Тип,Миостимулятор
5273,801383554,ozon,Зоны массажа,Тело
5274,801383554,ozon,Страна-изготовитель,Китай
5275,1679940081,ozon,Артикул,1679940081
5276,1679940081,ozon,Тип,Миостимулятор
5277,1679940081,ozon,Цвет,Белое
5278,1679940081,ozon,Зоны массажа,"Поясница, Плечи, Ягодицы, Тело, Ноги, Руки"
5279,1679940081,ozon,Особенности массажного аппарата,"Пульт ДУ, Подогрев, Съемные части, Ручные программы"
5280,1679940081,ozon,Материал корпуса,Металл
5281,1679940081,ozon,Количество программ/режимов,10
5282,1679940081,ozon,Вид питания,"От сети 220В, Внешний источник питания"
5283,1679940081,ozon,"Мощность массажера, Вт",45
5284,1679940081,ozon,"Напряжение, В",220
5285,1679940081,ozon,Упаковка,Картонная коробка
5286,1679940081,ozon,Страна-изготовитель,Китай
5287,1679940081,ozon,"Вид массажа
","Рефлекторный, Расслабляющий, Миостимулирующий, Лимфодренажный, Лечебный, Импульсный"
5288,1679940081,ozon,Комплектация,Ведущий 1 2 пары квадратных электродных накладок 1 пара круглых нашивок 1 пара массажных перчаток инструкция 1 карта меридианов Зонд Daikin 1 3 выходные линии 1 меридиональная щетка адаптер питания 1 пульт дистанционного управления Обучающее видео 3 ремешка Зонд для красоты 1 маска для глаз 5 флаконов эфирных масел 1 массажный крем 1 пара массажных тапочек
5289,1671479921,ozon,Артикул,1671479921
5290,1671479921,ozon,Тип,Миостимулятор
5291,1671479921,ozon,Цвет,Черно-белый
5292,1671479921,ozon,Зоны массажа,"Ноги, Плечи, Поясница, Руки, Спина, Тело"
5293,1671479921,ozon,Особенности массажного аппарата,"Русификация, Таймер, Ручные программы"
5294,1671479921,ozon,Материал корпуса,"Силикон, Полипропилен"
5295,1671479921,ozon,Количество программ/режимов,4
5296,1671479921,ozon,Вид питания,"От сети 220В, Сменная батарея"
5297,1671479921,ozon,"Мощность массажера, Вт",5
5298,1671479921,ozon,"Напряжение, В",4.5
5299,1671479921,ozon,"Фактический размер товара, см",80*55*3
5300,1671479921,ozon,Упаковка,Картонная коробка
5301,1671479921,ozon,Комплектация,электрод/липучка - 20шт.
5302,1671479921,ozon,Страна-изготовитель,Китай
5303,1671479921,ozon,"Вид массажа
","Антицеллюлитный, Импульсный, Лечебный, Миостимулирующий, Расслабляющий, Оздоровительный"
5304,1916419490,ozon,Артикул,1916419490
5305,1916419490,ozon,Тип,Миостимулятор
5306,1916419490,ozon,Бренд,YUNCHI
5307,1916419490,ozon,Цвет,"Черный, белый"
5308,1916419490,ozon,Вид массажа,Миостимулирующий
5309,1916419490,ozon,Зоны массажа,"Руки, Плечи, Тело, Шея, Ноги"
5310,1916419490,ozon,Особенности массажного аппарата,"Подогрев, Таймер"
5311,1916419490,ozon,"Максимальный рост пользователя, см",240
5312,1916419490,ozon,Материал корпуса,ABS пластик
5313,1916419490,ozon,Количество программ/режимов,5
5314,1916419490,ozon,Вид питания,Встроенный аккумулятор
5315,1916419490,ozon,"Мощность массажера, Вт",240
5316,1916419490,ozon,"Напряжение, В",100
5317,1916419490,ozon,"Фактический размер товара, см",31*23*10
5318,1916419490,ozon,Упаковка,Bag-in-Box
5319,1916419490,ozon,Страна-изготовитель,Китай
5320,1916419490,ozon,Гарантийный срок,1год
5321,1916419490,ozon,Комплектация,терапии *1 зонд * 1 Гель *1 Вилка * 1 Руководство пользователя *1
5322,1633531038,ozon,Артикул,1633531038
5323,1633531038,ozon,Тип,Миостимулятор
5324,1633531038,ozon,Цвет,20
5325,1633531038,ozon,Вид массажа,"Акупунктурный, Вибрационный, Импульсный, Миостимулирующий"
5326,1633531038,ozon,Зоны массажа,"Зона декольте, Ноги, Руки, Тело, Поясница, Плечи"
5327,1633531038,ozon,Особенности массажного аппарата,Ручные программы
5328,1633531038,ozon,Материал корпуса,ABS пластик
5329,1633531038,ozon,Количество программ/режимов,8
5330,1633531038,ozon,Вид питания,От порта USB
5331,1633531038,ozon,"Напряжение, В",5
5332,1633531038,ozon,"Фактический размер товара, см",6
5333,1633531038,ozon,Упаковка,Easy pack
5334,1633531038,ozon,Страна-изготовитель,Китай
5335,1633531038,ozon,Гарантийный срок,365
5336,1680933099,ozon,Артикул,1680933099
5337,1680933099,ozon,Тип,Миостимулятор
5338,1680933099,ozon,Цвет,Пластырь-20
5339,1680933099,ozon,Вид массажа,"Антицеллюлитный, Вибрационный, Импульсный, Миостимулирующий"
5340,1680933099,ozon,Зоны массажа,"Ноги, Тело, Поясница, Плечи"
5341,1680933099,ozon,Особенности массажного аппарата,"Русификация, Ручные программы, Таймер"
5342,1680933099,ozon,"Максимальный рост пользователя, см",220
5343,1680933099,ozon,Материал корпуса,ABS пластик
5344,1680933099,ozon,Количество программ/режимов,5
5345,1680933099,ozon,Вид питания,"Сменная батарея, Внешний источник питания"
5346,1680933099,ozon,"Мощность массажера, Вт",10
5347,1680933099,ozon,"Напряжение, В",220
5348,1680933099,ozon,Упаковка,"Бумажная обертка, Бумажный пакет"
5349,1680933099,ozon,Страна-изготовитель,Китай
5350,1680933099,ozon,Комплектация,Терапевтические тапочки - 1 шт.;Электроды (патчи) - 4 шт.;Подставка для патчей - 1 шт.;Шнуры электоды - 2 шт.;Блок питания;Инструкция; Аппарат;
5351,1619307147,ozon,Артикул,1619307147
5352,1619307147,ozon,Тип,Миостимулятор
5353,1619307147,ozon,Цвет,5*Оранжевый массажный пластырь
5354,1619307147,ozon,Вид массажа,"Акупунктурный, Вибрационный, Импульсный, Миостимулирующий"
5355,1619307147,ozon,Зоны массажа,"Зона декольте, Ноги, Руки, Тело, Поясница, Плечи"
5356,1619307147,ozon,Особенности массажного аппарата,Ручные программы
5357,1619307147,ozon,Материал корпуса,ABS пластик
5358,1619307147,ozon,Количество программ/режимов,8
5359,1619307147,ozon,Вид питания,От порта USB
5360,1619307147,ozon,"Напряжение, В",5
5361,1619307147,ozon,"Фактический размер товара, см",6
5362,1619307147,ozon,Упаковка,Easy pack
5363,1619307147,ozon,Страна-изготовитель,Китай
5364,1619307147,ozon,Гарантийный срок,365
5365,1765478943,ozon,Артикул,1765478943
5366,1765478943,ozon,Тип,Миостимулятор
5367,1765478943,ozon,Зоны массажа,Плечи
5368,1765478943,ozon,Особенности массажного аппарата,Пульт ДУ
5369,1765478943,ozon,Материал корпуса,ABS пластик
5370,1765478943,ozon,Количество программ/режимов,8
5371,1765478943,ozon,Вид питания,От порта USB
5372,1765478943,ozon,"Напряжение, В",3.3
5373,1765478943,ozon,Упаковка,Slim Case
5374,1765478943,ozon,Страна-изготовитель,Китай
5375,1765478943,ozon,Гарантийный срок,6 месяцев
5376,1663857543,ozon,Артикул,1663857543
5377,1663857543,ozon,Тип,Миостимулятор
5378,1663857543,ozon,Зоны массажа,"Плечи, Поясница, Тело, Шея, Ягодицы, Руки"
5379,1663857543,ozon,Особенности массажного аппарата,"Пульт ДУ, Работает в автомобиле, Ручные программы, Таймер"
5380,1663857543,ozon,Материал корпуса,ABS пластик
5381,1663857543,ozon,Количество программ/режимов,8
5382,1663857543,ozon,Вид питания,"От порта USB, Сменная батарея"
5383,1663857543,ozon,"Напряжение, В",3.3
5384,1663857543,ozon,Упаковка,Slim Case
5385,1663857543,ozon,Страна-изготовитель,Китай
5386,1663857543,ozon,Гарантийный срок,6 месяцев
5387,1663857543,ozon,"Вид массажа
","Вибрационный, Импульсный, Лечебный, Миостимулирующий, Расслабляющий, Рефлекторный"
5388,1663857543,ozon,Комплектация,Массажер - 1шт. Блокуправления - 1шт. Пульт дистанционного управления - 1шт. USB-кабель зарядки – 1шт.
5389,1620352472,ozon,Артикул,1620352472
5390,1620352472,ozon,Тип,Миостимулятор
5391,1620352472,ozon,Цвет,Массажер с пультом
5392,1620352472,ozon,Вид массажа,"Вибрационный, Миостимулирующий"
5393,1620352472,ozon,Зоны массажа,"Тело, Шея, Поясница, Плечи, Ягодицы"
5394,1620352472,ozon,Особенности массажного аппарата,Ручные программы
5395,1620352472,ozon,Материал корпуса,"ABS пластик, Пластик"
5396,1620352472,ozon,Количество программ/режимов,8
5397,1620352472,ozon,Вид питания,"От порта USB, Сменный аккумулятор (нет в комплекте)"
5398,1620352472,ozon,"Напряжение, В",5
5399,1620352472,ozon,"Фактический размер товара, см",14.5*6.5
5400,1620352472,ozon,Комплектация,1 Massager 1 Massage pad
5401,1620352472,ozon,Страна-изготовитель,Китай
5402,530183845,ozon,Артикул,530183845
5403,530183845,ozon,Тип,Миостимулятор
5404,530183845,ozon,Цвет,Белый
5405,530183845,ozon,Вид массажа,Миостимулирующий
5406,530183845,ozon,Зоны массажа,"Тело, Ноги, Руки, Поясница, Плечи, Лицо"
5407,530183845,ozon,Особенности массажного аппарата,"Ручные программы, Таймер"
5408,530183845,ozon,"Максимальный рост пользователя, см",220
5409,530183845,ozon,Количество программ/режимов,11
5410,530183845,ozon,Вид питания,От сети 220В
5411,530183845,ozon,"Напряжение, В",220
5412,530183845,ozon,Упаковка,"Коробка, Пластиковый лоток"
5413,530183845,ozon,Страна-изготовитель,Китай
5414,530183845,ozon,Гарантийный срок,12 месяцев
5415,530183845,ozon,Комплектация,Многофункциональный блок управления - 1шт Аксессуары: массажные пластины - 2 пары Джок-электроды - 1 пара Провода - 2шт Светодиодная гарнитура -1 шт Сетевой адаптер -1шт Зажим-клипса -1шт Маска - 1шт Руководство по эксплуатации - 1шт
5416,1225948742,ozon,Артикул,1225948742
5417,1225948742,ozon,Тип,Миостимулятор
5418,1225948742,ozon,Вид массажа,Миостимулирующий
5419,1225948742,ozon,Зоны массажа,"Тело, Шея, Ноги"
5420,1225948742,ozon,Материал корпуса,Пластик
5421,1225948742,ozon,Количество программ/режимов,8
5422,1225948742,ozon,Вид питания,Встроенный аккумулятор
5423,1225948742,ozon,Упаковка,Пакет
5424,1225948742,ozon,Страна-изготовитель,Китай
5425,1225948742,ozon,Комплектация,"Проводник ""Бабочка"" с гелевыми патчами - 1 шт. Массажер миостимулятор - 1 шт. USB шнур - 1 шт."
5426,1717046434,ozon,Артикул,1717046434
5427,1717046434,ozon,Тип,Миостимулятор
5428,1717046434,ozon,Цвет,Серый
5429,1717046434,ozon,Вид массажа,Акупунктурный
5430,1717046434,ozon,Зоны массажа,Лицо
5431,1717046434,ozon,Особенности массажного аппарата,Съемные части
5432,1717046434,ozon,Материал корпуса,Пластик
5433,1717046434,ozon,Количество программ/режимов,1
5434,1717046434,ozon,Вид питания,Встроенный аккумулятор
5435,1717046434,ozon,Комплектация,Аппарат для улучшения сна
5436,1717046434,ozon,Страна-изготовитель,Китай
5437,2219719516,ozon,Артикул,2219719516
5438,2219719516,ozon,Тип,Миостимулятор
5439,2219719516,ozon,Цвет,"Салатовый, прозрачный"
5440,2219719516,ozon,Вид массажа,"Миостимулирующий, Оздоровительный"
5441,2219719516,ozon,Зоны массажа,Тело
5442,2219719516,ozon,Материал корпуса,Биопластик
5443,2219719516,ozon,Страна-изготовитель,Великобритания
5444,2219719516,ozon,Комплектация,"Тренажер EmbaGYN Tenscare - 1 шт. Соединительные провода - 1 шт. Вагинальный зонд со съемным указателем - 1 шт. Батарейки АА 1,5 В – 2 шт. Чехол для хранения - 1 шт. Гель-смазка на водной основе JUST GLIDE 200 мл. - 1 шт. Инструкция - 1 шт. Упаковка - 1 шт."
5445,1570679461,ozon,Артикул,1570679461
5446,1570679461,ozon,Тип,Миостимулятор
5447,1570679461,ozon,Цвет,Черно-белый
5448,1570679461,ozon,Зоны массажа,"Ноги, Плечи, Поясница, Руки, Спина, Тело"
5449,1570679461,ozon,Особенности массажного аппарата,"Русификация, Таймер, Ручные программы"
5450,1570679461,ozon,Материал корпуса,"Силикон, Полипропилен"
5451,1570679461,ozon,Количество программ/режимов,4
5452,1570679461,ozon,Вид питания,"От сети 220В, Сменная батарея"
5453,1570679461,ozon,"Мощность массажера, Вт",5
5454,1570679461,ozon,"Напряжение, В",4.5
5455,1570679461,ozon,"Фактический размер товара, см",80*55*3
5456,1570679461,ozon,Упаковка,Картонная коробка
5457,1570679461,ozon,Комплектация,электрод/липучка - 20шт.
5458,1570679461,ozon,Страна-изготовитель,Китай
5459,1570679461,ozon,"Вид массажа
","Антицеллюлитный, Импульсный, Лечебный, Миостимулирующий, Расслабляющий, Оздоровительный"
5460,1401836118,ozon,Артикул,1401836118
5461,1401836118,ozon,Тип,Миостимулятор
5462,1401836118,ozon,Цвет,Белый
5463,1401836118,ozon,Зоны массажа,"Ноги, Плечи, Поясница, Руки, Спина, Тело"
5464,1401836118,ozon,Особенности массажного аппарата,"Русификация, Таймер, Ручные программы"
5465,1401836118,ozon,Материал корпуса,HPL пластик
5466,1401836118,ozon,Количество программ/режимов,4
5467,1401836118,ozon,Вид питания,"От сети 220В, Сменная батарея"
5468,1401836118,ozon,"Мощность массажера, Вт",5
5469,1401836118,ozon,"Напряжение, В",4.5
5470,1401836118,ozon,"Фактический размер товара, см",150*10*5
5471,1401836118,ozon,Упаковка,Картонная коробка
5472,1401836118,ozon,Страна-изготовитель,Китай
5473,1401836118,ozon,"Вид массажа
","Антицеллюлитный, Импульсный, Лечебный, Миостимулирующий, Расслабляющий, Оздоровительный"
5474,1401836118,ozon,Комплектация,мио стимулятор - 1шт. блок питания - 1 шт. электрод/липучка - 16шт. перчатки 1 пара. тапочки 1 пара.
5475,1865486783,ozon,Артикул,1865486783
5476,1865486783,ozon,Тип,Миостимулятор
5477,1865486783,ozon,Цвет,Suit Core Belt (L)
5478,1865486783,ozon,Вид массажа,Миостимулирующий
5479,1865486783,ozon,Зоны массажа,"Тело, Поясница"
5480,1865486783,ozon,Материал корпуса,"Нейлон, Металл"
5481,1865486783,ozon,Количество программ/режимов,2
5482,1865486783,ozon,"Фактический размер товара, см",76/85 x 23
5483,1865486783,ozon,Страна-изготовитель,Китай
5484,1865486783,ozon,Гарантийный срок,1 год
5485,1865486783,ozon,Комплектация,Основной блок; контроллер с USB-кабелем для зарядки (Type-C); бутылка-пульверизатор; сетчатый мешок для стирки; чехол; руководство по безопасности; краткое руководство
5486,1672864291,ozon,Артикул,1672864291
5487,1672864291,ozon,Тип,Миостимулятор
5488,1672864291,ozon,Цвет,Массажер 2 с контролем
5489,1672864291,ozon,Вид массажа,"Вибрационный, Миостимулирующий"
5490,1672864291,ozon,Зоны массажа,"Ноги, Шея, Поясница, Плечи"
5491,1672864291,ozon,Особенности массажного аппарата,Ручные программы
5492,1672864291,ozon,"Максимальный рост пользователя, см",220
5493,1672864291,ozon,Материал корпуса,ABS пластик
5494,1672864291,ozon,Количество программ/режимов,8
5495,1672864291,ozon,Вид питания,"Встроенный аккумулятор, От порта USB"
5496,1672864291,ozon,"Напряжение, В",3.7
5497,1672864291,ozon,Упаковка,"Бумажная обертка, Бумажный пакет"
5498,1672864291,ozon,Комплектация,"Упаковочная коробка, хост, наклейки, кабель для зарядки."
5499,1672864291,ozon,Страна-изготовитель,Китай
5500,1672864291,ozon,Гарантийный срок,7 дней
5501,801383592,ozon,Артикул,801383592
5502,801383592,ozon,Тип,Миостимулятор
5503,801383592,ozon,Зоны массажа,Тело
5504,801383592,ozon,Страна-изготовитель,Китай
5505,1760944998,ozon,Артикул,1760944998
5506,1760944998,ozon,Тип,Миостимулятор
5507,1760944998,ozon,Цвет,Синий серебристый，синий
5508,1760944998,ozon,Зоны массажа,"Тело, Шея, Ягодицы, Поясница, Плечи, Ноги"
5509,1760944998,ozon,Особенности массажного аппарата,"Подогрев, Ручные программы"
5510,1760944998,ozon,Материал корпуса,ABS пластик
5511,1760944998,ozon,Количество программ/режимов,5
5512,1760944998,ozon,Вид питания,От сети 220В
5513,1760944998,ozon,"Мощность массажера, Вт",200
5514,1760944998,ozon,"Напряжение, В",220
5515,1760944998,ozon,"Фактический размер товара, см",37x33x20
5516,1760944998,ozon,Упаковка,Картонная коробка
5517,1760944998,ozon,Страна-изготовитель,Китай
5518,1760944998,ozon,"Вид массажа
","Миостимулирующий, Расслабляющий, Рефлекторный, Перкусионный, Лечебный"
5519,1760944998,ozon,Комплектация,1.1 главный прибор 2.1 ручка управления 3.7 рабочих зондов 4.1 шнур питания 5.Вешалка для ручек 1 6.1 стойка для зондов
5520,1422596613,ozon,Артикул,1422596613
5521,1422596613,ozon,Тип,Миостимулятор
5522,1422596613,ozon,Цвет,Серебро，1
5523,1422596613,ozon,Зоны массажа,"Ноги, Плечи, Поясница, Тело, Шея, Ягодицы"
5524,1422596613,ozon,Особенности массажного аппарата,"Подогрев, Ручные программы"
5525,1422596613,ozon,"Мощность массажера, Вт",90
5526,1422596613,ozon,"Напряжение, В",220
5527,1422596613,ozon,"Фактический размер товара, см",42*34*12
5528,1422596613,ozon,Упаковка,Картонная шкатулка
5529,1422596613,ozon,Страна-изготовитель,Китай
5530,1422596613,ozon,Комплектация,"7 рабочих головок, 4 защитных чехла для рабочих головок, хост, шнур питания, инструкция，3 мягкие резиновые головки"
5531,1654397898,ozon,Артикул,1654397898
5532,1654397898,ozon,Тип,Миостимулятор
5533,1654397898,ozon,Цвет,18Pcs
5534,1654397898,ozon,Зоны массажа,Поясница
5535,1332788873,ozon,Артикул,1332788873
5536,1332788873,ozon,Тип,Миостимулятор
5537,1332788873,ozon,Бренд,Ergonova
5538,1332788873,ozon,Цвет,Белый
5539,1332788873,ozon,Вид массажа,"Рефлекторный, Миостимулирующий, Импульсный"
5540,1332788873,ozon,Зоны массажа,"Ноги, Поясница, Руки, Спина, Тело, Ягодицы"
5541,1332788873,ozon,Особенности массажного аппарата,"Пульт ДУ, Русификация, Съемные части, Таймер"
5542,1332788873,ozon,Материал корпуса,ABS пластик
5543,1332788873,ozon,Количество программ/режимов,20
5544,1332788873,ozon,Вид питания,Сменный аккумулятор
5545,1332788873,ozon,"Мощность массажера, Вт",5
5546,1332788873,ozon,"Напряжение, В",220
5547,1332788873,ozon,"Фактический размер товара, см","36.5x36.5x6,85"
5548,1332788873,ozon,Упаковка,Картонная коробка
5549,1332788873,ozon,Страна-изготовитель,Китай
5550,1332788873,ozon,Гарантийный срок,1 год
5551,1332788873,ozon,Комплектация,"Массажер, электродные провода, электроды, 2 батарейки - AAA, 3 батарейки - AA."
5552,1715515660,ozon,Артикул,1715515660
5553,1715515660,ozon,Тип,Миостимулятор
5554,1715515660,ozon,Цвет,Синий с черным
5555,1715515660,ozon,Вид массажа,"Миостимулирующий, Импульсный, Вибрационный"
5556,1715515660,ozon,Зоны массажа,"Плечи, Руки, Тело, Поясница, Шея, Ягодицы"
5557,1715515660,ozon,Особенности массажного аппарата,Таймер
5558,1715515660,ozon,"Максимальный рост пользователя, см",200
5559,1715515660,ozon,Материал корпуса,ABS пластик
5560,1715515660,ozon,Количество программ/режимов,8
5561,1715515660,ozon,Вид питания,Встроенный аккумулятор
5562,1715515660,ozon,"Мощность массажера, Вт",3.7
5563,1715515660,ozon,"Напряжение, В",4
5564,1715515660,ozon,"Фактический размер товара, см",15
5565,1715515660,ozon,Упаковка,Картонная коробка
5566,1715515660,ozon,Комплектация,массажер-1 шт кабель зарядки-1 шт инструкция- 1 шт
5567,1715515660,ozon,Страна-изготовитель,Китай
5568,1910746783,ozon,Артикул,1910746783
5569,1910746783,ozon,Тип,Миостимулятор
5570,1910746783,ozon,Цвет,3D массажер для ног оранжевый цвет
5571,1910746783,ozon,Вид массажа,Миостимулирующий
5572,1910746783,ozon,Зоны массажа,Ноги
5573,1910746783,ozon,Особенности массажного аппарата,"Съемные части, Пульт ДУ"
5574,1910746783,ozon,Материал корпуса,ABS пластик
5575,1910746783,ozon,Количество программ/режимов,8
5576,1910746783,ozon,Вид питания,Встроенный аккумулятор
5577,1910746783,ozon,"Напряжение, В",3.3
5578,1910746783,ozon,Упаковка,Bag-in-Box
5579,1910746783,ozon,Страна-изготовитель,Китай
5580,1910746783,ozon,Гарантийный срок,180небо
5581,1910746783,ozon,Комплектация,Массажер Pad - 1шт. Блокуправления - 1шт. USB-кабель зарядки – 1шт. Сенсорный патч – 1шт. Дистанционное управление – 1шт. USB -1шт.
5582,1620540247,ozon,Артикул,1620540247
5583,1620540247,ozon,Тип,Миостимулятор
5584,1620540247,ozon,Цвет,Серый
5585,1620540247,ozon,Зоны массажа,"Ноги, Плечи, Поясница, Руки, Шея, Ягодицы"
5586,1620540247,ozon,Особенности массажного аппарата,"Ручные программы, Сканирование тела"
5587,1620540247,ozon,Материал корпуса,ABS пластик
5588,1620540247,ozon,Количество программ/режимов,12
5589,1620540247,ozon,Вид питания,"Внешний источник питания, От сети 220В"
5590,1620540247,ozon,"Мощность массажера, Вт",100
5591,1620540247,ozon,"Напряжение, В",220
5592,1620540247,ozon,"Фактический размер товара, см",20*14.5*6.5
5593,1620540247,ozon,Комплектация,"Инструменты, 14 видов массажных головок"
5594,1620540247,ozon,Страна-изготовитель,Китай
5595,1620540247,ozon,"Вид массажа
","Рефлекторный, Расслабляющий, Оздоровительный, Миостимулирующий, Лимфодренажный, Лечебный"
5596,1760959293,ozon,Артикул,1760959293
5597,1760959293,ozon,Тип,Миостимулятор
5598,1760959293,ozon,Цвет,Белое
5599,1760959293,ozon,Зоны массажа,"Ноги, Плечи, Поясница, Руки, Тело, Ягодицы"
5600,1760959293,ozon,Особенности массажного аппарата,"Сканирование тела, Ручные программы"
5601,1760959293,ozon,Материал корпуса,ABS пластик
5602,1760959293,ozon,Вид питания,"От сети 220В, Внешний источник питания"
5603,1760959293,ozon,"Мощность массажера, Вт",350
5604,1760959293,ozon,"Напряжение, В",220
5605,1760959293,ozon,Упаковка,Картонная коробка
5606,1760959293,ozon,Комплектация,Основное оборудование
5607,1760959293,ozon,Страна-изготовитель,Китай
5608,1760959293,ozon,"Вид массажа
","Вибрационный, Перкусионный, Рефлекторный, Расслабляющий, Лечебный"
5609,1771874596,ozon,Артикул,1771874596
5610,1771874596,ozon,Тип,Миостимулятор
5611,1771874596,ozon,Цвет,Черный
5612,1771874596,ozon,Зоны массажа,"Шея, Ноги, Поясница, Тело"
5613,1771874596,ozon,Страна-изготовитель,Китай
5614,1976166729,ozon,Артикул,1976166729
5615,1976166729,ozon,Тип,Миостимулятор
5616,1976166729,ozon,Вид массажа,"Вакуумный, Рефлекторный, Вибрационный"
5617,1976166729,ozon,Зоны массажа,"Ягодицы, Зона декольте"
5618,1976166729,ozon,"Максимальный рост пользователя, см",200
5619,1976166729,ozon,Материал корпуса,ABS пластик
5620,1976166729,ozon,Количество программ/режимов,1
5621,1976166729,ozon,Вид питания,Встроенный аккумулятор
5622,1976166729,ozon,"Мощность массажера, Вт",10
5623,1976166729,ozon,"Напряжение, В",220
5624,1976166729,ozon,"Фактический размер товара, см",28*17*17
5625,1976166729,ozon,Упаковка,Картонный бокс + DigiPak
5626,1976166729,ozon,Комплектация,Прибор + пульт дистанционного управления
5627,1976166729,ozon,Страна-изготовитель,Китай
5628,1976166729,ozon,Гарантийный срок,90 дней
5629,1976166729,ozon,Цвет,Электрический тренажер для мышц унисекс - перезаряжаемая версия
5630,1976166729,ozon,Особенности массажного аппарата,"Работает в автомобиле, Ручные программы, Сканирование тела, Пульт ДУ, Подогрев"
5631,1655493326,ozon,Артикул,1655493326
5632,1655493326,ozon,Тип,Миостимулятор
5633,1655493326,ozon,Цвет,Черный
5634,1655493326,ozon,Вид массажа,"Вибрационный, Импульсный, Лимфодренажный, Перкусионный"
5635,1655493326,ozon,Зоны массажа,"Ноги, Плечи, Поясница, Руки, Спина, Тело"
5636,1655493326,ozon,Особенности массажного аппарата,Ручные программы
5637,1655493326,ozon,Материал корпуса,ABS пластик
5638,1655493326,ozon,Количество программ/режимов,30
5639,1655493326,ozon,Вид питания,Встроенный аккумулятор
5640,1655493326,ozon,"Мощность массажера, Вт",50
5641,1655493326,ozon,"Напряжение, В",220
5642,1655493326,ozon,"Фактический размер товара, см",25*22*9
5643,1655493326,ozon,Упаковка,Сумка-чехол
5644,1655493326,ozon,Страна-изготовитель,Китай
5645,1655493326,ozon,Гарантийный срок,6 месяцев
5646,1655493326,ozon,Комплектация,Перкуссионный массажер - 1 шт. Насадки - 6 шт. Зарядное устройство - 1 шт. Инструкция - 1 шт. Кейс - 1 шт.
5647,1416990601,ozon,Артикул,1416990601
5648,1416990601,ozon,Тип,Миостимулятор
5649,1416990601,ozon,Цвет,Массажер для ног
5650,1416990601,ozon,Зоны массажа,Ноги
5651,1416990601,ozon,Особенности массажного аппарата,Ручные программы
5652,1416990601,ozon,Материал корпуса,ПВХ (поливинилхлорид)
5653,1416990601,ozon,Количество программ/режимов,8
5654,1416990601,ozon,Вид питания,Встроенный аккумулятор
5655,1416990601,ozon,"Напряжение, В",4
5656,1416990601,ozon,"Фактический размер товара, см",28х35х1
5657,1416990601,ozon,Упаковка,Картонная коробка
5658,1416990601,ozon,Страна-изготовитель,Китай
5659,1416990601,ozon,"Вид массажа
","Акупунктурный, Импульсный, Миостимулирующий, Оздоровительный, Расслабляющий"
5660,1416990601,ozon,Комплектация,"Коврик массажный, блок управления, шнур USB, инструкция на русском языке"
5661,491270294,ozon,Артикул,491270294
5662,491270294,ozon,Тип,Миостимулятор
5663,491270294,ozon,Цвет,Черный
5664,491270294,ozon,Зоны массажа,Ноги
5665,491270294,ozon,Материал корпуса,"Металл, Пластик"
5666,491270294,ozon,"Напряжение, В",3
5667,491270294,ozon,"Фактический размер товара, см",30 Х 30 Х 3
5668,491270294,ozon,Комплектация,"Массажер для ног, руководство по эксплуатации, упаковка."
5669,491270294,ozon,Страна-изготовитель,Китай
5670,491270294,ozon,Гарантийный срок,6 месяцев
5671,1837400685,ozon,Артикул,1837400685
5672,1837400685,ozon,Тип,Миостимулятор
5673,1837400685,ozon,Цвет,Черный
5674,1837400685,ozon,Вид массажа,"Импульсный, Лечебный, Миостимулирующий"
5675,1837400685,ozon,Зоны массажа,Ноги
5676,1837400685,ozon,Особенности массажного аппарата,Работает в автомобиле
5677,1837400685,ozon,Материал корпуса,Нейлон
5678,1837400685,ozon,Количество программ/режимов,8
5679,1837400685,ozon,Вид питания,"От порта USB, Встроенный аккумулятор"
5680,1837400685,ozon,"Мощность массажера, Вт",24
5681,1837400685,ozon,"Напряжение, В",3.7
5682,1837400685,ozon,"Фактический размер товара, см",29*27*1.5
5683,1837400685,ozon,Страна-изготовитель,Китай
5684,1837400685,ozon,Гарантийный срок,гарантия Озон
5685,1837400685,ozon,Комплектация,"коврик-миостимулятор, блок управления, провод зарядки USB, пульт управления"
5686,1758966661,ozon,Артикул,1758966661
5687,1758966661,ozon,Тип,Миостимулятор
5688,1758966661,ozon,Бренд,YUNCHI
5689,1758966661,ozon,Цвет,Светло-бежевый
5690,1758966661,ozon,Зоны массажа,"Плечи, Шея, Поясница, Ноги, Тело, Руки"
5691,1758966661,ozon,Особенности массажного аппарата,"Таймер, Ручные программы"
5692,1758966661,ozon,"Максимальный рост пользователя, см",200
5693,1758966661,ozon,Материал корпуса,ABS пластик
5694,1758966661,ozon,Количество программ/режимов,3
5695,1758966661,ozon,Вид питания,От сети 220В
5696,1758966661,ozon,"Мощность массажера, Вт",25
5697,1758966661,ozon,"Напряжение, В",15
5698,1758966661,ozon,"Фактический размер товара, см",24X24X11
5699,1758966661,ozon,Упаковка,Bag-in-Box
5700,1758966661,ozon,Страна-изготовитель,Китай
5701,1758966661,ozon,Гарантийный срок,1 год
5702,1758966661,ozon,"Вид массажа
","Оздоровительный, Вибрационный, Расслабляющий, Лечебный, Лимфодренажный, Миостимулирующий"
5703,1758966661,ozon,Комплектация,Ультразвуковой физиотерапевтический массажный прибор*1 Гель*1 Адаптер*1 Зонд*1 Сумка*1
5704,1109272906,ozon,Артикул,1109272906
5705,1109272906,ozon,Тип,Миостимулятор
5706,1109272906,ozon,Цвет,Черный
5707,1109272906,ozon,Вид массажа,Миостимулирующий
5708,1109272906,ozon,Зоны массажа,Ноги
5709,1109272906,ozon,Особенности массажного аппарата,Таймер
5710,1109272906,ozon,"Максимальный рост пользователя, см",200
5711,1109272906,ozon,Материал корпуса,Силикон
5712,1109272906,ozon,Количество программ/режимов,8
5713,1109272906,ozon,Вид питания,От порта USB
5714,1109272906,ozon,"Фактический размер товара, см",30х29
5715,1109272906,ozon,Упаковка,Картонная коробка
5716,1109272906,ozon,Комплектация,Коробка Пульт массажный коврик
5717,1109272906,ozon,Страна-изготовитель,Китай
5718,1109272906,ozon,Гарантийный срок,14 дней
5719,1433270599,ozon,Артикул,1433270599
5720,1433270599,ozon,Тип,Миостимулятор
5721,1433270599,ozon,Цвет,Черный
5722,1433270599,ozon,Зоны массажа,"Ягодицы, Поясница, Тело, Ноги, Руки"
5723,1433270599,ozon,Особенности массажного аппарата,Работает в автомобиле
5724,1433270599,ozon,Количество программ/режимов,6
5725,1433270599,ozon,Вид питания,Сменная батарея
5726,1433270599,ozon,Комплектация,Тренажер - 3шт; инструкция; упаковка
5727,1433270599,ozon,Страна-изготовитель,Китай
5728,1433270599,ozon,"Вид массажа
","Антицеллюлитный, Вибрационный, Миостимулирующий, Разминание, Оздоровительный"
5729,2024372646,ozon,Артикул,2024372646
5730,2024372646,ozon,Тип,Миостимулятор
5731,2024372646,ozon,Бренд,YUNCHI
5732,2024372646,ozon,Цвет,"Черный матовый, белый, серебристый"
5733,2024372646,ozon,Вид массажа,"Миостимулирующий, Разминание, Расслабляющий"
5734,2024372646,ozon,Зоны массажа,"Плечи, Руки, Ноги, Тело"
5735,2024372646,ozon,Особенности массажного аппарата,Подогрев
5736,2024372646,ozon,"Максимальный рост пользователя, см",230
5737,2024372646,ozon,Материал корпуса,ABS пластик
5738,2024372646,ozon,Количество программ/режимов,6
5739,2024372646,ozon,Вид питания,Встроенный аккумулятор
5740,2024372646,ozon,"Мощность массажера, Вт",25
5741,2024372646,ozon,"Напряжение, В",240
5742,2024372646,ozon,"Фактический размер товара, см",23*23*10
5743,2024372646,ozon,Упаковка,Bag-in-Box
5744,2024372646,ozon,Комплектация,Физиотерапевтический аппарат
5745,2024372646,ozon,Страна-изготовитель,Китай
5746,2024372646,ozon,Гарантийный срок,1
5747,515985557,ozon,Артикул,515985557
5748,515985557,ozon,Тип,Миостимулятор
5749,515985557,ozon,Вид массажа,"Вибрационный, Расслабляющий, Антицеллюлитный"
5750,515985557,ozon,Зоны массажа,"Ноги, Поясница, Тело, Ягодицы"
5751,515985557,ozon,Количество программ/режимов,5
5752,515985557,ozon,"Напряжение, В",220
5753,515985557,ozon,Упаковка,Картонная коробка
5754,515985557,ozon,Комплектация,"Пояс, пульт, чехол-сумка, блок питания"
5755,515985557,ozon,Страна-изготовитель,Китай
5756,1866614671,ozon,Артикул,1866614671
5757,1866614671,ozon,Тип,Миостимулятор
5758,1866614671,ozon,Цвет,Белый
5759,1866614671,ozon,Вид массажа,Импульсный
5760,1866614671,ozon,Зоны массажа,Руки
5761,1866614671,ozon,Материал корпуса,ABS пластик
5762,1866614671,ozon,Количество программ/режимов,2
5763,1866614671,ozon,Вид питания,Встроенный аккумулятор
5764,1866614671,ozon,"Фактический размер товара, см",6.5х4х3.5
5765,1866614671,ozon,Комплектация,"прибор, кабель зарядки, инструкция"
5766,979821849,ozon,Артикул,979821849
5767,979821849,ozon,Тип,Миостимулятор
5768,979821849,ozon,Цвет,Черный
5769,979821849,ozon,Зоны массажа,"Тело, Ноги, Поясница, Ягодицы"
5770,979821849,ozon,Особенности массажного аппарата,Работает в автомобиле
5771,979821849,ozon,Комплектация,Тренажер - 3шт; инструкция; упаковка
5772,979821849,ozon,Страна-изготовитель,Китай
5773,979821849,ozon,"Вид массажа
","Вибрационный, Антицеллюлитный, Миостимулирующий, Оздоровительный, Разминание, Расслабляющий"
5774,1489515907,ozon,Артикул,1489515907
5775,1489515907,ozon,Тип,Миостимулятор
5776,1489515907,ozon,Цвет,Голубой
5777,1489515907,ozon,Вид массажа,Миостимулирующий
5778,1489515907,ozon,Зоны массажа,Тело
5779,1489515907,ozon,Особенности массажного аппарата,Ручные программы
5780,1489515907,ozon,Материал корпуса,ABS пластик
5781,1489515907,ozon,Количество программ/режимов,8
5782,1489515907,ozon,Вид питания,"Встроенный аккумулятор, От порта USB"
5783,1489515907,ozon,"Фактический размер товара, см",94*40
5784,1489515907,ozon,Упаковка,Бумажная обертка
5785,1489515907,ozon,Страна-изготовитель,Китай
5786,1489515907,ozon,Комплектация,"Хост (8 режимов, 3 программы) -1, вагинальный зонд (длина кабеля 35 см) -1, кабель для зарядки -1, инструкция по эксплуатации -1, заводская упаковка -1."
5787,480706908,ozon,Артикул,480706908
5788,480706908,ozon,Тип,Миостимулятор
5789,480706908,ozon,Цвет,Белый
5790,480706908,ozon,Зоны массажа,"Зона декольте, Ноги, Плечи, Поясница, Руки, Тело"
5791,480706908,ozon,Особенности массажного аппарата,Сканирование тела
5792,480706908,ozon,Количество программ/режимов,3
5793,480706908,ozon,Вид питания,"От порта USB, От сети 220В через адаптер"
5794,480706908,ozon,"Мощность массажера, Вт",5
5795,480706908,ozon,Упаковка,Картонная коробка
5796,480706908,ozon,Страна-изготовитель,Китай
5797,480706908,ozon,Гарантийный срок,14
5798,480706908,ozon,"Вид массажа
","Акупунктурный, Импульсный, Миостимулирующий, Оздоровительный, Расслабляющий"
5799,480706908,ozon,Комплектация,"В комплект входит: прибор для терапии, 2 насадки, провод для насадок, адаптер для розетки, провод USB-адаптер, 3 батарейки ААА. ЖК-интерфейс. Меню полностью на русском языке."
5800,2024386264,ozon,Артикул,2024386264
5801,2024386264,ozon,Тип,Миостимулятор
5802,2024386264,ozon,Бренд,YUNCHI
5803,2024386264,ozon,Цвет,"Черный, белый, перламутровый, серый металлик, серебристый"
5804,2024386264,ozon,Вид массажа,Миостимулирующий
5805,2024386264,ozon,Зоны массажа,"Руки, Плечи, Тело, Шея, Ноги"
5806,2024386264,ozon,Особенности массажного аппарата,"Подогрев, Таймер"
5807,2024386264,ozon,"Максимальный рост пользователя, см",230
5808,2024386264,ozon,Материал корпуса,ABS пластик
5809,2024386264,ozon,Количество программ/режимов,5
5810,2024386264,ozon,Вид питания,Встроенный аккумулятор
5811,2024386264,ozon,"Мощность массажера, Вт",240
5812,2024386264,ozon,"Напряжение, В",100
5813,2024386264,ozon,"Фактический размер товара, см",30*22*10
5814,2024386264,ozon,Упаковка,Bag-in-Box
5815,2024386264,ozon,Страна-изготовитель,Китай
5816,2024386264,ozon,Гарантийный срок,1год
5817,2024386264,ozon,Комплектация,терапии *1 зонд * 1 Гель *1 Вилка * 1 Руководство пользователя *1
5818,1915377443,ozon,Артикул,1915377443
5819,1915377443,ozon,Тип,Миостимулятор
5820,1915377443,ozon,Бренд,YUNCHI
5821,1915377443,ozon,Цвет,"Черный, белый, серый, слоновая кость, серый металлик"
5822,1915377443,ozon,Вид массажа,Миостимулирующий
5823,1915377443,ozon,Зоны массажа,"Плечи, Руки, Ноги, Тело"
5824,1915377443,ozon,Особенности массажного аппарата,Подогрев
5825,1915377443,ozon,"Максимальный рост пользователя, см",240
5826,1915377443,ozon,Материал корпуса,ABS пластик
5827,1915377443,ozon,Количество программ/режимов,6
5828,1915377443,ozon,Вид питания,Встроенный аккумулятор
5829,1915377443,ozon,"Мощность массажера, Вт",25
5830,1915377443,ozon,"Напряжение, В",240
5831,1915377443,ozon,"Фактический размер товара, см",24*24*11
5832,1915377443,ozon,Упаковка,Bag-in-Box
5833,1915377443,ozon,Комплектация,Физиотерапевтический аппарат
5834,1915377443,ozon,Страна-изготовитель,Китай
5835,1915377443,ozon,Гарантийный срок,1
5836,375232409,ozon,Артикул,375232409
5837,375232409,ozon,Тип,Миостимулятор
5838,375232409,ozon,Цвет,Белый
5839,375232409,ozon,Вид массажа,"Акупунктурный, Импульсный, Миостимулирующий, Расслабляющий"
5840,375232409,ozon,Зоны массажа,"Ноги, Плечи, Поясница, Тело, Шея, Ягодицы"
5841,375232409,ozon,Количество программ/режимов,10
5842,375232409,ozon,Упаковка,Картонная коробка
5843,375232409,ozon,Комплектация,батарейка - 3 шт.; насадка - 2 шт.; адаптер; миостимулятор; шнур - 2 шт. инструкция на русском
5844,1689476510,ozon,Артикул,1689476510
5845,1689476510,ozon,Тип,Миостимулятор
5846,1689476510,ozon,Цвет,Светло-серый
5847,1689476510,ozon,Вид массажа,"Миостимулирующий, Вибрационный, Комбинированный"
5848,1689476510,ozon,Зоны массажа,"Поясница, Тело"
5849,1689476510,ozon,Особенности массажного аппарата,"Пульт ДУ, Подогрев"
5850,1689476510,ozon,Материал корпуса,"ABS пластик, Искусственная кожа"
5851,1689476510,ozon,Количество программ/режимов,12
5852,1689476510,ozon,"Напряжение, В",3.7
5853,1689476510,ozon,"Фактический размер товара, см",95*12.2
5854,1689476510,ozon,Страна-изготовитель,Китай
5855,1689476510,ozon,Гарантийный срок,30 дней
5856,1689476510,ozon,Комплектация,"Основное устройство x1, пульт дистанционного управления x1, удлинительный ремень x2, кабель для зарядки ×1, батарея кнопочных элементов x1, руководство по эксплуатации ×1"
5857,816758934,ozon,Артикул,816758934
5858,816758934,ozon,Тип,Миостимулятор
5859,816758934,ozon,Цвет,Серебряный N10
5860,816758934,ozon,Вид массажа,"Рефлекторный, Расслабляющий, Миостимулирующий"
5861,816758934,ozon,Зоны массажа,Тело
5862,816758934,ozon,Особенности массажного аппарата,Таймер
5863,816758934,ozon,"Максимальный рост пользователя, см",220
5864,816758934,ozon,Материал корпуса,ABS пластик
5865,816758934,ozon,Количество программ/режимов,12
5866,816758934,ozon,Вид питания,Встроенный аккумулятор
5867,816758934,ozon,"Напряжение, В",4.5
5868,816758934,ozon,"Фактический размер товара, см",18*6*4
5869,816758934,ozon,Упаковка,Бумажная обертка
5870,816758934,ozon,Страна-изготовитель,Китай
5871,816758934,ozon,Комплектация,Характеристики аксессуаров:<br/>Материал массажных подушек: Проводящий гель<br/>Размер: 90 мм (L) x59мм<br/>Электрод тапочки Материал боты: EVA<br/>Верхняя крышка: искусственная кожа<br/>Массажная головка: Проводящий силикагель<br/>Электрод Размер тапочек 260x95мм<br/>Выходной шнур leghth 1670 мм<br/>Материал держателя колодки: АБС-пластик<br/>Размер: 96x61мм<br/><br/>В комплект входит коробка<br/>Контроллер 1 единица<br/>Массажные подушечки 2 пары<br/>Выходной шнур 2 шт<br/>Электрод тапочки 1 пара<br/>Держатель для подушек 2 шт.<br/>Аккумулятор 4 шт. AAA (не входит в комплект)<br/>Адаптер 1 шт.
5872,1585431059,ozon,Артикул,1585431059
5873,1585431059,ozon,Тип,Миостимулятор
5874,1585431059,ozon,Бренд,Beurer
5875,1585431059,ozon,Цвет,bcs074
5876,1585431059,ozon,Зоны массажа,"Ноги, Плечи, Руки"
5877,1585431059,ozon,Особенности массажного аппарата,"Работает в автомобиле, Ручные программы, Таймер"
5878,1585431059,ozon,Материал корпуса,Пластик
5879,1585431059,ozon,Вид питания,Сменная батарея
5880,1585431059,ozon,"Мощность массажера, Вт",100
5881,1585431059,ozon,"Напряжение, В",100
5882,1585431059,ozon,Страна-изготовитель,Германия
5883,1585431059,ozon,Гарантийный срок,24 месяца
5884,1585431059,ozon,"Вид массажа
","Импульсный, Лечебный, Миостимулирующий, Оздоровительный, Перкусионный, Разминание"
5885,1585431059,ozon,Комплектация,Инструкция по эксплуатации; 4 самоклеящихся электрода; Батарейки ААА - 3 шт.; Миостимулятор EMS - TENS; 2 соединительных кабеля
5886,1633531061,ozon,Артикул,1633531061
5887,1633531061,ozon,Тип,Миостимулятор
5888,1633531061,ozon,Цвет,2
5889,1633531061,ozon,Вид массажа,"Акупунктурный, Вибрационный, Импульсный, Миостимулирующий"
5890,1633531061,ozon,Зоны массажа,"Зона декольте, Ноги, Руки, Тело, Поясница, Плечи"
5891,1633531061,ozon,Особенности массажного аппарата,Ручные программы
5892,1633531061,ozon,Материал корпуса,ABS пластик
5893,1633531061,ozon,Количество программ/режимов,8
5894,1633531061,ozon,Вид питания,От порта USB
5895,1633531061,ozon,"Напряжение, В",5
5896,1633531061,ozon,"Фактический размер товара, см",6
5897,1633531061,ozon,Упаковка,Easy pack
5898,1633531061,ozon,Страна-изготовитель,Китай
5899,1633531061,ozon,Гарантийный срок,365
5900,1769993183,ozon,Артикул,1769993183
5901,1769993183,ozon,Тип,Миостимулятор
5902,1769993183,ozon,Цвет,20
5903,1769993183,ozon,Вид массажа,"Акупунктурный, Вибрационный, Импульсный, Миостимулирующий"
5904,1769993183,ozon,Зоны массажа,"Зона декольте, Область вокруг глаз, Тело, Поясница, Плечи"
5905,1769993183,ozon,Особенности массажного аппарата,Ручные программы
5906,1769993183,ozon,Материал корпуса,ABS пластик
5907,1769993183,ozon,Количество программ/режимов,1
5908,1769993183,ozon,Вид питания,От порта USB
5909,1769993183,ozon,"Напряжение, В",5
5910,1769993183,ozon,"Фактический размер товара, см",6
5911,1769993183,ozon,Упаковка,Easy pack
5912,1769993183,ozon,Страна-изготовитель,Китай
5913,1769993183,ozon,Гарантийный срок,365
5914,826204422,ozon,Артикул,826204422
5915,826204422,ozon,Тип,Миостимулятор
5916,826204422,ozon,Цвет,Белый
5917,826204422,ozon,Зоны массажа,"Зона декольте, Голова, Лицо, Ноги, Область вокруг глаз"
5918,826204422,ozon,Особенности массажного аппарата,Ручные программы
5919,826204422,ozon,"Максимальный рост пользователя, см",200
5920,826204422,ozon,Материал корпуса,HPL пластик
5921,826204422,ozon,Количество программ/режимов,6
5922,826204422,ozon,Вид питания,Внешний источник питания
5923,826204422,ozon,"Мощность массажера, Вт",80
5924,826204422,ozon,"Фактический размер товара, см",35x18x17
5925,826204422,ozon,Упаковка,"Бумажный пакет, Целлофановый пакет"
5926,826204422,ozon,Страна-изготовитель,Китай
5927,826204422,ozon,Гарантийный срок,нет
5928,826204422,ozon,"Вид массажа
","Антицеллюлитный, Вакуумный, Вибрационный, Комбинированный, Лечебный, Расслабляющий"
5929,826204422,ozon,Комплектация,1 - массажер для тела 3 - насадки для массажера 1 - инструкция на русском языке 1-подставка для манипул
5930,1685955373,ozon,Артикул,1685955373
5931,1685955373,ozon,Тип,Миостимулятор
5932,1685955373,ozon,Зоны массажа,"Ноги, Шея, Поясница, Плечи, Ягодицы, Спина"
5933,1685955373,ozon,Особенности массажного аппарата,"Работает в автомобиле, Ручные программы, Съемные части"
5934,1685955373,ozon,"Максимальный рост пользователя, см",250
5935,1685955373,ozon,Материал корпуса,Пластик
5936,1685955373,ozon,Количество программ/режимов,8
5937,1685955373,ozon,Вид питания,"Встроенный аккумулятор, От порта USB"
5938,1685955373,ozon,"Мощность массажера, Вт",24
5939,1685955373,ozon,"Напряжение, В",3.7
5940,1685955373,ozon,"Фактический размер товара, см",15х6х1
5941,1685955373,ozon,Упаковка,"Картонная коробка, Целлофановый пакет"
5942,1685955373,ozon,Страна-изготовитель,Китай
5943,1685955373,ozon,Гарантийный срок,30 дней
5944,1685955373,ozon,"Вид массажа
","Импульсный, Миостимулирующий, Расслабляющий, Комбинированный, Оздоровительный, Лимфодренажный"
5945,1396605006,ozon,Артикул,1396605006
5946,1396605006,ozon,Тип,Миостимулятор
5947,1396605006,ozon,Цвет,Стиль II
5948,1396605006,ozon,Зоны массажа,Тело
5949,1396605006,ozon,Материал корпуса,ABS пластик
5950,1396605006,ozon,Количество программ/режимов,2
5951,1396605006,ozon,Вид питания,Сменный аккумулятор (нет в комплекте)
5952,1396605006,ozon,"Напряжение, В",220
5953,1396605006,ozon,"Фактический размер товара, см",15x10x4
5954,1396605006,ozon,Упаковка,Бумажный пакет
5955,1396605006,ozon,Страна-изготовитель,Китай
5956,1396605006,ozon,Гарантийный срок,1 год
5957,1396605006,ozon,"Вид массажа
","Вакуумный, Миостимулирующий, Расслабляющий, Оздоровительный, Лечебный, Лимфодренажный"
5958,1396605006,ozon,Особенности массажного аппарата,"Работает в автомобиле, Ручные программы, Встроенные динамики, Сканирование тела"
5959,1686765905,ozon,Артикул,1686765905
5960,1686765905,ozon,Тип,Миостимулятор
5961,1686765905,ozon,Зоны массажа,"Ноги, Шея, Поясница, Ягодицы, Спина"
5962,1686765905,ozon,Особенности массажного аппарата,"Работает в автомобиле, Ручные программы, Съемные части"
5963,1686765905,ozon,Вид питания,"Встроенный аккумулятор, От порта USB"
5964,1686765905,ozon,Упаковка,Картонная коробка
5965,1686765905,ozon,"Вид массажа
","Импульсный, Миостимулирующий, Расслабляющий, Комбинированный, Оздоровительный"
5966,1774648957,ozon,Артикул,1774648957
5967,1774648957,ozon,Тип,Миостимулятор
5968,1774648957,ozon,Цвет,L/XL (талия 98 см)
5969,1774648957,ozon,Зоны массажа,"Тело, Поясница, Ягодицы, Спина"
5970,1774648957,ozon,"Максимальный рост пользователя, см",215
5971,1774648957,ozon,Материал корпуса,"ABS пластик, Текстиль"
5972,1774648957,ozon,Количество программ/режимов,6
5973,1774648957,ozon,Вид питания,"Встроенный аккумулятор, От порта USB"
5974,1774648957,ozon,"Мощность массажера, Вт",30
5975,1774648957,ozon,"Фактический размер товара, см",98
5976,1774648957,ozon,Упаковка,Картонная коробка
5977,1774648957,ozon,Страна-изготовитель,Китай
5978,1774648957,ozon,Гарантийный срок,1 год
5979,1774648957,ozon,"Вид массажа
","Антицеллюлитный, Вибрационный, Импульсный, Миостимулирующий, Расслабляющий, Лимфодренажный"
5980,1774648957,ozon,Особенности массажного аппарата,"Русификация, Работает в автомобиле, Ручные программы, Таймер, Регулировка по размеру, Съемные части"
5981,1774648957,ozon,Комплектация,EMS - тренажер для пресса (пояс) - 1шт; Рацион питания для похудения на 2000 ккал; Инструкция на русском языке; Индикатор - 1 шт; Зарядное устройство (USB - Charging кабель) - 1 шт; Опрыскиватель массажера (распылитель) - 1шт;
5982,1620286355,ozon,Артикул,1620286355
5983,1620286355,ozon,Тип,Миостимулятор
5984,1620286355,ozon,Цвет,Версия с дистанционным управлением 01
5985,1620286355,ozon,Вид массажа,"Вибрационный, Миостимулирующий"
5986,1620286355,ozon,Зоны массажа,"Поясница, Ягодицы"
5987,1620286355,ozon,Особенности массажного аппарата,Ручные программы
5988,1620286355,ozon,"Максимальный рост пользователя, см",220
5989,1620286355,ozon,Материал корпуса,"ABS пластик, Пластик"
5990,1620286355,ozon,Количество программ/режимов,8
5991,1620286355,ozon,Вид питания,Сменный аккумулятор (нет в комплекте)
5992,1620286355,ozon,"Напряжение, В",5
5993,1620286355,ozon,Упаковка,Бумажная обертка
5994,1620286355,ozon,Комплектация,1 Massager 1 Massage pad
5995,1620286355,ozon,Страна-изготовитель,Китай
5996,1619307156,ozon,Артикул,1619307156
5997,1619307156,ozon,Тип,Миостимулятор
5998,1619307156,ozon,Цвет,Устройство для тренировки ягодиц 01
5999,1619307156,ozon,Вид массажа,"Акупунктурный, Вибрационный, Импульсный, Миостимулирующий"
6000,1619307156,ozon,Зоны массажа,"Зона декольте, Ноги, Руки, Тело, Поясница, Плечи"
6001,1619307156,ozon,Особенности массажного аппарата,Ручные программы
6002,1619307156,ozon,Материал корпуса,ABS пластик
6003,1619307156,ozon,Количество программ/режимов,8
6004,1619307156,ozon,Вид питания,От порта USB
6005,1619307156,ozon,"Напряжение, В",5
6006,1619307156,ozon,"Фактический размер товара, см",6
6007,1619307156,ozon,Упаковка,Easy pack
6008,1619307156,ozon,Страна-изготовитель,Китай
6009,1619307156,ozon,Гарантийный срок,365
6010,1619306933,ozon,Артикул,1619306933
6011,1619306933,ozon,Тип,Миостимулятор
6012,1619306933,ozon,Цвет,Версия с дистанционным управлением 01
6013,1619306933,ozon,Вид массажа,"Акупунктурный, Вибрационный, Импульсный, Миостимулирующий"
6014,1619306933,ozon,Зоны массажа,"Зона декольте, Ноги, Руки, Тело, Поясница, Плечи"
6015,1619306933,ozon,Особенности массажного аппарата,Ручные программы
6016,1619306933,ozon,Материал корпуса,ABS пластик
6017,1619306933,ozon,Количество программ/режимов,8
6018,1619306933,ozon,Вид питания,От порта USB
6019,1619306933,ozon,"Напряжение, В",5
6020,1619306933,ozon,"Фактический размер товара, см",6
6021,1619306933,ozon,Упаковка,Easy pack
6022,1619306933,ozon,Страна-изготовитель,Китай
6023,1619306933,ozon,Гарантийный срок,365
6024,1620286295,ozon,Артикул,1620286295
6025,1620286295,ozon,Тип,Миостимулятор
6026,1620286295,ozon,Цвет,Устройство для тренировки ягодиц 01
6027,1620286295,ozon,Вид массажа,"Вибрационный, Миостимулирующий"
6028,1620286295,ozon,Зоны массажа,"Поясница, Ягодицы"
6029,1620286295,ozon,Особенности массажного аппарата,Ручные программы
6030,1620286295,ozon,"Максимальный рост пользователя, см",220
6031,1620286295,ozon,Материал корпуса,"ABS пластик, Пластик"
6032,1620286295,ozon,Количество программ/режимов,8
6033,1620286295,ozon,Вид питания,Сменный аккумулятор (нет в комплекте)
6034,1620286295,ozon,"Напряжение, В",5
6035,1620286295,ozon,Упаковка,Бумажная обертка
6036,1620286295,ozon,Комплектация,1 Massager 1 Massage pad
6037,1620286295,ozon,Страна-изготовитель,Китай
6038,1095290547,ozon,Артикул,1095290547
6039,1095290547,ozon,Тип,Миостимулятор
6040,1095290547,ozon,Цвет,Белый
6041,1095290547,ozon,Зоны массажа,"Тело, Шея, Ягодицы, Руки, Поясница, Плечи"
6042,1095290547,ozon,Особенности массажного аппарата,Таймер
6043,1095290547,ozon,Материал корпуса,Металл
6044,1095290547,ozon,Количество программ/режимов,4
6045,1095290547,ozon,Вид питания,От сети 220В
6046,1095290547,ozon,"Мощность массажера, Вт",35
6047,1095290547,ozon,"Напряжение, В",220
6048,1095290547,ozon,"Фактический размер товара, см",39 х 32 х 14
6049,1095290547,ozon,Упаковка,Картонная коробка
6050,1095290547,ozon,Страна-изготовитель,Китай
6051,1095290547,ozon,Гарантийный срок,6 месяцев
6052,1095290547,ozon,Комплектация,"Аппарат -1 шт 20 многоразовых электродов для тела, 2 для груди, 2 для шеи."
6053,1634346038,ozon,Артикул,1634346038
6054,1634346038,ozon,Тип,Миостимулятор
6055,1634346038,ozon,Цвет,Массажер
6056,1634346038,ozon,Вид массажа,"Импульсный, Миостимулирующий"
6057,1634346038,ozon,Зоны массажа,"Руки, Тело, Поясница, Плечи"
6058,1634346038,ozon,Особенности массажного аппарата,Съемные части
6059,1634346038,ozon,"Максимальный рост пользователя, см",220
6060,1634346038,ozon,Материал корпуса,"ABS пластик, Алюминий"
6061,1634346038,ozon,Количество программ/режимов,12
6062,1634346038,ozon,Вид питания,Сменная батарея
6063,1634346038,ozon,"Мощность массажера, Вт",1
6064,1634346038,ozon,"Напряжение, В",3
6065,1634346038,ozon,"Фактический размер товара, см",10*7.5*2
6066,1634346038,ozon,Упаковка,"Бумажная обертка, Коробка пластиковая"
6067,1634346038,ozon,Страна-изготовитель,Китай
6068,1634346038,ozon,Гарантийный срок,30 дней
6069,1634346038,ozon,Комплектация,Хост*1+от одного до четырех проводов*1+пластырь*4+руководство на английском языке*1
